#usda 1.0
(
    doc = """Generated from Composed Stage of root layer 
"""
)

def Xform "defaultPrim"
{
	def Mesh "inputGrid" 
	{
		uniform bool doubleSided = 1
		int[] faceVertexCounts = [3, 3, 3, 3, 3, 3, 3, 3, 3, 3, 3, 3, 3, 3, 3, 3, 3, 3, 3, 3, 3, 3, 3, 3, 3, 3, 3, 3, 3, 3, 3, 3, 3, 3, 3, 3, 3, 3, 3, 3, 3, 3, 3, 3, 3, 3, 3, 3, 3, 3, 3, 3, 3, 3, 3, 3, 3, 3, 3, 3, 3, 3, 3, 3, 3, 3, 3, 3, 3, 3, 3, 3, 3, 3, 3, 3, 3, 3, 3, 3, 3, 3, 3, 3, 3, 3, 3, 3, 3, 3, 3, 3, 3, 3, 3, 3, 3, 3, 3, 3, 3, 3, 3, 3, 3, 3, 3, 3, 3, 3, 3, 3, 3, 3, 3, 3, 3, 3, 3, 3, 3, 3, 3, 3, 3, 3, 3, 3, 3, 3, 3, 3, 3, 3, 3, 3, 3, 3, 3, 3, 3, 3, 3, 3, 3, 3, 3, 3, 3, 3, 3, 3, 3, 3, 3, 3, 3, 3, 3, 3, 3, 3, 3, 3, 3, 3, 3, 3, 3, 3, 3, 3, 3, 3, 3, 3, 3, 3, 3, 3, 3, 3, 3, 3, 3, 3, 3, 3, 3, 3, 3, 3, 3, 3, 3, 3, 3, 3, 3, 3, 3, 3, 3, 3, 3, 3, 3, 3, 3, 3, 3, 3, 3, 3, 3, 3, 3, 3, 3, 3, 3, 3, 3, 3, 3, 3, 3, 3, 3, 3, 3, 3, 3, 3, 3, 3, 3, 3, 3, 3, 3, 3, 3, 3, 3, 3, 3, 3, 3, 3, 3, 3, 3, 3, 3, 3, 3, 3, 3, 3, 3, 3, 3, 3, 3, 3, 3, 3, 3, 3, 3, 3, 3, 3, 3, 3, 3, 3, 3, 3, 3, 3, 3, 3, 3, 3, 3, 3, 3, 3, 3, 3, 3, 3, 3, 3, 3, 3, 3, 3, 3, 3, 3, 3, 3, 3, 3, 3, 3, 3, 3, 3, 3, 3, 3, 3, 3, 3, 3, 3, 3, 3, 3, 3, 3, 3, 3, 3, 3, 3, 3, 3, 3, 3, 3, 3, 3, 3, 3, 3, 3, 3, 3, 3, 3, 3, 3, 3, 3, 3, 3, 3, 3, 3, 3, 3, 3, 3, 3, 3, 3, 3, 3, 3, 3, 3, 3, 3, 3, 3, 3, 3, 3, 3, 3, 3, 3, 3, 3, 3, 3, 3, 3, 3, 3, 3, 3, 3, 3, 3, 3, 3, 3, 3, 3, 3, 3, 3, 3, 3, 3, 3, 3, 3, 3, 3, 3, 3, 3, 3, 3, 3, 3, 3, 3, 3, 3, 3, 3, 3, 3, 3, 3, 3, 3, 3, 3, 3, 3, 3, 3, 3, 3, 3, 3, 3, 3, 3, 3, 3, 3, 3, 3, 3, 3, 3, 3, 3, 3, 3, 3, 3, 3, 3, 3, 3, 3, 3, 3, 3, 3, 3, 3, 3, 3, 3, 3, 3, 3, 3, 3, 3, 3, 3, 3, 3, 3, 3, 3, 3, 3, 3, 3, 3, 3, 3, 3, 3, 3, 3, 3, 3, 3, 3, 3, 3, 3, 3, 3, 3, 3, 3, 3, 3, 3, 3, 3, 3, 3, 3, 3, 3, 3, 3, 3, 3, 3, 3, 3, 3, 3, 3, 3, 3, 3, 3, 3, 3, 3, 3, 3, 3, 3, 3, 3, 3, 3, 3, 3, 3, 3, 3, 3, 3, 3, 3, 3, 3, 3, 3, 3, 3, 3, 3, 3, 3, 3, 3, 3, 3, 3, 3, 3, 3, 3, 3, 3, 3, 3, 3, 3, 3, 3, 3, 3, 3, 3, 3, 3, 3, 3, 3, 3, 3, 3, 3, 3, 3, 3, 3, 3, 3, 3, 3, 3, 3, 3, 3, 3, 3, 3, 3, 3, 3, 3, 3, 3, 3, 3, 3, 3, 3, 3, 3, 3, 3, 3, 3, 3, 3, 3, 3, 3, 3, 3, 3, 3, 3, 3, 3, 3, 3, 3, 3, 3, 3, 3, 3, 3, 3, 3, 3, 3, 3, 3, 3, 3, 3, 3, 3, 3, 3, 3, 3, 3, 3, 3, 3, 3, 3, 3, 3, 3, 3, 3, 3, 3, 3, 3, 3, 3, 3, 3, 3, 3, 3, 3, 3, 3, 3, 3, 3, 3, 3, 3, 3, 3, 3, 3, 3, 3, 3, 3, 3, 3, 3, 3, 3, 3, 3, 3, 3, 3, 3, 3, 3, 3, 3, 3, 3, 3, 3, 3, 3, 3, 3, 3, 3, 3, 3, 3, 3, 3, 3, 3, 3, 3, 3, 3, 3, 3, 3, 3, 3, 3, 3, 3, 3, 3, 3, 3, 3, 3, 3, 3, 3, 3, 3, 3, 3, 3, 3, 3, 3, 3, 3, 3, 3, 3, 3, 3, 3, 3, 3, 3, 3, 3, 3, 3, 3, 3, 3, 3, 3, 3, 3, 3, 3, 3, 3, 3, 3, 3, 3, 3, 3, 3, 3, 3, 3, 3, 3, 3, 3, 3, 3, 3, 3, 3, 3, 3, 3, 3, 3, 3, 3, 3, 3, 3, 3, 3, 3, 3, 3, 3, 3, 3, 3, 3, 3, 3, 3, 3, 3, 3, 3, 3, 3, 3, 3, 3, 3, 3, 3, 3, 3, 3, 3, 3, 3, 3, 3, 3, 3, 3, 3, 3, 3, 3, 3, 3, 3, 3, 3, 3, 3, 3, 3, 3, 3, 3, 3, 3, 3, 3, 3, 3, 3, 3, 3, 3, 3, 3, 3, 3, 3, 3, 3, 3, 3, 3, 3, 3, 3, 3, 3, 3, 3, 3, 3, 3, 3, 3, 3, 3, 3, 3, 3, 3, 3, 3, 3, 3, 3, 3, 3, 3, 3, 3, 3, 3, 3, 3, 3, 3, 3, 3, 3, 3, 3, 3, 3, 3, 3, 3, 3, 3, 3, 3, 3, 3, 3, 3, 3, 3, 3, 3, 3, 3, 3, 3, 3, 3, 3, 3, 3, 3, 3, 3, 3, 3, 3, 3, 3, 3, 3, 3, 3, 3, 3, 3, 3, 3, 3, 3, 3, 3, 3, 3, 3, 3, 3, 3, 3, 3, 3, 3, 3, 3, 3, 3, 3, 3, 3, 3, 3, 3, 3, 3, 3, 3, 3, 3, 3, 3, 3, 3, 3, 3, 3, 3, 3, 3, 3, 3, 3, 3, 3, 3, 3, 3, 3, 3, 3, 3, 3, 3, 3, 3, 3, 3, 3, 3, 3, 3, 3, 3, 3, 3, 3, 3, 3, 3, 3, 3, 3, 3, 3, 3, 3, 3, 3, 3, 3, 3, 3, 3, 3, 3, 3, 3, 3, 3, 3, 3, 3, 3, 3, 3, 3, 3, 3, 3, 3, 3, 3, 3, 3, 3, 3, 3, 3, 3, 3, 3, 3, 3, 3, 3, 3, 3, 3, 3, 3, 3, 3, 3, 3, 3, 3, 3, 3, 3, 3, 3, 3, 3, 3, 3, 3, 3, 3, 3, 3, 3, 3, 3, 3, 3, 3, 3, 3, 3, 3, 3, 3, 3, 3, 3, 3, 3, 3, 3, 3, 3, 3, 3, 3, 3, 3, 3, 3, 3, 3, 3, 3, 3, 3, 3, 3, 3, 3, 3, 3, 3, 3, 3, 3, 3, 3, 3, 3, 3, 3, 3, 3, 3, 3, 3, 3, 3, 3, 3, 3, 3, 3, 3, 3, 3, 3, 3, 3, 3, 3, 3, 3, 3, 3, 3, 3, 3, 3, 3, 3, 3, 3, 3, 3, 3, 3, 3, 3, 3, 3, 3, 3, 3, 3, 3, 3, 3, 3, 3, 3, 3, 3, 3, 3, 3, 3, 3, 3, 3, 3, 3, 3, 3, 3, 3, 3, 3, 3, 3, 3, 3, 3, 3, 3, 3, 3, 3, 3, 3, 3, 3, 3, 3, 3, 3, 3, 3, 3, 3, 3, 3, 3, 3, 3, 3, 3, 3, 3, 3, 3, 3, 3, 3, 3, 3, 3, 3, 3, 3, 3, 3, 3, 3, 3, 3, 3, 3, 3, 3, 3, 3, 3, 3, 3, 3, 3, 3, 3, 3, 3, 3, 3, 3, 3, 3, 3, 3, 3, 3, 3, 3, 3, 3, 3, 3, 3, 3, 3, 3, 3, 3, 3, 3, 3, 3, 3, 3, 3, 3, 3, 3, 3, 3, 3, 3, 3, 3, 3, 3, 3, 3, 3, 3, 3, 3, 3, 3, 3, 3, 3, 3, 3, 3, 3, 3, 3, 3, 3, 3, 3, 3, 3, 3, 3, 3, 3, 3, 3, 3, 3, 3, 3, 3, 3, 3, 3, 3, 3, 3, 3, 3, 3, 3, 3, 3, 3, 3, 3, 3, 3, 3, 3, 3, 3, 3, 3, 3, 3, 3, 3, 3, 3, 3, 3, 3, 3, 3, 3, 3, 3, 3, 3, 3, 3, 3, 3, 3, 3, 3, 3, 3, 3, 3, 3, 3, 3, 3, 3, 3, 3, 3, 3, 3, 3, 3, 3, 3, 3, 3, 3, 3, 3, 3, 3, 3, 3, 3, 3, 3, 3, 3, 3, 3, 3, 3, 3, 3, 3, 3, 3, 3, 3, 3, 3, 3, 3, 3, 3, 3, 3, 3, 3, 3, 3, 3, 3, 3, 3, 3, 3, 3, 3, 3, 3, 3, 3, 3, 3, 3, 3, 3, 3, 3, 3, 3, 3, 3, 3, 3, 3, 3, 3, 3, 3, 3, 3, 3, 3, 3, 3, 3, 3, 3, 3, 3, 3, 3, 3, 3, 3, 3, 3, 3, 3, 3, 3, 3, 3, 3, 3, 3, 3, 3, 3, 3, 3, 3, 3, 3, 3, 3, 3, 3, 3, 3, 3, 3, 3, 3, 3, 3, 3, 3, 3, 3, 3, 3, 3, 3, 3, 3, 3, 3, 3, 3, 3, 3, 3, 3, 3, 3, 3, 3, 3, 3, 3, 3, 3, 3, 3, 3, 3, 3, 3, 3, 3, 3, 3, 3, 3, 3, 3, 3, 3, 3, 3, 3, 3, 3, 3, 3, 3, 3, 3, 3, 3, 3, 3, 3, 3, 3, 3, 3, 3, 3, 3, 3, 3, 3, 3, 3, 3, 3, 3, 3, 3, 3, 3, 3, 3, 3, 3, 3, 3, 3, 3, 3, 3, 3, 3, 3, 3, 3, 3, 3, 3, 3, 3, 3, 3, 3, 3, 3, 3, 3, 3, 3, 3, 3, 3, 3, 3, 3, 3, 3, 3, 3, 3, 3, 3, 3, 3, 3, 3, 3, 3, 3, 3, 3, 3, 3, 3, 3, 3, 3, 3, 3, 3, 3, 3, 3, 3, 3, 3, 3, 3, 3, 3, 3, 3, 3, 3, 3, 3, 3, 3, 3, 3, 3, 3, 3, 3, 3, 3, 3, 3, 3, 3, 3, 3, 3, 3, 3, 3, 3, 3, 3, 3, 3, 3, 3, 3, 3, 3, 3, 3, 3, 3, 3, 3, 3, 3, 3, 3, 3, 3, 3, 3, 3, 3, 3, 3, 3, 3, 3, 3, 3, 3, 3, 3, 3, 3, 3, 3, 3, 3, 3, 3, 3, 3, 3, 3, 3, 3, 3, 3, 3, 3, 3, 3, 3, 3, 3, 3, 3, 3, 3, 3, 3, 3, 3, 3, 3, 3, 3, 3, 3, 3, 3, 3, 3, 3, 3, 3, 3, 3, 3, 3, 3, 3, 3, 3, 3, 3, 3, 3, 3, 3, 3, 3, 3, 3, 3, 3, 3, 3, 3, 3, 3, 3, 3, 3, 3, 3, 3, 3, 3, 3, 3, 3, 3, 3, 3, 3, 3, 3, 3, 3, 3, 3, 3, 3, 3, 3, 3, 3, 3, 3, 3, 3, 3, 3, 3, 3, 3, 3, 3, 3, 3, 3, 3, 3, 3, 3, 3, 3, 3, 3, 3, 3, 3, 3, 3, 3, 3, 3, 3, 3, 3, 3, 3, 3, 3, 3, 3, 3, 3, 3, 3, 3, 3, 3, 3, 3, 3, 3, 3, 3, 3, 3, 3, 3, 3, 3, 3, 3, 3, 3, 3, 3, 3, 3, 3, 3, 3, 3, 3, 3, 3, 3, 3, 3, 3, 3, 3, 3, 3, 3]
		int[] faceVertexIndices = [0, 1, 33, 0, 33, 32, 1, 2, 34, 1, 34, 33, 2, 3, 35, 2, 35, 34, 3, 4, 36, 3, 36, 35, 4, 5, 37, 4, 37, 36, 5, 6, 38, 5, 38, 37, 6, 7, 39, 6, 39, 38, 7, 8, 40, 7, 40, 39, 8, 9, 41, 8, 41, 40, 9, 10, 42, 9, 42, 41, 10, 11, 43, 10, 43, 42, 11, 12, 44, 11, 44, 43, 12, 13, 45, 12, 45, 44, 13, 14, 46, 13, 46, 45, 14, 15, 47, 14, 47, 46, 15, 16, 48, 15, 48, 47, 16, 17, 49, 16, 49, 48, 17, 18, 50, 17, 50, 49, 18, 19, 51, 18, 51, 50, 19, 20, 52, 19, 52, 51, 20, 21, 53, 20, 53, 52, 21, 22, 54, 21, 54, 53, 22, 23, 55, 22, 55, 54, 23, 24, 56, 23, 56, 55, 24, 25, 57, 24, 57, 56, 25, 26, 58, 25, 58, 57, 26, 27, 59, 26, 59, 58, 27, 28, 60, 27, 60, 59, 28, 29, 61, 28, 61, 60, 29, 30, 62, 29, 62, 61, 30, 31, 63, 30, 63, 62, 32, 33, 65, 32, 65, 64, 33, 34, 66, 33, 66, 65, 34, 35, 67, 34, 67, 66, 35, 36, 68, 35, 68, 67, 36, 37, 69, 36, 69, 68, 37, 38, 70, 37, 70, 69, 38, 39, 71, 38, 71, 70, 39, 40, 72, 39, 72, 71, 40, 41, 73, 40, 73, 72, 41, 42, 74, 41, 74, 73, 42, 43, 75, 42, 75, 74, 43, 44, 76, 43, 76, 75, 44, 45, 77, 44, 77, 76, 45, 46, 78, 45, 78, 77, 46, 47, 79, 46, 79, 78, 47, 48, 80, 47, 80, 79, 48, 49, 81, 48, 81, 80, 49, 50, 82, 49, 82, 81, 50, 51, 83, 50, 83, 82, 51, 52, 84, 51, 84, 83, 52, 53, 85, 52, 85, 84, 53, 54, 86, 53, 86, 85, 54, 55, 87, 54, 87, 86, 55, 56, 88, 55, 88, 87, 56, 57, 89, 56, 89, 88, 57, 58, 90, 57, 90, 89, 58, 59, 91, 58, 91, 90, 59, 60, 92, 59, 92, 91, 60, 61, 93, 60, 93, 92, 61, 62, 94, 61, 94, 93, 62, 63, 95, 62, 95, 94, 64, 65, 97, 64, 97, 96, 65, 66, 98, 65, 98, 97, 66, 67, 99, 66, 99, 98, 67, 68, 100, 67, 100, 99, 68, 69, 101, 68, 101, 100, 69, 70, 102, 69, 102, 101, 70, 71, 103, 70, 103, 102, 71, 72, 104, 71, 104, 103, 72, 73, 105, 72, 105, 104, 73, 74, 106, 73, 106, 105, 74, 75, 107, 74, 107, 106, 75, 76, 108, 75, 108, 107, 76, 77, 109, 76, 109, 108, 77, 78, 110, 77, 110, 109, 78, 79, 111, 78, 111, 110, 79, 80, 112, 79, 112, 111, 80, 81, 113, 80, 113, 112, 81, 82, 114, 81, 114, 113, 82, 83, 115, 82, 115, 114, 83, 84, 116, 83, 116, 115, 84, 85, 117, 84, 117, 116, 85, 86, 118, 85, 118, 117, 86, 87, 119, 86, 119, 118, 87, 88, 120, 87, 120, 119, 88, 89, 121, 88, 121, 120, 89, 90, 122, 89, 122, 121, 90, 91, 123, 90, 123, 122, 91, 92, 124, 91, 124, 123, 92, 93, 125, 92, 125, 124, 93, 94, 126, 93, 126, 125, 94, 95, 127, 94, 127, 126, 96, 97, 129, 96, 129, 128, 97, 98, 130, 97, 130, 129, 98, 99, 131, 98, 131, 130, 99, 100, 132, 99, 132, 131, 100, 101, 133, 100, 133, 132, 101, 102, 134, 101, 134, 133, 102, 103, 135, 102, 135, 134, 103, 104, 136, 103, 136, 135, 104, 105, 137, 104, 137, 136, 105, 106, 138, 105, 138, 137, 106, 107, 139, 106, 139, 138, 107, 108, 140, 107, 140, 139, 108, 109, 141, 108, 141, 140, 109, 110, 142, 109, 142, 141, 110, 111, 143, 110, 143, 142, 111, 112, 144, 111, 144, 143, 112, 113, 145, 112, 145, 144, 113, 114, 146, 113, 146, 145, 114, 115, 147, 114, 147, 146, 115, 116, 148, 115, 148, 147, 116, 117, 149, 116, 149, 148, 117, 118, 150, 117, 150, 149, 118, 119, 151, 118, 151, 150, 119, 120, 152, 119, 152, 151, 120, 121, 153, 120, 153, 152, 121, 122, 154, 121, 154, 153, 122, 123, 155, 122, 155, 154, 123, 124, 156, 123, 156, 155, 124, 125, 157, 124, 157, 156, 125, 126, 158, 125, 158, 157, 126, 127, 159, 126, 159, 158, 128, 129, 161, 128, 161, 160, 129, 130, 162, 129, 162, 161, 130, 131, 163, 130, 163, 162, 131, 132, 164, 131, 164, 163, 132, 133, 165, 132, 165, 164, 133, 134, 166, 133, 166, 165, 134, 135, 167, 134, 167, 166, 135, 136, 168, 135, 168, 167, 136, 137, 169, 136, 169, 168, 137, 138, 170, 137, 170, 169, 138, 139, 171, 138, 171, 170, 139, 140, 172, 139, 172, 171, 140, 141, 173, 140, 173, 172, 141, 142, 174, 141, 174, 173, 142, 143, 175, 142, 175, 174, 143, 144, 176, 143, 176, 175, 144, 145, 177, 144, 177, 176, 145, 146, 178, 145, 178, 177, 146, 147, 179, 146, 179, 178, 147, 148, 180, 147, 180, 179, 148, 149, 181, 148, 181, 180, 149, 150, 182, 149, 182, 181, 150, 151, 183, 150, 183, 182, 151, 152, 184, 151, 184, 183, 152, 153, 185, 152, 185, 184, 153, 154, 186, 153, 186, 185, 154, 155, 187, 154, 187, 186, 155, 156, 188, 155, 188, 187, 156, 157, 189, 156, 189, 188, 157, 158, 190, 157, 190, 189, 158, 159, 191, 158, 191, 190, 160, 161, 193, 160, 193, 192, 161, 162, 194, 161, 194, 193, 162, 163, 195, 162, 195, 194, 163, 164, 196, 163, 196, 195, 164, 165, 197, 164, 197, 196, 165, 166, 198, 165, 198, 197, 166, 167, 199, 166, 199, 198, 167, 168, 200, 167, 200, 199, 168, 169, 201, 168, 201, 200, 169, 170, 202, 169, 202, 201, 170, 171, 203, 170, 203, 202, 171, 172, 204, 171, 204, 203, 172, 173, 205, 172, 205, 204, 173, 174, 206, 173, 206, 205, 174, 175, 207, 174, 207, 206, 175, 176, 208, 175, 208, 207, 176, 177, 209, 176, 209, 208, 177, 178, 210, 177, 210, 209, 178, 179, 211, 178, 211, 210, 179, 180, 212, 179, 212, 211, 180, 181, 213, 180, 213, 212, 181, 182, 214, 181, 214, 213, 182, 183, 215, 182, 215, 214, 183, 184, 216, 183, 216, 215, 184, 185, 217, 184, 217, 216, 185, 186, 218, 185, 218, 217, 186, 187, 219, 186, 219, 218, 187, 188, 220, 187, 220, 219, 188, 189, 221, 188, 221, 220, 189, 190, 222, 189, 222, 221, 190, 191, 223, 190, 223, 222, 192, 193, 225, 192, 225, 224, 193, 194, 226, 193, 226, 225, 194, 195, 227, 194, 227, 226, 195, 196, 228, 195, 228, 227, 196, 197, 229, 196, 229, 228, 197, 198, 230, 197, 230, 229, 198, 199, 231, 198, 231, 230, 199, 200, 232, 199, 232, 231, 200, 201, 233, 200, 233, 232, 201, 202, 234, 201, 234, 233, 202, 203, 235, 202, 235, 234, 203, 204, 236, 203, 236, 235, 204, 205, 237, 204, 237, 236, 205, 206, 238, 205, 238, 237, 206, 207, 239, 206, 239, 238, 207, 208, 240, 207, 240, 239, 208, 209, 241, 208, 241, 240, 209, 210, 242, 209, 242, 241, 210, 211, 243, 210, 243, 242, 211, 212, 244, 211, 244, 243, 212, 213, 245, 212, 245, 244, 213, 214, 246, 213, 246, 245, 214, 215, 247, 214, 247, 246, 215, 216, 248, 215, 248, 247, 216, 217, 249, 216, 249, 248, 217, 218, 250, 217, 250, 249, 218, 219, 251, 218, 251, 250, 219, 220, 252, 219, 252, 251, 220, 221, 253, 220, 253, 252, 221, 222, 254, 221, 254, 253, 222, 223, 255, 222, 255, 254, 224, 225, 257, 224, 257, 256, 225, 226, 258, 225, 258, 257, 226, 227, 259, 226, 259, 258, 227, 228, 260, 227, 260, 259, 228, 229, 261, 228, 261, 260, 229, 230, 262, 229, 262, 261, 230, 231, 263, 230, 263, 262, 231, 232, 264, 231, 264, 263, 232, 233, 265, 232, 265, 264, 233, 234, 266, 233, 266, 265, 234, 235, 267, 234, 267, 266, 235, 236, 268, 235, 268, 267, 236, 237, 269, 236, 269, 268, 237, 238, 270, 237, 270, 269, 238, 239, 271, 238, 271, 270, 239, 240, 272, 239, 272, 271, 240, 241, 273, 240, 273, 272, 241, 242, 274, 241, 274, 273, 242, 243, 275, 242, 275, 274, 243, 244, 276, 243, 276, 275, 244, 245, 277, 244, 277, 276, 245, 246, 278, 245, 278, 277, 246, 247, 279, 246, 279, 278, 247, 248, 280, 247, 280, 279, 248, 249, 281, 248, 281, 280, 249, 250, 282, 249, 282, 281, 250, 251, 283, 250, 283, 282, 251, 252, 284, 251, 284, 283, 252, 253, 285, 252, 285, 284, 253, 254, 286, 253, 286, 285, 254, 255, 287, 254, 287, 286, 256, 257, 289, 256, 289, 288, 257, 258, 290, 257, 290, 289, 258, 259, 291, 258, 291, 290, 259, 260, 292, 259, 292, 291, 260, 261, 293, 260, 293, 292, 261, 262, 294, 261, 294, 293, 262, 263, 295, 262, 295, 294, 263, 264, 296, 263, 296, 295, 264, 265, 297, 264, 297, 296, 265, 266, 298, 265, 298, 297, 266, 267, 299, 266, 299, 298, 267, 268, 300, 267, 300, 299, 268, 269, 301, 268, 301, 300, 269, 270, 302, 269, 302, 301, 270, 271, 303, 270, 303, 302, 271, 272, 304, 271, 304, 303, 272, 273, 305, 272, 305, 304, 273, 274, 306, 273, 306, 305, 274, 275, 307, 274, 307, 306, 275, 276, 308, 275, 308, 307, 276, 277, 309, 276, 309, 308, 277, 278, 310, 277, 310, 309, 278, 279, 311, 278, 311, 310, 279, 280, 312, 279, 312, 311, 280, 281, 313, 280, 313, 312, 281, 282, 314, 281, 314, 313, 282, 283, 315, 282, 315, 314, 283, 284, 316, 283, 316, 315, 284, 285, 317, 284, 317, 316, 285, 286, 318, 285, 318, 317, 286, 287, 319, 286, 319, 318, 288, 289, 321, 288, 321, 320, 289, 290, 322, 289, 322, 321, 290, 291, 323, 290, 323, 322, 291, 292, 324, 291, 324, 323, 292, 293, 325, 292, 325, 324, 293, 294, 326, 293, 326, 325, 294, 295, 327, 294, 327, 326, 295, 296, 328, 295, 328, 327, 296, 297, 329, 296, 329, 328, 297, 298, 330, 297, 330, 329, 298, 299, 331, 298, 331, 330, 299, 300, 332, 299, 332, 331, 300, 301, 333, 300, 333, 332, 301, 302, 334, 301, 334, 333, 302, 303, 335, 302, 335, 334, 303, 304, 336, 303, 336, 335, 304, 305, 337, 304, 337, 336, 305, 306, 338, 305, 338, 337, 306, 307, 339, 306, 339, 338, 307, 308, 340, 307, 340, 339, 308, 309, 341, 308, 341, 340, 309, 310, 342, 309, 342, 341, 310, 311, 343, 310, 343, 342, 311, 312, 344, 311, 344, 343, 312, 313, 345, 312, 345, 344, 313, 314, 346, 313, 346, 345, 314, 315, 347, 314, 347, 346, 315, 316, 348, 315, 348, 347, 316, 317, 349, 316, 349, 348, 317, 318, 350, 317, 350, 349, 318, 319, 351, 318, 351, 350, 320, 321, 353, 320, 353, 352, 321, 322, 354, 321, 354, 353, 322, 323, 355, 322, 355, 354, 323, 324, 356, 323, 356, 355, 324, 325, 357, 324, 357, 356, 325, 326, 358, 325, 358, 357, 326, 327, 359, 326, 359, 358, 327, 328, 360, 327, 360, 359, 328, 329, 361, 328, 361, 360, 329, 330, 362, 329, 362, 361, 330, 331, 363, 330, 363, 362, 331, 332, 364, 331, 364, 363, 332, 333, 365, 332, 365, 364, 333, 334, 366, 333, 366, 365, 334, 335, 367, 334, 367, 366, 335, 336, 368, 335, 368, 367, 336, 337, 369, 336, 369, 368, 337, 338, 370, 337, 370, 369, 338, 339, 371, 338, 371, 370, 339, 340, 372, 339, 372, 371, 340, 341, 373, 340, 373, 372, 341, 342, 374, 341, 374, 373, 342, 343, 375, 342, 375, 374, 343, 344, 376, 343, 376, 375, 344, 345, 377, 344, 377, 376, 345, 346, 378, 345, 378, 377, 346, 347, 379, 346, 379, 378, 347, 348, 380, 347, 380, 379, 348, 349, 381, 348, 381, 380, 349, 350, 382, 349, 382, 381, 350, 351, 383, 350, 383, 382, 352, 353, 385, 352, 385, 384, 353, 354, 386, 353, 386, 385, 354, 355, 387, 354, 387, 386, 355, 356, 388, 355, 388, 387, 356, 357, 389, 356, 389, 388, 357, 358, 390, 357, 390, 389, 358, 359, 391, 358, 391, 390, 359, 360, 392, 359, 392, 391, 360, 361, 393, 360, 393, 392, 361, 362, 394, 361, 394, 393, 362, 363, 395, 362, 395, 394, 363, 364, 396, 363, 396, 395, 364, 365, 397, 364, 397, 396, 365, 366, 398, 365, 398, 397, 366, 367, 399, 366, 399, 398, 367, 368, 400, 367, 400, 399, 368, 369, 401, 368, 401, 400, 369, 370, 402, 369, 402, 401, 370, 371, 403, 370, 403, 402, 371, 372, 404, 371, 404, 403, 372, 373, 405, 372, 405, 404, 373, 374, 406, 373, 406, 405, 374, 375, 407, 374, 407, 406, 375, 376, 408, 375, 408, 407, 376, 377, 409, 376, 409, 408, 377, 378, 410, 377, 410, 409, 378, 379, 411, 378, 411, 410, 379, 380, 412, 379, 412, 411, 380, 381, 413, 380, 413, 412, 381, 382, 414, 381, 414, 413, 382, 383, 415, 382, 415, 414, 384, 385, 417, 384, 417, 416, 385, 386, 418, 385, 418, 417, 386, 387, 419, 386, 419, 418, 387, 388, 420, 387, 420, 419, 388, 389, 421, 388, 421, 420, 389, 390, 422, 389, 422, 421, 390, 391, 423, 390, 423, 422, 391, 392, 424, 391, 424, 423, 392, 393, 425, 392, 425, 424, 393, 394, 426, 393, 426, 425, 394, 395, 427, 394, 427, 426, 395, 396, 428, 395, 428, 427, 396, 397, 429, 396, 429, 428, 397, 398, 430, 397, 430, 429, 398, 399, 431, 398, 431, 430, 399, 400, 432, 399, 432, 431, 400, 401, 433, 400, 433, 432, 401, 402, 434, 401, 434, 433, 402, 403, 435, 402, 435, 434, 403, 404, 436, 403, 436, 435, 404, 405, 437, 404, 437, 436, 405, 406, 438, 405, 438, 437, 406, 407, 439, 406, 439, 438, 407, 408, 440, 407, 440, 439, 408, 409, 441, 408, 441, 440, 409, 410, 442, 409, 442, 441, 410, 411, 443, 410, 443, 442, 411, 412, 444, 411, 444, 443, 412, 413, 445, 412, 445, 444, 413, 414, 446, 413, 446, 445, 414, 415, 447, 414, 447, 446, 416, 417, 449, 416, 449, 448, 417, 418, 450, 417, 450, 449, 418, 419, 451, 418, 451, 450, 419, 420, 452, 419, 452, 451, 420, 421, 453, 420, 453, 452, 421, 422, 454, 421, 454, 453, 422, 423, 455, 422, 455, 454, 423, 424, 456, 423, 456, 455, 424, 425, 457, 424, 457, 456, 425, 426, 458, 425, 458, 457, 426, 427, 459, 426, 459, 458, 427, 428, 460, 427, 460, 459, 428, 429, 461, 428, 461, 460, 429, 430, 462, 429, 462, 461, 430, 431, 463, 430, 463, 462, 431, 432, 464, 431, 464, 463, 432, 433, 465, 432, 465, 464, 433, 434, 466, 433, 466, 465, 434, 435, 467, 434, 467, 466, 435, 436, 468, 435, 468, 467, 436, 437, 469, 436, 469, 468, 437, 438, 470, 437, 470, 469, 438, 439, 471, 438, 471, 470, 439, 440, 472, 439, 472, 471, 440, 441, 473, 440, 473, 472, 441, 442, 474, 441, 474, 473, 442, 443, 475, 442, 475, 474, 443, 444, 476, 443, 476, 475, 444, 445, 477, 444, 477, 476, 445, 446, 478, 445, 478, 477, 446, 447, 479, 446, 479, 478, 448, 449, 481, 448, 481, 480, 449, 450, 482, 449, 482, 481, 450, 451, 483, 450, 483, 482, 451, 452, 484, 451, 484, 483, 452, 453, 485, 452, 485, 484, 453, 454, 486, 453, 486, 485, 454, 455, 487, 454, 487, 486, 455, 456, 488, 455, 488, 487, 456, 457, 489, 456, 489, 488, 457, 458, 490, 457, 490, 489, 458, 459, 491, 458, 491, 490, 459, 460, 492, 459, 492, 491, 460, 461, 493, 460, 493, 492, 461, 462, 494, 461, 494, 493, 462, 463, 495, 462, 495, 494, 463, 464, 496, 463, 496, 495, 464, 465, 497, 464, 497, 496, 465, 466, 498, 465, 498, 497, 466, 467, 499, 466, 499, 498, 467, 468, 500, 467, 500, 499, 468, 469, 501, 468, 501, 500, 469, 470, 502, 469, 502, 501, 470, 471, 503, 470, 503, 502, 471, 472, 504, 471, 504, 503, 472, 473, 505, 472, 505, 504, 473, 474, 506, 473, 506, 505, 474, 475, 507, 474, 507, 506, 475, 476, 508, 475, 508, 507, 476, 477, 509, 476, 509, 508, 477, 478, 510, 477, 510, 509, 478, 479, 511, 478, 511, 510, 480, 481, 513, 480, 513, 512, 481, 482, 514, 481, 514, 513, 482, 483, 515, 482, 515, 514, 483, 484, 516, 483, 516, 515, 484, 485, 517, 484, 517, 516, 485, 486, 518, 485, 518, 517, 486, 487, 519, 486, 519, 518, 487, 488, 520, 487, 520, 519, 488, 489, 521, 488, 521, 520, 489, 490, 522, 489, 522, 521, 490, 491, 523, 490, 523, 522, 491, 492, 524, 491, 524, 523, 492, 493, 525, 492, 525, 524, 493, 494, 526, 493, 526, 525, 494, 495, 527, 494, 527, 526, 495, 496, 528, 495, 528, 527, 496, 497, 529, 496, 529, 528, 497, 498, 530, 497, 530, 529, 498, 499, 531, 498, 531, 530, 499, 500, 532, 499, 532, 531, 500, 501, 533, 500, 533, 532, 501, 502, 534, 501, 534, 533, 502, 503, 535, 502, 535, 534, 503, 504, 536, 503, 536, 535, 504, 505, 537, 504, 537, 536, 505, 506, 538, 505, 538, 537, 506, 507, 539, 506, 539, 538, 507, 508, 540, 507, 540, 539, 508, 509, 541, 508, 541, 540, 509, 510, 542, 509, 542, 541, 510, 511, 543, 510, 543, 542, 512, 513, 545, 512, 545, 544, 513, 514, 546, 513, 546, 545, 514, 515, 547, 514, 547, 546, 515, 516, 548, 515, 548, 547, 516, 517, 549, 516, 549, 548, 517, 518, 550, 517, 550, 549, 518, 519, 551, 518, 551, 550, 519, 520, 552, 519, 552, 551, 520, 521, 553, 520, 553, 552, 521, 522, 554, 521, 554, 553, 522, 523, 555, 522, 555, 554, 523, 524, 556, 523, 556, 555, 524, 525, 557, 524, 557, 556, 525, 526, 558, 525, 558, 557, 526, 527, 559, 526, 559, 558, 527, 528, 560, 527, 560, 559, 528, 529, 561, 528, 561, 560, 529, 530, 562, 529, 562, 561, 530, 531, 563, 530, 563, 562, 531, 532, 564, 531, 564, 563, 532, 533, 565, 532, 565, 564, 533, 534, 566, 533, 566, 565, 534, 535, 567, 534, 567, 566, 535, 536, 568, 535, 568, 567, 536, 537, 569, 536, 569, 568, 537, 538, 570, 537, 570, 569, 538, 539, 571, 538, 571, 570, 539, 540, 572, 539, 572, 571, 540, 541, 573, 540, 573, 572, 541, 542, 574, 541, 574, 573, 542, 543, 575, 542, 575, 574, 544, 545, 577, 544, 577, 576, 545, 546, 578, 545, 578, 577, 546, 547, 579, 546, 579, 578, 547, 548, 580, 547, 580, 579, 548, 549, 581, 548, 581, 580, 549, 550, 582, 549, 582, 581, 550, 551, 583, 550, 583, 582, 551, 552, 584, 551, 584, 583, 552, 553, 585, 552, 585, 584, 553, 554, 586, 553, 586, 585, 554, 555, 587, 554, 587, 586, 555, 556, 588, 555, 588, 587, 556, 557, 589, 556, 589, 588, 557, 558, 590, 557, 590, 589, 558, 559, 591, 558, 591, 590, 559, 560, 592, 559, 592, 591, 560, 561, 593, 560, 593, 592, 561, 562, 594, 561, 594, 593, 562, 563, 595, 562, 595, 594, 563, 564, 596, 563, 596, 595, 564, 565, 597, 564, 597, 596, 565, 566, 598, 565, 598, 597, 566, 567, 599, 566, 599, 598, 567, 568, 600, 567, 600, 599, 568, 569, 601, 568, 601, 600, 569, 570, 602, 569, 602, 601, 570, 571, 603, 570, 603, 602, 571, 572, 604, 571, 604, 603, 572, 573, 605, 572, 605, 604, 573, 574, 606, 573, 606, 605, 574, 575, 607, 574, 607, 606, 576, 577, 609, 576, 609, 608, 577, 578, 610, 577, 610, 609, 578, 579, 611, 578, 611, 610, 579, 580, 612, 579, 612, 611, 580, 581, 613, 580, 613, 612, 581, 582, 614, 581, 614, 613, 582, 583, 615, 582, 615, 614, 583, 584, 616, 583, 616, 615, 584, 585, 617, 584, 617, 616, 585, 586, 618, 585, 618, 617, 586, 587, 619, 586, 619, 618, 587, 588, 620, 587, 620, 619, 588, 589, 621, 588, 621, 620, 589, 590, 622, 589, 622, 621, 590, 591, 623, 590, 623, 622, 591, 592, 624, 591, 624, 623, 592, 593, 625, 592, 625, 624, 593, 594, 626, 593, 626, 625, 594, 595, 627, 594, 627, 626, 595, 596, 628, 595, 628, 627, 596, 597, 629, 596, 629, 628, 597, 598, 630, 597, 630, 629, 598, 599, 631, 598, 631, 630, 599, 600, 632, 599, 632, 631, 600, 601, 633, 600, 633, 632, 601, 602, 634, 601, 634, 633, 602, 603, 635, 602, 635, 634, 603, 604, 636, 603, 636, 635, 604, 605, 637, 604, 637, 636, 605, 606, 638, 605, 638, 637, 606, 607, 639, 606, 639, 638, 608, 609, 641, 608, 641, 640, 609, 610, 642, 609, 642, 641, 610, 611, 643, 610, 643, 642, 611, 612, 644, 611, 644, 643, 612, 613, 645, 612, 645, 644, 613, 614, 646, 613, 646, 645, 614, 615, 647, 614, 647, 646, 615, 616, 648, 615, 648, 647, 616, 617, 649, 616, 649, 648, 617, 618, 650, 617, 650, 649, 618, 619, 651, 618, 651, 650, 619, 620, 652, 619, 652, 651, 620, 621, 653, 620, 653, 652, 621, 622, 654, 621, 654, 653, 622, 623, 655, 622, 655, 654, 623, 624, 656, 623, 656, 655, 624, 625, 657, 624, 657, 656, 625, 626, 658, 625, 658, 657, 626, 627, 659, 626, 659, 658, 627, 628, 660, 627, 660, 659, 628, 629, 661, 628, 661, 660, 629, 630, 662, 629, 662, 661, 630, 631, 663, 630, 663, 662, 631, 632, 664, 631, 664, 663, 632, 633, 665, 632, 665, 664, 633, 634, 666, 633, 666, 665, 634, 635, 667, 634, 667, 666, 635, 636, 668, 635, 668, 667, 636, 637, 669, 636, 669, 668, 637, 638, 670, 637, 670, 669, 638, 639, 671, 638, 671, 670, 640, 641, 673, 640, 673, 672, 641, 642, 674, 641, 674, 673, 642, 643, 675, 642, 675, 674, 643, 644, 676, 643, 676, 675, 644, 645, 677, 644, 677, 676, 645, 646, 678, 645, 678, 677, 646, 647, 679, 646, 679, 678, 647, 648, 680, 647, 680, 679, 648, 649, 681, 648, 681, 680, 649, 650, 682, 649, 682, 681, 650, 651, 683, 650, 683, 682, 651, 652, 684, 651, 684, 683, 652, 653, 685, 652, 685, 684, 653, 654, 686, 653, 686, 685, 654, 655, 687, 654, 687, 686, 655, 656, 688, 655, 688, 687, 656, 657, 689, 656, 689, 688, 657, 658, 690, 657, 690, 689, 658, 659, 691, 658, 691, 690, 659, 660, 692, 659, 692, 691, 660, 661, 693, 660, 693, 692, 661, 662, 694, 661, 694, 693, 662, 663, 695, 662, 695, 694, 663, 664, 696, 663, 696, 695, 664, 665, 697, 664, 697, 696, 665, 666, 698, 665, 698, 697, 666, 667, 699, 666, 699, 698, 667, 668, 700, 667, 700, 699, 668, 669, 701, 668, 701, 700, 669, 670, 702, 669, 702, 701, 670, 671, 703, 670, 703, 702, 672, 673, 705, 672, 705, 704, 673, 674, 706, 673, 706, 705, 674, 675, 707, 674, 707, 706, 675, 676, 708, 675, 708, 707, 676, 677, 709, 676, 709, 708, 677, 678, 710, 677, 710, 709, 678, 679, 711, 678, 711, 710, 679, 680, 712, 679, 712, 711, 680, 681, 713, 680, 713, 712, 681, 682, 714, 681, 714, 713, 682, 683, 715, 682, 715, 714, 683, 684, 716, 683, 716, 715, 684, 685, 717, 684, 717, 716, 685, 686, 718, 685, 718, 717, 686, 687, 719, 686, 719, 718, 687, 688, 720, 687, 720, 719, 688, 689, 721, 688, 721, 720, 689, 690, 722, 689, 722, 721, 690, 691, 723, 690, 723, 722, 691, 692, 724, 691, 724, 723, 692, 693, 725, 692, 725, 724, 693, 694, 726, 693, 726, 725, 694, 695, 727, 694, 727, 726, 695, 696, 728, 695, 728, 727, 696, 697, 729, 696, 729, 728, 697, 698, 730, 697, 730, 729, 698, 699, 731, 698, 731, 730, 699, 700, 732, 699, 732, 731, 700, 701, 733, 700, 733, 732, 701, 702, 734, 701, 734, 733, 702, 703, 735, 702, 735, 734, 704, 705, 737, 704, 737, 736, 705, 706, 738, 705, 738, 737, 706, 707, 739, 706, 739, 738, 707, 708, 740, 707, 740, 739, 708, 709, 741, 708, 741, 740, 709, 710, 742, 709, 742, 741, 710, 711, 743, 710, 743, 742, 711, 712, 744, 711, 744, 743, 712, 713, 745, 712, 745, 744, 713, 714, 746, 713, 746, 745, 714, 715, 747, 714, 747, 746, 715, 716, 748, 715, 748, 747, 716, 717, 749, 716, 749, 748, 717, 718, 750, 717, 750, 749, 718, 719, 751, 718, 751, 750, 719, 720, 752, 719, 752, 751, 720, 721, 753, 720, 753, 752, 721, 722, 754, 721, 754, 753, 722, 723, 755, 722, 755, 754, 723, 724, 756, 723, 756, 755, 724, 725, 757, 724, 757, 756, 725, 726, 758, 725, 758, 757, 726, 727, 759, 726, 759, 758, 727, 728, 760, 727, 760, 759, 728, 729, 761, 728, 761, 760, 729, 730, 762, 729, 762, 761, 730, 731, 763, 730, 763, 762, 731, 732, 764, 731, 764, 763, 732, 733, 765, 732, 765, 764, 733, 734, 766, 733, 766, 765, 734, 735, 767, 734, 767, 766, 736, 737, 769, 736, 769, 768, 737, 738, 770, 737, 770, 769, 738, 739, 771, 738, 771, 770, 739, 740, 772, 739, 772, 771, 740, 741, 773, 740, 773, 772, 741, 742, 774, 741, 774, 773, 742, 743, 775, 742, 775, 774, 743, 744, 776, 743, 776, 775, 744, 745, 777, 744, 777, 776, 745, 746, 778, 745, 778, 777, 746, 747, 779, 746, 779, 778, 747, 748, 780, 747, 780, 779, 748, 749, 781, 748, 781, 780, 749, 750, 782, 749, 782, 781, 750, 751, 783, 750, 783, 782, 751, 752, 784, 751, 784, 783, 752, 753, 785, 752, 785, 784, 753, 754, 786, 753, 786, 785, 754, 755, 787, 754, 787, 786, 755, 756, 788, 755, 788, 787, 756, 757, 789, 756, 789, 788, 757, 758, 790, 757, 790, 789, 758, 759, 791, 758, 791, 790, 759, 760, 792, 759, 792, 791, 760, 761, 793, 760, 793, 792, 761, 762, 794, 761, 794, 793, 762, 763, 795, 762, 795, 794, 763, 764, 796, 763, 796, 795, 764, 765, 797, 764, 797, 796, 765, 766, 798, 765, 798, 797, 766, 767, 799, 766, 799, 798, 768, 769, 801, 768, 801, 800, 769, 770, 802, 769, 802, 801, 770, 771, 803, 770, 803, 802, 771, 772, 804, 771, 804, 803, 772, 773, 805, 772, 805, 804, 773, 774, 806, 773, 806, 805, 774, 775, 807, 774, 807, 806, 775, 776, 808, 775, 808, 807, 776, 777, 809, 776, 809, 808, 777, 778, 810, 777, 810, 809, 778, 779, 811, 778, 811, 810, 779, 780, 812, 779, 812, 811, 780, 781, 813, 780, 813, 812, 781, 782, 814, 781, 814, 813, 782, 783, 815, 782, 815, 814, 783, 784, 816, 783, 816, 815, 784, 785, 817, 784, 817, 816, 785, 786, 818, 785, 818, 817, 786, 787, 819, 786, 819, 818, 787, 788, 820, 787, 820, 819, 788, 789, 821, 788, 821, 820, 789, 790, 822, 789, 822, 821, 790, 791, 823, 790, 823, 822, 791, 792, 824, 791, 824, 823, 792, 793, 825, 792, 825, 824, 793, 794, 826, 793, 826, 825, 794, 795, 827, 794, 827, 826, 795, 796, 828, 795, 828, 827, 796, 797, 829, 796, 829, 828, 797, 798, 830, 797, 830, 829, 798, 799, 831, 798, 831, 830, 800, 801, 833, 800, 833, 832, 801, 802, 834, 801, 834, 833, 802, 803, 835, 802, 835, 834, 803, 804, 836, 803, 836, 835, 804, 805, 837, 804, 837, 836, 805, 806, 838, 805, 838, 837, 806, 807, 839, 806, 839, 838, 807, 808, 840, 807, 840, 839, 808, 809, 841, 808, 841, 840, 809, 810, 842, 809, 842, 841, 810, 811, 843, 810, 843, 842, 811, 812, 844, 811, 844, 843, 812, 813, 845, 812, 845, 844, 813, 814, 846, 813, 846, 845, 814, 815, 847, 814, 847, 846, 815, 816, 848, 815, 848, 847, 816, 817, 849, 816, 849, 848, 817, 818, 850, 817, 850, 849, 818, 819, 851, 818, 851, 850, 819, 820, 852, 819, 852, 851, 820, 821, 853, 820, 853, 852, 821, 822, 854, 821, 854, 853, 822, 823, 855, 822, 855, 854, 823, 824, 856, 823, 856, 855, 824, 825, 857, 824, 857, 856, 825, 826, 858, 825, 858, 857, 826, 827, 859, 826, 859, 858, 827, 828, 860, 827, 860, 859, 828, 829, 861, 828, 861, 860, 829, 830, 862, 829, 862, 861, 830, 831, 863, 830, 863, 862, 832, 833, 865, 832, 865, 864, 833, 834, 866, 833, 866, 865, 834, 835, 867, 834, 867, 866, 835, 836, 868, 835, 868, 867, 836, 837, 869, 836, 869, 868, 837, 838, 870, 837, 870, 869, 838, 839, 871, 838, 871, 870, 839, 840, 872, 839, 872, 871, 840, 841, 873, 840, 873, 872, 841, 842, 874, 841, 874, 873, 842, 843, 875, 842, 875, 874, 843, 844, 876, 843, 876, 875, 844, 845, 877, 844, 877, 876, 845, 846, 878, 845, 878, 877, 846, 847, 879, 846, 879, 878, 847, 848, 880, 847, 880, 879, 848, 849, 881, 848, 881, 880, 849, 850, 882, 849, 882, 881, 850, 851, 883, 850, 883, 882, 851, 852, 884, 851, 884, 883, 852, 853, 885, 852, 885, 884, 853, 854, 886, 853, 886, 885, 854, 855, 887, 854, 887, 886, 855, 856, 888, 855, 888, 887, 856, 857, 889, 856, 889, 888, 857, 858, 890, 857, 890, 889, 858, 859, 891, 858, 891, 890, 859, 860, 892, 859, 892, 891, 860, 861, 893, 860, 893, 892, 861, 862, 894, 861, 894, 893, 862, 863, 895, 862, 895, 894, 864, 865, 897, 864, 897, 896, 865, 866, 898, 865, 898, 897, 866, 867, 899, 866, 899, 898, 867, 868, 900, 867, 900, 899, 868, 869, 901, 868, 901, 900, 869, 870, 902, 869, 902, 901, 870, 871, 903, 870, 903, 902, 871, 872, 904, 871, 904, 903, 872, 873, 905, 872, 905, 904, 873, 874, 906, 873, 906, 905, 874, 875, 907, 874, 907, 906, 875, 876, 908, 875, 908, 907, 876, 877, 909, 876, 909, 908, 877, 878, 910, 877, 910, 909, 878, 879, 911, 878, 911, 910, 879, 880, 912, 879, 912, 911, 880, 881, 913, 880, 913, 912, 881, 882, 914, 881, 914, 913, 882, 883, 915, 882, 915, 914, 883, 884, 916, 883, 916, 915, 884, 885, 917, 884, 917, 916, 885, 886, 918, 885, 918, 917, 886, 887, 919, 886, 919, 918, 887, 888, 920, 887, 920, 919, 888, 889, 921, 888, 921, 920, 889, 890, 922, 889, 922, 921, 890, 891, 923, 890, 923, 922, 891, 892, 924, 891, 924, 923, 892, 893, 925, 892, 925, 924, 893, 894, 926, 893, 926, 925, 894, 895, 927, 894, 927, 926, 896, 897, 929, 896, 929, 928, 897, 898, 930, 897, 930, 929, 898, 899, 931, 898, 931, 930, 899, 900, 932, 899, 932, 931, 900, 901, 933, 900, 933, 932, 901, 902, 934, 901, 934, 933, 902, 903, 935, 902, 935, 934, 903, 904, 936, 903, 936, 935, 904, 905, 937, 904, 937, 936, 905, 906, 938, 905, 938, 937, 906, 907, 939, 906, 939, 938, 907, 908, 940, 907, 940, 939, 908, 909, 941, 908, 941, 940, 909, 910, 942, 909, 942, 941, 910, 911, 943, 910, 943, 942, 911, 912, 944, 911, 944, 943, 912, 913, 945, 912, 945, 944, 913, 914, 946, 913, 946, 945, 914, 915, 947, 914, 947, 946, 915, 916, 948, 915, 948, 947, 916, 917, 949, 916, 949, 948, 917, 918, 950, 917, 950, 949, 918, 919, 951, 918, 951, 950, 919, 920, 952, 919, 952, 951, 920, 921, 953, 920, 953, 952, 921, 922, 954, 921, 954, 953, 922, 923, 955, 922, 955, 954, 923, 924, 956, 923, 956, 955, 924, 925, 957, 924, 957, 956, 925, 926, 958, 925, 958, 957, 926, 927, 959, 926, 959, 958, 928, 929, 961, 928, 961, 960, 929, 930, 962, 929, 962, 961, 930, 931, 963, 930, 963, 962, 931, 932, 964, 931, 964, 963, 932, 933, 965, 932, 965, 964, 933, 934, 966, 933, 966, 965, 934, 935, 967, 934, 967, 966, 935, 936, 968, 935, 968, 967, 936, 937, 969, 936, 969, 968, 937, 938, 970, 937, 970, 969, 938, 939, 971, 938, 971, 970, 939, 940, 972, 939, 972, 971, 940, 941, 973, 940, 973, 972, 941, 942, 974, 941, 974, 973, 942, 943, 975, 942, 975, 974, 943, 944, 976, 943, 976, 975, 944, 945, 977, 944, 977, 976, 945, 946, 978, 945, 978, 977, 946, 947, 979, 946, 979, 978, 947, 948, 980, 947, 980, 979, 948, 949, 981, 948, 981, 980, 949, 950, 982, 949, 982, 981, 950, 951, 983, 950, 983, 982, 951, 952, 984, 951, 984, 983, 952, 953, 985, 952, 985, 984, 953, 954, 986, 953, 986, 985, 954, 955, 987, 954, 987, 986, 955, 956, 988, 955, 988, 987, 956, 957, 989, 956, 989, 988, 957, 958, 990, 957, 990, 989, 958, 959, 991, 958, 991, 990, 960, 961, 993, 960, 993, 992, 961, 962, 994, 961, 994, 993, 962, 963, 995, 962, 995, 994, 963, 964, 996, 963, 996, 995, 964, 965, 997, 964, 997, 996, 965, 966, 998, 965, 998, 997, 966, 967, 999, 966, 999, 998, 967, 968, 1000, 967, 1000, 999, 968, 969, 1001, 968, 1001, 1000, 969, 970, 1002, 969, 1002, 1001, 970, 971, 1003, 970, 1003, 1002, 971, 972, 1004, 971, 1004, 1003, 972, 973, 1005, 972, 1005, 1004, 973, 974, 1006, 973, 1006, 1005, 974, 975, 1007, 974, 1007, 1006, 975, 976, 1008, 975, 1008, 1007, 976, 977, 1009, 976, 1009, 1008, 977, 978, 1010, 977, 1010, 1009, 978, 979, 1011, 978, 1011, 1010, 979, 980, 1012, 979, 1012, 1011, 980, 981, 1013, 980, 1013, 1012, 981, 982, 1014, 981, 1014, 1013, 982, 983, 1015, 982, 1015, 1014, 983, 984, 1016, 983, 1016, 1015, 984, 985, 1017, 984, 1017, 1016, 985, 986, 1018, 985, 1018, 1017, 986, 987, 1019, 986, 1019, 1018, 987, 988, 1020, 987, 1020, 1019, 988, 989, 1021, 988, 1021, 1020, 989, 990, 1022, 989, 1022, 1021, 990, 991, 1023, 990, 1023, 1022]
	    point3f[] points = [(0, 0, 20), (20, 0, 20), (40, 0, 20), (60, 0, 20), (80, 0, 20), (100, 0, 20), (120, 0, 20), (140, 0, 20), (160, 0, 20), (180, 0, 20), (200, 0, 20), (220, 0, 20), (240, 0, 20), (260, 0, 20), (280, 0, 20), (300, 0, 20), (320, 0, 20), (340, 0, 20), (360, 0, 20), (380, 0, 20), (400, 0, 20), (420, 0, 20), (440, 0, 20), (460, 0, 20), (480, 0, 20), (500, 0, 20), (520, 0, 20), (540, 0, 20), (560, 0, 20), (580, 0, 20), (600, 0, 20), (620, 0, 20), (0, 20, 20), (20, 20, 20), (40, 20, 20), (60, 20, 20), (80, 20, 20), (100, 20, 20), (120, 20, 20), (140, 20, 20), (160, 20, 20), (180, 20, 20), (200, 20, 20), (220, 20, 20), (240, 20, 20), (260, 20, 20), (280, 20, 20), (300, 20, 20), (320, 20, 20), (340, 20, 20), (360, 20, 20), (380, 20, 20), (400, 20, 20), (420, 20, 20), (440, 20, 20), (460, 20, 20), (480, 20, 20), (500, 20, 20), (520, 20, 20), (540, 20, 20), (560, 20, 20), (580, 20, 20), (600, 20, 20), (620, 20, 20), (0, 40, 20), (20, 40, 20), (40, 40, 20), (60, 40, 20), (80, 40, 20), (100, 40, 20), (120, 40, 20), (140, 40, 20), (160, 40, 20), (180, 40, 20), (200, 40, 20), (220, 40, 20), (240, 40, 20), (260, 40, 20), (280, 40, 20), (300, 40, 20), (320, 40, 20), (340, 40, 20), (360, 40, 20), (380, 40, 20), (400, 40, 20), (420, 40, 20), (440, 40, 20), (460, 40, 20), (480, 40, 20), (500, 40, 20), (520, 40, 20), (540, 40, 20), (560, 40, 20), (580, 40, 20), (600, 40, 20), (620, 40, 20), (0, 60, 20), (20, 60, 20), (40, 60, 20), (60, 60, 20), (80, 60, 20), (100, 60, 20), (120, 60, 20), (140, 60, 20), (160, 60, 20), (180, 60, 20), (200, 60, 20), (220, 60, 20), (240, 60, 20), (260, 60, 20), (280, 60, 20), (300, 60, 20), (320, 60, 20), (340, 60, 20), (360, 60, 20), (380, 60, 20), (400, 60, 20), (420, 60, 20), (440, 60, 20), (460, 60, 20), (480, 60, 20), (500, 60, 20), (520, 60, 20), (540, 60, 20), (560, 60, 20), (580, 60, 20), (600, 60, 20), (620, 60, 20), (0, 80, 20), (20, 80, 20), (40, 80, 20), (60, 80, 20), (80, 80, 20), (100, 80, 20), (120, 80, 20), (140, 80, 20), (160, 80, 20), (180, 80, 20), (200, 80, 20), (220, 80, 20), (240, 80, 20), (260, 80, 20), (280, 80, 20), (300, 80, 20), (320, 80, 20), (340, 80, 20), (360, 80, 20), (380, 80, 20), (400, 80, 20), (420, 80, 20), (440, 80, 20), (460, 80, 20), (480, 80, 20), (500, 80, 20), (520, 80, 20), (540, 80, 20), (560, 80, 20), (580, 80, 20), (600, 80, 20), (620, 80, 20), (0, 100, 20), (20, 100, 20), (40, 100, 20), (60, 100, 20), (80, 100, 20), (100, 100, 20), (120, 100, 20), (140, 100, 20), (160, 100, 20), (180, 100, 20), (200, 100, 20), (220, 100, 20), (240, 100, 20), (260, 100, 20), (280, 100, 20), (300, 100, 20), (320, 100, 20), (340, 100, 20), (360, 100, 20), (380, 100, 20), (400, 100, 20), (420, 100, 20), (440, 100, 20), (460, 100, 20), (480, 100, 20), (500, 100, 20), (520, 100, 20), (540, 100, 20), (560, 100, 20), (580, 100, 20), (600, 100, 20), (620, 100, 20), (0, 120, 20), (20, 120, 20), (40, 120, 20), (60, 120, 20), (80, 120, 20), (100, 120, 20), (120, 120, 20), (140, 120, 20), (160, 120, 20), (180, 120, 20), (200, 120, 20), (220, 120, 20), (240, 120, 20), (260, 120, 20), (280, 120, 20), (300, 120, 20), (320, 120, 20), (340, 120, 20), (360, 120, 20), (380, 120, 20), (400, 120, 20), (420, 120, 20), (440, 120, 20), (460, 120, 20), (480, 120, 20), (500, 120, 20), (520, 120, 20), (540, 120, 20), (560, 120, 20), (580, 120, 20), (600, 120, 20), (620, 120, 20), (0, 140, 20), (20, 140, 20), (40, 140, 20), (60, 140, 20), (80, 140, 20), (100, 140, 20), (120, 140, 20), (140, 140, 20), (160, 140, 20), (180, 140, 20), (200, 140, 20), (220, 140, 20), (240, 140, 20), (260, 140, 20), (280, 140, 20), (300, 140, 20), (320, 140, 20), (340, 140, 20), (360, 140, 20), (380, 140, 20), (400, 140, 20), (420, 140, 20), (440, 140, 20), (460, 140, 20), (480, 140, 20), (500, 140, 20), (520, 140, 20), (540, 140, 20), (560, 140, 20), (580, 140, 20), (600, 140, 20), (620, 140, 20), (0, 160, 20), (20, 160, 20), (40, 160, 20), (60, 160, 20), (80, 160, 20), (100, 160, 20), (120, 160, 20), (140, 160, 20), (160, 160, 20), (180, 160, 20), (200, 160, 20), (220, 160, 20), (240, 160, 20), (260, 160, 20), (280, 160, 20), (300, 160, 20), (320, 160, 20), (340, 160, 20), (360, 160, 20), (380, 160, 20), (400, 160, 20), (420, 160, 20), (440, 160, 20), (460, 160, 20), (480, 160, 20), (500, 160, 20), (520, 160, 20), (540, 160, 20), (560, 160, 20), (580, 160, 20), (600, 160, 20), (620, 160, 20), (0, 180, 20), (20, 180, 20), (40, 180, 20), (60, 180, 20), (80, 180, 20), (100, 180, 20), (120, 180, 20), (140, 180, 20), (160, 180, 20), (180, 180, 20), (200, 180, 20), (220, 180, 20), (240, 180, 20), (260, 180, 20), (280, 180, 20), (300, 180, 20), (320, 180, 20), (340, 180, 20), (360, 180, 20), (380, 180, 20), (400, 180, 20), (420, 180, 20), (440, 180, 20), (460, 180, 20), (480, 180, 20), (500, 180, 20), (520, 180, 20), (540, 180, 20), (560, 180, 20), (580, 180, 20), (600, 180, 20), (620, 180, 20), (0, 200, 20), (20, 200, 20), (40, 200, 20), (60, 200, 20), (80, 200, 20), (100, 200, 20), (120, 200, 20), (140, 200, 20), (160, 200, 20), (180, 200, 20), (200, 200, 20), (220, 200, 20), (240, 200, 20), (260, 200, 20), (280, 200, 20), (300, 200, 20), (320, 200, 20), (340, 200, 20), (360, 200, 20), (380, 200, 20), (400, 200, 20), (420, 200, 20), (440, 200, 20), (460, 200, 20), (480, 200, 20), (500, 200, 20), (520, 200, 20), (540, 200, 20), (560, 200, 20), (580, 200, 20), (600, 200, 20), (620, 200, 20), (0, 220, 20), (20, 220, 20), (40, 220, 20), (60, 220, 20), (80, 220, 20), (100, 220, 20), (120, 220, 20), (140, 220, 20), (160, 220, 20), (180, 220, 20), (200, 220, 20), (220, 220, 20), (240, 220, 20), (260, 220, 20), (280, 220, 20), (300, 220, 20), (320, 220, 20), (340, 220, 20), (360, 220, 20), (380, 220, 20), (400, 220, 20), (420, 220, 20), (440, 220, 20), (460, 220, 20), (480, 220, 20), (500, 220, 20), (520, 220, 20), (540, 220, 20), (560, 220, 20), (580, 220, 20), (600, 220, 20), (620, 220, 20), (0, 240, 20), (20, 240, 20), (40, 240, 20), (60, 240, 20), (80, 240, 20), (100, 240, 20), (120, 240, 20), (140, 240, 20), (160, 240, 20), (180, 240, 20), (200, 240, 20), (220, 240, 20), (240, 240, 20), (260, 240, 20), (280, 240, 20), (300, 240, 20), (320, 240, 20), (340, 240, 20), (360, 240, 20), (380, 240, 20), (400, 240, 20), (420, 240, 20), (440, 240, 20), (460, 240, 20), (480, 240, 20), (500, 240, 20), (520, 240, 20), (540, 240, 20), (560, 240, 20), (580, 240, 20), (600, 240, 20), (620, 240, 20), (0, 260, 20), (20, 260, 20), (40, 260, 20), (60, 260, 20), (80, 260, 20), (100, 260, 20), (120, 260, 20), (140, 260, 20), (160, 260, 20), (180, 260, 20), (200, 260, 20), (220, 260, 20), (240, 260, 20), (260, 260, 20), (280, 260, 20), (300, 260, 20), (320, 260, 20), (340, 260, 20), (360, 260, 20), (380, 260, 20), (400, 260, 20), (420, 260, 20), (440, 260, 20), (460, 260, 20), (480, 260, 20), (500, 260, 20), (520, 260, 20), (540, 260, 20), (560, 260, 20), (580, 260, 20), (600, 260, 20), (620, 260, 20), (0, 280, 20), (20, 280, 20), (40, 280, 20), (60, 280, 20), (80, 280, 20), (100, 280, 20), (120, 280, 20), (140, 280, 20), (160, 280, 20), (180, 280, 20), (200, 280, 20), (220, 280, 20), (240, 280, 20), (260, 280, 20), (280, 280, 20), (300, 280, 20), (320, 280, 20), (340, 280, 20), (360, 280, 20), (380, 280, 20), (400, 280, 20), (420, 280, 20), (440, 280, 20), (460, 280, 20), (480, 280, 20), (500, 280, 20), (520, 280, 20), (540, 280, 20), (560, 280, 20), (580, 280, 20), (600, 280, 20), (620, 280, 20), (0, 300, 20), (20, 300, 20), (40, 300, 20), (60, 300, 20), (80, 300, 20), (100, 300, 20), (120, 300, 20), (140, 300, 20), (160, 300, 20), (180, 300, 20), (200, 300, 20), (220, 300, 20), (240, 300, 20), (260, 300, 20), (280, 300, 20), (300, 300, 20), (320, 300, 20), (340, 300, 20), (360, 300, 20), (380, 300, 20), (400, 300, 20), (420, 300, 20), (440, 300, 20), (460, 300, 20), (480, 300, 20), (500, 300, 20), (520, 300, 20), (540, 300, 20), (560, 300, 20), (580, 300, 20), (600, 300, 20), (620, 300, 20), (0, 320, 20), (20, 320, 20), (40, 320, 20), (60, 320, 20), (80, 320, 20), (100, 320, 20), (120, 320, 20), (140, 320, 20), (160, 320, 20), (180, 320, 20), (200, 320, 20), (220, 320, 20), (240, 320, 20), (260, 320, 20), (280, 320, 20), (300, 320, 20), (320, 320, 20), (340, 320, 20), (360, 320, 20), (380, 320, 20), (400, 320, 20), (420, 320, 20), (440, 320, 20), (460, 320, 20), (480, 320, 20), (500, 320, 20), (520, 320, 20), (540, 320, 20), (560, 320, 20), (580, 320, 20), (600, 320, 20), (620, 320, 20), (0, 340, 20), (20, 340, 20), (40, 340, 20), (60, 340, 20), (80, 340, 20), (100, 340, 20), (120, 340, 20), (140, 340, 20), (160, 340, 20), (180, 340, 20), (200, 340, 20), (220, 340, 20), (240, 340, 20), (260, 340, 20), (280, 340, 20), (300, 340, 20), (320, 340, 20), (340, 340, 20), (360, 340, 20), (380, 340, 20), (400, 340, 20), (420, 340, 20), (440, 340, 20), (460, 340, 20), (480, 340, 20), (500, 340, 20), (520, 340, 20), (540, 340, 20), (560, 340, 20), (580, 340, 20), (600, 340, 20), (620, 340, 20), (0, 360, 20), (20, 360, 20), (40, 360, 20), (60, 360, 20), (80, 360, 20), (100, 360, 20), (120, 360, 20), (140, 360, 20), (160, 360, 20), (180, 360, 20), (200, 360, 20), (220, 360, 20), (240, 360, 20), (260, 360, 20), (280, 360, 20), (300, 360, 20), (320, 360, 20), (340, 360, 20), (360, 360, 20), (380, 360, 20), (400, 360, 20), (420, 360, 20), (440, 360, 20), (460, 360, 20), (480, 360, 20), (500, 360, 20), (520, 360, 20), (540, 360, 20), (560, 360, 20), (580, 360, 20), (600, 360, 20), (620, 360, 20), (0, 380, 20), (20, 380, 20), (40, 380, 20), (60, 380, 20), (80, 380, 20), (100, 380, 20), (120, 380, 20), (140, 380, 20), (160, 380, 20), (180, 380, 20), (200, 380, 20), (220, 380, 20), (240, 380, 20), (260, 380, 20), (280, 380, 20), (300, 380, 20), (320, 380, 20), (340, 380, 20), (360, 380, 20), (380, 380, 20), (400, 380, 20), (420, 380, 20), (440, 380, 20), (460, 380, 20), (480, 380, 20), (500, 380, 20), (520, 380, 20), (540, 380, 20), (560, 380, 20), (580, 380, 20), (600, 380, 20), (620, 380, 20), (0, 400, 20), (20, 400, 20), (40, 400, 20), (60, 400, 20), (80, 400, 20), (100, 400, 20), (120, 400, 20), (140, 400, 20), (160, 400, 20), (180, 400, 20), (200, 400, 20), (220, 400, 20), (240, 400, 20), (260, 400, 20), (280, 400, 20), (300, 400, 20), (320, 400, 20), (340, 400, 20), (360, 400, 20), (380, 400, 20), (400, 400, 20), (420, 400, 20), (440, 400, 20), (460, 400, 20), (480, 400, 20), (500, 400, 20), (520, 400, 20), (540, 400, 20), (560, 400, 20), (580, 400, 20), (600, 400, 20), (620, 400, 20), (0, 420, 20), (20, 420, 20), (40, 420, 20), (60, 420, 20), (80, 420, 20), (100, 420, 20), (120, 420, 20), (140, 420, 20), (160, 420, 20), (180, 420, 20), (200, 420, 20), (220, 420, 20), (240, 420, 20), (260, 420, 20), (280, 420, 20), (300, 420, 20), (320, 420, 20), (340, 420, 20), (360, 420, 20), (380, 420, 20), (400, 420, 20), (420, 420, 20), (440, 420, 20), (460, 420, 20), (480, 420, 20), (500, 420, 20), (520, 420, 20), (540, 420, 20), (560, 420, 20), (580, 420, 20), (600, 420, 20), (620, 420, 20), (0, 440, 20), (20, 440, 20), (40, 440, 20), (60, 440, 20), (80, 440, 20), (100, 440, 20), (120, 440, 20), (140, 440, 20), (160, 440, 20), (180, 440, 20), (200, 440, 20), (220, 440, 20), (240, 440, 20), (260, 440, 20), (280, 440, 20), (300, 440, 20), (320, 440, 20), (340, 440, 20), (360, 440, 20), (380, 440, 20), (400, 440, 20), (420, 440, 20), (440, 440, 20), (460, 440, 20), (480, 440, 20), (500, 440, 20), (520, 440, 20), (540, 440, 20), (560, 440, 20), (580, 440, 20), (600, 440, 20), (620, 440, 20), (0, 460, 20), (20, 460, 20), (40, 460, 20), (60, 460, 20), (80, 460, 20), (100, 460, 20), (120, 460, 20), (140, 460, 20), (160, 460, 20), (180, 460, 20), (200, 460, 20), (220, 460, 20), (240, 460, 20), (260, 460, 20), (280, 460, 20), (300, 460, 20), (320, 460, 20), (340, 460, 20), (360, 460, 20), (380, 460, 20), (400, 460, 20), (420, 460, 20), (440, 460, 20), (460, 460, 20), (480, 460, 20), (500, 460, 20), (520, 460, 20), (540, 460, 20), (560, 460, 20), (580, 460, 20), (600, 460, 20), (620, 460, 20), (0, 480, 20), (20, 480, 20), (40, 480, 20), (60, 480, 20), (80, 480, 20), (100, 480, 20), (120, 480, 20), (140, 480, 20), (160, 480, 20), (180, 480, 20), (200, 480, 20), (220, 480, 20), (240, 480, 20), (260, 480, 20), (280, 480, 20), (300, 480, 20), (320, 480, 20), (340, 480, 20), (360, 480, 20), (380, 480, 20), (400, 480, 20), (420, 480, 20), (440, 480, 20), (460, 480, 20), (480, 480, 20), (500, 480, 20), (520, 480, 20), (540, 480, 20), (560, 480, 20), (580, 480, 20), (600, 480, 20), (620, 480, 20), (0, 500, 20), (20, 500, 20), (40, 500, 20), (60, 500, 20), (80, 500, 20), (100, 500, 20), (120, 500, 20), (140, 500, 20), (160, 500, 20), (180, 500, 20), (200, 500, 20), (220, 500, 20), (240, 500, 20), (260, 500, 20), (280, 500, 20), (300, 500, 20), (320, 500, 20), (340, 500, 20), (360, 500, 20), (380, 500, 20), (400, 500, 20), (420, 500, 20), (440, 500, 20), (460, 500, 20), (480, 500, 20), (500, 500, 20), (520, 500, 20), (540, 500, 20), (560, 500, 20), (580, 500, 20), (600, 500, 20), (620, 500, 20), (0, 520, 20), (20, 520, 20), (40, 520, 20), (60, 520, 20), (80, 520, 20), (100, 520, 20), (120, 520, 20), (140, 520, 20), (160, 520, 20), (180, 520, 20), (200, 520, 20), (220, 520, 20), (240, 520, 20), (260, 520, 20), (280, 520, 20), (300, 520, 20), (320, 520, 20), (340, 520, 20), (360, 520, 20), (380, 520, 20), (400, 520, 20), (420, 520, 20), (440, 520, 20), (460, 520, 20), (480, 520, 20), (500, 520, 20), (520, 520, 20), (540, 520, 20), (560, 520, 20), (580, 520, 20), (600, 520, 20), (620, 520, 20), (0, 540, 20), (20, 540, 20), (40, 540, 20), (60, 540, 20), (80, 540, 20), (100, 540, 20), (120, 540, 20), (140, 540, 20), (160, 540, 20), (180, 540, 20), (200, 540, 20), (220, 540, 20), (240, 540, 20), (260, 540, 20), (280, 540, 20), (300, 540, 20), (320, 540, 20), (340, 540, 20), (360, 540, 20), (380, 540, 20), (400, 540, 20), (420, 540, 20), (440, 540, 20), (460, 540, 20), (480, 540, 20), (500, 540, 20), (520, 540, 20), (540, 540, 20), (560, 540, 20), (580, 540, 20), (600, 540, 20), (620, 540, 20), (0, 560, 20), (20, 560, 20), (40, 560, 20), (60, 560, 20), (80, 560, 20), (100, 560, 20), (120, 560, 20), (140, 560, 20), (160, 560, 20), (180, 560, 20), (200, 560, 20), (220, 560, 20), (240, 560, 20), (260, 560, 20), (280, 560, 20), (300, 560, 20), (320, 560, 20), (340, 560, 20), (360, 560, 20), (380, 560, 20), (400, 560, 20), (420, 560, 20), (440, 560, 20), (460, 560, 20), (480, 560, 20), (500, 560, 20), (520, 560, 20), (540, 560, 20), (560, 560, 20), (580, 560, 20), (600, 560, 20), (620, 560, 20), (0, 580, 20), (20, 580, 20), (40, 580, 20), (60, 580, 20), (80, 580, 20), (100, 580, 20), (120, 580, 20), (140, 580, 20), (160, 580, 20), (180, 580, 20), (200, 580, 20), (220, 580, 20), (240, 580, 20), (260, 580, 20), (280, 580, 20), (300, 580, 20), (320, 580, 20), (340, 580, 20), (360, 580, 20), (380, 580, 20), (400, 580, 20), (420, 580, 20), (440, 580, 20), (460, 580, 20), (480, 580, 20), (500, 580, 20), (520, 580, 20), (540, 580, 20), (560, 580, 20), (580, 580, 20), (600, 580, 20), (620, 580, 20), (0, 600, 20), (20, 600, 20), (40, 600, 20), (60, 600, 20), (80, 600, 20), (100, 600, 20), (120, 600, 20), (140, 600, 20), (160, 600, 20), (180, 600, 20), (200, 600, 20), (220, 600, 20), (240, 600, 20), (260, 600, 20), (280, 600, 20), (300, 600, 20), (320, 600, 20), (340, 600, 20), (360, 600, 20), (380, 600, 20), (400, 600, 20), (420, 600, 20), (440, 600, 20), (460, 600, 20), (480, 600, 20), (500, 600, 20), (520, 600, 20), (540, 600, 20), (560, 600, 20), (580, 600, 20), (600, 600, 20), (620, 600, 20), (0, 620, 20), (20, 620, 20), (40, 620, 20), (60, 620, 20), (80, 620, 20), (100, 620, 20), (120, 620, 20), (140, 620, 20), (160, 620, 20), (180, 620, 20), (200, 620, 20), (220, 620, 20), (240, 620, 20), (260, 620, 20), (280, 620, 20), (300, 620, 20), (320, 620, 20), (340, 620, 20), (360, 620, 20), (380, 620, 20), (400, 620, 20), (420, 620, 20), (440, 620, 20), (460, 620, 20), (480, 620, 20), (500, 620, 20), (520, 620, 20), (540, 620, 20), (560, 620, 20), (580, 620, 20), (600, 620, 20), (620, 620, 20)]
	    color3f[] primvars:displayColor = [(0.2784314, 0.64705884, 1)]
	}

    def ComputeNode "testDeformer"
    {
        custom token node:type = "omni.graph.examples.cpp.Deformer1Gpu"
        point3f[] inputs:points.connect = </defaultPrim/inputGrid.points>
		float inputs:multiplier = 3
		float inputs:wavelength = 310
        point3f[] outputs:points
    }

	def Mesh "outputGrid" 
	{
		uniform bool doubleSided = 1
		int[] faceVertexCounts = [3, 3, 3, 3, 3, 3, 3, 3, 3, 3, 3, 3, 3, 3, 3, 3, 3, 3, 3, 3, 3, 3, 3, 3, 3, 3, 3, 3, 3, 3, 3, 3, 3, 3, 3, 3, 3, 3, 3, 3, 3, 3, 3, 3, 3, 3, 3, 3, 3, 3, 3, 3, 3, 3, 3, 3, 3, 3, 3, 3, 3, 3, 3, 3, 3, 3, 3, 3, 3, 3, 3, 3, 3, 3, 3, 3, 3, 3, 3, 3, 3, 3, 3, 3, 3, 3, 3, 3, 3, 3, 3, 3, 3, 3, 3, 3, 3, 3, 3, 3, 3, 3, 3, 3, 3, 3, 3, 3, 3, 3, 3, 3, 3, 3, 3, 3, 3, 3, 3, 3, 3, 3, 3, 3, 3, 3, 3, 3, 3, 3, 3, 3, 3, 3, 3, 3, 3, 3, 3, 3, 3, 3, 3, 3, 3, 3, 3, 3, 3, 3, 3, 3, 3, 3, 3, 3, 3, 3, 3, 3, 3, 3, 3, 3, 3, 3, 3, 3, 3, 3, 3, 3, 3, 3, 3, 3, 3, 3, 3, 3, 3, 3, 3, 3, 3, 3, 3, 3, 3, 3, 3, 3, 3, 3, 3, 3, 3, 3, 3, 3, 3, 3, 3, 3, 3, 3, 3, 3, 3, 3, 3, 3, 3, 3, 3, 3, 3, 3, 3, 3, 3, 3, 3, 3, 3, 3, 3, 3, 3, 3, 3, 3, 3, 3, 3, 3, 3, 3, 3, 3, 3, 3, 3, 3, 3, 3, 3, 3, 3, 3, 3, 3, 3, 3, 3, 3, 3, 3, 3, 3, 3, 3, 3, 3, 3, 3, 3, 3, 3, 3, 3, 3, 3, 3, 3, 3, 3, 3, 3, 3, 3, 3, 3, 3, 3, 3, 3, 3, 3, 3, 3, 3, 3, 3, 3, 3, 3, 3, 3, 3, 3, 3, 3, 3, 3, 3, 3, 3, 3, 3, 3, 3, 3, 3, 3, 3, 3, 3, 3, 3, 3, 3, 3, 3, 3, 3, 3, 3, 3, 3, 3, 3, 3, 3, 3, 3, 3, 3, 3, 3, 3, 3, 3, 3, 3, 3, 3, 3, 3, 3, 3, 3, 3, 3, 3, 3, 3, 3, 3, 3, 3, 3, 3, 3, 3, 3, 3, 3, 3, 3, 3, 3, 3, 3, 3, 3, 3, 3, 3, 3, 3, 3, 3, 3, 3, 3, 3, 3, 3, 3, 3, 3, 3, 3, 3, 3, 3, 3, 3, 3, 3, 3, 3, 3, 3, 3, 3, 3, 3, 3, 3, 3, 3, 3, 3, 3, 3, 3, 3, 3, 3, 3, 3, 3, 3, 3, 3, 3, 3, 3, 3, 3, 3, 3, 3, 3, 3, 3, 3, 3, 3, 3, 3, 3, 3, 3, 3, 3, 3, 3, 3, 3, 3, 3, 3, 3, 3, 3, 3, 3, 3, 3, 3, 3, 3, 3, 3, 3, 3, 3, 3, 3, 3, 3, 3, 3, 3, 3, 3, 3, 3, 3, 3, 3, 3, 3, 3, 3, 3, 3, 3, 3, 3, 3, 3, 3, 3, 3, 3, 3, 3, 3, 3, 3, 3, 3, 3, 3, 3, 3, 3, 3, 3, 3, 3, 3, 3, 3, 3, 3, 3, 3, 3, 3, 3, 3, 3, 3, 3, 3, 3, 3, 3, 3, 3, 3, 3, 3, 3, 3, 3, 3, 3, 3, 3, 3, 3, 3, 3, 3, 3, 3, 3, 3, 3, 3, 3, 3, 3, 3, 3, 3, 3, 3, 3, 3, 3, 3, 3, 3, 3, 3, 3, 3, 3, 3, 3, 3, 3, 3, 3, 3, 3, 3, 3, 3, 3, 3, 3, 3, 3, 3, 3, 3, 3, 3, 3, 3, 3, 3, 3, 3, 3, 3, 3, 3, 3, 3, 3, 3, 3, 3, 3, 3, 3, 3, 3, 3, 3, 3, 3, 3, 3, 3, 3, 3, 3, 3, 3, 3, 3, 3, 3, 3, 3, 3, 3, 3, 3, 3, 3, 3, 3, 3, 3, 3, 3, 3, 3, 3, 3, 3, 3, 3, 3, 3, 3, 3, 3, 3, 3, 3, 3, 3, 3, 3, 3, 3, 3, 3, 3, 3, 3, 3, 3, 3, 3, 3, 3, 3, 3, 3, 3, 3, 3, 3, 3, 3, 3, 3, 3, 3, 3, 3, 3, 3, 3, 3, 3, 3, 3, 3, 3, 3, 3, 3, 3, 3, 3, 3, 3, 3, 3, 3, 3, 3, 3, 3, 3, 3, 3, 3, 3, 3, 3, 3, 3, 3, 3, 3, 3, 3, 3, 3, 3, 3, 3, 3, 3, 3, 3, 3, 3, 3, 3, 3, 3, 3, 3, 3, 3, 3, 3, 3, 3, 3, 3, 3, 3, 3, 3, 3, 3, 3, 3, 3, 3, 3, 3, 3, 3, 3, 3, 3, 3, 3, 3, 3, 3, 3, 3, 3, 3, 3, 3, 3, 3, 3, 3, 3, 3, 3, 3, 3, 3, 3, 3, 3, 3, 3, 3, 3, 3, 3, 3, 3, 3, 3, 3, 3, 3, 3, 3, 3, 3, 3, 3, 3, 3, 3, 3, 3, 3, 3, 3, 3, 3, 3, 3, 3, 3, 3, 3, 3, 3, 3, 3, 3, 3, 3, 3, 3, 3, 3, 3, 3, 3, 3, 3, 3, 3, 3, 3, 3, 3, 3, 3, 3, 3, 3, 3, 3, 3, 3, 3, 3, 3, 3, 3, 3, 3, 3, 3, 3, 3, 3, 3, 3, 3, 3, 3, 3, 3, 3, 3, 3, 3, 3, 3, 3, 3, 3, 3, 3, 3, 3, 3, 3, 3, 3, 3, 3, 3, 3, 3, 3, 3, 3, 3, 3, 3, 3, 3, 3, 3, 3, 3, 3, 3, 3, 3, 3, 3, 3, 3, 3, 3, 3, 3, 3, 3, 3, 3, 3, 3, 3, 3, 3, 3, 3, 3, 3, 3, 3, 3, 3, 3, 3, 3, 3, 3, 3, 3, 3, 3, 3, 3, 3, 3, 3, 3, 3, 3, 3, 3, 3, 3, 3, 3, 3, 3, 3, 3, 3, 3, 3, 3, 3, 3, 3, 3, 3, 3, 3, 3, 3, 3, 3, 3, 3, 3, 3, 3, 3, 3, 3, 3, 3, 3, 3, 3, 3, 3, 3, 3, 3, 3, 3, 3, 3, 3, 3, 3, 3, 3, 3, 3, 3, 3, 3, 3, 3, 3, 3, 3, 3, 3, 3, 3, 3, 3, 3, 3, 3, 3, 3, 3, 3, 3, 3, 3, 3, 3, 3, 3, 3, 3, 3, 3, 3, 3, 3, 3, 3, 3, 3, 3, 3, 3, 3, 3, 3, 3, 3, 3, 3, 3, 3, 3, 3, 3, 3, 3, 3, 3, 3, 3, 3, 3, 3, 3, 3, 3, 3, 3, 3, 3, 3, 3, 3, 3, 3, 3, 3, 3, 3, 3, 3, 3, 3, 3, 3, 3, 3, 3, 3, 3, 3, 3, 3, 3, 3, 3, 3, 3, 3, 3, 3, 3, 3, 3, 3, 3, 3, 3, 3, 3, 3, 3, 3, 3, 3, 3, 3, 3, 3, 3, 3, 3, 3, 3, 3, 3, 3, 3, 3, 3, 3, 3, 3, 3, 3, 3, 3, 3, 3, 3, 3, 3, 3, 3, 3, 3, 3, 3, 3, 3, 3, 3, 3, 3, 3, 3, 3, 3, 3, 3, 3, 3, 3, 3, 3, 3, 3, 3, 3, 3, 3, 3, 3, 3, 3, 3, 3, 3, 3, 3, 3, 3, 3, 3, 3, 3, 3, 3, 3, 3, 3, 3, 3, 3, 3, 3, 3, 3, 3, 3, 3, 3, 3, 3, 3, 3, 3, 3, 3, 3, 3, 3, 3, 3, 3, 3, 3, 3, 3, 3, 3, 3, 3, 3, 3, 3, 3, 3, 3, 3, 3, 3, 3, 3, 3, 3, 3, 3, 3, 3, 3, 3, 3, 3, 3, 3, 3, 3, 3, 3, 3, 3, 3, 3, 3, 3, 3, 3, 3, 3, 3, 3, 3, 3, 3, 3, 3, 3, 3, 3, 3, 3, 3, 3, 3, 3, 3, 3, 3, 3, 3, 3, 3, 3, 3, 3, 3, 3, 3, 3, 3, 3, 3, 3, 3, 3, 3, 3, 3, 3, 3, 3, 3, 3, 3, 3, 3, 3, 3, 3, 3, 3, 3, 3, 3, 3, 3, 3, 3, 3, 3, 3, 3, 3, 3, 3, 3, 3, 3, 3, 3, 3, 3, 3, 3, 3, 3, 3, 3, 3, 3, 3, 3, 3, 3, 3, 3, 3, 3, 3, 3, 3, 3, 3, 3, 3, 3, 3, 3, 3, 3, 3, 3, 3, 3, 3, 3, 3, 3, 3, 3, 3, 3, 3, 3, 3, 3, 3, 3, 3, 3, 3, 3, 3, 3, 3, 3, 3, 3, 3, 3, 3, 3, 3, 3, 3, 3, 3, 3, 3, 3, 3, 3, 3, 3, 3, 3, 3, 3, 3, 3, 3, 3, 3, 3, 3, 3, 3, 3, 3, 3, 3, 3, 3, 3, 3, 3, 3, 3, 3, 3, 3, 3, 3, 3, 3, 3, 3, 3, 3, 3, 3, 3, 3, 3, 3, 3, 3, 3, 3, 3, 3, 3, 3, 3, 3, 3, 3, 3, 3, 3, 3, 3, 3, 3, 3, 3, 3, 3, 3, 3, 3, 3, 3, 3, 3, 3, 3, 3, 3, 3, 3, 3, 3, 3, 3, 3, 3, 3, 3, 3, 3, 3, 3, 3, 3, 3, 3, 3, 3, 3, 3, 3, 3, 3, 3, 3, 3, 3, 3, 3, 3, 3, 3, 3, 3, 3, 3, 3, 3, 3, 3, 3, 3, 3, 3, 3, 3, 3, 3, 3, 3, 3, 3, 3, 3, 3, 3, 3, 3, 3, 3, 3, 3, 3, 3, 3, 3, 3, 3, 3, 3, 3, 3, 3, 3, 3, 3, 3, 3, 3, 3, 3, 3, 3, 3, 3, 3, 3, 3, 3, 3, 3, 3, 3, 3, 3, 3, 3, 3, 3, 3, 3, 3, 3, 3, 3, 3, 3, 3, 3, 3, 3, 3, 3, 3, 3, 3, 3, 3, 3, 3, 3, 3, 3, 3, 3, 3, 3, 3, 3, 3, 3, 3, 3, 3, 3, 3, 3, 3, 3, 3, 3, 3, 3, 3, 3, 3, 3, 3, 3, 3, 3, 3, 3, 3, 3, 3, 3, 3, 3, 3, 3, 3, 3, 3, 3, 3, 3, 3, 3, 3, 3, 3, 3, 3, 3, 3, 3, 3, 3, 3, 3, 3, 3, 3, 3, 3, 3, 3, 3, 3, 3, 3, 3, 3, 3, 3, 3, 3, 3, 3, 3, 3, 3, 3, 3, 3, 3, 3, 3, 3, 3, 3, 3, 3, 3, 3, 3, 3, 3, 3, 3, 3, 3, 3, 3, 3, 3, 3, 3, 3, 3, 3, 3, 3, 3, 3, 3, 3, 3, 3, 3, 3, 3, 3, 3, 3, 3, 3, 3, 3, 3, 3, 3, 3, 3, 3, 3, 3, 3, 3, 3, 3, 3, 3, 3, 3, 3, 3, 3, 3, 3, 3, 3, 3, 3, 3, 3, 3, 3, 3, 3, 3, 3, 3, 3, 3, 3, 3, 3, 3, 3, 3, 3, 3, 3, 3, 3, 3, 3, 3, 3, 3, 3, 3, 3, 3, 3, 3, 3, 3, 3, 3, 3, 3, 3, 3, 3, 3, 3, 3, 3, 3, 3, 3, 3, 3, 3, 3, 3, 3, 3, 3, 3, 3, 3, 3, 3, 3, 3, 3, 3, 3, 3, 3, 3, 3, 3, 3, 3, 3, 3, 3, 3, 3, 3, 3, 3, 3, 3, 3, 3, 3, 3, 3, 3, 3, 3, 3, 3, 3, 3, 3, 3, 3, 3, 3, 3, 3, 3, 3, 3, 3, 3, 3, 3, 3, 3, 3, 3, 3, 3, 3, 3, 3, 3, 3, 3, 3, 3, 3, 3, 3, 3, 3, 3, 3, 3, 3, 3, 3, 3, 3, 3, 3, 3, 3, 3, 3, 3, 3, 3, 3, 3]
		int[] faceVertexIndices = [0, 1, 33, 0, 33, 32, 1, 2, 34, 1, 34, 33, 2, 3, 35, 2, 35, 34, 3, 4, 36, 3, 36, 35, 4, 5, 37, 4, 37, 36, 5, 6, 38, 5, 38, 37, 6, 7, 39, 6, 39, 38, 7, 8, 40, 7, 40, 39, 8, 9, 41, 8, 41, 40, 9, 10, 42, 9, 42, 41, 10, 11, 43, 10, 43, 42, 11, 12, 44, 11, 44, 43, 12, 13, 45, 12, 45, 44, 13, 14, 46, 13, 46, 45, 14, 15, 47, 14, 47, 46, 15, 16, 48, 15, 48, 47, 16, 17, 49, 16, 49, 48, 17, 18, 50, 17, 50, 49, 18, 19, 51, 18, 51, 50, 19, 20, 52, 19, 52, 51, 20, 21, 53, 20, 53, 52, 21, 22, 54, 21, 54, 53, 22, 23, 55, 22, 55, 54, 23, 24, 56, 23, 56, 55, 24, 25, 57, 24, 57, 56, 25, 26, 58, 25, 58, 57, 26, 27, 59, 26, 59, 58, 27, 28, 60, 27, 60, 59, 28, 29, 61, 28, 61, 60, 29, 30, 62, 29, 62, 61, 30, 31, 63, 30, 63, 62, 32, 33, 65, 32, 65, 64, 33, 34, 66, 33, 66, 65, 34, 35, 67, 34, 67, 66, 35, 36, 68, 35, 68, 67, 36, 37, 69, 36, 69, 68, 37, 38, 70, 37, 70, 69, 38, 39, 71, 38, 71, 70, 39, 40, 72, 39, 72, 71, 40, 41, 73, 40, 73, 72, 41, 42, 74, 41, 74, 73, 42, 43, 75, 42, 75, 74, 43, 44, 76, 43, 76, 75, 44, 45, 77, 44, 77, 76, 45, 46, 78, 45, 78, 77, 46, 47, 79, 46, 79, 78, 47, 48, 80, 47, 80, 79, 48, 49, 81, 48, 81, 80, 49, 50, 82, 49, 82, 81, 50, 51, 83, 50, 83, 82, 51, 52, 84, 51, 84, 83, 52, 53, 85, 52, 85, 84, 53, 54, 86, 53, 86, 85, 54, 55, 87, 54, 87, 86, 55, 56, 88, 55, 88, 87, 56, 57, 89, 56, 89, 88, 57, 58, 90, 57, 90, 89, 58, 59, 91, 58, 91, 90, 59, 60, 92, 59, 92, 91, 60, 61, 93, 60, 93, 92, 61, 62, 94, 61, 94, 93, 62, 63, 95, 62, 95, 94, 64, 65, 97, 64, 97, 96, 65, 66, 98, 65, 98, 97, 66, 67, 99, 66, 99, 98, 67, 68, 100, 67, 100, 99, 68, 69, 101, 68, 101, 100, 69, 70, 102, 69, 102, 101, 70, 71, 103, 70, 103, 102, 71, 72, 104, 71, 104, 103, 72, 73, 105, 72, 105, 104, 73, 74, 106, 73, 106, 105, 74, 75, 107, 74, 107, 106, 75, 76, 108, 75, 108, 107, 76, 77, 109, 76, 109, 108, 77, 78, 110, 77, 110, 109, 78, 79, 111, 78, 111, 110, 79, 80, 112, 79, 112, 111, 80, 81, 113, 80, 113, 112, 81, 82, 114, 81, 114, 113, 82, 83, 115, 82, 115, 114, 83, 84, 116, 83, 116, 115, 84, 85, 117, 84, 117, 116, 85, 86, 118, 85, 118, 117, 86, 87, 119, 86, 119, 118, 87, 88, 120, 87, 120, 119, 88, 89, 121, 88, 121, 120, 89, 90, 122, 89, 122, 121, 90, 91, 123, 90, 123, 122, 91, 92, 124, 91, 124, 123, 92, 93, 125, 92, 125, 124, 93, 94, 126, 93, 126, 125, 94, 95, 127, 94, 127, 126, 96, 97, 129, 96, 129, 128, 97, 98, 130, 97, 130, 129, 98, 99, 131, 98, 131, 130, 99, 100, 132, 99, 132, 131, 100, 101, 133, 100, 133, 132, 101, 102, 134, 101, 134, 133, 102, 103, 135, 102, 135, 134, 103, 104, 136, 103, 136, 135, 104, 105, 137, 104, 137, 136, 105, 106, 138, 105, 138, 137, 106, 107, 139, 106, 139, 138, 107, 108, 140, 107, 140, 139, 108, 109, 141, 108, 141, 140, 109, 110, 142, 109, 142, 141, 110, 111, 143, 110, 143, 142, 111, 112, 144, 111, 144, 143, 112, 113, 145, 112, 145, 144, 113, 114, 146, 113, 146, 145, 114, 115, 147, 114, 147, 146, 115, 116, 148, 115, 148, 147, 116, 117, 149, 116, 149, 148, 117, 118, 150, 117, 150, 149, 118, 119, 151, 118, 151, 150, 119, 120, 152, 119, 152, 151, 120, 121, 153, 120, 153, 152, 121, 122, 154, 121, 154, 153, 122, 123, 155, 122, 155, 154, 123, 124, 156, 123, 156, 155, 124, 125, 157, 124, 157, 156, 125, 126, 158, 125, 158, 157, 126, 127, 159, 126, 159, 158, 128, 129, 161, 128, 161, 160, 129, 130, 162, 129, 162, 161, 130, 131, 163, 130, 163, 162, 131, 132, 164, 131, 164, 163, 132, 133, 165, 132, 165, 164, 133, 134, 166, 133, 166, 165, 134, 135, 167, 134, 167, 166, 135, 136, 168, 135, 168, 167, 136, 137, 169, 136, 169, 168, 137, 138, 170, 137, 170, 169, 138, 139, 171, 138, 171, 170, 139, 140, 172, 139, 172, 171, 140, 141, 173, 140, 173, 172, 141, 142, 174, 141, 174, 173, 142, 143, 175, 142, 175, 174, 143, 144, 176, 143, 176, 175, 144, 145, 177, 144, 177, 176, 145, 146, 178, 145, 178, 177, 146, 147, 179, 146, 179, 178, 147, 148, 180, 147, 180, 179, 148, 149, 181, 148, 181, 180, 149, 150, 182, 149, 182, 181, 150, 151, 183, 150, 183, 182, 151, 152, 184, 151, 184, 183, 152, 153, 185, 152, 185, 184, 153, 154, 186, 153, 186, 185, 154, 155, 187, 154, 187, 186, 155, 156, 188, 155, 188, 187, 156, 157, 189, 156, 189, 188, 157, 158, 190, 157, 190, 189, 158, 159, 191, 158, 191, 190, 160, 161, 193, 160, 193, 192, 161, 162, 194, 161, 194, 193, 162, 163, 195, 162, 195, 194, 163, 164, 196, 163, 196, 195, 164, 165, 197, 164, 197, 196, 165, 166, 198, 165, 198, 197, 166, 167, 199, 166, 199, 198, 167, 168, 200, 167, 200, 199, 168, 169, 201, 168, 201, 200, 169, 170, 202, 169, 202, 201, 170, 171, 203, 170, 203, 202, 171, 172, 204, 171, 204, 203, 172, 173, 205, 172, 205, 204, 173, 174, 206, 173, 206, 205, 174, 175, 207, 174, 207, 206, 175, 176, 208, 175, 208, 207, 176, 177, 209, 176, 209, 208, 177, 178, 210, 177, 210, 209, 178, 179, 211, 178, 211, 210, 179, 180, 212, 179, 212, 211, 180, 181, 213, 180, 213, 212, 181, 182, 214, 181, 214, 213, 182, 183, 215, 182, 215, 214, 183, 184, 216, 183, 216, 215, 184, 185, 217, 184, 217, 216, 185, 186, 218, 185, 218, 217, 186, 187, 219, 186, 219, 218, 187, 188, 220, 187, 220, 219, 188, 189, 221, 188, 221, 220, 189, 190, 222, 189, 222, 221, 190, 191, 223, 190, 223, 222, 192, 193, 225, 192, 225, 224, 193, 194, 226, 193, 226, 225, 194, 195, 227, 194, 227, 226, 195, 196, 228, 195, 228, 227, 196, 197, 229, 196, 229, 228, 197, 198, 230, 197, 230, 229, 198, 199, 231, 198, 231, 230, 199, 200, 232, 199, 232, 231, 200, 201, 233, 200, 233, 232, 201, 202, 234, 201, 234, 233, 202, 203, 235, 202, 235, 234, 203, 204, 236, 203, 236, 235, 204, 205, 237, 204, 237, 236, 205, 206, 238, 205, 238, 237, 206, 207, 239, 206, 239, 238, 207, 208, 240, 207, 240, 239, 208, 209, 241, 208, 241, 240, 209, 210, 242, 209, 242, 241, 210, 211, 243, 210, 243, 242, 211, 212, 244, 211, 244, 243, 212, 213, 245, 212, 245, 244, 213, 214, 246, 213, 246, 245, 214, 215, 247, 214, 247, 246, 215, 216, 248, 215, 248, 247, 216, 217, 249, 216, 249, 248, 217, 218, 250, 217, 250, 249, 218, 219, 251, 218, 251, 250, 219, 220, 252, 219, 252, 251, 220, 221, 253, 220, 253, 252, 221, 222, 254, 221, 254, 253, 222, 223, 255, 222, 255, 254, 224, 225, 257, 224, 257, 256, 225, 226, 258, 225, 258, 257, 226, 227, 259, 226, 259, 258, 227, 228, 260, 227, 260, 259, 228, 229, 261, 228, 261, 260, 229, 230, 262, 229, 262, 261, 230, 231, 263, 230, 263, 262, 231, 232, 264, 231, 264, 263, 232, 233, 265, 232, 265, 264, 233, 234, 266, 233, 266, 265, 234, 235, 267, 234, 267, 266, 235, 236, 268, 235, 268, 267, 236, 237, 269, 236, 269, 268, 237, 238, 270, 237, 270, 269, 238, 239, 271, 238, 271, 270, 239, 240, 272, 239, 272, 271, 240, 241, 273, 240, 273, 272, 241, 242, 274, 241, 274, 273, 242, 243, 275, 242, 275, 274, 243, 244, 276, 243, 276, 275, 244, 245, 277, 244, 277, 276, 245, 246, 278, 245, 278, 277, 246, 247, 279, 246, 279, 278, 247, 248, 280, 247, 280, 279, 248, 249, 281, 248, 281, 280, 249, 250, 282, 249, 282, 281, 250, 251, 283, 250, 283, 282, 251, 252, 284, 251, 284, 283, 252, 253, 285, 252, 285, 284, 253, 254, 286, 253, 286, 285, 254, 255, 287, 254, 287, 286, 256, 257, 289, 256, 289, 288, 257, 258, 290, 257, 290, 289, 258, 259, 291, 258, 291, 290, 259, 260, 292, 259, 292, 291, 260, 261, 293, 260, 293, 292, 261, 262, 294, 261, 294, 293, 262, 263, 295, 262, 295, 294, 263, 264, 296, 263, 296, 295, 264, 265, 297, 264, 297, 296, 265, 266, 298, 265, 298, 297, 266, 267, 299, 266, 299, 298, 267, 268, 300, 267, 300, 299, 268, 269, 301, 268, 301, 300, 269, 270, 302, 269, 302, 301, 270, 271, 303, 270, 303, 302, 271, 272, 304, 271, 304, 303, 272, 273, 305, 272, 305, 304, 273, 274, 306, 273, 306, 305, 274, 275, 307, 274, 307, 306, 275, 276, 308, 275, 308, 307, 276, 277, 309, 276, 309, 308, 277, 278, 310, 277, 310, 309, 278, 279, 311, 278, 311, 310, 279, 280, 312, 279, 312, 311, 280, 281, 313, 280, 313, 312, 281, 282, 314, 281, 314, 313, 282, 283, 315, 282, 315, 314, 283, 284, 316, 283, 316, 315, 284, 285, 317, 284, 317, 316, 285, 286, 318, 285, 318, 317, 286, 287, 319, 286, 319, 318, 288, 289, 321, 288, 321, 320, 289, 290, 322, 289, 322, 321, 290, 291, 323, 290, 323, 322, 291, 292, 324, 291, 324, 323, 292, 293, 325, 292, 325, 324, 293, 294, 326, 293, 326, 325, 294, 295, 327, 294, 327, 326, 295, 296, 328, 295, 328, 327, 296, 297, 329, 296, 329, 328, 297, 298, 330, 297, 330, 329, 298, 299, 331, 298, 331, 330, 299, 300, 332, 299, 332, 331, 300, 301, 333, 300, 333, 332, 301, 302, 334, 301, 334, 333, 302, 303, 335, 302, 335, 334, 303, 304, 336, 303, 336, 335, 304, 305, 337, 304, 337, 336, 305, 306, 338, 305, 338, 337, 306, 307, 339, 306, 339, 338, 307, 308, 340, 307, 340, 339, 308, 309, 341, 308, 341, 340, 309, 310, 342, 309, 342, 341, 310, 311, 343, 310, 343, 342, 311, 312, 344, 311, 344, 343, 312, 313, 345, 312, 345, 344, 313, 314, 346, 313, 346, 345, 314, 315, 347, 314, 347, 346, 315, 316, 348, 315, 348, 347, 316, 317, 349, 316, 349, 348, 317, 318, 350, 317, 350, 349, 318, 319, 351, 318, 351, 350, 320, 321, 353, 320, 353, 352, 321, 322, 354, 321, 354, 353, 322, 323, 355, 322, 355, 354, 323, 324, 356, 323, 356, 355, 324, 325, 357, 324, 357, 356, 325, 326, 358, 325, 358, 357, 326, 327, 359, 326, 359, 358, 327, 328, 360, 327, 360, 359, 328, 329, 361, 328, 361, 360, 329, 330, 362, 329, 362, 361, 330, 331, 363, 330, 363, 362, 331, 332, 364, 331, 364, 363, 332, 333, 365, 332, 365, 364, 333, 334, 366, 333, 366, 365, 334, 335, 367, 334, 367, 366, 335, 336, 368, 335, 368, 367, 336, 337, 369, 336, 369, 368, 337, 338, 370, 337, 370, 369, 338, 339, 371, 338, 371, 370, 339, 340, 372, 339, 372, 371, 340, 341, 373, 340, 373, 372, 341, 342, 374, 341, 374, 373, 342, 343, 375, 342, 375, 374, 343, 344, 376, 343, 376, 375, 344, 345, 377, 344, 377, 376, 345, 346, 378, 345, 378, 377, 346, 347, 379, 346, 379, 378, 347, 348, 380, 347, 380, 379, 348, 349, 381, 348, 381, 380, 349, 350, 382, 349, 382, 381, 350, 351, 383, 350, 383, 382, 352, 353, 385, 352, 385, 384, 353, 354, 386, 353, 386, 385, 354, 355, 387, 354, 387, 386, 355, 356, 388, 355, 388, 387, 356, 357, 389, 356, 389, 388, 357, 358, 390, 357, 390, 389, 358, 359, 391, 358, 391, 390, 359, 360, 392, 359, 392, 391, 360, 361, 393, 360, 393, 392, 361, 362, 394, 361, 394, 393, 362, 363, 395, 362, 395, 394, 363, 364, 396, 363, 396, 395, 364, 365, 397, 364, 397, 396, 365, 366, 398, 365, 398, 397, 366, 367, 399, 366, 399, 398, 367, 368, 400, 367, 400, 399, 368, 369, 401, 368, 401, 400, 369, 370, 402, 369, 402, 401, 370, 371, 403, 370, 403, 402, 371, 372, 404, 371, 404, 403, 372, 373, 405, 372, 405, 404, 373, 374, 406, 373, 406, 405, 374, 375, 407, 374, 407, 406, 375, 376, 408, 375, 408, 407, 376, 377, 409, 376, 409, 408, 377, 378, 410, 377, 410, 409, 378, 379, 411, 378, 411, 410, 379, 380, 412, 379, 412, 411, 380, 381, 413, 380, 413, 412, 381, 382, 414, 381, 414, 413, 382, 383, 415, 382, 415, 414, 384, 385, 417, 384, 417, 416, 385, 386, 418, 385, 418, 417, 386, 387, 419, 386, 419, 418, 387, 388, 420, 387, 420, 419, 388, 389, 421, 388, 421, 420, 389, 390, 422, 389, 422, 421, 390, 391, 423, 390, 423, 422, 391, 392, 424, 391, 424, 423, 392, 393, 425, 392, 425, 424, 393, 394, 426, 393, 426, 425, 394, 395, 427, 394, 427, 426, 395, 396, 428, 395, 428, 427, 396, 397, 429, 396, 429, 428, 397, 398, 430, 397, 430, 429, 398, 399, 431, 398, 431, 430, 399, 400, 432, 399, 432, 431, 400, 401, 433, 400, 433, 432, 401, 402, 434, 401, 434, 433, 402, 403, 435, 402, 435, 434, 403, 404, 436, 403, 436, 435, 404, 405, 437, 404, 437, 436, 405, 406, 438, 405, 438, 437, 406, 407, 439, 406, 439, 438, 407, 408, 440, 407, 440, 439, 408, 409, 441, 408, 441, 440, 409, 410, 442, 409, 442, 441, 410, 411, 443, 410, 443, 442, 411, 412, 444, 411, 444, 443, 412, 413, 445, 412, 445, 444, 413, 414, 446, 413, 446, 445, 414, 415, 447, 414, 447, 446, 416, 417, 449, 416, 449, 448, 417, 418, 450, 417, 450, 449, 418, 419, 451, 418, 451, 450, 419, 420, 452, 419, 452, 451, 420, 421, 453, 420, 453, 452, 421, 422, 454, 421, 454, 453, 422, 423, 455, 422, 455, 454, 423, 424, 456, 423, 456, 455, 424, 425, 457, 424, 457, 456, 425, 426, 458, 425, 458, 457, 426, 427, 459, 426, 459, 458, 427, 428, 460, 427, 460, 459, 428, 429, 461, 428, 461, 460, 429, 430, 462, 429, 462, 461, 430, 431, 463, 430, 463, 462, 431, 432, 464, 431, 464, 463, 432, 433, 465, 432, 465, 464, 433, 434, 466, 433, 466, 465, 434, 435, 467, 434, 467, 466, 435, 436, 468, 435, 468, 467, 436, 437, 469, 436, 469, 468, 437, 438, 470, 437, 470, 469, 438, 439, 471, 438, 471, 470, 439, 440, 472, 439, 472, 471, 440, 441, 473, 440, 473, 472, 441, 442, 474, 441, 474, 473, 442, 443, 475, 442, 475, 474, 443, 444, 476, 443, 476, 475, 444, 445, 477, 444, 477, 476, 445, 446, 478, 445, 478, 477, 446, 447, 479, 446, 479, 478, 448, 449, 481, 448, 481, 480, 449, 450, 482, 449, 482, 481, 450, 451, 483, 450, 483, 482, 451, 452, 484, 451, 484, 483, 452, 453, 485, 452, 485, 484, 453, 454, 486, 453, 486, 485, 454, 455, 487, 454, 487, 486, 455, 456, 488, 455, 488, 487, 456, 457, 489, 456, 489, 488, 457, 458, 490, 457, 490, 489, 458, 459, 491, 458, 491, 490, 459, 460, 492, 459, 492, 491, 460, 461, 493, 460, 493, 492, 461, 462, 494, 461, 494, 493, 462, 463, 495, 462, 495, 494, 463, 464, 496, 463, 496, 495, 464, 465, 497, 464, 497, 496, 465, 466, 498, 465, 498, 497, 466, 467, 499, 466, 499, 498, 467, 468, 500, 467, 500, 499, 468, 469, 501, 468, 501, 500, 469, 470, 502, 469, 502, 501, 470, 471, 503, 470, 503, 502, 471, 472, 504, 471, 504, 503, 472, 473, 505, 472, 505, 504, 473, 474, 506, 473, 506, 505, 474, 475, 507, 474, 507, 506, 475, 476, 508, 475, 508, 507, 476, 477, 509, 476, 509, 508, 477, 478, 510, 477, 510, 509, 478, 479, 511, 478, 511, 510, 480, 481, 513, 480, 513, 512, 481, 482, 514, 481, 514, 513, 482, 483, 515, 482, 515, 514, 483, 484, 516, 483, 516, 515, 484, 485, 517, 484, 517, 516, 485, 486, 518, 485, 518, 517, 486, 487, 519, 486, 519, 518, 487, 488, 520, 487, 520, 519, 488, 489, 521, 488, 521, 520, 489, 490, 522, 489, 522, 521, 490, 491, 523, 490, 523, 522, 491, 492, 524, 491, 524, 523, 492, 493, 525, 492, 525, 524, 493, 494, 526, 493, 526, 525, 494, 495, 527, 494, 527, 526, 495, 496, 528, 495, 528, 527, 496, 497, 529, 496, 529, 528, 497, 498, 530, 497, 530, 529, 498, 499, 531, 498, 531, 530, 499, 500, 532, 499, 532, 531, 500, 501, 533, 500, 533, 532, 501, 502, 534, 501, 534, 533, 502, 503, 535, 502, 535, 534, 503, 504, 536, 503, 536, 535, 504, 505, 537, 504, 537, 536, 505, 506, 538, 505, 538, 537, 506, 507, 539, 506, 539, 538, 507, 508, 540, 507, 540, 539, 508, 509, 541, 508, 541, 540, 509, 510, 542, 509, 542, 541, 510, 511, 543, 510, 543, 542, 512, 513, 545, 512, 545, 544, 513, 514, 546, 513, 546, 545, 514, 515, 547, 514, 547, 546, 515, 516, 548, 515, 548, 547, 516, 517, 549, 516, 549, 548, 517, 518, 550, 517, 550, 549, 518, 519, 551, 518, 551, 550, 519, 520, 552, 519, 552, 551, 520, 521, 553, 520, 553, 552, 521, 522, 554, 521, 554, 553, 522, 523, 555, 522, 555, 554, 523, 524, 556, 523, 556, 555, 524, 525, 557, 524, 557, 556, 525, 526, 558, 525, 558, 557, 526, 527, 559, 526, 559, 558, 527, 528, 560, 527, 560, 559, 528, 529, 561, 528, 561, 560, 529, 530, 562, 529, 562, 561, 530, 531, 563, 530, 563, 562, 531, 532, 564, 531, 564, 563, 532, 533, 565, 532, 565, 564, 533, 534, 566, 533, 566, 565, 534, 535, 567, 534, 567, 566, 535, 536, 568, 535, 568, 567, 536, 537, 569, 536, 569, 568, 537, 538, 570, 537, 570, 569, 538, 539, 571, 538, 571, 570, 539, 540, 572, 539, 572, 571, 540, 541, 573, 540, 573, 572, 541, 542, 574, 541, 574, 573, 542, 543, 575, 542, 575, 574, 544, 545, 577, 544, 577, 576, 545, 546, 578, 545, 578, 577, 546, 547, 579, 546, 579, 578, 547, 548, 580, 547, 580, 579, 548, 549, 581, 548, 581, 580, 549, 550, 582, 549, 582, 581, 550, 551, 583, 550, 583, 582, 551, 552, 584, 551, 584, 583, 552, 553, 585, 552, 585, 584, 553, 554, 586, 553, 586, 585, 554, 555, 587, 554, 587, 586, 555, 556, 588, 555, 588, 587, 556, 557, 589, 556, 589, 588, 557, 558, 590, 557, 590, 589, 558, 559, 591, 558, 591, 590, 559, 560, 592, 559, 592, 591, 560, 561, 593, 560, 593, 592, 561, 562, 594, 561, 594, 593, 562, 563, 595, 562, 595, 594, 563, 564, 596, 563, 596, 595, 564, 565, 597, 564, 597, 596, 565, 566, 598, 565, 598, 597, 566, 567, 599, 566, 599, 598, 567, 568, 600, 567, 600, 599, 568, 569, 601, 568, 601, 600, 569, 570, 602, 569, 602, 601, 570, 571, 603, 570, 603, 602, 571, 572, 604, 571, 604, 603, 572, 573, 605, 572, 605, 604, 573, 574, 606, 573, 606, 605, 574, 575, 607, 574, 607, 606, 576, 577, 609, 576, 609, 608, 577, 578, 610, 577, 610, 609, 578, 579, 611, 578, 611, 610, 579, 580, 612, 579, 612, 611, 580, 581, 613, 580, 613, 612, 581, 582, 614, 581, 614, 613, 582, 583, 615, 582, 615, 614, 583, 584, 616, 583, 616, 615, 584, 585, 617, 584, 617, 616, 585, 586, 618, 585, 618, 617, 586, 587, 619, 586, 619, 618, 587, 588, 620, 587, 620, 619, 588, 589, 621, 588, 621, 620, 589, 590, 622, 589, 622, 621, 590, 591, 623, 590, 623, 622, 591, 592, 624, 591, 624, 623, 592, 593, 625, 592, 625, 624, 593, 594, 626, 593, 626, 625, 594, 595, 627, 594, 627, 626, 595, 596, 628, 595, 628, 627, 596, 597, 629, 596, 629, 628, 597, 598, 630, 597, 630, 629, 598, 599, 631, 598, 631, 630, 599, 600, 632, 599, 632, 631, 600, 601, 633, 600, 633, 632, 601, 602, 634, 601, 634, 633, 602, 603, 635, 602, 635, 634, 603, 604, 636, 603, 636, 635, 604, 605, 637, 604, 637, 636, 605, 606, 638, 605, 638, 637, 606, 607, 639, 606, 639, 638, 608, 609, 641, 608, 641, 640, 609, 610, 642, 609, 642, 641, 610, 611, 643, 610, 643, 642, 611, 612, 644, 611, 644, 643, 612, 613, 645, 612, 645, 644, 613, 614, 646, 613, 646, 645, 614, 615, 647, 614, 647, 646, 615, 616, 648, 615, 648, 647, 616, 617, 649, 616, 649, 648, 617, 618, 650, 617, 650, 649, 618, 619, 651, 618, 651, 650, 619, 620, 652, 619, 652, 651, 620, 621, 653, 620, 653, 652, 621, 622, 654, 621, 654, 653, 622, 623, 655, 622, 655, 654, 623, 624, 656, 623, 656, 655, 624, 625, 657, 624, 657, 656, 625, 626, 658, 625, 658, 657, 626, 627, 659, 626, 659, 658, 627, 628, 660, 627, 660, 659, 628, 629, 661, 628, 661, 660, 629, 630, 662, 629, 662, 661, 630, 631, 663, 630, 663, 662, 631, 632, 664, 631, 664, 663, 632, 633, 665, 632, 665, 664, 633, 634, 666, 633, 666, 665, 634, 635, 667, 634, 667, 666, 635, 636, 668, 635, 668, 667, 636, 637, 669, 636, 669, 668, 637, 638, 670, 637, 670, 669, 638, 639, 671, 638, 671, 670, 640, 641, 673, 640, 673, 672, 641, 642, 674, 641, 674, 673, 642, 643, 675, 642, 675, 674, 643, 644, 676, 643, 676, 675, 644, 645, 677, 644, 677, 676, 645, 646, 678, 645, 678, 677, 646, 647, 679, 646, 679, 678, 647, 648, 680, 647, 680, 679, 648, 649, 681, 648, 681, 680, 649, 650, 682, 649, 682, 681, 650, 651, 683, 650, 683, 682, 651, 652, 684, 651, 684, 683, 652, 653, 685, 652, 685, 684, 653, 654, 686, 653, 686, 685, 654, 655, 687, 654, 687, 686, 655, 656, 688, 655, 688, 687, 656, 657, 689, 656, 689, 688, 657, 658, 690, 657, 690, 689, 658, 659, 691, 658, 691, 690, 659, 660, 692, 659, 692, 691, 660, 661, 693, 660, 693, 692, 661, 662, 694, 661, 694, 693, 662, 663, 695, 662, 695, 694, 663, 664, 696, 663, 696, 695, 664, 665, 697, 664, 697, 696, 665, 666, 698, 665, 698, 697, 666, 667, 699, 666, 699, 698, 667, 668, 700, 667, 700, 699, 668, 669, 701, 668, 701, 700, 669, 670, 702, 669, 702, 701, 670, 671, 703, 670, 703, 702, 672, 673, 705, 672, 705, 704, 673, 674, 706, 673, 706, 705, 674, 675, 707, 674, 707, 706, 675, 676, 708, 675, 708, 707, 676, 677, 709, 676, 709, 708, 677, 678, 710, 677, 710, 709, 678, 679, 711, 678, 711, 710, 679, 680, 712, 679, 712, 711, 680, 681, 713, 680, 713, 712, 681, 682, 714, 681, 714, 713, 682, 683, 715, 682, 715, 714, 683, 684, 716, 683, 716, 715, 684, 685, 717, 684, 717, 716, 685, 686, 718, 685, 718, 717, 686, 687, 719, 686, 719, 718, 687, 688, 720, 687, 720, 719, 688, 689, 721, 688, 721, 720, 689, 690, 722, 689, 722, 721, 690, 691, 723, 690, 723, 722, 691, 692, 724, 691, 724, 723, 692, 693, 725, 692, 725, 724, 693, 694, 726, 693, 726, 725, 694, 695, 727, 694, 727, 726, 695, 696, 728, 695, 728, 727, 696, 697, 729, 696, 729, 728, 697, 698, 730, 697, 730, 729, 698, 699, 731, 698, 731, 730, 699, 700, 732, 699, 732, 731, 700, 701, 733, 700, 733, 732, 701, 702, 734, 701, 734, 733, 702, 703, 735, 702, 735, 734, 704, 705, 737, 704, 737, 736, 705, 706, 738, 705, 738, 737, 706, 707, 739, 706, 739, 738, 707, 708, 740, 707, 740, 739, 708, 709, 741, 708, 741, 740, 709, 710, 742, 709, 742, 741, 710, 711, 743, 710, 743, 742, 711, 712, 744, 711, 744, 743, 712, 713, 745, 712, 745, 744, 713, 714, 746, 713, 746, 745, 714, 715, 747, 714, 747, 746, 715, 716, 748, 715, 748, 747, 716, 717, 749, 716, 749, 748, 717, 718, 750, 717, 750, 749, 718, 719, 751, 718, 751, 750, 719, 720, 752, 719, 752, 751, 720, 721, 753, 720, 753, 752, 721, 722, 754, 721, 754, 753, 722, 723, 755, 722, 755, 754, 723, 724, 756, 723, 756, 755, 724, 725, 757, 724, 757, 756, 725, 726, 758, 725, 758, 757, 726, 727, 759, 726, 759, 758, 727, 728, 760, 727, 760, 759, 728, 729, 761, 728, 761, 760, 729, 730, 762, 729, 762, 761, 730, 731, 763, 730, 763, 762, 731, 732, 764, 731, 764, 763, 732, 733, 765, 732, 765, 764, 733, 734, 766, 733, 766, 765, 734, 735, 767, 734, 767, 766, 736, 737, 769, 736, 769, 768, 737, 738, 770, 737, 770, 769, 738, 739, 771, 738, 771, 770, 739, 740, 772, 739, 772, 771, 740, 741, 773, 740, 773, 772, 741, 742, 774, 741, 774, 773, 742, 743, 775, 742, 775, 774, 743, 744, 776, 743, 776, 775, 744, 745, 777, 744, 777, 776, 745, 746, 778, 745, 778, 777, 746, 747, 779, 746, 779, 778, 747, 748, 780, 747, 780, 779, 748, 749, 781, 748, 781, 780, 749, 750, 782, 749, 782, 781, 750, 751, 783, 750, 783, 782, 751, 752, 784, 751, 784, 783, 752, 753, 785, 752, 785, 784, 753, 754, 786, 753, 786, 785, 754, 755, 787, 754, 787, 786, 755, 756, 788, 755, 788, 787, 756, 757, 789, 756, 789, 788, 757, 758, 790, 757, 790, 789, 758, 759, 791, 758, 791, 790, 759, 760, 792, 759, 792, 791, 760, 761, 793, 760, 793, 792, 761, 762, 794, 761, 794, 793, 762, 763, 795, 762, 795, 794, 763, 764, 796, 763, 796, 795, 764, 765, 797, 764, 797, 796, 765, 766, 798, 765, 798, 797, 766, 767, 799, 766, 799, 798, 768, 769, 801, 768, 801, 800, 769, 770, 802, 769, 802, 801, 770, 771, 803, 770, 803, 802, 771, 772, 804, 771, 804, 803, 772, 773, 805, 772, 805, 804, 773, 774, 806, 773, 806, 805, 774, 775, 807, 774, 807, 806, 775, 776, 808, 775, 808, 807, 776, 777, 809, 776, 809, 808, 777, 778, 810, 777, 810, 809, 778, 779, 811, 778, 811, 810, 779, 780, 812, 779, 812, 811, 780, 781, 813, 780, 813, 812, 781, 782, 814, 781, 814, 813, 782, 783, 815, 782, 815, 814, 783, 784, 816, 783, 816, 815, 784, 785, 817, 784, 817, 816, 785, 786, 818, 785, 818, 817, 786, 787, 819, 786, 819, 818, 787, 788, 820, 787, 820, 819, 788, 789, 821, 788, 821, 820, 789, 790, 822, 789, 822, 821, 790, 791, 823, 790, 823, 822, 791, 792, 824, 791, 824, 823, 792, 793, 825, 792, 825, 824, 793, 794, 826, 793, 826, 825, 794, 795, 827, 794, 827, 826, 795, 796, 828, 795, 828, 827, 796, 797, 829, 796, 829, 828, 797, 798, 830, 797, 830, 829, 798, 799, 831, 798, 831, 830, 800, 801, 833, 800, 833, 832, 801, 802, 834, 801, 834, 833, 802, 803, 835, 802, 835, 834, 803, 804, 836, 803, 836, 835, 804, 805, 837, 804, 837, 836, 805, 806, 838, 805, 838, 837, 806, 807, 839, 806, 839, 838, 807, 808, 840, 807, 840, 839, 808, 809, 841, 808, 841, 840, 809, 810, 842, 809, 842, 841, 810, 811, 843, 810, 843, 842, 811, 812, 844, 811, 844, 843, 812, 813, 845, 812, 845, 844, 813, 814, 846, 813, 846, 845, 814, 815, 847, 814, 847, 846, 815, 816, 848, 815, 848, 847, 816, 817, 849, 816, 849, 848, 817, 818, 850, 817, 850, 849, 818, 819, 851, 818, 851, 850, 819, 820, 852, 819, 852, 851, 820, 821, 853, 820, 853, 852, 821, 822, 854, 821, 854, 853, 822, 823, 855, 822, 855, 854, 823, 824, 856, 823, 856, 855, 824, 825, 857, 824, 857, 856, 825, 826, 858, 825, 858, 857, 826, 827, 859, 826, 859, 858, 827, 828, 860, 827, 860, 859, 828, 829, 861, 828, 861, 860, 829, 830, 862, 829, 862, 861, 830, 831, 863, 830, 863, 862, 832, 833, 865, 832, 865, 864, 833, 834, 866, 833, 866, 865, 834, 835, 867, 834, 867, 866, 835, 836, 868, 835, 868, 867, 836, 837, 869, 836, 869, 868, 837, 838, 870, 837, 870, 869, 838, 839, 871, 838, 871, 870, 839, 840, 872, 839, 872, 871, 840, 841, 873, 840, 873, 872, 841, 842, 874, 841, 874, 873, 842, 843, 875, 842, 875, 874, 843, 844, 876, 843, 876, 875, 844, 845, 877, 844, 877, 876, 845, 846, 878, 845, 878, 877, 846, 847, 879, 846, 879, 878, 847, 848, 880, 847, 880, 879, 848, 849, 881, 848, 881, 880, 849, 850, 882, 849, 882, 881, 850, 851, 883, 850, 883, 882, 851, 852, 884, 851, 884, 883, 852, 853, 885, 852, 885, 884, 853, 854, 886, 853, 886, 885, 854, 855, 887, 854, 887, 886, 855, 856, 888, 855, 888, 887, 856, 857, 889, 856, 889, 888, 857, 858, 890, 857, 890, 889, 858, 859, 891, 858, 891, 890, 859, 860, 892, 859, 892, 891, 860, 861, 893, 860, 893, 892, 861, 862, 894, 861, 894, 893, 862, 863, 895, 862, 895, 894, 864, 865, 897, 864, 897, 896, 865, 866, 898, 865, 898, 897, 866, 867, 899, 866, 899, 898, 867, 868, 900, 867, 900, 899, 868, 869, 901, 868, 901, 900, 869, 870, 902, 869, 902, 901, 870, 871, 903, 870, 903, 902, 871, 872, 904, 871, 904, 903, 872, 873, 905, 872, 905, 904, 873, 874, 906, 873, 906, 905, 874, 875, 907, 874, 907, 906, 875, 876, 908, 875, 908, 907, 876, 877, 909, 876, 909, 908, 877, 878, 910, 877, 910, 909, 878, 879, 911, 878, 911, 910, 879, 880, 912, 879, 912, 911, 880, 881, 913, 880, 913, 912, 881, 882, 914, 881, 914, 913, 882, 883, 915, 882, 915, 914, 883, 884, 916, 883, 916, 915, 884, 885, 917, 884, 917, 916, 885, 886, 918, 885, 918, 917, 886, 887, 919, 886, 919, 918, 887, 888, 920, 887, 920, 919, 888, 889, 921, 888, 921, 920, 889, 890, 922, 889, 922, 921, 890, 891, 923, 890, 923, 922, 891, 892, 924, 891, 924, 923, 892, 893, 925, 892, 925, 924, 893, 894, 926, 893, 926, 925, 894, 895, 927, 894, 927, 926, 896, 897, 929, 896, 929, 928, 897, 898, 930, 897, 930, 929, 898, 899, 931, 898, 931, 930, 899, 900, 932, 899, 932, 931, 900, 901, 933, 900, 933, 932, 901, 902, 934, 901, 934, 933, 902, 903, 935, 902, 935, 934, 903, 904, 936, 903, 936, 935, 904, 905, 937, 904, 937, 936, 905, 906, 938, 905, 938, 937, 906, 907, 939, 906, 939, 938, 907, 908, 940, 907, 940, 939, 908, 909, 941, 908, 941, 940, 909, 910, 942, 909, 942, 941, 910, 911, 943, 910, 943, 942, 911, 912, 944, 911, 944, 943, 912, 913, 945, 912, 945, 944, 913, 914, 946, 913, 946, 945, 914, 915, 947, 914, 947, 946, 915, 916, 948, 915, 948, 947, 916, 917, 949, 916, 949, 948, 917, 918, 950, 917, 950, 949, 918, 919, 951, 918, 951, 950, 919, 920, 952, 919, 952, 951, 920, 921, 953, 920, 953, 952, 921, 922, 954, 921, 954, 953, 922, 923, 955, 922, 955, 954, 923, 924, 956, 923, 956, 955, 924, 925, 957, 924, 957, 956, 925, 926, 958, 925, 958, 957, 926, 927, 959, 926, 959, 958, 928, 929, 961, 928, 961, 960, 929, 930, 962, 929, 962, 961, 930, 931, 963, 930, 963, 962, 931, 932, 964, 931, 964, 963, 932, 933, 965, 932, 965, 964, 933, 934, 966, 933, 966, 965, 934, 935, 967, 934, 967, 966, 935, 936, 968, 935, 968, 967, 936, 937, 969, 936, 969, 968, 937, 938, 970, 937, 970, 969, 938, 939, 971, 938, 971, 970, 939, 940, 972, 939, 972, 971, 940, 941, 973, 940, 973, 972, 941, 942, 974, 941, 974, 973, 942, 943, 975, 942, 975, 974, 943, 944, 976, 943, 976, 975, 944, 945, 977, 944, 977, 976, 945, 946, 978, 945, 978, 977, 946, 947, 979, 946, 979, 978, 947, 948, 980, 947, 980, 979, 948, 949, 981, 948, 981, 980, 949, 950, 982, 949, 982, 981, 950, 951, 983, 950, 983, 982, 951, 952, 984, 951, 984, 983, 952, 953, 985, 952, 985, 984, 953, 954, 986, 953, 986, 985, 954, 955, 987, 954, 987, 986, 955, 956, 988, 955, 988, 987, 956, 957, 989, 956, 989, 988, 957, 958, 990, 957, 990, 989, 958, 959, 991, 958, 991, 990, 960, 961, 993, 960, 993, 992, 961, 962, 994, 961, 994, 993, 962, 963, 995, 962, 995, 994, 963, 964, 996, 963, 996, 995, 964, 965, 997, 964, 997, 996, 965, 966, 998, 965, 998, 997, 966, 967, 999, 966, 999, 998, 967, 968, 1000, 967, 1000, 999, 968, 969, 1001, 968, 1001, 1000, 969, 970, 1002, 969, 1002, 1001, 970, 971, 1003, 970, 1003, 1002, 971, 972, 1004, 971, 1004, 1003, 972, 973, 1005, 972, 1005, 1004, 973, 974, 1006, 973, 1006, 1005, 974, 975, 1007, 974, 1007, 1006, 975, 976, 1008, 975, 1008, 1007, 976, 977, 1009, 976, 1009, 1008, 977, 978, 1010, 977, 1010, 1009, 978, 979, 1011, 978, 1011, 1010, 979, 980, 1012, 979, 1012, 1011, 980, 981, 1013, 980, 1013, 1012, 981, 982, 1014, 981, 1014, 1013, 982, 983, 1015, 982, 1015, 1014, 983, 984, 1016, 983, 1016, 1015, 984, 985, 1017, 984, 1017, 1016, 985, 986, 1018, 985, 1018, 1017, 986, 987, 1019, 986, 1019, 1018, 987, 988, 1020, 987, 1020, 1019, 988, 989, 1021, 988, 1021, 1020, 989, 990, 1022, 989, 1022, 1021, 990, 991, 1023, 990, 1023, 1022]
	    color3f[] primvars:displayColor = [(0.784314, 0.64705884, 0.1)]
        point3f[] points = [(0, 0, 20), (20, 0, 20), (40, 0, 20), (60, 0, 20), (80, 0, 20), (100, 0, 20), (120, 0, 20), (140, 0, 20), (160, 0, 20), (180, 0, 20), (200, 0, 20), (220, 0, 20), (240, 0, 20), (260, 0, 20), (280, 0, 20), (300, 0, 20), (320, 0, 20), (340, 0, 20), (360, 0, 20), (380, 0, 20), (400, 0, 20), (420, 0, 20), (440, 0, 20), (460, 0, 20), (480, 0, 20), (500, 0, 20), (520, 0, 20), (540, 0, 20), (560, 0, 20), (580, 0, 20), (600, 0, 20), (620, 0, 20), (0, 20, 20), (20, 20, 20), (40, 20, 20), (60, 20, 20), (80, 20, 20), (100, 20, 20), (120, 20, 20), (140, 20, 20), (160, 20, 20), (180, 20, 20), (200, 20, 20), (220, 20, 20), (240, 20, 20), (260, 20, 20), (280, 20, 20), (300, 20, 20), (320, 20, 20), (340, 20, 20), (360, 20, 20), (380, 20, 20), (400, 20, 20), (420, 20, 20), (440, 20, 20), (460, 20, 20), (480, 20, 20), (500, 20, 20), (520, 20, 20), (540, 20, 20), (560, 20, 20), (580, 20, 20), (600, 20, 20), (620, 20, 20), (0, 40, 20), (20, 40, 20), (40, 40, 20), (60, 40, 20), (80, 40, 20), (100, 40, 20), (120, 40, 20), (140, 40, 20), (160, 40, 20), (180, 40, 20), (200, 40, 20), (220, 40, 20), (240, 40, 20), (260, 40, 20), (280, 40, 20), (300, 40, 20), (320, 40, 20), (340, 40, 20), (360, 40, 20), (380, 40, 20), (400, 40, 20), (420, 40, 20), (440, 40, 20), (460, 40, 20), (480, 40, 20), (500, 40, 20), (520, 40, 20), (540, 40, 20), (560, 40, 20), (580, 40, 20), (600, 40, 20), (620, 40, 20), (0, 60, 20), (20, 60, 20), (40, 60, 20), (60, 60, 20), (80, 60, 20), (100, 60, 20), (120, 60, 20), (140, 60, 20), (160, 60, 20), (180, 60, 20), (200, 60, 20), (220, 60, 20), (240, 60, 20), (260, 60, 20), (280, 60, 20), (300, 60, 20), (320, 60, 20), (340, 60, 20), (360, 60, 20), (380, 60, 20), (400, 60, 20), (420, 60, 20), (440, 60, 20), (460, 60, 20), (480, 60, 20), (500, 60, 20), (520, 60, 20), (540, 60, 20), (560, 60, 20), (580, 60, 20), (600, 60, 20), (620, 60, 20), (0, 80, 20), (20, 80, 20), (40, 80, 20), (60, 80, 20), (80, 80, 20), (100, 80, 20), (120, 80, 20), (140, 80, 20), (160, 80, 20), (180, 80, 20), (200, 80, 20), (220, 80, 20), (240, 80, 20), (260, 80, 20), (280, 80, 20), (300, 80, 20), (320, 80, 20), (340, 80, 20), (360, 80, 20), (380, 80, 20), (400, 80, 20), (420, 80, 20), (440, 80, 20), (460, 80, 20), (480, 80, 20), (500, 80, 20), (520, 80, 20), (540, 80, 20), (560, 80, 20), (580, 80, 20), (600, 80, 20), (620, 80, 20), (0, 100, 20), (20, 100, 20), (40, 100, 20), (60, 100, 20), (80, 100, 20), (100, 100, 20), (120, 100, 20), (140, 100, 20), (160, 100, 20), (180, 100, 20), (200, 100, 20), (220, 100, 20), (240, 100, 20), (260, 100, 20), (280, 100, 20), (300, 100, 20), (320, 100, 20), (340, 100, 20), (360, 100, 20), (380, 100, 20), (400, 100, 20), (420, 100, 20), (440, 100, 20), (460, 100, 20), (480, 100, 20), (500, 100, 20), (520, 100, 20), (540, 100, 20), (560, 100, 20), (580, 100, 20), (600, 100, 20), (620, 100, 20), (0, 120, 20), (20, 120, 20), (40, 120, 20), (60, 120, 20), (80, 120, 20), (100, 120, 20), (120, 120, 20), (140, 120, 20), (160, 120, 20), (180, 120, 20), (200, 120, 20), (220, 120, 20), (240, 120, 20), (260, 120, 20), (280, 120, 20), (300, 120, 20), (320, 120, 20), (340, 120, 20), (360, 120, 20), (380, 120, 20), (400, 120, 20), (420, 120, 20), (440, 120, 20), (460, 120, 20), (480, 120, 20), (500, 120, 20), (520, 120, 20), (540, 120, 20), (560, 120, 20), (580, 120, 20), (600, 120, 20), (620, 120, 20), (0, 140, 20), (20, 140, 20), (40, 140, 20), (60, 140, 20), (80, 140, 20), (100, 140, 20), (120, 140, 20), (140, 140, 20), (160, 140, 20), (180, 140, 20), (200, 140, 20), (220, 140, 20), (240, 140, 20), (260, 140, 20), (280, 140, 20), (300, 140, 20), (320, 140, 20), (340, 140, 20), (360, 140, 20), (380, 140, 20), (400, 140, 20), (420, 140, 20), (440, 140, 20), (460, 140, 20), (480, 140, 20), (500, 140, 20), (520, 140, 20), (540, 140, 20), (560, 140, 20), (580, 140, 20), (600, 140, 20), (620, 140, 20), (0, 160, 20), (20, 160, 20), (40, 160, 20), (60, 160, 20), (80, 160, 20), (100, 160, 20), (120, 160, 20), (140, 160, 20), (160, 160, 20), (180, 160, 20), (200, 160, 20), (220, 160, 20), (240, 160, 20), (260, 160, 20), (280, 160, 20), (300, 160, 20), (320, 160, 20), (340, 160, 20), (360, 160, 20), (380, 160, 20), (400, 160, 20), (420, 160, 20), (440, 160, 20), (460, 160, 20), (480, 160, 20), (500, 160, 20), (520, 160, 20), (540, 160, 20), (560, 160, 20), (580, 160, 20), (600, 160, 20), (620, 160, 20), (0, 180, 20), (20, 180, 20), (40, 180, 20), (60, 180, 20), (80, 180, 20), (100, 180, 20), (120, 180, 20), (140, 180, 20), (160, 180, 20), (180, 180, 20), (200, 180, 20), (220, 180, 20), (240, 180, 20), (260, 180, 20), (280, 180, 20), (300, 180, 20), (320, 180, 20), (340, 180, 20), (360, 180, 20), (380, 180, 20), (400, 180, 20), (420, 180, 20), (440, 180, 20), (460, 180, 20), (480, 180, 20), (500, 180, 20), (520, 180, 20), (540, 180, 20), (560, 180, 20), (580, 180, 20), (600, 180, 20), (620, 180, 20), (0, 200, 20), (20, 200, 20), (40, 200, 20), (60, 200, 20), (80, 200, 20), (100, 200, 20), (120, 200, 20), (140, 200, 20), (160, 200, 20), (180, 200, 20), (200, 200, 20), (220, 200, 20), (240, 200, 20), (260, 200, 20), (280, 200, 20), (300, 200, 20), (320, 200, 20), (340, 200, 20), (360, 200, 20), (380, 200, 20), (400, 200, 20), (420, 200, 20), (440, 200, 20), (460, 200, 20), (480, 200, 20), (500, 200, 20), (520, 200, 20), (540, 200, 20), (560, 200, 20), (580, 200, 20), (600, 200, 20), (620, 200, 20), (0, 220, 20), (20, 220, 20), (40, 220, 20), (60, 220, 20), (80, 220, 20), (100, 220, 20), (120, 220, 20), (140, 220, 20), (160, 220, 20), (180, 220, 20), (200, 220, 20), (220, 220, 20), (240, 220, 20), (260, 220, 20), (280, 220, 20), (300, 220, 20), (320, 220, 20), (340, 220, 20), (360, 220, 20), (380, 220, 20), (400, 220, 20), (420, 220, 20), (440, 220, 20), (460, 220, 20), (480, 220, 20), (500, 220, 20), (520, 220, 20), (540, 220, 20), (560, 220, 20), (580, 220, 20), (600, 220, 20), (620, 220, 20), (0, 240, 20), (20, 240, 20), (40, 240, 20), (60, 240, 20), (80, 240, 20), (100, 240, 20), (120, 240, 20), (140, 240, 20), (160, 240, 20), (180, 240, 20), (200, 240, 20), (220, 240, 20), (240, 240, 20), (260, 240, 20), (280, 240, 20), (300, 240, 20), (320, 240, 20), (340, 240, 20), (360, 240, 20), (380, 240, 20), (400, 240, 20), (420, 240, 20), (440, 240, 20), (460, 240, 20), (480, 240, 20), (500, 240, 20), (520, 240, 20), (540, 240, 20), (560, 240, 20), (580, 240, 20), (600, 240, 20), (620, 240, 20), (0, 260, 20), (20, 260, 20), (40, 260, 20), (60, 260, 20), (80, 260, 20), (100, 260, 20), (120, 260, 20), (140, 260, 20), (160, 260, 20), (180, 260, 20), (200, 260, 20), (220, 260, 20), (240, 260, 20), (260, 260, 20), (280, 260, 20), (300, 260, 20), (320, 260, 20), (340, 260, 20), (360, 260, 20), (380, 260, 20), (400, 260, 20), (420, 260, 20), (440, 260, 20), (460, 260, 20), (480, 260, 20), (500, 260, 20), (520, 260, 20), (540, 260, 20), (560, 260, 20), (580, 260, 20), (600, 260, 20), (620, 260, 20), (0, 280, 20), (20, 280, 20), (40, 280, 20), (60, 280, 20), (80, 280, 20), (100, 280, 20), (120, 280, 20), (140, 280, 20), (160, 280, 20), (180, 280, 20), (200, 280, 20), (220, 280, 20), (240, 280, 20), (260, 280, 20), (280, 280, 20), (300, 280, 20), (320, 280, 20), (340, 280, 20), (360, 280, 20), (380, 280, 20), (400, 280, 20), (420, 280, 20), (440, 280, 20), (460, 280, 20), (480, 280, 20), (500, 280, 20), (520, 280, 20), (540, 280, 20), (560, 280, 20), (580, 280, 20), (600, 280, 20), (620, 280, 20), (0, 300, 20), (20, 300, 20), (40, 300, 20), (60, 300, 20), (80, 300, 20), (100, 300, 20), (120, 300, 20), (140, 300, 20), (160, 300, 20), (180, 300, 20), (200, 300, 20), (220, 300, 20), (240, 300, 20), (260, 300, 20), (280, 300, 20), (300, 300, 20), (320, 300, 20), (340, 300, 20), (360, 300, 20), (380, 300, 20), (400, 300, 20), (420, 300, 20), (440, 300, 20), (460, 300, 20), (480, 300, 20), (500, 300, 20), (520, 300, 20), (540, 300, 20), (560, 300, 20), (580, 300, 20), (600, 300, 20), (620, 300, 20), (0, 320, 20), (20, 320, 20), (40, 320, 20), (60, 320, 20), (80, 320, 20), (100, 320, 20), (120, 320, 20), (140, 320, 20), (160, 320, 20), (180, 320, 20), (200, 320, 20), (220, 320, 20), (240, 320, 20), (260, 320, 20), (280, 320, 20), (300, 320, 20), (320, 320, 20), (340, 320, 20), (360, 320, 20), (380, 320, 20), (400, 320, 20), (420, 320, 20), (440, 320, 20), (460, 320, 20), (480, 320, 20), (500, 320, 20), (520, 320, 20), (540, 320, 20), (560, 320, 20), (580, 320, 20), (600, 320, 20), (620, 320, 20), (0, 340, 20), (20, 340, 20), (40, 340, 20), (60, 340, 20), (80, 340, 20), (100, 340, 20), (120, 340, 20), (140, 340, 20), (160, 340, 20), (180, 340, 20), (200, 340, 20), (220, 340, 20), (240, 340, 20), (260, 340, 20), (280, 340, 20), (300, 340, 20), (320, 340, 20), (340, 340, 20), (360, 340, 20), (380, 340, 20), (400, 340, 20), (420, 340, 20), (440, 340, 20), (460, 340, 20), (480, 340, 20), (500, 340, 20), (520, 340, 20), (540, 340, 20), (560, 340, 20), (580, 340, 20), (600, 340, 20), (620, 340, 20), (0, 360, 20), (20, 360, 20), (40, 360, 20), (60, 360, 20), (80, 360, 20), (100, 360, 20), (120, 360, 20), (140, 360, 20), (160, 360, 20), (180, 360, 20), (200, 360, 20), (220, 360, 20), (240, 360, 20), (260, 360, 20), (280, 360, 20), (300, 360, 20), (320, 360, 20), (340, 360, 20), (360, 360, 20), (380, 360, 20), (400, 360, 20), (420, 360, 20), (440, 360, 20), (460, 360, 20), (480, 360, 20), (500, 360, 20), (520, 360, 20), (540, 360, 20), (560, 360, 20), (580, 360, 20), (600, 360, 20), (620, 360, 20), (0, 380, 20), (20, 380, 20), (40, 380, 20), (60, 380, 20), (80, 380, 20), (100, 380, 20), (120, 380, 20), (140, 380, 20), (160, 380, 20), (180, 380, 20), (200, 380, 20), (220, 380, 20), (240, 380, 20), (260, 380, 20), (280, 380, 20), (300, 380, 20), (320, 380, 20), (340, 380, 20), (360, 380, 20), (380, 380, 20), (400, 380, 20), (420, 380, 20), (440, 380, 20), (460, 380, 20), (480, 380, 20), (500, 380, 20), (520, 380, 20), (540, 380, 20), (560, 380, 20), (580, 380, 20), (600, 380, 20), (620, 380, 20), (0, 400, 20), (20, 400, 20), (40, 400, 20), (60, 400, 20), (80, 400, 20), (100, 400, 20), (120, 400, 20), (140, 400, 20), (160, 400, 20), (180, 400, 20), (200, 400, 20), (220, 400, 20), (240, 400, 20), (260, 400, 20), (280, 400, 20), (300, 400, 20), (320, 400, 20), (340, 400, 20), (360, 400, 20), (380, 400, 20), (400, 400, 20), (420, 400, 20), (440, 400, 20), (460, 400, 20), (480, 400, 20), (500, 400, 20), (520, 400, 20), (540, 400, 20), (560, 400, 20), (580, 400, 20), (600, 400, 20), (620, 400, 20), (0, 420, 20), (20, 420, 20), (40, 420, 20), (60, 420, 20), (80, 420, 20), (100, 420, 20), (120, 420, 20), (140, 420, 20), (160, 420, 20), (180, 420, 20), (200, 420, 20), (220, 420, 20), (240, 420, 20), (260, 420, 20), (280, 420, 20), (300, 420, 20), (320, 420, 20), (340, 420, 20), (360, 420, 20), (380, 420, 20), (400, 420, 20), (420, 420, 20), (440, 420, 20), (460, 420, 20), (480, 420, 20), (500, 420, 20), (520, 420, 20), (540, 420, 20), (560, 420, 20), (580, 420, 20), (600, 420, 20), (620, 420, 20), (0, 440, 20), (20, 440, 20), (40, 440, 20), (60, 440, 20), (80, 440, 20), (100, 440, 20), (120, 440, 20), (140, 440, 20), (160, 440, 20), (180, 440, 20), (200, 440, 20), (220, 440, 20), (240, 440, 20), (260, 440, 20), (280, 440, 20), (300, 440, 20), (320, 440, 20), (340, 440, 20), (360, 440, 20), (380, 440, 20), (400, 440, 20), (420, 440, 20), (440, 440, 20), (460, 440, 20), (480, 440, 20), (500, 440, 20), (520, 440, 20), (540, 440, 20), (560, 440, 20), (580, 440, 20), (600, 440, 20), (620, 440, 20), (0, 460, 20), (20, 460, 20), (40, 460, 20), (60, 460, 20), (80, 460, 20), (100, 460, 20), (120, 460, 20), (140, 460, 20), (160, 460, 20), (180, 460, 20), (200, 460, 20), (220, 460, 20), (240, 460, 20), (260, 460, 20), (280, 460, 20), (300, 460, 20), (320, 460, 20), (340, 460, 20), (360, 460, 20), (380, 460, 20), (400, 460, 20), (420, 460, 20), (440, 460, 20), (460, 460, 20), (480, 460, 20), (500, 460, 20), (520, 460, 20), (540, 460, 20), (560, 460, 20), (580, 460, 20), (600, 460, 20), (620, 460, 20), (0, 480, 20), (20, 480, 20), (40, 480, 20), (60, 480, 20), (80, 480, 20), (100, 480, 20), (120, 480, 20), (140, 480, 20), (160, 480, 20), (180, 480, 20), (200, 480, 20), (220, 480, 20), (240, 480, 20), (260, 480, 20), (280, 480, 20), (300, 480, 20), (320, 480, 20), (340, 480, 20), (360, 480, 20), (380, 480, 20), (400, 480, 20), (420, 480, 20), (440, 480, 20), (460, 480, 20), (480, 480, 20), (500, 480, 20), (520, 480, 20), (540, 480, 20), (560, 480, 20), (580, 480, 20), (600, 480, 20), (620, 480, 20), (0, 500, 20), (20, 500, 20), (40, 500, 20), (60, 500, 20), (80, 500, 20), (100, 500, 20), (120, 500, 20), (140, 500, 20), (160, 500, 20), (180, 500, 20), (200, 500, 20), (220, 500, 20), (240, 500, 20), (260, 500, 20), (280, 500, 20), (300, 500, 20), (320, 500, 20), (340, 500, 20), (360, 500, 20), (380, 500, 20), (400, 500, 20), (420, 500, 20), (440, 500, 20), (460, 500, 20), (480, 500, 20), (500, 500, 20), (520, 500, 20), (540, 500, 20), (560, 500, 20), (580, 500, 20), (600, 500, 20), (620, 500, 20), (0, 520, 20), (20, 520, 20), (40, 520, 20), (60, 520, 20), (80, 520, 20), (100, 520, 20), (120, 520, 20), (140, 520, 20), (160, 520, 20), (180, 520, 20), (200, 520, 20), (220, 520, 20), (240, 520, 20), (260, 520, 20), (280, 520, 20), (300, 520, 20), (320, 520, 20), (340, 520, 20), (360, 520, 20), (380, 520, 20), (400, 520, 20), (420, 520, 20), (440, 520, 20), (460, 520, 20), (480, 520, 20), (500, 520, 20), (520, 520, 20), (540, 520, 20), (560, 520, 20), (580, 520, 20), (600, 520, 20), (620, 520, 20), (0, 540, 20), (20, 540, 20), (40, 540, 20), (60, 540, 20), (80, 540, 20), (100, 540, 20), (120, 540, 20), (140, 540, 20), (160, 540, 20), (180, 540, 20), (200, 540, 20), (220, 540, 20), (240, 540, 20), (260, 540, 20), (280, 540, 20), (300, 540, 20), (320, 540, 20), (340, 540, 20), (360, 540, 20), (380, 540, 20), (400, 540, 20), (420, 540, 20), (440, 540, 20), (460, 540, 20), (480, 540, 20), (500, 540, 20), (520, 540, 20), (540, 540, 20), (560, 540, 20), (580, 540, 20), (600, 540, 20), (620, 540, 20), (0, 560, 20), (20, 560, 20), (40, 560, 20), (60, 560, 20), (80, 560, 20), (100, 560, 20), (120, 560, 20), (140, 560, 20), (160, 560, 20), (180, 560, 20), (200, 560, 20), (220, 560, 20), (240, 560, 20), (260, 560, 20), (280, 560, 20), (300, 560, 20), (320, 560, 20), (340, 560, 20), (360, 560, 20), (380, 560, 20), (400, 560, 20), (420, 560, 20), (440, 560, 20), (460, 560, 20), (480, 560, 20), (500, 560, 20), (520, 560, 20), (540, 560, 20), (560, 560, 20), (580, 560, 20), (600, 560, 20), (620, 560, 20), (0, 580, 20), (20, 580, 20), (40, 580, 20), (60, 580, 20), (80, 580, 20), (100, 580, 20), (120, 580, 20), (140, 580, 20), (160, 580, 20), (180, 580, 20), (200, 580, 20), (220, 580, 20), (240, 580, 20), (260, 580, 20), (280, 580, 20), (300, 580, 20), (320, 580, 20), (340, 580, 20), (360, 580, 20), (380, 580, 20), (400, 580, 20), (420, 580, 20), (440, 580, 20), (460, 580, 20), (480, 580, 20), (500, 580, 20), (520, 580, 20), (540, 580, 20), (560, 580, 20), (580, 580, 20), (600, 580, 20), (620, 580, 20), (0, 600, 20), (20, 600, 20), (40, 600, 20), (60, 600, 20), (80, 600, 20), (100, 600, 20), (120, 600, 20), (140, 600, 20), (160, 600, 20), (180, 600, 20), (200, 600, 20), (220, 600, 20), (240, 600, 20), (260, 600, 20), (280, 600, 20), (300, 600, 20), (320, 600, 20), (340, 600, 20), (360, 600, 20), (380, 600, 20), (400, 600, 20), (420, 600, 20), (440, 600, 20), (460, 600, 20), (480, 600, 20), (500, 600, 20), (520, 600, 20), (540, 600, 20), (560, 600, 20), (580, 600, 20), (600, 600, 20), (620, 600, 20), (0, 620, 20), (20, 620, 20), (40, 620, 20), (60, 620, 20), (80, 620, 20), (100, 620, 20), (120, 620, 20), (140, 620, 20), (160, 620, 20), (180, 620, 20), (200, 620, 20), (220, 620, 20), (240, 620, 20), (260, 620, 20), (280, 620, 20), (300, 620, 20), (320, 620, 20), (340, 620, 20), (360, 620, 20), (380, 620, 20), (400, 620, 20), (420, 620, 20), (440, 620, 20), (460, 620, 20), (480, 620, 20), (500, 620, 20), (520, 620, 20), (540, 620, 20), (560, 620, 20), (580, 620, 20), (600, 620, 20), (620, 620, 20)]
        point3f[] points.connect = </defaultPrim/testDeformer.outputs:points>
	}
}

