#usda 1.0
(
    customLayerData = {
        dictionary cameraSettings = {
            dictionary Front = {
                double3 position = (1000.000000000002, -2.220446049250317e-13, 0)
                double radius = 500
                double3 target = (0, 0, 0)
            }
            dictionary Perspective = {
                double3 position = (-151.14188041045355, 88.64757682021656, 77.09104638747057)
                double radius = 479.5440609856241
                double3 target = (29.19242832950072, -8.417794328493834, 1.990397281095983)
            }
            dictionary Right = {
                double3 position = (0, -1000, -2.220446049250313e-13)
                double radius = 500
                double3 target = (0, 0, 0)
            }
            dictionary Top = {
                double3 position = (0, 0, 1000)
                double radius = 500
                double3 target = (0, 0, 0)
            }
            string boundCamera = "/Root/thumbnail_CAM"
        }
        dictionary omni_layer = {
            dictionary muteness = {
            }
        }
        dictionary renderSettings = {
            float "rtx:post:dof:fNumber" = 5.6
            float "rtx:post:dof:focalLength" = 35
            float "rtx:post:dof:subjectDistance" = 5
            token "rtx:rendermode" = "PathTracing"
        }
    }
    defaultPrim = "Root"
    metersPerUnit = 0.01
    upAxis = "Z"
)

def "Root" (
    kind = "component"
)
{
    rel material:binding = </Root/Looks/OmniPBR> (
        bindMaterialAs = "weakerThanDescendants"
    )

    def Camera "thumbnail_CAM"
    {
        float2 clippingRange = (0.1, 10000)
        custom bool depthOfField = 0
        float focalLength = 50
        float focusDistance = 5
        float fStop = 0
        float horizontalAperture = 23.999952
        float verticalAperture = 23.999952
        float3 xformOp:rotateXYZ = (90, -6.3611094e-15, -90)
        float3 xformOp:scale = (1.000003, 1.000002, 1)
        double3 xformOp:translate = (-246.597483, -3.832894848176949e-13, 3.285338441294527e-13)
        uniform token[] xformOpOrder = ["xformOp:translate", "xformOp:rotateXYZ", "xformOp:scale"]
    }

    def Scope "Looks"
    {
        def Material "OmniPBR"
        {
            token outputs:mdl:displacement.connect = </Root/Looks/OmniPBR/Shader.outputs:out>
            token outputs:mdl:surface.connect = </Root/Looks/OmniPBR/Shader.outputs:out>
            token outputs:mdl:volume.connect = </Root/Looks/OmniPBR/Shader.outputs:out>

            def Shader "Shader"
            {
                uniform token info:implementationSource = "sourceAsset"
                uniform asset info:mdl:sourceAsset = @OmniPBR.mdl@
                uniform token info:mdl:sourceAsset:subIdentifier = "OmniPBR"
                color3f inputs:diffuse_color_constant = (0.08016878, 0.28016798, 0.48016798) (
                    customData = {
                        float3 default = (0.2, 0.2, 0.2)
                    }
                    displayGroup = "Albedo"
                    displayName = "Base Color"
                    doc = "This is the base color"
                )
                token outputs:out
            }
        }
    }

    def Xform "Material_Standin" (
        kind = "model"
    )
    {
        float3 xformOp:rotateXYZ = (0, 0, 0)
        float3 xformOp:scale = (1, 1, 1)
        double3 xformOp:translate = (0, 0, 0)
        uniform token[] xformOpOrder = ["xformOp:translate", "xformOp:rotateXYZ", "xformOp:scale"]

        def Xform "materialBall_projectedUnfold_02" (
            instanceable = false
            kind = "component"
        )
        {
            token visibility = "inherited"
            float3 xformOp:rotateXYZ = (90, 0, 90)
            float3 xformOp:scale = (1, 1, 1)
            double3 xformOp:translate = (0, 0, 0)
            uniform token[] xformOpOrder = ["xformOp:translate", "xformOp:rotateXYZ", "xformOp:scale"]

            def Mesh "materialball_projectedUnfold_02" (
                prepend apiSchemas = ["ShadowAPI"]
            )
            {
                uniform bool doubleSided = 1
                float3[] extent = [(-49.468025, -49.970257, -49.468018), (49.468037, 49.970257, 49.46803)]
                int[] faceVertexCounts = [4, 4, 4, 4, 4, 4, 4, 4, 4, 4, 4, 4, 4, 4, 4, 4, 4, 4, 4, 4, 4, 4, 4, 4, 4, 4, 4, 4, 4, 4, 4, 4, 4, 4, 4, 4, 4, 4, 4, 4, 4, 4, 4, 4, 4, 4, 4, 4, 4, 4, 4, 4, 4, 4, 4, 4, 4, 4, 4, 4, 4, 4, 4, 4, 4, 4, 4, 4, 4, 4, 4, 4, 4, 4, 4, 4, 4, 4, 4, 4, 4, 4, 4, 4, 4, 4, 4, 4, 4, 4, 4, 4, 4, 4, 4, 4, 4, 4, 4, 4, 4, 4, 4, 4, 4, 4, 4, 4, 4, 4, 4, 4, 4, 4, 4, 4, 4, 4, 4, 4, 4, 4, 4, 4, 4, 4, 4, 4, 4, 4, 4, 4, 4, 4, 4, 4, 4, 4, 4, 4, 4, 4, 4, 4, 4, 4, 4, 4, 4, 4, 4, 4, 4, 4, 4, 4, 4, 4, 4, 4, 4, 4, 4, 4, 4, 4, 4, 4, 4, 4, 4, 4, 4, 4, 4, 4, 4, 4, 4, 4, 4, 4, 4, 4, 4, 4, 4, 4, 4, 4, 4, 4, 4, 4, 4, 4, 4, 4, 4, 4, 4, 4, 4, 4, 4, 4, 4, 4, 4, 4, 4, 4, 4, 4, 4, 4, 4, 4, 4, 4, 4, 4, 4, 4, 4, 4, 4, 4, 4, 4, 4, 4, 4, 4, 4, 4, 4, 4, 4, 4, 4, 4, 4, 4, 4, 4, 4, 4, 4, 4, 4, 4, 4, 4, 4, 4, 4, 4, 4, 4, 4, 4, 4, 4, 4, 4, 4, 4, 4, 4, 4, 4, 4, 4, 4, 4, 4, 4, 4, 4, 4, 4, 4, 4, 4, 4, 4, 4, 4, 4, 4, 4, 4, 4, 4, 4, 4, 4, 4, 4, 4, 4, 4, 4, 4, 4, 4, 4, 4, 4, 4, 4, 4, 4, 4, 4, 4, 4, 4, 4, 4, 4, 4, 4, 4, 4, 4, 4, 4, 4, 4, 4, 4, 4, 4, 4, 4, 4, 4, 4, 4, 4, 4, 4, 4, 4, 4, 4, 4, 4, 4, 4, 4, 4, 4, 4, 4, 4, 4, 4, 4, 4, 4, 4, 4, 4, 4, 4, 4, 4, 4, 4, 4, 4, 4, 4, 4, 4, 4, 4, 4, 4, 4, 4, 4, 4, 4, 4, 4, 4, 4, 4, 4, 4, 4, 4, 4, 4, 4, 4, 4, 4, 4, 4, 4, 4, 4, 4, 4, 4, 4, 4, 4, 4, 4, 4, 4, 4, 4, 4, 4, 4, 4, 4, 4, 4, 4, 4, 4, 4, 4, 4, 4, 4, 4, 4, 4, 4, 4, 4, 4, 4, 4, 4, 4, 4, 4, 4, 4, 4, 4, 4, 4, 4, 4, 4, 4, 4, 4, 4, 4, 4, 4, 4, 4, 4, 4, 4, 4, 4, 4, 4, 4, 4, 4, 4, 4, 4, 4, 4, 4, 4, 4, 4, 4, 4, 4, 4, 4, 4, 4, 4, 4, 4, 4, 4, 4, 4, 4, 4, 4, 4, 4, 4, 4, 4, 4, 4, 4, 4, 4, 4, 4, 4, 4, 4, 4, 4, 4, 4, 4, 4, 4, 4, 4, 4, 4, 4, 4, 4, 4, 4, 4, 4, 4, 4, 4, 4, 4, 4, 4, 4, 4, 4, 4, 4, 4, 4, 4, 4, 4, 4, 4, 4, 4, 4, 4, 4, 4, 4, 4, 4, 4, 4, 4, 4, 4, 4, 4, 4, 4, 4, 4, 4, 4, 4, 4, 4, 4, 4, 4, 4, 4, 4, 4, 4, 4, 4, 4, 4, 4, 4, 4, 4, 4, 4, 4, 4, 4, 4, 4, 4, 4, 4, 4, 4, 4, 4, 4, 4, 4, 4, 4, 4, 4, 4, 4, 4, 4, 4, 4, 4, 4, 4, 4, 4, 4, 4, 4, 4, 4, 4, 4, 4, 4, 4, 4, 4, 4, 4, 4, 4, 4, 4, 4, 4, 4, 4, 4, 4, 4, 4, 4, 4, 4, 4, 4, 4, 4, 4, 4, 4, 4, 4, 4, 4, 4, 4, 4, 4, 4, 4, 4, 4, 4, 4, 4, 4, 4, 4, 4, 4, 4, 4, 4, 4, 4, 4, 4, 4, 4, 4, 4, 4, 4, 4, 4, 4, 4, 4, 4, 4, 4, 4, 4, 4, 4, 4, 4, 4, 4, 4, 4, 4, 4, 4, 4, 4, 4, 4, 4, 4, 4, 4, 4, 4, 4, 4, 4, 4, 4, 4, 4, 4, 4, 4, 4, 4, 4, 4, 4, 4, 4, 4, 4, 4, 4, 4, 4, 4, 4, 4, 4, 4, 4, 4, 4, 4, 4, 4, 4, 4, 4, 4, 4, 4, 4, 4, 4, 4, 4, 4, 4, 4, 4, 4, 4, 4, 4, 4, 4, 4, 4, 4, 4, 4, 4, 4, 4, 4, 4, 4, 4, 4, 4, 4, 4, 4, 4, 4, 4, 4, 4, 4, 4, 4, 4, 4, 4, 4, 4, 4, 4, 4, 4, 4, 4, 4, 4, 4, 4, 4, 4, 4, 4, 4, 4, 4, 4, 4, 4, 4, 4, 4, 4, 4, 4, 4, 4, 4, 4, 4, 4, 4, 4, 4, 4, 4, 4, 4, 4, 4, 4, 4, 4, 4, 4, 4, 4, 4, 4, 4, 4, 4, 4, 4, 4, 4, 4, 4, 4, 4, 4, 4, 4, 4, 4, 4, 4, 4, 4, 4, 4, 4, 4, 4, 4, 4, 4, 4, 4, 4, 4, 4, 4, 4, 4, 4, 4, 4, 4, 4, 4, 4, 4, 4, 4, 4, 4, 4, 4, 4, 4, 4, 4, 4, 4, 4, 4, 4, 4, 4, 4, 4, 4, 4, 4, 4, 4, 4, 4, 4, 4, 4, 4, 4, 4, 4, 4, 4, 4, 4, 4, 4, 4, 4, 4, 4, 4, 4, 4, 4, 4, 4, 4, 4, 4, 4, 4, 4, 4, 4, 4, 4, 4, 4, 4, 4, 4, 4, 4, 4, 4, 4, 4, 4, 4, 4, 4, 4, 4, 4, 4, 4, 4, 4, 4, 4, 4, 4, 4, 4, 4, 4, 4, 4, 4, 4, 4, 4, 4, 4, 4, 4, 4, 4, 4, 4, 4, 4, 4, 4, 4, 4, 4, 4, 4, 4, 4, 4, 4, 4, 4, 4, 4, 4, 4, 4, 4, 4, 4, 4, 4, 4, 4, 4, 4, 4, 4, 4, 4, 4, 4, 4, 4, 4, 4, 4, 4, 4, 4, 4, 4, 4, 4, 4, 4, 4, 4, 4, 4, 4, 4, 4, 4, 4, 4, 4, 4, 4, 4, 4, 4, 4, 4, 4, 4, 4, 4, 4, 4, 4, 4, 4, 4, 4, 4, 4, 4, 4, 4, 4, 4, 4, 4, 4, 4, 4, 4, 4, 4, 4, 4, 4, 4, 4, 4, 4, 4, 4, 4, 4, 4, 4, 4, 4, 4, 4, 4, 4, 4, 4, 4, 4, 4, 4, 4, 4, 4, 4, 4, 4, 4, 4, 4, 4, 4, 4, 4, 4, 4, 4, 4, 4, 4, 4, 4, 4, 4, 4, 4, 4, 4, 4, 4, 4, 4, 4, 4, 4, 4, 4, 4, 4, 4, 4, 4, 4, 4, 4, 4, 4, 4, 4, 4, 4, 4, 4, 4, 4, 4, 4, 4, 4, 4, 4, 4, 4, 4, 4, 4, 4, 4, 4, 4, 4, 4, 4, 4, 4, 4, 4, 4, 4, 4, 4, 4, 4, 4, 4, 4, 4, 4, 4, 4, 4, 4, 4, 4, 4, 4, 4, 4, 4, 4, 4, 4, 4, 4, 4, 4, 4, 4, 4, 4, 4, 4, 4, 4, 4, 4, 4, 4, 4, 4, 4, 4, 4, 4, 4, 4, 4, 4, 4, 4, 4, 4, 4, 4, 4, 4, 4, 4, 4, 4, 4, 4, 4, 4, 4, 4, 4, 4, 4, 4, 4, 4, 4, 4, 4, 4, 4, 4, 4, 4, 4, 4, 4, 4, 4, 4, 4, 4, 4, 4, 4, 4, 4, 4, 4, 4, 4, 4, 4, 4, 4, 4, 4, 4, 4, 4, 4, 4, 4, 4, 4, 4, 4, 4, 4, 4, 4, 4, 4, 4, 4, 4, 4, 4, 4, 4, 4, 4, 4, 4, 4, 4, 4, 4, 4, 4, 4, 4, 4, 4, 4, 4, 4, 4, 4, 4, 4, 4, 4, 4, 4, 4, 4, 4, 4, 4, 4, 4, 4, 4, 4, 4, 4, 4, 4, 4, 4, 4, 4, 4, 4, 4, 4, 4, 4, 4, 4, 4, 4, 4, 4, 4, 4, 4, 4, 4, 4, 4, 4, 4, 4, 4, 4, 4, 4, 4, 4, 4, 4, 4, 4, 4, 4, 4, 4, 4, 4, 4, 4, 4, 4, 4, 4, 4, 4, 4, 4, 4, 4, 4, 4, 4, 4, 4, 4, 4, 4, 4, 4, 4, 4, 4, 4, 4, 4, 4, 4, 4, 4, 4, 4, 4, 4, 4, 4, 4, 4, 4, 4, 4, 4, 4, 4, 4, 4, 4, 4, 4, 4, 4, 4, 4, 4, 4, 4, 4, 4, 4, 4, 4, 4, 4, 4, 4, 4, 4, 4, 4, 4, 4, 4, 4, 4, 4, 4, 4, 4, 4, 4, 4, 4, 4, 4, 4, 4, 4, 4, 4, 4, 4, 4, 4, 4, 4, 4, 4, 4, 4, 4, 4, 4, 4, 4, 4, 4, 4, 4, 4, 4, 4, 4, 4, 4, 4, 4, 4, 4, 4, 4, 4, 4, 4, 4, 4, 4, 4, 4, 4, 4, 4, 4, 4, 4, 4, 4, 4, 4, 4, 4, 4, 4, 4, 4, 4, 4, 4, 4, 4, 4, 4, 4, 4, 4, 4, 4, 4, 4, 4, 4, 4, 4, 4, 4, 4, 4, 4, 4, 4, 4, 4, 4, 4, 4, 4, 4, 4, 4, 4, 4, 4, 4, 4, 4, 4, 4, 4, 4, 4, 4, 4, 4, 4, 4, 4, 4, 4, 4, 4, 4, 4, 4, 4, 4, 4, 4, 4, 4, 4, 4, 4, 4, 4, 4, 4, 4, 4, 4, 4, 4, 4, 4, 4, 4, 4, 4, 4, 4, 4, 4, 4, 4, 4, 4, 4, 4, 4, 4, 4, 4, 4, 4, 4, 4, 4, 4, 4, 4, 4, 4, 4, 4, 4, 4, 4, 4, 4, 4, 4, 4, 4, 4, 4, 4, 4, 4, 4, 4, 4, 4, 4, 4, 4, 4, 4, 4, 4, 4, 4, 4, 4, 4, 4, 4, 4, 4, 4, 4, 4, 4, 4, 4, 4, 4, 4, 4, 4, 4, 4, 4, 4, 4, 4, 4, 4, 4, 4, 4, 4, 4, 4, 4, 4, 4, 4, 4, 4, 4, 4, 4, 4, 4, 4, 4, 4, 4, 4, 4, 4, 4, 4, 4, 4, 4, 4, 4, 4, 4, 4, 4, 4, 4, 4, 4, 4, 4, 4, 4, 4, 4, 4, 4, 4, 4, 4, 4, 4, 4, 4, 4, 4, 4, 4, 4, 4, 4, 4, 4, 4, 4, 4, 4, 4, 4, 4, 4, 4, 4, 4, 4, 4, 4, 4, 4, 4, 4, 4, 4, 4, 4, 4, 4, 4, 4, 4, 4, 4, 4, 4, 4, 4, 4, 4, 4, 4, 4, 4, 4, 4, 4, 4, 4, 4, 4, 4, 4, 4, 4, 4, 4, 4, 4, 4, 4, 4, 4, 4, 4, 4, 4, 4, 4, 4, 4, 4, 4, 4, 4, 4, 4, 4, 4, 4, 4, 4, 4, 4, 4, 4, 4, 4, 4, 4, 4, 4, 4, 4, 4, 4, 4, 4, 4, 4, 4, 4, 4, 4, 4, 4, 4, 4, 4, 4, 4, 4, 4, 4, 4, 4, 4, 4, 4, 4, 4, 4, 4, 4, 4, 4, 4, 4, 4, 4, 4, 4, 4, 4, 4, 4, 4, 4, 4, 4, 4, 4, 4, 4, 4, 4, 4, 4, 4, 4, 4, 4, 4, 4, 4, 4, 4, 4, 4, 4, 4, 4, 4, 4, 4, 4, 4, 4, 4, 4, 4, 4, 4, 4, 4, 4, 4, 4, 4, 4, 4, 4, 4, 4, 4, 4, 4, 4, 4, 4, 4, 4, 4, 4, 4, 4, 4, 4, 4, 4, 4, 4, 4, 4, 4, 4, 4, 4, 4, 4, 4, 4, 4, 4, 4, 4, 4, 4, 4, 4, 4, 4, 4, 4, 4, 4, 4, 4, 4, 4, 4, 4, 4, 4, 4, 4, 4, 4, 4, 4, 4, 4, 4, 4, 4, 4, 4, 4, 4, 4, 4, 4, 4, 4, 4, 4, 4, 4, 4, 4, 4, 4, 4, 4, 4, 4, 4, 4, 4, 4, 4, 4, 4, 4, 4, 4, 4, 4, 4, 4, 4, 4, 4, 4, 4, 4, 4, 4, 4, 4, 4, 4, 4, 4, 4, 4, 4, 4, 4, 4, 4, 4, 4, 4, 4, 4, 4, 4, 4, 4, 4, 4, 4, 4, 4, 4, 4, 4, 4, 4, 4, 4, 4, 4, 4, 4, 4, 4, 4, 4, 4, 4, 4, 4, 4, 4, 4, 4, 4, 4, 4, 4, 4, 4, 4, 4, 4, 4, 4, 4, 4, 4, 4, 4, 4, 4, 4, 4, 4, 4, 4, 4, 4, 4, 4, 4, 4, 4, 4, 4, 4, 4, 4, 4, 4, 4, 4, 4, 4, 4, 4, 4, 4, 4, 4, 4, 4, 4, 4, 4, 4, 4, 4, 4, 4, 4, 4, 4, 4, 4, 4, 4, 4, 4, 4, 4, 4, 4, 4, 4, 4, 4, 4, 4, 4, 4, 4, 4, 4, 4, 4, 4, 4, 4, 4, 4, 4, 4, 4, 4, 4, 4, 4, 4, 4, 4, 4, 4, 4, 4, 4, 4, 4, 4, 4, 4, 4, 4, 4, 4, 4, 4, 4, 4, 4, 4, 4, 4, 4, 4, 4, 4, 4, 4, 4, 4, 4, 4, 4, 4, 4, 4, 4, 4, 4, 4, 4, 4, 4]
                int[] faceVertexIndices = [0, 1130, 1682, 1133, 1130, 1, 1131, 1682, 1682, 1131, 25, 1132, 1133, 1682, 1132, 24, 1, 1134, 1683, 1131, 1134, 2, 1135, 1683, 1683, 1135, 26, 1136, 1131, 1683, 1136, 25, 2, 1137, 1684, 1135, 1137, 3, 1138, 1684, 1684, 1138, 27, 1139, 1135, 1684, 1139, 26, 3, 1140, 1685, 1138, 1140, 4, 1141, 1685, 1685, 1141, 28, 1142, 1138, 1685, 1142, 27, 4, 1143, 1686, 1141, 1143, 5, 1144, 1686, 1686, 1144, 29, 1145, 1141, 1686, 1145, 28, 5, 1146, 1687, 1144, 1146, 6, 1147, 1687, 1687, 1147, 30, 1148, 1144, 1687, 1148, 29, 6, 1149, 1688, 1147, 1149, 7, 1150, 1688, 1688, 1150, 31, 1151, 1147, 1688, 1151, 30, 7, 1152, 1689, 1150, 1152, 8, 1153, 1689, 1689, 1153, 32, 1154, 1150, 1689, 1154, 31, 8, 1155, 1690, 1153, 1155, 9, 1156, 1690, 1690, 1156, 33, 1157, 1153, 1690, 1157, 32, 9, 1158, 1691, 1156, 1158, 10, 1159, 1691, 1691, 1159, 34, 1160, 1156, 1691, 1160, 33, 10, 1161, 1692, 1159, 1161, 11, 1162, 1692, 1692, 1162, 35, 1163, 1159, 1692, 1163, 34, 11, 1164, 1693, 1162, 1164, 12, 1165, 1693, 1693, 1165, 36, 1166, 1162, 1693, 1166, 35, 12, 1167, 1694, 1165, 1167, 13, 1168, 1694, 1694, 1168, 37, 1169, 1165, 1694, 1169, 36, 13, 1170, 1695, 1168, 1170, 14, 1171, 1695, 1695, 1171, 38, 1172, 1168, 1695, 1172, 37, 14, 1173, 1696, 1171, 1173, 15, 1174, 1696, 1696, 1174, 39, 1175, 1171, 1696, 1175, 38, 15, 1176, 1697, 1174, 1176, 16, 1177, 1697, 1697, 1177, 40, 1178, 1174, 1697, 1178, 39, 16, 1179, 1698, 1177, 1179, 17, 1180, 1698, 1698, 1180, 41, 1181, 1177, 1698, 1181, 40, 17, 1182, 1699, 1180, 1182, 18, 1183, 1699, 1699, 1183, 42, 1184, 1180, 1699, 1184, 41, 18, 1185, 1700, 1183, 1185, 19, 1186, 1700, 1700, 1186, 43, 1187, 1183, 1700, 1187, 42, 19, 1188, 1701, 1186, 1188, 20, 1189, 1701, 1701, 1189, 44, 1190, 1186, 1701, 1190, 43, 20, 1191, 1702, 1189, 1191, 21, 1192, 1702, 1702, 1192, 45, 1193, 1189, 1702, 1193, 44, 21, 1194, 1703, 1192, 1194, 22, 1195, 1703, 1703, 1195, 46, 1196, 1192, 1703, 1196, 45, 22, 1197, 1704, 1195, 1197, 23, 1198, 1704, 1704, 1198, 47, 1199, 1195, 1704, 1199, 46, 23, 1200, 1705, 1198, 1200, 0, 1133, 1705, 1705, 1133, 24, 1201, 1198, 1705, 1201, 47, 24, 1132, 1706, 1204, 1132, 25, 1202, 1706, 1706, 1202, 49, 1203, 1204, 1706, 1203, 48, 25, 1136, 1707, 1202, 1136, 26, 1205, 1707, 1707, 1205, 50, 1206, 1202, 1707, 1206, 49, 26, 1139, 1708, 1205, 1139, 27, 1207, 1708, 1708, 1207, 51, 1208, 1205, 1708, 1208, 50, 27, 1142, 1709, 1207, 1142, 28, 1209, 1709, 1709, 1209, 52, 1210, 1207, 1709, 1210, 51, 28, 1145, 1710, 1209, 1145, 29, 1211, 1710, 1710, 1211, 53, 1212, 1209, 1710, 1212, 52, 29, 1148, 1711, 1211, 1148, 30, 1213, 1711, 1711, 1213, 54, 1214, 1211, 1711, 1214, 53, 30, 1151, 1712, 1213, 1151, 31, 1215, 1712, 1712, 1215, 55, 1216, 1213, 1712, 1216, 54, 31, 1154, 1713, 1215, 1154, 32, 1217, 1713, 1713, 1217, 56, 1218, 1215, 1713, 1218, 55, 32, 1157, 1714, 1217, 1157, 33, 1219, 1714, 1714, 1219, 57, 1220, 1217, 1714, 1220, 56, 33, 1160, 1715, 1219, 1160, 34, 1221, 1715, 1715, 1221, 58, 1222, 1219, 1715, 1222, 57, 34, 1163, 1716, 1221, 1163, 35, 1223, 1716, 1716, 1223, 59, 1224, 1221, 1716, 1224, 58, 35, 1166, 1717, 1223, 1166, 36, 1225, 1717, 1717, 1225, 60, 1226, 1223, 1717, 1226, 59, 36, 1169, 1718, 1225, 1169, 37, 1227, 1718, 1718, 1227, 61, 1228, 1225, 1718, 1228, 60, 37, 1172, 1719, 1227, 1172, 38, 1229, 1719, 1719, 1229, 62, 1230, 1227, 1719, 1230, 61, 38, 1175, 1720, 1229, 1175, 39, 1231, 1720, 1720, 1231, 63, 1232, 1229, 1720, 1232, 62, 39, 1178, 1721, 1231, 1178, 40, 1233, 1721, 1721, 1233, 64, 1234, 1231, 1721, 1234, 63, 40, 1181, 1722, 1233, 1181, 41, 1235, 1722, 1722, 1235, 65, 1236, 1233, 1722, 1236, 64, 41, 1184, 1723, 1235, 1184, 42, 1237, 1723, 1723, 1237, 66, 1238, 1235, 1723, 1238, 65, 42, 1187, 1724, 1237, 1187, 43, 1239, 1724, 1724, 1239, 67, 1240, 1237, 1724, 1240, 66, 43, 1190, 1725, 1239, 1190, 44, 1241, 1725, 1725, 1241, 68, 1242, 1239, 1725, 1242, 67, 44, 1193, 1726, 1241, 1193, 45, 1243, 1726, 1726, 1243, 69, 1244, 1241, 1726, 1244, 68, 45, 1196, 1727, 1243, 1196, 46, 1245, 1727, 1727, 1245, 70, 1246, 1243, 1727, 1246, 69, 46, 1199, 1728, 1245, 1199, 47, 1247, 1728, 1728, 1247, 71, 1248, 1245, 1728, 1248, 70, 47, 1201, 1729, 1247, 1201, 24, 1204, 1729, 1729, 1204, 48, 1249, 1247, 1729, 1249, 71, 48, 1203, 1730, 1252, 1203, 49, 1250, 1730, 1730, 1250, 73, 1251, 1252, 1730, 1251, 72, 49, 1206, 1731, 1250, 1206, 50, 1253, 1731, 1731, 1253, 74, 1254, 1250, 1731, 1254, 73, 50, 1208, 1732, 1253, 1208, 51, 1255, 1732, 1732, 1255, 75, 1256, 1253, 1732, 1256, 74, 51, 1210, 1733, 1255, 1210, 52, 1257, 1733, 1733, 1257, 76, 1258, 1255, 1733, 1258, 75, 52, 1212, 1734, 1257, 1212, 53, 1259, 1734, 1734, 1259, 77, 1260, 1257, 1734, 1260, 76, 53, 1214, 1735, 1259, 1214, 54, 1261, 1735, 1735, 1261, 78, 1262, 1259, 1735, 1262, 77, 54, 1216, 1736, 1261, 1216, 55, 1263, 1736, 1736, 1263, 79, 1264, 1261, 1736, 1264, 78, 55, 1218, 1737, 1263, 1218, 56, 1265, 1737, 1737, 1265, 80, 1266, 1263, 1737, 1266, 79, 56, 1220, 1738, 1265, 1220, 57, 1267, 1738, 1738, 1267, 81, 1268, 1265, 1738, 1268, 80, 57, 1222, 1739, 1267, 1222, 58, 1269, 1739, 1739, 1269, 82, 1270, 1267, 1739, 1270, 81, 58, 1224, 1740, 1269, 1224, 59, 1271, 1740, 1740, 1271, 83, 1272, 1269, 1740, 1272, 82, 59, 1226, 1741, 1271, 1226, 60, 1273, 1741, 1741, 1273, 84, 1274, 1271, 1741, 1274, 83, 60, 1228, 1742, 1273, 1228, 61, 1275, 1742, 1742, 1275, 85, 1276, 1273, 1742, 1276, 84, 61, 1230, 1743, 1275, 1230, 62, 1277, 1743, 1743, 1277, 86, 1278, 1275, 1743, 1278, 85, 62, 1232, 1744, 1277, 1232, 63, 1279, 1744, 1744, 1279, 87, 1280, 1277, 1744, 1280, 86, 63, 1234, 1745, 1279, 1234, 64, 1281, 1745, 1745, 1281, 88, 1282, 1279, 1745, 1282, 87, 64, 1236, 1746, 1281, 1236, 65, 1283, 1746, 1746, 1283, 89, 1284, 1281, 1746, 1284, 88, 65, 1238, 1747, 1283, 1238, 66, 1285, 1747, 1747, 1285, 90, 1286, 1283, 1747, 1286, 89, 66, 1240, 1748, 1285, 1240, 67, 1287, 1748, 1748, 1287, 91, 1288, 1285, 1748, 1288, 90, 67, 1242, 1749, 1287, 1242, 68, 1289, 1749, 1749, 1289, 92, 1290, 1287, 1749, 1290, 91, 68, 1244, 1750, 1289, 1244, 69, 1291, 1750, 1750, 1291, 93, 1292, 1289, 1750, 1292, 92, 69, 1246, 1751, 1291, 1246, 70, 1293, 1751, 1751, 1293, 94, 1294, 1291, 1751, 1294, 93, 70, 1248, 1752, 1293, 1248, 71, 1295, 1752, 1752, 1295, 95, 1296, 1293, 1752, 1296, 94, 71, 1249, 1753, 1295, 1249, 48, 1252, 1753, 1753, 1252, 72, 1297, 1295, 1753, 1297, 95, 72, 1251, 1754, 1300, 1251, 73, 1298, 1754, 1754, 1298, 97, 1299, 1300, 1754, 1299, 96, 73, 1254, 1755, 1298, 1254, 74, 1301, 1755, 1755, 1301, 98, 1302, 1298, 1755, 1302, 97, 74, 1256, 1756, 1301, 1256, 75, 1303, 1756, 1756, 1303, 99, 1304, 1301, 1756, 1304, 98, 75, 1258, 1757, 1303, 1258, 76, 1305, 1757, 1757, 1305, 100, 1306, 1303, 1757, 1306, 99, 76, 1260, 1758, 1305, 1260, 77, 1307, 1758, 1758, 1307, 101, 1308, 1305, 1758, 1308, 100, 77, 1262, 1759, 1307, 1262, 78, 1309, 1759, 1759, 1309, 102, 1310, 1307, 1759, 1310, 101, 78, 1264, 1760, 1309, 1264, 79, 1311, 1760, 1760, 1311, 103, 1312, 1309, 1760, 1312, 102, 79, 1266, 1761, 1311, 1266, 80, 1313, 1761, 1761, 1313, 104, 1314, 1311, 1761, 1314, 103, 80, 1268, 1762, 1313, 1268, 81, 1315, 1762, 1762, 1315, 105, 1316, 1313, 1762, 1316, 104, 81, 1270, 1763, 1315, 1270, 82, 1317, 1763, 1763, 1317, 106, 1318, 1315, 1763, 1318, 105, 82, 1272, 1764, 1317, 1272, 83, 1319, 1764, 1764, 1319, 107, 1320, 1317, 1764, 1320, 106, 83, 1274, 1765, 1319, 1274, 84, 1321, 1765, 1765, 1321, 108, 1322, 1319, 1765, 1322, 107, 84, 1276, 1766, 1321, 1276, 85, 1323, 1766, 1766, 1323, 109, 1324, 1321, 1766, 1324, 108, 85, 1278, 1767, 1323, 1278, 86, 1325, 1767, 1767, 1325, 110, 1326, 1323, 1767, 1326, 109, 86, 1280, 1768, 1325, 1280, 87, 1327, 1768, 1768, 1327, 111, 1328, 1325, 1768, 1328, 110, 87, 1282, 1769, 1327, 1282, 88, 1329, 1769, 1769, 1329, 112, 1330, 1327, 1769, 1330, 111, 88, 1284, 1770, 1329, 1284, 89, 1331, 1770, 1770, 1331, 113, 1332, 1329, 1770, 1332, 112, 89, 1286, 1771, 1331, 1286, 90, 1333, 1771, 1771, 1333, 114, 1334, 1331, 1771, 1334, 113, 90, 1288, 1772, 1333, 1288, 91, 1335, 1772, 1772, 1335, 115, 1336, 1333, 1772, 1336, 114, 91, 1290, 1773, 1335, 1290, 92, 1337, 1773, 1773, 1337, 116, 1338, 1335, 1773, 1338, 115, 92, 1292, 1774, 1337, 1292, 93, 1339, 1774, 1774, 1339, 117, 1340, 1337, 1774, 1340, 116, 93, 1294, 1775, 1339, 1294, 94, 1341, 1775, 1775, 1341, 118, 1342, 1339, 1775, 1342, 117, 94, 1296, 1776, 1341, 1296, 95, 1343, 1776, 1776, 1343, 119, 1344, 1341, 1776, 1344, 118, 95, 1297, 1777, 1343, 1297, 72, 1300, 1777, 1777, 1300, 96, 1345, 1343, 1777, 1345, 119, 96, 1299, 1778, 1348, 1299, 97, 1346, 1778, 1778, 1346, 121, 1347, 1348, 1778, 1347, 120, 97, 1302, 1779, 1346, 1302, 98, 1349, 1779, 1779, 1349, 122, 1350, 1346, 1779, 1350, 121, 98, 1304, 1780, 1349, 1304, 99, 1351, 1780, 1780, 1351, 123, 1352, 1349, 1780, 1352, 122, 99, 1306, 1781, 1351, 1306, 100, 1353, 1781, 1781, 1353, 124, 1354, 1351, 1781, 1354, 123, 100, 1308, 1782, 1353, 1308, 101, 1355, 1782, 1782, 1355, 125, 1356, 1353, 1782, 1356, 124, 101, 1310, 1783, 1355, 1310, 102, 1357, 1783, 1783, 1357, 126, 1358, 1355, 1783, 1358, 125, 102, 1312, 1784, 1357, 1312, 103, 1359, 1784, 1784, 1359, 127, 1360, 1357, 1784, 1360, 126, 103, 1314, 1785, 1359, 1314, 104, 1361, 1785, 1785, 1361, 128, 1362, 1359, 1785, 1362, 127, 104, 1316, 1786, 1361, 1316, 105, 1363, 1786, 1786, 1363, 129, 1364, 1361, 1786, 1364, 128, 105, 1318, 1787, 1363, 1318, 106, 1365, 1787, 1787, 1365, 130, 1366, 1363, 1787, 1366, 129, 106, 1320, 1788, 1365, 1320, 107, 1367, 1788, 1788, 1367, 131, 1368, 1365, 1788, 1368, 130, 107, 1322, 1789, 1367, 1322, 108, 1369, 1789, 1789, 1369, 132, 1370, 1367, 1789, 1370, 131, 108, 1324, 1790, 1369, 1324, 109, 1371, 1790, 1790, 1371, 133, 1372, 1369, 1790, 1372, 132, 109, 1326, 1791, 1371, 1326, 110, 1373, 1791, 1791, 1373, 134, 1374, 1371, 1791, 1374, 133, 110, 1328, 1792, 1373, 1328, 111, 1375, 1792, 1792, 1375, 135, 1376, 1373, 1792, 1376, 134, 111, 1330, 1793, 1375, 1330, 112, 1377, 1793, 1793, 1377, 136, 1378, 1375, 1793, 1378, 135, 112, 1332, 1794, 1377, 1332, 113, 1379, 1794, 1794, 1379, 137, 1380, 1377, 1794, 1380, 136, 113, 1334, 1795, 1379, 1334, 114, 1381, 1795, 1795, 1381, 138, 1382, 1379, 1795, 1382, 137, 114, 1336, 1796, 1381, 1336, 115, 1383, 1796, 1796, 1383, 139, 1384, 1381, 1796, 1384, 138, 115, 1338, 1797, 1383, 1338, 116, 1385, 1797, 1797, 1385, 140, 1386, 1383, 1797, 1386, 139, 116, 1340, 1798, 1385, 1340, 117, 1387, 1798, 1798, 1387, 141, 1388, 1385, 1798, 1388, 140, 117, 1342, 1799, 1387, 1342, 118, 1389, 1799, 1799, 1389, 142, 1390, 1387, 1799, 1390, 141, 118, 1344, 1800, 1389, 1344, 119, 1391, 1800, 1800, 1391, 143, 1392, 1389, 1800, 1392, 142, 119, 1345, 1801, 1391, 1345, 96, 1348, 1801, 1801, 1348, 120, 1393, 1391, 1801, 1393, 143, 120, 1347, 1802, 1396, 1347, 121, 1394, 1802, 1802, 1394, 145, 1395, 1396, 1802, 1395, 144, 121, 1350, 1803, 1394, 1350, 122, 1397, 1803, 1803, 1397, 146, 1398, 1394, 1803, 1398, 145, 122, 1352, 1804, 1397, 1352, 123, 1399, 1804, 1804, 1399, 147, 1400, 1397, 1804, 1400, 146, 123, 1354, 1805, 1399, 1354, 124, 1401, 1805, 1805, 1401, 148, 1402, 1399, 1805, 1402, 147, 124, 1356, 1806, 1401, 1356, 125, 1403, 1806, 1806, 1403, 149, 1404, 1401, 1806, 1404, 148, 125, 1358, 1807, 1403, 1358, 126, 1405, 1807, 1807, 1405, 150, 1406, 1403, 1807, 1406, 149, 126, 1360, 1808, 1405, 1360, 127, 1407, 1808, 1808, 1407, 151, 1408, 1405, 1808, 1408, 150, 127, 1362, 1809, 1407, 1362, 128, 1409, 1809, 1809, 1409, 152, 1410, 1407, 1809, 1410, 151, 128, 1364, 1810, 1409, 1364, 129, 1411, 1810, 1810, 1411, 153, 1412, 1409, 1810, 1412, 152, 129, 1366, 1811, 1411, 1366, 130, 1413, 1811, 1811, 1413, 154, 1414, 1411, 1811, 1414, 153, 130, 1368, 1812, 1413, 1368, 131, 1415, 1812, 1812, 1415, 155, 1416, 1413, 1812, 1416, 154, 131, 1370, 1813, 1415, 1370, 132, 1417, 1813, 1813, 1417, 156, 1418, 1415, 1813, 1418, 155, 132, 1372, 1814, 1417, 1372, 133, 1419, 1814, 1814, 1419, 157, 1420, 1417, 1814, 1420, 156, 133, 1374, 1815, 1419, 1374, 134, 1421, 1815, 1815, 1421, 158, 1422, 1419, 1815, 1422, 157, 134, 1376, 1816, 1421, 1376, 135, 1423, 1816, 1816, 1423, 159, 1424, 1421, 1816, 1424, 158, 135, 1378, 1817, 1423, 1378, 136, 1425, 1817, 1817, 1425, 160, 1426, 1423, 1817, 1426, 159, 136, 1380, 1818, 1425, 1380, 137, 1427, 1818, 1818, 1427, 161, 1428, 1425, 1818, 1428, 160, 137, 1382, 1819, 1427, 1382, 138, 1429, 1819, 1819, 1429, 162, 1430, 1427, 1819, 1430, 161, 138, 1384, 1820, 1429, 1384, 139, 1431, 1820, 1820, 1431, 163, 1432, 1429, 1820, 1432, 162, 139, 1386, 1821, 1431, 1386, 140, 1433, 1821, 1821, 1433, 164, 1434, 1431, 1821, 1434, 163, 140, 1388, 1822, 1433, 1388, 141, 1435, 1822, 1822, 1435, 165, 1436, 1433, 1822, 1436, 164, 141, 1390, 1823, 1435, 1390, 142, 1437, 1823, 1823, 1437, 166, 1438, 1435, 1823, 1438, 165, 142, 1392, 1824, 1437, 1392, 143, 1439, 1824, 1824, 1439, 167, 1440, 1437, 1824, 1440, 166, 143, 1393, 1825, 1439, 1393, 120, 1396, 1825, 1825, 1396, 144, 1441, 1439, 1825, 1441, 167, 144, 1395, 1826, 1444, 1395, 145, 1442, 1826, 1826, 1442, 169, 1443, 1444, 1826, 1443, 168, 145, 1398, 1827, 1442, 1398, 146, 1445, 1827, 1827, 1445, 170, 1446, 1442, 1827, 1446, 169, 146, 1400, 1828, 1445, 1400, 147, 1447, 1828, 1828, 1447, 171, 1448, 1445, 1828, 1448, 170, 147, 1402, 1829, 1447, 1402, 148, 1449, 1829, 1829, 1449, 172, 1450, 1447, 1829, 1450, 171, 148, 1404, 1830, 1449, 1404, 149, 1451, 1830, 1830, 1451, 173, 1452, 1449, 1830, 1452, 172, 149, 1406, 1831, 1451, 1406, 150, 1453, 1831, 1831, 1453, 174, 1454, 1451, 1831, 1454, 173, 150, 1408, 1832, 1453, 1408, 151, 1455, 1832, 1832, 1455, 175, 1456, 1453, 1832, 1456, 174, 151, 1410, 1833, 1455, 1410, 152, 1457, 1833, 1833, 1457, 176, 1458, 1455, 1833, 1458, 175, 152, 1412, 1834, 1457, 1412, 153, 1459, 1834, 1834, 1459, 177, 1460, 1457, 1834, 1460, 176, 153, 1414, 1835, 1459, 1414, 154, 1461, 1835, 1835, 1461, 178, 1462, 1459, 1835, 1462, 177, 154, 1416, 1836, 1461, 1416, 155, 1463, 1836, 1836, 1463, 179, 1464, 1461, 1836, 1464, 178, 155, 1418, 1837, 1463, 1418, 156, 1465, 1837, 1837, 1465, 180, 1466, 1463, 1837, 1466, 179, 156, 1420, 1838, 1465, 1420, 157, 1467, 1838, 1838, 1467, 181, 1468, 1465, 1838, 1468, 180, 157, 1422, 1839, 1467, 1422, 158, 1469, 1839, 1839, 1469, 182, 1470, 1467, 1839, 1470, 181, 158, 1424, 1840, 1469, 1424, 159, 1471, 1840, 1840, 1471, 183, 1472, 1469, 1840, 1472, 182, 159, 1426, 1841, 1471, 1426, 160, 1473, 1841, 1841, 1473, 184, 1474, 1471, 1841, 1474, 183, 160, 1428, 1842, 1473, 1428, 161, 1475, 1842, 1842, 1475, 185, 1476, 1473, 1842, 1476, 184, 161, 1430, 1843, 1475, 1430, 162, 1477, 1843, 1843, 1477, 186, 1478, 1475, 1843, 1478, 185, 162, 1432, 1844, 1477, 1432, 163, 1479, 1844, 1844, 1479, 187, 1480, 1477, 1844, 1480, 186, 163, 1434, 1845, 1479, 1434, 164, 1481, 1845, 1845, 1481, 188, 1482, 1479, 1845, 1482, 187, 164, 1436, 1846, 1481, 1436, 165, 1483, 1846, 1846, 1483, 189, 1484, 1481, 1846, 1484, 188, 165, 1438, 1847, 1483, 1438, 166, 1485, 1847, 1847, 1485, 190, 1486, 1483, 1847, 1486, 189, 166, 1440, 1848, 1485, 1440, 167, 1487, 1848, 1848, 1487, 191, 1488, 1485, 1848, 1488, 190, 167, 1441, 1849, 1487, 1441, 144, 1444, 1849, 1849, 1444, 168, 1489, 1487, 1849, 1489, 191, 168, 1443, 1850, 1492, 1443, 169, 1490, 1850, 1850, 1490, 193, 1491, 1492, 1850, 1491, 192, 169, 1446, 1851, 1490, 1446, 170, 1493, 1851, 1851, 1493, 194, 1494, 1490, 1851, 1494, 193, 170, 1448, 1852, 1493, 1448, 171, 1495, 1852, 1852, 1495, 195, 1496, 1493, 1852, 1496, 194, 171, 1450, 1853, 1495, 1450, 172, 1497, 1853, 1853, 1497, 196, 1498, 1495, 1853, 1498, 195, 172, 1452, 1854, 1497, 1452, 173, 1499, 1854, 1854, 1499, 197, 1500, 1497, 1854, 1500, 196, 173, 1454, 1855, 1499, 1454, 174, 1501, 1855, 1855, 1501, 198, 1502, 1499, 1855, 1502, 197, 174, 1456, 1856, 1501, 1456, 175, 1503, 1856, 1856, 1503, 199, 1504, 1501, 1856, 1504, 198, 175, 1458, 1857, 1503, 1458, 176, 1505, 1857, 1857, 1505, 200, 1506, 1503, 1857, 1506, 199, 176, 1460, 1858, 1505, 1460, 177, 1507, 1858, 1858, 1507, 201, 1508, 1505, 1858, 1508, 200, 177, 1462, 1859, 1507, 1462, 178, 1509, 1859, 1859, 1509, 202, 1510, 1507, 1859, 1510, 201, 178, 1464, 1860, 1509, 1464, 179, 1511, 1860, 1860, 1511, 203, 1512, 1509, 1860, 1512, 202, 179, 1466, 1861, 1511, 1466, 180, 1513, 1861, 1861, 1513, 204, 1514, 1511, 1861, 1514, 203, 180, 1468, 1862, 1513, 1468, 181, 1515, 1862, 1862, 1515, 205, 1516, 1513, 1862, 1516, 204, 181, 1470, 1863, 1515, 1470, 182, 1517, 1863, 1863, 1517, 206, 1518, 1515, 1863, 1518, 205, 182, 1472, 1864, 1517, 1472, 183, 1519, 1864, 1864, 1519, 207, 1520, 1517, 1864, 1520, 206, 183, 1474, 1865, 1519, 1474, 184, 1521, 1865, 1865, 1521, 208, 1522, 1519, 1865, 1522, 207, 184, 1476, 1866, 1521, 1476, 185, 1523, 1866, 1866, 1523, 209, 1524, 1521, 1866, 1524, 208, 185, 1478, 1867, 1523, 1478, 186, 1525, 1867, 1867, 1525, 210, 1526, 1523, 1867, 1526, 209, 186, 1480, 1868, 1525, 1480, 187, 1527, 1868, 1868, 1527, 211, 1528, 1525, 1868, 1528, 210, 187, 1482, 1869, 1527, 1482, 188, 1529, 1869, 1869, 1529, 212, 1530, 1527, 1869, 1530, 211, 188, 1484, 1870, 1529, 1484, 189, 1531, 1870, 1870, 1531, 213, 1532, 1529, 1870, 1532, 212, 189, 1486, 1871, 1531, 1486, 190, 1533, 1871, 1871, 1533, 214, 1534, 1531, 1871, 1534, 213, 190, 1488, 1872, 1533, 1488, 191, 1535, 1872, 1872, 1535, 215, 1536, 1533, 1872, 1536, 214, 191, 1489, 1873, 1535, 1489, 168, 1492, 1873, 1873, 1492, 192, 1537, 1535, 1873, 1537, 215, 192, 1491, 1874, 1540, 1491, 193, 1538, 1874, 1874, 1538, 217, 1539, 1540, 1874, 1539, 216, 193, 1494, 1875, 1538, 1494, 194, 1541, 1875, 1875, 1541, 218, 1542, 1538, 1875, 1542, 217, 194, 1496, 1876, 1541, 1496, 195, 1543, 1876, 1876, 1543, 219, 1544, 1541, 1876, 1544, 218, 195, 1498, 1877, 1543, 1498, 196, 1545, 1877, 1877, 1545, 220, 1546, 1543, 1877, 1546, 219, 196, 1500, 1878, 1545, 1500, 197, 1547, 1878, 1878, 1547, 221, 1548, 1545, 1878, 1548, 220, 197, 1502, 1879, 1547, 1502, 198, 1549, 1879, 1879, 1549, 222, 1550, 1547, 1879, 1550, 221, 198, 1504, 1880, 1549, 1504, 199, 1551, 1880, 1880, 1551, 223, 1552, 1549, 1880, 1552, 222, 199, 1506, 1881, 1551, 1506, 200, 1553, 1881, 1881, 1553, 224, 1554, 1551, 1881, 1554, 223, 200, 1508, 1882, 1553, 1508, 201, 1555, 1882, 1882, 1555, 225, 1556, 1553, 1882, 1556, 224, 201, 1510, 1883, 1555, 1510, 202, 1557, 1883, 1883, 1557, 226, 1558, 1555, 1883, 1558, 225, 202, 1512, 1884, 1557, 1512, 203, 1559, 1884, 1884, 1559, 227, 1560, 1557, 1884, 1560, 226, 203, 1514, 1885, 1559, 1514, 204, 1561, 1885, 1885, 1561, 228, 1562, 1559, 1885, 1562, 227, 204, 1516, 1886, 1561, 1516, 205, 1563, 1886, 1886, 1563, 229, 1564, 1561, 1886, 1564, 228, 205, 1518, 1887, 1563, 1518, 206, 1565, 1887, 1887, 1565, 230, 1566, 1563, 1887, 1566, 229, 206, 1520, 1888, 1565, 1520, 207, 1567, 1888, 1888, 1567, 231, 1568, 1565, 1888, 1568, 230, 207, 1522, 1889, 1567, 1522, 208, 1569, 1889, 1889, 1569, 232, 1570, 1567, 1889, 1570, 231, 208, 1524, 1890, 1569, 1524, 209, 1571, 1890, 1890, 1571, 233, 1572, 1569, 1890, 1572, 232, 209, 1526, 1891, 1571, 1526, 210, 1573, 1891, 1891, 1573, 234, 1574, 1571, 1891, 1574, 233, 210, 1528, 1892, 1573, 1528, 211, 1575, 1892, 1892, 1575, 235, 1576, 1573, 1892, 1576, 234, 211, 1530, 1893, 1575, 1530, 212, 1577, 1893, 1893, 1577, 236, 1578, 1575, 1893, 1578, 235, 212, 1532, 1894, 1577, 1532, 213, 1579, 1894, 1894, 1579, 237, 1580, 1577, 1894, 1580, 236, 213, 1534, 1895, 1579, 1534, 214, 1581, 1895, 1895, 1581, 238, 1582, 1579, 1895, 1582, 237, 214, 1536, 1896, 1581, 1536, 215, 1583, 1896, 1896, 1583, 239, 1584, 1581, 1896, 1584, 238, 215, 1537, 1897, 1583, 1537, 192, 1540, 1897, 1897, 1540, 216, 1585, 1583, 1897, 1585, 239, 216, 1539, 1898, 1588, 1539, 217, 1586, 1898, 1898, 1586, 241, 1587, 1588, 1898, 1587, 240, 217, 1542, 1899, 1586, 1542, 218, 1589, 1899, 1899, 1589, 242, 1590, 1586, 1899, 1590, 241, 218, 1544, 1900, 1589, 1544, 219, 1591, 1900, 1900, 1591, 243, 1592, 1589, 1900, 1592, 242, 219, 1546, 1901, 1591, 1546, 220, 1593, 1901, 1901, 1593, 244, 1594, 1591, 1901, 1594, 243, 220, 1548, 1902, 1593, 1548, 221, 1595, 1902, 1902, 1595, 245, 1596, 1593, 1902, 1596, 244, 221, 1550, 1903, 1595, 1550, 222, 1597, 1903, 1903, 1597, 246, 1598, 1595, 1903, 1598, 245, 222, 1552, 1904, 1597, 1552, 223, 1599, 1904, 1904, 1599, 247, 1600, 1597, 1904, 1600, 246, 223, 1554, 1905, 1599, 1554, 224, 1601, 1905, 1905, 1601, 248, 1602, 1599, 1905, 1602, 247, 224, 1556, 1906, 1601, 1556, 225, 1603, 1906, 1906, 1603, 249, 1604, 1601, 1906, 1604, 248, 225, 1558, 1907, 1603, 1558, 226, 1605, 1907, 1907, 1605, 250, 1606, 1603, 1907, 1606, 249, 226, 1560, 1908, 1605, 1560, 227, 1607, 1908, 1908, 1607, 251, 1608, 1605, 1908, 1608, 250, 227, 1562, 1909, 1607, 1562, 228, 1609, 1909, 1909, 1609, 252, 1610, 1607, 1909, 1610, 251, 228, 1564, 1910, 1609, 1564, 229, 1611, 1910, 1910, 1611, 253, 1612, 1609, 1910, 1612, 252, 229, 1566, 1911, 1611, 1566, 230, 1613, 1911, 1911, 1613, 254, 1614, 1611, 1911, 1614, 253, 230, 1568, 1912, 1613, 1568, 231, 1615, 1912, 1912, 1615, 255, 1616, 1613, 1912, 1616, 254, 231, 1570, 1913, 1615, 1570, 232, 1617, 1913, 1913, 1617, 256, 1618, 1615, 1913, 1618, 255, 232, 1572, 1914, 1617, 1572, 233, 1619, 1914, 1914, 1619, 257, 1620, 1617, 1914, 1620, 256, 233, 1574, 1915, 1619, 1574, 234, 1621, 1915, 1915, 1621, 258, 1622, 1619, 1915, 1622, 257, 234, 1576, 1916, 1621, 1576, 235, 1623, 1916, 1916, 1623, 259, 1624, 1621, 1916, 1624, 258, 235, 1578, 1917, 1623, 1578, 236, 1625, 1917, 1917, 1625, 260, 1626, 1623, 1917, 1626, 259, 236, 1580, 1918, 1625, 1580, 237, 1627, 1918, 1918, 1627, 261, 1628, 1625, 1918, 1628, 260, 237, 1582, 1919, 1627, 1582, 238, 1629, 1919, 1919, 1629, 262, 1630, 1627, 1919, 1630, 261, 238, 1584, 1920, 1629, 1584, 239, 1631, 1920, 1920, 1631, 263, 1632, 1629, 1920, 1632, 262, 239, 1585, 1921, 1631, 1585, 216, 1588, 1921, 1921, 1588, 240, 1633, 1631, 1921, 1633, 263, 240, 1587, 1922, 1636, 1587, 241, 1634, 1922, 1922, 1634, 265, 1635, 1636, 1922, 1635, 264, 241, 1590, 1923, 1634, 1590, 242, 1637, 1923, 1923, 1637, 266, 1638, 1634, 1923, 1638, 265, 242, 1592, 1924, 1637, 1592, 243, 1639, 1924, 1924, 1639, 267, 1640, 1637, 1924, 1640, 266, 243, 1594, 1925, 1639, 1594, 244, 1641, 1925, 1925, 1641, 268, 1642, 1639, 1925, 1642, 267, 244, 1596, 1926, 1641, 1596, 245, 1643, 1926, 1926, 1643, 269, 1644, 1641, 1926, 1644, 268, 245, 1598, 1927, 1643, 1598, 246, 1645, 1927, 1927, 1645, 270, 1646, 1643, 1927, 1646, 269, 246, 1600, 1928, 1645, 1600, 247, 1647, 1928, 1928, 1647, 271, 1648, 1645, 1928, 1648, 270, 247, 1602, 1929, 1647, 1602, 248, 1649, 1929, 1929, 1649, 272, 1650, 1647, 1929, 1650, 271, 248, 1604, 1930, 1649, 1604, 249, 1651, 1930, 1930, 1651, 273, 1652, 1649, 1930, 1652, 272, 249, 1606, 1931, 1651, 1606, 250, 1653, 1931, 1931, 1653, 274, 1654, 1651, 1931, 1654, 273, 250, 1608, 1932, 1653, 1608, 251, 1655, 1932, 1932, 1655, 275, 1656, 1653, 1932, 1656, 274, 251, 1610, 1933, 1655, 1610, 252, 1657, 1933, 1933, 1657, 276, 1658, 1655, 1933, 1658, 275, 252, 1612, 1934, 1657, 1612, 253, 1659, 1934, 1934, 1659, 277, 1660, 1657, 1934, 1660, 276, 253, 1614, 1935, 1659, 1614, 254, 1661, 1935, 1935, 1661, 278, 1662, 1659, 1935, 1662, 277, 254, 1616, 1936, 1661, 1616, 255, 1663, 1936, 1936, 1663, 279, 1664, 1661, 1936, 1664, 278, 255, 1618, 1937, 1663, 1618, 256, 1665, 1937, 1937, 1665, 280, 1666, 1663, 1937, 1666, 279, 256, 1620, 1938, 1665, 1620, 257, 1667, 1938, 1938, 1667, 281, 1668, 1665, 1938, 1668, 280, 257, 1622, 1939, 1667, 1622, 258, 1669, 1939, 1939, 1669, 282, 1670, 1667, 1939, 1670, 281, 258, 1624, 1940, 1669, 1624, 259, 1671, 1940, 1940, 1671, 283, 1672, 1669, 1940, 1672, 282, 259, 1626, 1941, 1671, 1626, 260, 1673, 1941, 1941, 1673, 284, 1674, 1671, 1941, 1674, 283, 260, 1628, 1942, 1673, 1628, 261, 1675, 1942, 1942, 1675, 285, 1676, 1673, 1942, 1676, 284, 261, 1630, 1943, 1675, 1630, 262, 1677, 1943, 1943, 1677, 286, 1678, 1675, 1943, 1678, 285, 262, 1632, 1944, 1677, 1632, 263, 1679, 1944, 1944, 1679, 287, 1680, 1677, 1944, 1680, 286, 263, 1633, 1945, 1679, 1633, 240, 1636, 1945, 1945, 1636, 264, 1681, 1679, 1945, 1681, 287, 264, 1635, 1946, 556, 1635, 265, 554, 1946, 1946, 554, 289, 555, 556, 1946, 555, 288, 265, 1638, 1947, 554, 1638, 266, 557, 1947, 1947, 557, 290, 558, 554, 1947, 558, 289, 266, 1640, 1948, 557, 1640, 267, 559, 1948, 1948, 559, 291, 560, 557, 1948, 560, 290, 267, 1642, 1949, 559, 1642, 268, 561, 1949, 1949, 561, 292, 562, 559, 1949, 562, 291, 268, 1644, 1950, 561, 1644, 269, 563, 1950, 1950, 563, 293, 564, 561, 1950, 564, 292, 269, 1646, 1951, 563, 1646, 270, 565, 1951, 1951, 565, 294, 566, 563, 1951, 566, 293, 270, 1648, 1952, 565, 1648, 271, 567, 1952, 1952, 567, 295, 568, 565, 1952, 568, 294, 271, 1650, 1953, 567, 1650, 272, 569, 1953, 1953, 569, 296, 570, 567, 1953, 570, 295, 272, 1652, 1954, 569, 1652, 273, 571, 1954, 1954, 571, 297, 572, 569, 1954, 572, 296, 273, 1654, 1955, 571, 1654, 274, 573, 1955, 1955, 573, 298, 574, 571, 1955, 574, 297, 274, 1656, 1956, 573, 1656, 275, 575, 1956, 1956, 575, 299, 576, 573, 1956, 576, 298, 275, 1658, 1957, 575, 1658, 276, 577, 1957, 1957, 577, 300, 578, 575, 1957, 578, 299, 276, 1660, 1958, 577, 1660, 277, 579, 1958, 1958, 579, 301, 580, 577, 1958, 580, 300, 277, 1662, 1959, 579, 1662, 278, 581, 1959, 1959, 581, 302, 582, 579, 1959, 582, 301, 278, 1664, 1960, 581, 1664, 279, 583, 1960, 1960, 583, 303, 584, 581, 1960, 584, 302, 279, 1666, 1961, 583, 1666, 280, 585, 1961, 1961, 585, 304, 586, 583, 1961, 586, 303, 280, 1668, 1962, 585, 1668, 281, 587, 1962, 1962, 587, 305, 588, 585, 1962, 588, 304, 281, 1670, 1963, 587, 1670, 282, 589, 1963, 1963, 589, 306, 590, 587, 1963, 590, 305, 282, 1672, 1964, 589, 1672, 283, 591, 1964, 1964, 591, 307, 592, 589, 1964, 592, 306, 283, 1674, 1965, 591, 1674, 284, 593, 1965, 1965, 593, 308, 594, 591, 1965, 594, 307, 284, 1676, 1966, 593, 1676, 285, 595, 1966, 1966, 595, 309, 596, 593, 1966, 596, 308, 285, 1678, 1967, 595, 1678, 286, 597, 1967, 1967, 597, 310, 598, 595, 1967, 598, 309, 286, 1680, 1968, 597, 1680, 287, 599, 1968, 1968, 599, 311, 600, 597, 1968, 600, 310, 287, 1681, 1969, 599, 1681, 264, 556, 1969, 1969, 556, 288, 601, 599, 1969, 601, 311, 288, 555, 1970, 604, 555, 289, 602, 1970, 1970, 602, 313, 603, 604, 1970, 603, 312, 289, 558, 1971, 602, 558, 290, 605, 1971, 1971, 605, 314, 606, 602, 1971, 606, 313, 290, 560, 1972, 605, 560, 291, 607, 1972, 1972, 607, 315, 608, 605, 1972, 608, 314, 291, 562, 1973, 607, 562, 292, 609, 1973, 1973, 609, 316, 610, 607, 1973, 610, 315, 292, 564, 1974, 609, 564, 293, 611, 1974, 1974, 611, 317, 612, 609, 1974, 612, 316, 293, 566, 1975, 611, 566, 294, 613, 1975, 1975, 613, 318, 614, 611, 1975, 614, 317, 294, 568, 1976, 613, 568, 295, 615, 1976, 1976, 615, 319, 616, 613, 1976, 616, 318, 295, 570, 1977, 615, 570, 296, 617, 1977, 1977, 617, 320, 618, 615, 1977, 618, 319, 296, 572, 1978, 617, 572, 297, 619, 1978, 1978, 619, 321, 620, 617, 1978, 620, 320, 297, 574, 1979, 619, 574, 298, 621, 1979, 1979, 621, 322, 622, 619, 1979, 622, 321, 298, 576, 1980, 621, 576, 299, 623, 1980, 1980, 623, 323, 624, 621, 1980, 624, 322, 299, 578, 1981, 623, 578, 300, 625, 1981, 1981, 625, 324, 626, 623, 1981, 626, 323, 300, 580, 1982, 625, 580, 301, 627, 1982, 1982, 627, 325, 628, 625, 1982, 628, 324, 301, 582, 1983, 627, 582, 302, 629, 1983, 1983, 629, 326, 630, 627, 1983, 630, 325, 302, 584, 1984, 629, 584, 303, 631, 1984, 1984, 631, 327, 632, 629, 1984, 632, 326, 303, 586, 1985, 631, 586, 304, 633, 1985, 1985, 633, 328, 634, 631, 1985, 634, 327, 304, 588, 1986, 633, 588, 305, 635, 1986, 1986, 635, 329, 636, 633, 1986, 636, 328, 305, 590, 1987, 635, 590, 306, 637, 1987, 1987, 637, 330, 638, 635, 1987, 638, 329, 306, 592, 1988, 637, 592, 307, 639, 1988, 1988, 639, 331, 640, 637, 1988, 640, 330, 307, 594, 1989, 639, 594, 308, 641, 1989, 1989, 641, 332, 642, 639, 1989, 642, 331, 308, 596, 1990, 641, 596, 309, 643, 1990, 1990, 643, 333, 644, 641, 1990, 644, 332, 309, 598, 1991, 643, 598, 310, 645, 1991, 1991, 645, 334, 646, 643, 1991, 646, 333, 310, 600, 1992, 645, 600, 311, 647, 1992, 1992, 647, 335, 648, 645, 1992, 648, 334, 311, 601, 1993, 647, 601, 288, 604, 1993, 1993, 604, 312, 649, 647, 1993, 649, 335, 312, 603, 1994, 652, 603, 313, 650, 1994, 1994, 650, 337, 651, 652, 1994, 651, 336, 313, 606, 1995, 650, 606, 314, 653, 1995, 1995, 653, 338, 654, 650, 1995, 654, 337, 314, 608, 1996, 653, 608, 315, 655, 1996, 1996, 655, 339, 656, 653, 1996, 656, 338, 315, 610, 1997, 655, 610, 316, 657, 1997, 1997, 657, 340, 658, 655, 1997, 658, 339, 316, 612, 1998, 657, 612, 317, 659, 1998, 1998, 659, 341, 660, 657, 1998, 660, 340, 317, 614, 1999, 659, 614, 318, 661, 1999, 1999, 661, 342, 662, 659, 1999, 662, 341, 318, 616, 2000, 661, 616, 319, 663, 2000, 2000, 663, 343, 664, 661, 2000, 664, 342, 319, 618, 2001, 663, 618, 320, 665, 2001, 2001, 665, 344, 666, 663, 2001, 666, 343, 320, 620, 2002, 665, 620, 321, 667, 2002, 2002, 667, 345, 668, 665, 2002, 668, 344, 321, 622, 2003, 667, 622, 322, 669, 2003, 2003, 669, 346, 670, 667, 2003, 670, 345, 322, 624, 2004, 669, 624, 323, 671, 2004, 2004, 671, 347, 672, 669, 2004, 672, 346, 323, 626, 2005, 671, 626, 324, 673, 2005, 2005, 673, 348, 674, 671, 2005, 674, 347, 324, 628, 2006, 673, 628, 325, 675, 2006, 2006, 675, 349, 676, 673, 2006, 676, 348, 325, 630, 2007, 675, 630, 326, 677, 2007, 2007, 677, 350, 678, 675, 2007, 678, 349, 326, 632, 2008, 677, 632, 327, 679, 2008, 2008, 679, 351, 680, 677, 2008, 680, 350, 327, 634, 2009, 679, 634, 328, 681, 2009, 2009, 681, 352, 682, 679, 2009, 682, 351, 328, 636, 2010, 681, 636, 329, 683, 2010, 2010, 683, 353, 684, 681, 2010, 684, 352, 329, 638, 2011, 683, 638, 330, 685, 2011, 2011, 685, 354, 686, 683, 2011, 686, 353, 330, 640, 2012, 685, 640, 331, 687, 2012, 2012, 687, 355, 688, 685, 2012, 688, 354, 331, 642, 2013, 687, 642, 332, 689, 2013, 2013, 689, 356, 690, 687, 2013, 690, 355, 332, 644, 2014, 689, 644, 333, 691, 2014, 2014, 691, 357, 692, 689, 2014, 692, 356, 333, 646, 2015, 691, 646, 334, 693, 2015, 2015, 693, 358, 694, 691, 2015, 694, 357, 334, 648, 2016, 693, 648, 335, 695, 2016, 2016, 695, 359, 696, 693, 2016, 696, 358, 335, 649, 2017, 695, 649, 312, 652, 2017, 2017, 652, 336, 697, 695, 2017, 697, 359, 336, 651, 2018, 700, 651, 337, 698, 2018, 2018, 698, 361, 699, 700, 2018, 699, 360, 337, 654, 2019, 698, 654, 338, 701, 2019, 2019, 701, 362, 702, 698, 2019, 702, 361, 338, 656, 2020, 701, 656, 339, 703, 2020, 2020, 703, 363, 704, 701, 2020, 704, 362, 339, 658, 2021, 703, 658, 340, 705, 2021, 2021, 705, 364, 706, 703, 2021, 706, 363, 340, 660, 2022, 705, 660, 341, 707, 2022, 2022, 707, 365, 708, 705, 2022, 708, 364, 341, 662, 2023, 707, 662, 342, 709, 2023, 2023, 709, 366, 710, 707, 2023, 710, 365, 342, 664, 2024, 709, 664, 343, 711, 2024, 2024, 711, 367, 712, 709, 2024, 712, 366, 343, 666, 2025, 711, 666, 344, 713, 2025, 2025, 713, 368, 714, 711, 2025, 714, 367, 344, 668, 2026, 713, 668, 345, 715, 2026, 2026, 715, 369, 716, 713, 2026, 716, 368, 345, 670, 2027, 715, 670, 346, 717, 2027, 2027, 717, 370, 718, 715, 2027, 718, 369, 346, 672, 2028, 717, 672, 347, 719, 2028, 2028, 719, 371, 720, 717, 2028, 720, 370, 347, 674, 2029, 719, 674, 348, 721, 2029, 2029, 721, 372, 722, 719, 2029, 722, 371, 348, 676, 2030, 721, 676, 349, 723, 2030, 2030, 723, 373, 724, 721, 2030, 724, 372, 349, 678, 2031, 723, 678, 350, 725, 2031, 2031, 725, 374, 726, 723, 2031, 726, 373, 350, 680, 2032, 725, 680, 351, 727, 2032, 2032, 727, 375, 728, 725, 2032, 728, 374, 351, 682, 2033, 727, 682, 352, 729, 2033, 2033, 729, 376, 730, 727, 2033, 730, 375, 352, 684, 2034, 729, 684, 353, 731, 2034, 2034, 731, 377, 732, 729, 2034, 732, 376, 353, 686, 2035, 731, 686, 354, 733, 2035, 2035, 733, 378, 734, 731, 2035, 734, 377, 354, 688, 2036, 733, 688, 355, 735, 2036, 2036, 735, 379, 736, 733, 2036, 736, 378, 355, 690, 2037, 735, 690, 356, 737, 2037, 2037, 737, 380, 738, 735, 2037, 738, 379, 356, 692, 2038, 737, 692, 357, 739, 2038, 2038, 739, 381, 740, 737, 2038, 740, 380, 357, 694, 2039, 739, 694, 358, 741, 2039, 2039, 741, 382, 742, 739, 2039, 742, 381, 358, 696, 2040, 741, 696, 359, 743, 2040, 2040, 743, 383, 744, 741, 2040, 744, 382, 359, 697, 2041, 743, 697, 336, 700, 2041, 2041, 700, 360, 745, 743, 2041, 745, 383, 360, 699, 2042, 748, 699, 361, 746, 2042, 2042, 746, 385, 747, 748, 2042, 747, 384, 361, 702, 2043, 746, 702, 362, 749, 2043, 2043, 749, 386, 750, 746, 2043, 750, 385, 362, 704, 2044, 749, 704, 363, 751, 2044, 2044, 751, 387, 752, 749, 2044, 752, 386, 363, 706, 2045, 751, 706, 364, 753, 2045, 2045, 753, 388, 754, 751, 2045, 754, 387, 364, 708, 2046, 753, 708, 365, 755, 2046, 2046, 755, 389, 756, 753, 2046, 756, 388, 365, 710, 2047, 755, 710, 366, 757, 2047, 2047, 757, 390, 758, 755, 2047, 758, 389, 366, 712, 2048, 757, 712, 367, 759, 2048, 2048, 759, 391, 760, 757, 2048, 760, 390, 367, 714, 2049, 759, 714, 368, 761, 2049, 2049, 761, 392, 762, 759, 2049, 762, 391, 368, 716, 2050, 761, 716, 369, 763, 2050, 2050, 763, 393, 764, 761, 2050, 764, 392, 369, 718, 2051, 763, 718, 370, 765, 2051, 2051, 765, 394, 766, 763, 2051, 766, 393, 370, 720, 2052, 765, 720, 371, 767, 2052, 2052, 767, 395, 768, 765, 2052, 768, 394, 371, 722, 2053, 767, 722, 372, 769, 2053, 2053, 769, 396, 770, 767, 2053, 770, 395, 372, 724, 2054, 769, 724, 373, 771, 2054, 2054, 771, 397, 772, 769, 2054, 772, 396, 373, 726, 2055, 771, 726, 374, 773, 2055, 2055, 773, 398, 774, 771, 2055, 774, 397, 374, 728, 2056, 773, 728, 375, 775, 2056, 2056, 775, 399, 776, 773, 2056, 776, 398, 375, 730, 2057, 775, 730, 376, 777, 2057, 2057, 777, 400, 778, 775, 2057, 778, 399, 376, 732, 2058, 777, 732, 377, 779, 2058, 2058, 779, 401, 780, 777, 2058, 780, 400, 377, 734, 2059, 779, 734, 378, 781, 2059, 2059, 781, 402, 782, 779, 2059, 782, 401, 378, 736, 2060, 781, 736, 379, 783, 2060, 2060, 783, 403, 784, 781, 2060, 784, 402, 379, 738, 2061, 783, 738, 380, 785, 2061, 2061, 785, 404, 786, 783, 2061, 786, 403, 380, 740, 2062, 785, 740, 381, 787, 2062, 2062, 787, 405, 788, 785, 2062, 788, 404, 381, 742, 2063, 787, 742, 382, 789, 2063, 2063, 789, 406, 790, 787, 2063, 790, 405, 382, 744, 2064, 789, 744, 383, 791, 2064, 2064, 791, 407, 792, 789, 2064, 792, 406, 383, 745, 2065, 791, 745, 360, 748, 2065, 2065, 748, 384, 793, 791, 2065, 793, 407, 384, 747, 2066, 796, 747, 385, 794, 2066, 2066, 794, 409, 795, 796, 2066, 795, 408, 385, 750, 2067, 794, 750, 386, 797, 2067, 2067, 797, 410, 798, 794, 2067, 798, 409, 386, 752, 2068, 797, 752, 387, 799, 2068, 2068, 799, 411, 800, 797, 2068, 800, 410, 387, 754, 2069, 799, 754, 388, 801, 2069, 2069, 801, 412, 802, 799, 2069, 802, 411, 388, 756, 2070, 801, 756, 389, 803, 2070, 2070, 803, 413, 804, 801, 2070, 804, 412, 389, 758, 2071, 803, 758, 390, 805, 2071, 2071, 805, 414, 806, 803, 2071, 806, 413, 390, 760, 2072, 805, 760, 391, 807, 2072, 2072, 807, 415, 808, 805, 2072, 808, 414, 391, 762, 2073, 807, 762, 392, 809, 2073, 2073, 809, 416, 810, 807, 2073, 810, 415, 392, 764, 2074, 809, 764, 393, 811, 2074, 2074, 811, 417, 812, 809, 2074, 812, 416, 393, 766, 2075, 811, 766, 394, 813, 2075, 2075, 813, 418, 814, 811, 2075, 814, 417, 394, 768, 2076, 813, 768, 395, 815, 2076, 2076, 815, 419, 816, 813, 2076, 816, 418, 395, 770, 2077, 815, 770, 396, 817, 2077, 2077, 817, 420, 818, 815, 2077, 818, 419, 396, 772, 2078, 817, 772, 397, 819, 2078, 2078, 819, 421, 820, 817, 2078, 820, 420, 397, 774, 2079, 819, 774, 398, 821, 2079, 2079, 821, 422, 822, 819, 2079, 822, 421, 398, 776, 2080, 821, 776, 399, 823, 2080, 2080, 823, 423, 824, 821, 2080, 824, 422, 399, 778, 2081, 823, 778, 400, 825, 2081, 2081, 825, 424, 826, 823, 2081, 826, 423, 400, 780, 2082, 825, 780, 401, 827, 2082, 2082, 827, 425, 828, 825, 2082, 828, 424, 401, 782, 2083, 827, 782, 402, 829, 2083, 2083, 829, 426, 830, 827, 2083, 830, 425, 402, 784, 2084, 829, 784, 403, 831, 2084, 2084, 831, 427, 832, 829, 2084, 832, 426, 403, 786, 2085, 831, 786, 404, 833, 2085, 2085, 833, 428, 834, 831, 2085, 834, 427, 404, 788, 2086, 833, 788, 405, 835, 2086, 2086, 835, 429, 836, 833, 2086, 836, 428, 405, 790, 2087, 835, 790, 406, 837, 2087, 2087, 837, 430, 838, 835, 2087, 838, 429, 406, 792, 2088, 837, 792, 407, 839, 2088, 2088, 839, 431, 840, 837, 2088, 840, 430, 407, 793, 2089, 839, 793, 384, 796, 2089, 2089, 796, 408, 841, 839, 2089, 841, 431, 408, 795, 2090, 844, 795, 409, 842, 2090, 2090, 842, 433, 843, 844, 2090, 843, 432, 409, 798, 2091, 842, 798, 410, 845, 2091, 2091, 845, 434, 846, 842, 2091, 846, 433, 410, 800, 2092, 845, 800, 411, 847, 2092, 2092, 847, 435, 848, 845, 2092, 848, 434, 411, 802, 2093, 847, 802, 412, 849, 2093, 2093, 849, 436, 850, 847, 2093, 850, 435, 412, 804, 2094, 849, 804, 413, 851, 2094, 2094, 851, 437, 852, 849, 2094, 852, 436, 413, 806, 2095, 851, 806, 414, 853, 2095, 2095, 853, 438, 854, 851, 2095, 854, 437, 414, 808, 2096, 853, 808, 415, 855, 2096, 2096, 855, 439, 856, 853, 2096, 856, 438, 415, 810, 2097, 855, 810, 416, 857, 2097, 2097, 857, 440, 858, 855, 2097, 858, 439, 416, 812, 2098, 857, 812, 417, 859, 2098, 2098, 859, 441, 860, 857, 2098, 860, 440, 417, 814, 2099, 859, 814, 418, 861, 2099, 2099, 861, 442, 862, 859, 2099, 862, 441, 418, 816, 2100, 861, 816, 419, 863, 2100, 2100, 863, 443, 864, 861, 2100, 864, 442, 419, 818, 2101, 863, 818, 420, 865, 2101, 2101, 865, 444, 866, 863, 2101, 866, 443, 420, 820, 2102, 865, 820, 421, 867, 2102, 2102, 867, 445, 868, 865, 2102, 868, 444, 421, 822, 2103, 867, 822, 422, 869, 2103, 2103, 869, 446, 870, 867, 2103, 870, 445, 422, 824, 2104, 869, 824, 423, 871, 2104, 2104, 871, 447, 872, 869, 2104, 872, 446, 423, 826, 2105, 871, 826, 424, 873, 2105, 2105, 873, 448, 874, 871, 2105, 874, 447, 424, 828, 2106, 873, 828, 425, 875, 2106, 2106, 875, 449, 876, 873, 2106, 876, 448, 425, 830, 2107, 875, 830, 426, 877, 2107, 2107, 877, 450, 878, 875, 2107, 878, 449, 426, 832, 2108, 877, 832, 427, 879, 2108, 2108, 879, 451, 880, 877, 2108, 880, 450, 427, 834, 2109, 879, 834, 428, 881, 2109, 2109, 881, 452, 882, 879, 2109, 882, 451, 428, 836, 2110, 881, 836, 429, 883, 2110, 2110, 883, 453, 884, 881, 2110, 884, 452, 429, 838, 2111, 883, 838, 430, 885, 2111, 2111, 885, 454, 886, 883, 2111, 886, 453, 430, 840, 2112, 885, 840, 431, 887, 2112, 2112, 887, 455, 888, 885, 2112, 888, 454, 431, 841, 2113, 887, 841, 408, 844, 2113, 2113, 844, 432, 889, 887, 2113, 889, 455, 432, 843, 2114, 892, 843, 433, 890, 2114, 2114, 890, 457, 891, 892, 2114, 891, 456, 433, 846, 2115, 890, 846, 434, 893, 2115, 2115, 893, 458, 894, 890, 2115, 894, 457, 434, 848, 2116, 893, 848, 435, 895, 2116, 2116, 895, 459, 896, 893, 2116, 896, 458, 435, 850, 2117, 895, 850, 436, 897, 2117, 2117, 897, 460, 898, 895, 2117, 898, 459, 436, 852, 2118, 897, 852, 437, 899, 2118, 2118, 899, 461, 900, 897, 2118, 900, 460, 437, 854, 2119, 899, 854, 438, 901, 2119, 2119, 901, 462, 902, 899, 2119, 902, 461, 438, 856, 2120, 901, 856, 439, 903, 2120, 2120, 903, 463, 904, 901, 2120, 904, 462, 439, 858, 2121, 903, 858, 440, 905, 2121, 2121, 905, 464, 906, 903, 2121, 906, 463, 440, 860, 2122, 905, 860, 441, 907, 2122, 2122, 907, 465, 908, 905, 2122, 908, 464, 441, 862, 2123, 907, 862, 442, 909, 2123, 2123, 909, 466, 910, 907, 2123, 910, 465, 442, 864, 2124, 909, 864, 443, 911, 2124, 2124, 911, 467, 912, 909, 2124, 912, 466, 443, 866, 2125, 911, 866, 444, 913, 2125, 2125, 913, 468, 914, 911, 2125, 914, 467, 444, 868, 2126, 913, 868, 445, 915, 2126, 2126, 915, 469, 916, 913, 2126, 916, 468, 445, 870, 2127, 915, 870, 446, 917, 2127, 2127, 917, 470, 918, 915, 2127, 918, 469, 446, 872, 2128, 917, 872, 447, 919, 2128, 2128, 919, 471, 920, 917, 2128, 920, 470, 447, 874, 2129, 919, 874, 448, 921, 2129, 2129, 921, 472, 922, 919, 2129, 922, 471, 448, 876, 2130, 921, 876, 449, 923, 2130, 2130, 923, 473, 924, 921, 2130, 924, 472, 449, 878, 2131, 923, 878, 450, 925, 2131, 2131, 925, 474, 926, 923, 2131, 926, 473, 450, 880, 2132, 925, 880, 451, 927, 2132, 2132, 927, 475, 928, 925, 2132, 928, 474, 451, 882, 2133, 927, 882, 452, 929, 2133, 2133, 929, 476, 930, 927, 2133, 930, 475, 452, 884, 2134, 929, 884, 453, 931, 2134, 2134, 931, 477, 932, 929, 2134, 932, 476, 453, 886, 2135, 931, 886, 454, 933, 2135, 2135, 933, 478, 934, 931, 2135, 934, 477, 454, 888, 2136, 933, 888, 455, 935, 2136, 2136, 935, 479, 936, 933, 2136, 936, 478, 455, 889, 2137, 935, 889, 432, 892, 2137, 2137, 892, 456, 937, 935, 2137, 937, 479, 456, 891, 2138, 940, 891, 457, 938, 2138, 2138, 938, 481, 939, 940, 2138, 939, 480, 457, 894, 2139, 938, 894, 458, 941, 2139, 2139, 941, 482, 942, 938, 2139, 942, 481, 458, 896, 2140, 941, 896, 459, 943, 2140, 2140, 943, 483, 944, 941, 2140, 944, 482, 459, 898, 2141, 943, 898, 460, 945, 2141, 2141, 945, 484, 946, 943, 2141, 946, 483, 460, 900, 2142, 945, 900, 461, 947, 2142, 2142, 947, 485, 948, 945, 2142, 948, 484, 461, 902, 2143, 947, 902, 462, 949, 2143, 2143, 949, 486, 950, 947, 2143, 950, 485, 462, 904, 2144, 949, 904, 463, 951, 2144, 2144, 951, 487, 952, 949, 2144, 952, 486, 463, 906, 2145, 951, 906, 464, 953, 2145, 2145, 953, 488, 954, 951, 2145, 954, 487, 464, 908, 2146, 953, 908, 465, 955, 2146, 2146, 955, 489, 956, 953, 2146, 956, 488, 465, 910, 2147, 955, 910, 466, 957, 2147, 2147, 957, 490, 958, 955, 2147, 958, 489, 466, 912, 2148, 957, 912, 467, 959, 2148, 2148, 959, 491, 960, 957, 2148, 960, 490, 467, 914, 2149, 959, 914, 468, 961, 2149, 2149, 961, 492, 962, 959, 2149, 962, 491, 468, 916, 2150, 961, 916, 469, 963, 2150, 2150, 963, 493, 964, 961, 2150, 964, 492, 469, 918, 2151, 963, 918, 470, 965, 2151, 2151, 965, 494, 966, 963, 2151, 966, 493, 470, 920, 2152, 965, 920, 471, 967, 2152, 2152, 967, 495, 968, 965, 2152, 968, 494, 471, 922, 2153, 967, 922, 472, 969, 2153, 2153, 969, 496, 970, 967, 2153, 970, 495, 472, 924, 2154, 969, 924, 473, 971, 2154, 2154, 971, 497, 972, 969, 2154, 972, 496, 473, 926, 2155, 971, 926, 474, 973, 2155, 2155, 973, 498, 974, 971, 2155, 974, 497, 474, 928, 2156, 973, 928, 475, 975, 2156, 2156, 975, 499, 976, 973, 2156, 976, 498, 475, 930, 2157, 975, 930, 476, 977, 2157, 2157, 977, 500, 978, 975, 2157, 978, 499, 476, 932, 2158, 977, 932, 477, 979, 2158, 2158, 979, 501, 980, 977, 2158, 980, 500, 477, 934, 2159, 979, 934, 478, 981, 2159, 2159, 981, 502, 982, 979, 2159, 982, 501, 478, 936, 2160, 981, 936, 479, 983, 2160, 2160, 983, 503, 984, 981, 2160, 984, 502, 479, 937, 2161, 983, 937, 456, 940, 2161, 2161, 940, 480, 985, 983, 2161, 985, 503, 480, 939, 2162, 988, 939, 481, 986, 2162, 2162, 986, 505, 987, 988, 2162, 987, 504, 481, 942, 2163, 986, 942, 482, 989, 2163, 2163, 989, 506, 990, 986, 2163, 990, 505, 482, 944, 2164, 989, 944, 483, 991, 2164, 2164, 991, 507, 992, 989, 2164, 992, 506, 483, 946, 2165, 991, 946, 484, 993, 2165, 2165, 993, 508, 994, 991, 2165, 994, 507, 484, 948, 2166, 993, 948, 485, 995, 2166, 2166, 995, 509, 996, 993, 2166, 996, 508, 485, 950, 2167, 995, 950, 486, 997, 2167, 2167, 997, 510, 998, 995, 2167, 998, 509, 486, 952, 2168, 997, 952, 487, 999, 2168, 2168, 999, 511, 1000, 997, 2168, 1000, 510, 487, 954, 2169, 999, 954, 488, 1001, 2169, 2169, 1001, 512, 1002, 999, 2169, 1002, 511, 488, 956, 2170, 1001, 956, 489, 1003, 2170, 2170, 1003, 513, 1004, 1001, 2170, 1004, 512, 489, 958, 2171, 1003, 958, 490, 1005, 2171, 2171, 1005, 514, 1006, 1003, 2171, 1006, 513, 490, 960, 2172, 1005, 960, 491, 1007, 2172, 2172, 1007, 515, 1008, 1005, 2172, 1008, 514, 491, 962, 2173, 1007, 962, 492, 1009, 2173, 2173, 1009, 516, 1010, 1007, 2173, 1010, 515, 492, 964, 2174, 1009, 964, 493, 1011, 2174, 2174, 1011, 517, 1012, 1009, 2174, 1012, 516, 493, 966, 2175, 1011, 966, 494, 1013, 2175, 2175, 1013, 518, 1014, 1011, 2175, 1014, 517, 494, 968, 2176, 1013, 968, 495, 1015, 2176, 2176, 1015, 519, 1016, 1013, 2176, 1016, 518, 495, 970, 2177, 1015, 970, 496, 1017, 2177, 2177, 1017, 520, 1018, 1015, 2177, 1018, 519, 496, 972, 2178, 1017, 972, 497, 1019, 2178, 2178, 1019, 521, 1020, 1017, 2178, 1020, 520, 497, 974, 2179, 1019, 974, 498, 1021, 2179, 2179, 1021, 522, 1022, 1019, 2179, 1022, 521, 498, 976, 2180, 1021, 976, 499, 1023, 2180, 2180, 1023, 523, 1024, 1021, 2180, 1024, 522, 499, 978, 2181, 1023, 978, 500, 1025, 2181, 2181, 1025, 524, 1026, 1023, 2181, 1026, 523, 500, 980, 2182, 1025, 980, 501, 1027, 2182, 2182, 1027, 525, 1028, 1025, 2182, 1028, 524, 501, 982, 2183, 1027, 982, 502, 1029, 2183, 2183, 1029, 526, 1030, 1027, 2183, 1030, 525, 502, 984, 2184, 1029, 984, 503, 1031, 2184, 2184, 1031, 527, 1032, 1029, 2184, 1032, 526, 503, 985, 2185, 1031, 985, 480, 988, 2185, 2185, 988, 504, 1033, 1031, 2185, 1033, 527, 504, 987, 2186, 1036, 987, 505, 1034, 2186, 2186, 1034, 529, 1035, 1036, 2186, 1035, 528, 505, 990, 2187, 1034, 990, 506, 1037, 2187, 2187, 1037, 530, 1038, 1034, 2187, 1038, 529, 506, 992, 2188, 1037, 992, 507, 1039, 2188, 2188, 1039, 531, 1040, 1037, 2188, 1040, 530, 507, 994, 2189, 1039, 994, 508, 1041, 2189, 2189, 1041, 532, 1042, 1039, 2189, 1042, 531, 508, 996, 2190, 1041, 996, 509, 1043, 2190, 2190, 1043, 533, 1044, 1041, 2190, 1044, 532, 509, 998, 2191, 1043, 998, 510, 1045, 2191, 2191, 1045, 534, 1046, 1043, 2191, 1046, 533, 510, 1000, 2192, 1045, 1000, 511, 1047, 2192, 2192, 1047, 535, 1048, 1045, 2192, 1048, 534, 511, 1002, 2193, 1047, 1002, 512, 1049, 2193, 2193, 1049, 536, 1050, 1047, 2193, 1050, 535, 512, 1004, 2194, 1049, 1004, 513, 1051, 2194, 2194, 1051, 537, 1052, 1049, 2194, 1052, 536, 513, 1006, 2195, 1051, 1006, 514, 1053, 2195, 2195, 1053, 538, 1054, 1051, 2195, 1054, 537, 514, 1008, 2196, 1053, 1008, 515, 1055, 2196, 2196, 1055, 539, 1056, 1053, 2196, 1056, 538, 515, 1010, 2197, 1055, 1010, 516, 1057, 2197, 2197, 1057, 540, 1058, 1055, 2197, 1058, 539, 516, 1012, 2198, 1057, 1012, 517, 1059, 2198, 2198, 1059, 541, 1060, 1057, 2198, 1060, 540, 517, 1014, 2199, 1059, 1014, 518, 1061, 2199, 2199, 1061, 542, 1062, 1059, 2199, 1062, 541, 518, 1016, 2200, 1061, 1016, 519, 1063, 2200, 2200, 1063, 543, 1064, 1061, 2200, 1064, 542, 519, 1018, 2201, 1063, 1018, 520, 1065, 2201, 2201, 1065, 544, 1066, 1063, 2201, 1066, 543, 520, 1020, 2202, 1065, 1020, 521, 1067, 2202, 2202, 1067, 545, 1068, 1065, 2202, 1068, 544, 521, 1022, 2203, 1067, 1022, 522, 1069, 2203, 2203, 1069, 546, 1070, 1067, 2203, 1070, 545, 522, 1024, 2204, 1069, 1024, 523, 1071, 2204, 2204, 1071, 547, 1072, 1069, 2204, 1072, 546, 523, 1026, 2205, 1071, 1026, 524, 1073, 2205, 2205, 1073, 548, 1074, 1071, 2205, 1074, 547, 524, 1028, 2206, 1073, 1028, 525, 1075, 2206, 2206, 1075, 549, 1076, 1073, 2206, 1076, 548, 525, 1030, 2207, 1075, 1030, 526, 1077, 2207, 2207, 1077, 550, 1078, 1075, 2207, 1078, 549, 526, 1032, 2208, 1077, 1032, 527, 1079, 2208, 2208, 1079, 551, 1080, 1077, 2208, 1080, 550, 527, 1033, 2209, 1079, 1033, 504, 1036, 2209, 2209, 1036, 528, 1081, 1079, 2209, 1081, 551, 1, 1130, 2210, 1083, 0, 1082, 2210, 1130, 552, 1083, 2210, 1082, 2, 1134, 2211, 1084, 1, 1083, 2211, 1134, 552, 1084, 2211, 1083, 3, 1137, 2212, 1085, 2, 1084, 2212, 1137, 552, 1085, 2212, 1084, 4, 1140, 2213, 1086, 3, 1085, 2213, 1140, 552, 1086, 2213, 1085, 5, 1143, 2214, 1087, 4, 1086, 2214, 1143, 552, 1087, 2214, 1086, 6, 1146, 2215, 1088, 5, 1087, 2215, 1146, 552, 1088, 2215, 1087, 7, 1149, 2216, 1089, 6, 1088, 2216, 1149, 552, 1089, 2216, 1088, 8, 1152, 2217, 1090, 7, 1089, 2217, 1152, 552, 1090, 2217, 1089, 9, 1155, 2218, 1091, 8, 1090, 2218, 1155, 552, 1091, 2218, 1090, 10, 1158, 2219, 1092, 9, 1091, 2219, 1158, 552, 1092, 2219, 1091, 11, 1161, 2220, 1093, 10, 1092, 2220, 1161, 552, 1093, 2220, 1092, 12, 1164, 2221, 1094, 11, 1093, 2221, 1164, 552, 1094, 2221, 1093, 13, 1167, 2222, 1095, 12, 1094, 2222, 1167, 552, 1095, 2222, 1094, 14, 1170, 2223, 1096, 13, 1095, 2223, 1170, 552, 1096, 2223, 1095, 15, 1173, 2224, 1097, 14, 1096, 2224, 1173, 552, 1097, 2224, 1096, 16, 1176, 2225, 1098, 15, 1097, 2225, 1176, 552, 1098, 2225, 1097, 17, 1179, 2226, 1099, 16, 1098, 2226, 1179, 552, 1099, 2226, 1098, 18, 1182, 2227, 1100, 17, 1099, 2227, 1182, 552, 1100, 2227, 1099, 19, 1185, 2228, 1101, 18, 1100, 2228, 1185, 552, 1101, 2228, 1100, 20, 1188, 2229, 1102, 19, 1101, 2229, 1188, 552, 1102, 2229, 1101, 21, 1191, 2230, 1103, 20, 1102, 2230, 1191, 552, 1103, 2230, 1102, 22, 1194, 2231, 1104, 21, 1103, 2231, 1194, 552, 1104, 2231, 1103, 23, 1197, 2232, 1105, 22, 1104, 2232, 1197, 552, 1105, 2232, 1104, 0, 1200, 2233, 1082, 23, 1105, 2233, 1200, 552, 1082, 2233, 1105, 528, 1035, 2234, 1107, 529, 1106, 2234, 1035, 553, 1107, 2234, 1106, 529, 1038, 2235, 1106, 530, 1108, 2235, 1038, 553, 1106, 2235, 1108, 530, 1040, 2236, 1108, 531, 1109, 2236, 1040, 553, 1108, 2236, 1109, 531, 1042, 2237, 1109, 532, 1110, 2237, 1042, 553, 1109, 2237, 1110, 532, 1044, 2238, 1110, 533, 1111, 2238, 1044, 553, 1110, 2238, 1111, 533, 1046, 2239, 1111, 534, 1112, 2239, 1046, 553, 1111, 2239, 1112, 534, 1048, 2240, 1112, 535, 1113, 2240, 1048, 553, 1112, 2240, 1113, 535, 1050, 2241, 1113, 536, 1114, 2241, 1050, 553, 1113, 2241, 1114, 536, 1052, 2242, 1114, 537, 1115, 2242, 1052, 553, 1114, 2242, 1115, 537, 1054, 2243, 1115, 538, 1116, 2243, 1054, 553, 1115, 2243, 1116, 538, 1056, 2244, 1116, 539, 1117, 2244, 1056, 553, 1116, 2244, 1117, 539, 1058, 2245, 1117, 540, 1118, 2245, 1058, 553, 1117, 2245, 1118, 540, 1060, 2246, 1118, 541, 1119, 2246, 1060, 553, 1118, 2246, 1119, 541, 1062, 2247, 1119, 542, 1120, 2247, 1062, 553, 1119, 2247, 1120, 542, 1064, 2248, 1120, 543, 1121, 2248, 1064, 553, 1120, 2248, 1121, 543, 1066, 2249, 1121, 544, 1122, 2249, 1066, 553, 1121, 2249, 1122, 544, 1068, 2250, 1122, 545, 1123, 2250, 1068, 553, 1122, 2250, 1123, 545, 1070, 2251, 1123, 546, 1124, 2251, 1070, 553, 1123, 2251, 1124, 546, 1072, 2252, 1124, 547, 1125, 2252, 1072, 553, 1124, 2252, 1125, 547, 1074, 2253, 1125, 548, 1126, 2253, 1074, 553, 1125, 2253, 1126, 548, 1076, 2254, 1126, 549, 1127, 2254, 1076, 553, 1126, 2254, 1127, 549, 1078, 2255, 1127, 550, 1128, 2255, 1078, 553, 1127, 2255, 1128, 550, 1080, 2256, 1128, 551, 1129, 2256, 1080, 553, 1128, 2256, 1129, 551, 1081, 2257, 1129, 528, 1107, 2257, 1081, 553, 1129, 2257, 1107]
                normal3f[] normals = [(0.14145312, -0.9892191, -0.03790345), (0.13925046, -0.98857576, -0.057682127), (0.19068481, -0.9784686, -0.07898418), (0.19968155, -0.978399, -0.053503726), (0.13925046, -0.98857576, -0.057682127), (0.12682347, -0.9892191, -0.073221445), (0.17902966, -0.978399, -0.10336286), (0.19068481, -0.9784686, -0.07898418), (0.19068481, -0.9784686, -0.07898418), (0.17902966, -0.978399, -0.10336286), (0.23040128, -0.96396065, -0.13302292), (0.2457917, -0.96396124, -0.101809695), (0.19968155, -0.978399, -0.053503726), (0.19068481, -0.9784686, -0.07898418), (0.2457917, -0.96396124, -0.101809695), (0.25697923, -0.9639609, -0.0688557), (0.12682347, -0.9892191, -0.073221445), (0.11957715, -0.988576, -0.09175471), (0.16374479, -0.9784686, -0.12564634), (0.17902966, -0.978399, -0.10336286), (0.11957715, -0.988576, -0.09175471), (0.10355087, -0.9892191, -0.10355067), (0.14617702, -0.97839904, -0.1461768), (0.16374479, -0.9784686, -0.12564634), (0.16374479, -0.9784686, -0.12564634), (0.14617702, -0.97839904, -0.1461768), (0.18812191, -0.9639608, -0.1881216), (0.21106596, -0.9639611, -0.1619569), (0.17902966, -0.978399, -0.10336286), (0.16374479, -0.9784686, -0.12564634), (0.21106596, -0.9639611, -0.1619569), (0.23040128, -0.96396065, -0.13302292), (0.10355087, -0.9892191, -0.10355067), (0.09175473, -0.9885761, -0.119576), (0.12564579, -0.9784689, -0.16374321), (0.14617702, -0.97839904, -0.1461768), (0.09175473, -0.9885761, -0.119576), (0.07322159, -0.98921907, -0.12682322), (0.10336289, -0.9783992, -0.17902827), (0.12564579, -0.9784689, -0.16374321), (0.12564579, -0.9784689, -0.16374321), (0.10336289, -0.9783992, -0.17902827), (0.13302238, -0.96396095, -0.23040064), (0.16195677, -0.9639613, -0.21106558), (0.14617702, -0.97839904, -0.1461768), (0.12564579, -0.9784689, -0.16374321), (0.16195677, -0.9639613, -0.21106558), (0.18812191, -0.9639608, -0.1881216), (0.07322159, -0.98921907, -0.12682322), (0.057679433, -0.988576, -0.13925023), (0.07898428, -0.9784688, -0.19068389), (0.10336289, -0.9783992, -0.17902827), (0.057679433, -0.988576, -0.13925023), (0.037902314, -0.98921907, -0.14145303), (0.053504497, -0.97839916, -0.19968057), (0.07898428, -0.9784688, -0.19068389), (0.07898428, -0.9784688, -0.19068389), (0.053504497, -0.97839916, -0.19968057), (0.06885735, -0.963961, -0.25697857), (0.101810284, -0.9639613, -0.24579069), (0.10336289, -0.9783992, -0.17902827), (0.07898428, -0.9784688, -0.19068389), (0.101810284, -0.9639613, -0.24579069), (0.13302238, -0.96396095, -0.23040064), (0.037902314, -0.98921907, -0.14145303), (0.019673424, -0.9885759, -0.14943397), (0.026940066, -0.97846884, -0.20462903), (0.053504497, -0.97839916, -0.19968057), (0.019673424, -0.9885759, -0.14943397), (5.2238548e-8, -0.98921907, -0.14644301), (1.5318577e-7, -0.9783991, -0.20672494), (0.026940066, -0.97846884, -0.20462903), (0.026940066, -0.97846884, -0.20462903), (1.5318577e-7, -0.9783991, -0.20672494), (1.7605093e-7, -0.96396095, -0.2660436), (0.034725662, -0.9639613, -0.26376605), (0.053504497, -0.97839916, -0.19968057), (0.026940066, -0.97846884, -0.20462903), (0.034725662, -0.9639613, -0.26376605), (0.06885735, -0.963961, -0.25697857), (5.2238548e-8, -0.98921907, -0.14644301), (-0.019673336, -0.9885759, -0.14943479), (-0.026939964, -0.9784687, -0.20462969), (1.5318577e-7, -0.9783991, -0.20672494), (-0.019673336, -0.9885759, -0.14943479), (-0.037902255, -0.98921907, -0.1414532), (-0.05350453, -0.9783991, -0.19968088), (-0.026939964, -0.9784687, -0.20462969), (-0.026939964, -0.9784687, -0.20462969), (-0.05350453, -0.9783991, -0.19968088), (-0.0688574, -0.9639608, -0.2569791), (-0.03472548, -0.96396124, -0.26376638), (1.5318577e-7, -0.9783991, -0.20672494), (-0.026939964, -0.9784687, -0.20462969), (-0.03472548, -0.96396124, -0.26376638), (1.7605093e-7, -0.96396095, -0.2660436), (-0.037902255, -0.98921907, -0.1414532), (-0.057679348, -0.9885759, -0.13925052), (-0.07898418, -0.9784688, -0.19068411), (-0.05350453, -0.9783991, -0.19968088), (-0.057679348, -0.9885759, -0.13925052), (-0.07322145, -0.989219, -0.12682351), (-0.10336278, -0.97839904, -0.17902918), (-0.07898418, -0.9784688, -0.19068411), (-0.07898418, -0.9784688, -0.19068411), (-0.10336278, -0.97839904, -0.17902918), (-0.1330223, -0.9639608, -0.23040062), (-0.10181024, -0.96396136, -0.24579099), (-0.05350453, -0.9783991, -0.19968088), (-0.07898418, -0.9784688, -0.19068411), (-0.10181024, -0.96396136, -0.24579099), (-0.0688574, -0.9639608, -0.2569791), (-0.07322145, -0.989219, -0.12682351), (-0.0917547, -0.9885761, -0.11957535), (-0.12564585, -0.9784689, -0.16374317), (-0.10336278, -0.97839904, -0.17902918), (-0.0917547, -0.9885761, -0.11957535), (-0.1035509, -0.98921925, -0.10354912), (-0.14617704, -0.97839916, -0.14617535), (-0.12564585, -0.9784689, -0.16374317), (-0.12564585, -0.9784689, -0.16374317), (-0.14617704, -0.97839916, -0.14617535), (-0.18812174, -0.96396077, -0.18812151), (-0.16195673, -0.96396136, -0.21106541), (-0.10336278, -0.97839904, -0.17902918), (-0.12564585, -0.9784689, -0.16374317), (-0.16195673, -0.96396136, -0.21106541), (-0.1330223, -0.9639608, -0.23040062), (-0.1035509, -0.98921925, -0.10354912), (-0.119577125, -0.9885761, -0.0917529), (-0.1637447, -0.9784688, -0.12564494), (-0.14617704, -0.97839916, -0.14617535), (-0.119577125, -0.9885761, -0.0917529), (-0.12682347, -0.9892193, -0.07321948), (-0.17902961, -0.9783991, -0.10336144), (-0.1637447, -0.9784688, -0.12564494), (-0.1637447, -0.9784688, -0.12564494), (-0.17902961, -0.9783991, -0.10336144), (-0.23040134, -0.96396065, -0.13302247), (-0.2110659, -0.9639611, -0.1619573), (-0.14617704, -0.97839916, -0.14617535), (-0.1637447, -0.9784688, -0.12564494), (-0.2110659, -0.9639611, -0.1619573), (-0.18812174, -0.96396077, -0.18812151), (-0.12682347, -0.9892193, -0.07321948), (-0.13925041, -0.9885759, -0.057679947), (-0.19068483, -0.9784687, -0.07898323), (-0.17902961, -0.9783991, -0.10336144), (-0.13925041, -0.9885759, -0.057679947), (-0.14145319, -0.98921895, -0.03790433), (-0.19968164, -0.978399, -0.053503644), (-0.19068483, -0.9784687, -0.07898323), (-0.19068483, -0.9784687, -0.07898323), (-0.19968164, -0.978399, -0.053503644), (-0.2569794, -0.9639609, -0.06885577), (-0.24579164, -0.96396124, -0.101809636), (-0.17902961, -0.9783991, -0.10336144), (-0.19068483, -0.9784687, -0.07898323), (-0.24579164, -0.96396124, -0.101809636), (-0.23040134, -0.96396065, -0.13302247), (-0.14145319, -0.98921895, -0.03790433), (-0.1494342, -0.988576, -0.019673198), (-0.20463002, -0.9784686, -0.026939616), (-0.19968164, -0.978399, -0.053503644), (-0.1494342, -0.988576, -0.019673198), (-0.14644308, -0.98921907, 9.865963e-7), (-0.20672558, -0.978399, 9.078986e-7), (-0.20463002, -0.9784686, -0.026939616), (-0.20463002, -0.9784686, -0.026939616), (-0.20672558, -0.978399, 9.078986e-7), (-0.26604465, -0.96396077, -7.321624e-7), (-0.26376697, -0.96396124, -0.03472495), (-0.19968164, -0.978399, -0.053503644), (-0.20463002, -0.9784686, -0.026939616), (-0.26376697, -0.96396124, -0.03472495), (-0.2569794, -0.9639609, -0.06885577), (-0.14644308, -0.98921907, 9.865963e-7), (-0.14943413, -0.98857594, 0.019674415), (-0.20463003, -0.9784686, 0.026940519), (-0.20672558, -0.978399, 9.078986e-7), (-0.14943413, -0.98857594, 0.019674415), (-0.14145316, -0.9892192, 0.037900373), (-0.19968157, -0.9783991, 0.0535018), (-0.20463003, -0.9784686, 0.026940519), (-0.20463003, -0.9784686, 0.026940519), (-0.19968157, -0.9783991, 0.0535018), (-0.25697944, -0.9639609, 0.06885505), (-0.263767, -0.96396124, 0.034724217), (-0.20672558, -0.978399, 9.078986e-7), (-0.20463003, -0.9784686, 0.026940519), (-0.263767, -0.96396124, 0.034724217), (-0.26604465, -0.96396077, -7.321624e-7), (-0.14145316, -0.9892192, 0.037900373), (-0.13925038, -0.988576, 0.057679176), (-0.19068466, -0.97846866, 0.078983165), (-0.19968157, -0.9783991, 0.0535018), (-0.13925038, -0.988576, 0.057679176), (-0.12682343, -0.989219, 0.073222846), (-0.17902957, -0.9783989, 0.10336267), (-0.19068466, -0.97846866, 0.078983165), (-0.19068466, -0.97846866, 0.078983165), (-0.17902957, -0.9783989, 0.10336267), (-0.23040132, -0.9639607, 0.13302217), (-0.2457916, -0.96396124, 0.10180959), (-0.19968157, -0.9783991, 0.0535018), (-0.19068466, -0.97846866, 0.078983165), (-0.2457916, -0.96396124, 0.10180959), (-0.25697944, -0.9639609, 0.06885505), (-0.12682343, -0.989219, 0.073222846), (-0.119577214, -0.988576, 0.0917539), (-0.16374479, -0.97846866, 0.12564492), (-0.17902957, -0.9783989, 0.10336267), (-0.119577214, -0.988576, 0.0917539), (-0.1035509, -0.98921907, 0.10355061), (-0.14617705, -0.97839904, 0.1461767), (-0.16374479, -0.97846866, 0.12564492), (-0.16374479, -0.97846866, 0.12564492), (-0.14617705, -0.97839904, 0.1461767), (-0.1881219, -0.96396077, 0.18812148), (-0.2110661, -0.96396124, 0.16195634), (-0.17902957, -0.9783989, 0.10336267), (-0.16374479, -0.97846866, 0.12564492), (-0.2110661, -0.96396124, 0.16195634), (-0.23040132, -0.9639607, 0.13302217), (-0.1035509, -0.98921907, 0.10355061), (-0.09175463, -0.98857594, 0.11957745), (-0.12564573, -0.9784687, 0.1637438), (-0.14617705, -0.97839904, 0.1461767), (-0.09175463, -0.98857594, 0.11957745), (-0.0732215, -0.98921907, 0.12682378), (-0.1033627, -0.9783991, 0.179029), (-0.12564573, -0.9784687, 0.1637438), (-0.12564573, -0.9784687, 0.1637438), (-0.1033627, -0.9783991, 0.179029), (-0.13302223, -0.96396077, 0.23040107), (-0.1619567, -0.9639614, 0.21106525), (-0.14617705, -0.97839904, 0.1461767), (-0.12564573, -0.9784687, 0.1637438), (-0.1619567, -0.9639614, 0.21106525), (-0.1881219, -0.96396077, 0.18812148), (-0.0732215, -0.98921907, 0.12682378), (-0.057679385, -0.988576, 0.13925019), (-0.078984134, -0.97846866, 0.19068423), (-0.1033627, -0.9783991, 0.179029), (-0.057679385, -0.988576, 0.13925019), (-0.03790231, -0.98921907, 0.14145298), (-0.053504508, -0.97839916, 0.19968046), (-0.078984134, -0.97846866, 0.19068423), (-0.078984134, -0.97846866, 0.19068423), (-0.053504508, -0.97839916, 0.19968046), (-0.068857394, -0.96396095, 0.25697845), (-0.10181023, -0.96396124, 0.24579129), (-0.1033627, -0.9783991, 0.179029), (-0.078984134, -0.97846866, 0.19068423), (-0.10181023, -0.96396124, 0.24579129), (-0.13302223, -0.96396077, 0.23040107), (-0.03790231, -0.98921907, 0.14145298), (-0.019673426, -0.9885759, 0.14943391), (-0.026940053, -0.97846884, 0.20462891), (-0.053504508, -0.97839916, 0.19968046), (-0.019673426, -0.9885759, 0.14943391), (-4.274061e-9, -0.98921907, 0.14644295), (-2.9515548e-10, -0.9783991, 0.2067249), (-0.026940053, -0.97846884, 0.20462891), (-0.026940053, -0.97846884, 0.20462891), (-2.9515548e-10, -0.9783991, 0.2067249), (0, -0.963961, 0.26604354), (-0.03472561, -0.96396136, 0.26376602), (-0.053504508, -0.97839916, 0.19968046), (-0.026940053, -0.97846884, 0.20462891), (-0.03472561, -0.96396136, 0.26376602), (-0.068857394, -0.96396095, 0.25697845), (-4.274061e-9, -0.98921907, 0.14644295), (0.019673329, -0.9885759, 0.14943473), (0.026939953, -0.9784687, 0.2046296), (-2.9515548e-10, -0.9783991, 0.2067249), (0.019673329, -0.9885759, 0.14943473), (0.037902266, -0.98921907, 0.14145318), (0.053504504, -0.97839916, 0.19968085), (0.026939953, -0.9784687, 0.2046296), (0.026939953, -0.9784687, 0.2046296), (0.053504504, -0.97839916, 0.19968085), (0.06885734, -0.9639608, 0.2569786), (0.034725472, -0.96396136, 0.26376596), (-2.9515548e-10, -0.9783991, 0.2067249), (0.026939953, -0.9784687, 0.2046296), (0.034725472, -0.96396136, 0.26376596), (0, -0.963961, 0.26604354), (0.037902266, -0.98921907, 0.14145318), (0.05767943, -0.988576, 0.13924967), (0.07898425, -0.97846884, 0.19068357), (0.053504504, -0.97839916, 0.19968085), (0.05767943, -0.988576, 0.13924967), (0.073221445, -0.9892191, 0.12682344), (0.10336269, -0.97839904, 0.17902899), (0.07898425, -0.97846884, 0.19068357), (0.07898425, -0.97846884, 0.19068357), (0.10336269, -0.97839904, 0.17902899), (0.13302219, -0.9639608, 0.23040105), (0.10181022, -0.96396124, 0.2457914), (0.053504504, -0.97839916, 0.19968085), (0.07898425, -0.97846884, 0.19068357), (0.10181022, -0.96396124, 0.2457914), (0.06885734, -0.9639608, 0.2569786), (0.073221445, -0.9892191, 0.12682344), (0.09175462, -0.9885759, 0.11957746), (0.12564568, -0.97846866, 0.1637448), (0.10336269, -0.97839904, 0.17902899), (0.09175462, -0.9885759, 0.11957746), (0.10355087, -0.9892191, 0.103550605), (0.14617702, -0.97839904, 0.1461767), (0.12564568, -0.97846866, 0.1637448), (0.12564568, -0.97846866, 0.1637448), (0.14617702, -0.97839904, 0.1461767), (0.18812184, -0.96396077, 0.18812181), (0.16195665, -0.96396136, 0.21106556), (0.10336269, -0.97839904, 0.17902899), (0.12564568, -0.97846866, 0.1637448), (0.16195665, -0.96396136, 0.21106556), (0.13302219, -0.9639608, 0.23040105), (0.10355087, -0.9892191, 0.103550605), (0.11957714, -0.988576, 0.09175371), (0.16374473, -0.9784687, 0.12564537), (0.14617702, -0.97839904, 0.1461767), (0.11957714, -0.988576, 0.09175371), (0.12682346, -0.9892191, 0.0732214), (0.17902954, -0.9783989, 0.10336371), (0.16374473, -0.9784687, 0.12564537), (0.16374473, -0.9784687, 0.12564537), (0.17902954, -0.9783989, 0.10336371), (0.23040116, -0.96396065, 0.13302231), (0.211066, -0.96396124, 0.16195655), (0.14617702, -0.97839904, 0.1461767), (0.16374473, -0.9784687, 0.12564537), (0.211066, -0.96396124, 0.16195655), (0.18812184, -0.96396077, 0.18812181), (0.12682346, -0.9892191, 0.0732214), (0.13925038, -0.9885759, 0.057680994), (0.19068465, -0.9784686, 0.07898414), (0.17902954, -0.9783989, 0.10336371), (0.13925038, -0.9885759, 0.057680994), (0.14145306, -0.9892192, 0.037902616), (0.19968145, -0.97839916, 0.053502746), (0.19068465, -0.9784686, 0.07898414), (0.19068465, -0.9784686, 0.07898414), (0.19968145, -0.97839916, 0.053502746), (0.25697917, -0.9639608, 0.0688571), (0.24579145, -0.9639611, 0.10181092), (0.17902954, -0.9783989, 0.10336371), (0.19068465, -0.9784686, 0.07898414), (0.24579145, -0.9639611, 0.10181092), (0.23040116, -0.96396065, 0.13302231), (0.14145306, -0.9892192, 0.037902616), (0.1494341, -0.988576, 0.019671218), (0.2046299, -0.9784686, 0.026939668), (0.19968145, -0.97839916, 0.053502746), (0.1494341, -0.988576, 0.019671218), (0.14644304, -0.9892191, -6.351729e-7), (0.20672557, -0.9783989, -9.1498225e-7), (0.2046299, -0.9784686, 0.026939668), (0.2046299, -0.9784686, 0.026939668), (0.20672557, -0.9783989, -9.1498225e-7), (0.26604456, -0.96396077, -5.242212e-9), (0.26376686, -0.9639611, 0.034725603), (0.19968145, -0.97839916, 0.053502746), (0.2046299, -0.9784686, 0.026939668), (0.26376686, -0.9639611, 0.034725603), (0.25697917, -0.9639608, 0.0688571), (0.14644304, -0.9892191, -6.351729e-7), (0.14943409, -0.988576, -0.019672496), (0.20463006, -0.9784686, -0.026940621), (0.20672557, -0.9783989, -9.1498225e-7), (0.14943409, -0.988576, -0.019672496), (0.14145312, -0.9892191, -0.03790345), (0.19968155, -0.978399, -0.053503726), (0.20463006, -0.9784686, -0.026940621), (0.20463006, -0.9784686, -0.026940621), (0.19968155, -0.978399, -0.053503726), (0.25697923, -0.9639609, -0.0688557), (0.26376683, -0.96396124, -0.03472563), (0.20672557, -0.9783989, -9.1498225e-7), (0.20463006, -0.9784686, -0.026940621), (0.26376683, -0.96396124, -0.03472563), (0.26604456, -0.96396077, -5.242212e-9), (0.25697923, -0.9639609, -0.0688557), (0.2457917, -0.96396124, -0.101809695), (0.30315363, -0.94463223, -0.12557013), (0.31694978, -0.9446325, -0.08492568), (0.2457917, -0.96396124, -0.101809695), (0.23040128, -0.96396065, -0.13302292), (0.28416944, -0.9446322, -0.16406608), (0.30315363, -0.94463223, -0.12557013), (0.30315363, -0.94463223, -0.12557013), (0.28416944, -0.9446322, -0.16406608), (0.3369269, -0.9212168, -0.19452497), (0.35943705, -0.9212159, -0.14888337), (0.31694978, -0.9446325, -0.08492568), (0.30315363, -0.94463223, -0.12557013), (0.35943705, -0.9212159, -0.14888337), (0.3757929, -0.92121685, -0.10069357), (0.23040128, -0.96396065, -0.13302292), (0.21106596, -0.9639611, -0.1619569), (0.26032385, -0.94463223, -0.19975355), (0.28416944, -0.9446322, -0.16406608), (0.21106596, -0.9639611, -0.1619569), (0.18812191, -0.9639608, -0.1881216), (0.2320235, -0.94463235, -0.23202333), (0.26032385, -0.94463223, -0.19975355), (0.26032385, -0.94463223, -0.19975355), (0.2320235, -0.94463235, -0.23202333), (0.27509952, -0.92121667, -0.2750999), (0.30865574, -0.9212158, -0.23683986), (0.28416944, -0.9446322, -0.16406608), (0.26032385, -0.94463223, -0.19975355), (0.30865574, -0.9212158, -0.23683986), (0.3369269, -0.9212168, -0.19452497), (0.18812191, -0.9639608, -0.1881216), (0.16195677, -0.9639613, -0.21106558), (0.1997535, -0.9446322, -0.2603241), (0.2320235, -0.94463235, -0.23202333), (0.16195677, -0.9639613, -0.21106558), (0.13302238, -0.96396095, -0.23040064), (0.16406545, -0.9446323, -0.2841697), (0.1997535, -0.9446322, -0.2603241), (0.1997535, -0.9446322, -0.2603241), (0.16406545, -0.9446323, -0.2841697), (0.19452493, -0.9212166, -0.3369272), (0.23683971, -0.9212158, -0.3086559), (0.2320235, -0.94463235, -0.23202333), (0.1997535, -0.9446322, -0.2603241), (0.23683971, -0.9212158, -0.3086559), (0.27509952, -0.92121667, -0.2750999), (0.13302238, -0.96396095, -0.23040064), (0.101810284, -0.9639613, -0.24579069), (0.1255704, -0.94463223, -0.3031536), (0.16406545, -0.9446323, -0.2841697), (0.101810284, -0.9639613, -0.24579069), (0.06885735, -0.963961, -0.25697857), (0.084926486, -0.94463235, -0.3169498), (0.1255704, -0.94463223, -0.3031536), (0.1255704, -0.94463223, -0.3031536), (0.084926486, -0.94463235, -0.3169498), (0.10069353, -0.9212167, -0.37579325), (0.14888377, -0.9212156, -0.35943756), (0.16406545, -0.9446323, -0.2841697), (0.1255704, -0.94463223, -0.3031536), (0.14888377, -0.9212156, -0.35943756), (0.19452493, -0.9212166, -0.3369272), (0.06885735, -0.963961, -0.25697857), (0.034725662, -0.9639613, -0.26376605), (0.04282998, -0.94463235, -0.32532343), (0.084926486, -0.94463235, -0.3169498), (0.034725662, -0.9639613, -0.26376605), (1.7605093e-7, -0.96396095, -0.2660436), (2.1616412e-7, -0.94463235, -0.3281308), (0.04282998, -0.94463235, -0.32532343), (0.04282998, -0.94463235, -0.32532343), (2.1616412e-7, -0.94463235, -0.3281308), (1.7751532e-7, -0.92121655, -0.38905028), (0.050781563, -0.92121565, -0.38572386), (0.084926486, -0.94463235, -0.3169498), (0.04282998, -0.94463235, -0.32532343), (0.050781563, -0.92121565, -0.38572386), (0.10069353, -0.9212167, -0.37579325), (1.7605093e-7, -0.96396095, -0.2660436), (-0.03472548, -0.96396124, -0.26376638), (-0.042829655, -0.94463205, -0.32532436), (2.1616412e-7, -0.94463235, -0.3281308), (-0.03472548, -0.96396124, -0.26376638), (-0.0688574, -0.9639608, -0.2569791), (-0.084926516, -0.9446323, -0.31694996), (-0.042829655, -0.94463205, -0.32532436), (-0.042829655, -0.94463205, -0.32532436), (-0.084926516, -0.9446323, -0.31694996), (-0.10069346, -0.92121685, -0.375793), (-0.05078129, -0.9212157, -0.3857239), (2.1616412e-7, -0.94463235, -0.3281308), (-0.042829655, -0.94463205, -0.32532436), (-0.05078129, -0.9212157, -0.3857239), (1.7751532e-7, -0.92121655, -0.38905028), (-0.0688574, -0.9639608, -0.2569791), (-0.10181024, -0.96396136, -0.24579099), (-0.12557045, -0.9446322, -0.3031536), (-0.084926516, -0.9446323, -0.31694996), (-0.10181024, -0.96396136, -0.24579099), (-0.1330223, -0.9639608, -0.23040062), (-0.16406544, -0.9446324, -0.28416923), (-0.12557045, -0.9446322, -0.3031536), (-0.12557045, -0.9446322, -0.3031536), (-0.16406544, -0.9446324, -0.28416923), (-0.19452482, -0.9212168, -0.33692706), (-0.14888373, -0.9212157, -0.3594374), (-0.084926516, -0.9446323, -0.31694996), (-0.12557045, -0.9446322, -0.3031536), (-0.14888373, -0.9212157, -0.3594374), (-0.10069346, -0.92121685, -0.375793), (-0.1330223, -0.9639608, -0.23040062), (-0.16195673, -0.96396136, -0.21106541), (-0.19975351, -0.94463223, -0.26032388), (-0.16406544, -0.9446324, -0.28416923), (-0.16195673, -0.96396136, -0.21106541), (-0.18812174, -0.96396077, -0.18812151), (-0.23202331, -0.94463223, -0.23202372), (-0.19975351, -0.94463223, -0.26032388), (-0.19975351, -0.94463223, -0.26032388), (-0.23202331, -0.94463223, -0.23202372), (-0.2750995, -0.9212169, -0.27509958), (-0.23683968, -0.9212159, -0.3086557), (-0.16406544, -0.9446324, -0.28416923), (-0.19975351, -0.94463223, -0.26032388), (-0.23683968, -0.9212159, -0.3086557), (-0.19452482, -0.9212168, -0.33692706), (-0.18812174, -0.96396077, -0.18812151), (-0.2110659, -0.9639611, -0.1619573), (-0.26032382, -0.94463223, -0.19975354), (-0.23202331, -0.94463223, -0.23202372), (-0.2110659, -0.9639611, -0.1619573), (-0.23040134, -0.96396065, -0.13302247), (-0.2841696, -0.94463223, -0.1640655), (-0.26032382, -0.94463223, -0.19975354), (-0.26032382, -0.94463223, -0.19975354), (-0.2841696, -0.94463223, -0.1640655), (-0.3369269, -0.9212167, -0.19452493), (-0.3086556, -0.92121595, -0.23683935), (-0.23202331, -0.94463223, -0.23202372), (-0.26032382, -0.94463223, -0.19975354), (-0.3086556, -0.92121595, -0.23683935), (-0.2750995, -0.9212169, -0.27509958), (-0.23040134, -0.96396065, -0.13302247), (-0.24579164, -0.96396124, -0.101809636), (-0.30315372, -0.94463223, -0.12557012), (-0.2841696, -0.94463223, -0.1640655), (-0.24579164, -0.96396124, -0.101809636), (-0.2569794, -0.9639609, -0.06885577), (-0.31694993, -0.94463235, -0.08492623), (-0.30315372, -0.94463223, -0.12557012), (-0.30315372, -0.94463223, -0.12557012), (-0.31694993, -0.94463235, -0.08492623), (-0.37579292, -0.9212167, -0.10069379), (-0.35943714, -0.9212157, -0.14888431), (-0.2841696, -0.94463223, -0.1640655), (-0.30315372, -0.94463223, -0.12557012), (-0.35943714, -0.9212157, -0.14888431), (-0.3369269, -0.9212167, -0.19452493), (-0.2569794, -0.9639609, -0.06885577), (-0.26376697, -0.96396124, -0.03472495), (-0.32532394, -0.94463223, -0.04282946), (-0.31694993, -0.94463235, -0.08492623), (-0.26376697, -0.96396124, -0.03472495), (-0.26604465, -0.96396077, -7.321624e-7), (-0.32813075, -0.94463235, 4.3655294e-8), (-0.32532394, -0.94463223, -0.04282946), (-0.32532394, -0.94463223, -0.04282946), (-0.32813075, -0.94463235, 4.3655294e-8), (-0.3890497, -0.9212167, 4.579894e-7), (-0.3857234, -0.92121583, -0.050781358), (-0.31694993, -0.94463235, -0.08492623), (-0.32532394, -0.94463223, -0.04282946), (-0.3857234, -0.92121583, -0.050781358), (-0.37579292, -0.9212167, -0.10069379), (-0.26604465, -0.96396077, -7.321624e-7), (-0.263767, -0.96396124, 0.034724217), (-0.32532412, -0.94463223, 0.042828344), (-0.32813075, -0.94463235, 4.3655294e-8), (-0.263767, -0.96396124, 0.034724217), (-0.25697944, -0.9639609, 0.06885505), (-0.31695023, -0.9446324, 0.08492517), (-0.32532412, -0.94463223, 0.042828344), (-0.32532412, -0.94463223, 0.042828344), (-0.31695023, -0.9446324, 0.08492517), (-0.3757931, -0.9212168, 0.10069313), (-0.38572374, -0.92121583, 0.05078094), (-0.32813075, -0.94463235, 4.3655294e-8), (-0.32532412, -0.94463223, 0.042828344), (-0.38572374, -0.92121583, 0.05078094), (-0.3890497, -0.9212167, 4.579894e-7), (-0.25697944, -0.9639609, 0.06885505), (-0.2457916, -0.96396124, 0.10180959), (-0.3031536, -0.9446321, 0.12557067), (-0.31695023, -0.9446324, 0.08492517), (-0.2457916, -0.96396124, 0.10180959), (-0.23040132, -0.9639607, 0.13302217), (-0.28416952, -0.94463223, 0.164066), (-0.3031536, -0.9446321, 0.12557067), (-0.3031536, -0.9446321, 0.12557067), (-0.28416952, -0.94463223, 0.164066), (-0.33692697, -0.9212168, 0.1945249), (-0.35943708, -0.9212158, 0.1488843), (-0.31695023, -0.9446324, 0.08492517), (-0.3031536, -0.9446321, 0.12557067), (-0.35943708, -0.9212158, 0.1488843), (-0.3757931, -0.9212168, 0.10069313), (-0.23040132, -0.9639607, 0.13302217), (-0.2110661, -0.96396124, 0.16195634), (-0.26032403, -0.9446322, 0.19975367), (-0.28416952, -0.94463223, 0.164066), (-0.2110661, -0.96396124, 0.16195634), (-0.1881219, -0.96396077, 0.18812148), (-0.23202348, -0.94463235, 0.23202328), (-0.26032403, -0.9446322, 0.19975367), (-0.26032403, -0.9446322, 0.19975367), (-0.23202348, -0.94463235, 0.23202328), (-0.27509958, -0.9212167, 0.27509975), (-0.3086557, -0.92121583, 0.23683979), (-0.28416952, -0.94463223, 0.164066), (-0.26032403, -0.9446322, 0.19975367), (-0.3086557, -0.92121583, 0.23683979), (-0.33692697, -0.9212168, 0.1945249), (-0.1881219, -0.96396077, 0.18812148), (-0.1619567, -0.9639614, 0.21106525), (-0.19975361, -0.94463223, 0.26032394), (-0.23202348, -0.94463235, 0.23202328), (-0.1619567, -0.9639614, 0.21106525), (-0.13302223, -0.96396077, 0.23040107), (-0.16406536, -0.94463223, 0.2841696), (-0.19975361, -0.94463223, 0.26032394), (-0.19975361, -0.94463223, 0.26032394), (-0.16406536, -0.94463223, 0.2841696), (-0.1945248, -0.92121685, 0.33692676), (-0.23683976, -0.9212157, 0.30865583), (-0.23202348, -0.94463235, 0.23202328), (-0.19975361, -0.94463223, 0.26032394), (-0.23683976, -0.9212157, 0.30865583), (-0.27509958, -0.9212167, 0.27509975), (-0.13302223, -0.96396077, 0.23040107), (-0.10181023, -0.96396124, 0.24579129), (-0.12557048, -0.94463223, 0.30315349), (-0.16406536, -0.94463223, 0.2841696), (-0.10181023, -0.96396124, 0.24579129), (-0.068857394, -0.96396095, 0.25697845), (-0.0849265, -0.94463235, 0.31694973), (-0.12557048, -0.94463223, 0.30315349), (-0.12557048, -0.94463223, 0.30315349), (-0.0849265, -0.94463235, 0.31694973), (-0.10069348, -0.9212167, 0.3757933), (-0.1488838, -0.9212157, 0.35943732), (-0.16406536, -0.94463223, 0.2841696), (-0.12557048, -0.94463223, 0.30315349), (-0.1488838, -0.9212157, 0.35943732), (-0.1945248, -0.92121685, 0.33692676), (-0.068857394, -0.96396095, 0.25697845), (-0.03472561, -0.96396136, 0.26376602), (-0.04282987, -0.9446322, 0.32532373), (-0.0849265, -0.94463235, 0.31694973), (-0.03472561, -0.96396136, 0.26376602), (0, -0.963961, 0.26604354), (-7.252409e-8, -0.94463235, 0.3281305), (-0.04282987, -0.9446322, 0.32532373), (-0.04282987, -0.9446322, 0.32532373), (-7.252409e-8, -0.94463235, 0.3281305), (-5.8580035e-8, -0.9212167, 0.38904998), (-0.050781555, -0.9212157, 0.3857236), (-0.0849265, -0.94463235, 0.31694973), (-0.04282987, -0.9446322, 0.32532373), (-0.050781555, -0.9212157, 0.3857236), (-0.10069348, -0.9212167, 0.3757933), (0, -0.963961, 0.26604354), (0.034725472, -0.96396136, 0.26376596), (0.042829715, -0.94463223, 0.32532385), (-7.252409e-8, -0.94463235, 0.3281305), (0.034725472, -0.96396136, 0.26376596), (0.06885734, -0.9639608, 0.2569786), (0.08492645, -0.94463223, 0.31694993), (0.042829715, -0.94463223, 0.32532385), (0.042829715, -0.94463223, 0.32532385), (0.08492645, -0.94463223, 0.31694993), (0.10069337, -0.9212166, 0.37579337), (0.050781496, -0.92121565, 0.38572383), (-7.252409e-8, -0.94463235, 0.3281305), (0.042829715, -0.94463223, 0.32532385), (0.050781496, -0.92121565, 0.38572383), (-5.8580035e-8, -0.9212167, 0.38904998), (0.06885734, -0.9639608, 0.2569786), (0.10181022, -0.96396124, 0.2457914), (0.1255703, -0.94463205, 0.3031539), (0.08492645, -0.94463223, 0.31694993), (0.10181022, -0.96396124, 0.2457914), (0.13302219, -0.9639608, 0.23040105), (0.1640653, -0.9446323, 0.2841698), (0.1255703, -0.94463205, 0.3031539), (0.1255703, -0.94463205, 0.3031539), (0.1640653, -0.9446323, 0.2841698), (0.1945248, -0.9212167, 0.33692712), (0.14888364, -0.92121565, 0.35943756), (0.08492645, -0.94463223, 0.31694993), (0.1255703, -0.94463205, 0.3031539), (0.14888364, -0.92121565, 0.35943756), (0.10069337, -0.9212166, 0.37579337), (0.13302219, -0.9639608, 0.23040105), (0.16195665, -0.96396136, 0.21106556), (0.19975357, -0.94463235, 0.2603233), (0.1640653, -0.9446323, 0.2841698), (0.16195665, -0.96396136, 0.21106556), (0.18812184, -0.96396077, 0.18812181), (0.23202342, -0.9446325, 0.23202285), (0.19975357, -0.94463235, 0.2603233), (0.19975357, -0.94463235, 0.2603233), (0.23202342, -0.9446325, 0.23202285), (0.27509952, -0.92121685, 0.27509952), (0.23683976, -0.9212158, 0.3086558), (0.1640653, -0.9446323, 0.2841698), (0.19975357, -0.94463235, 0.2603233), (0.23683976, -0.9212158, 0.3086558), (0.1945248, -0.9212167, 0.33692712), (0.18812184, -0.96396077, 0.18812181), (0.211066, -0.96396124, 0.16195655), (0.26032397, -0.94463235, 0.19975296), (0.23202342, -0.9446325, 0.23202285), (0.211066, -0.96396124, 0.16195655), (0.23040116, -0.96396065, 0.13302231), (0.28416944, -0.9446324, 0.16406512), (0.26032397, -0.94463235, 0.19975296), (0.26032397, -0.94463235, 0.19975296), (0.28416944, -0.9446324, 0.16406512), (0.3369268, -0.9212166, 0.19452555), (0.3086557, -0.9212158, 0.23683979), (0.23202342, -0.9446325, 0.23202285), (0.26032397, -0.94463235, 0.19975296), (0.3086557, -0.9212158, 0.23683979), (0.27509952, -0.92121685, 0.27509952), (0.23040116, -0.96396065, 0.13302231), (0.24579145, -0.9639611, 0.10181092), (0.3031535, -0.9446321, 0.12557085), (0.28416944, -0.9446324, 0.16406512), (0.24579145, -0.9639611, 0.10181092), (0.25697917, -0.9639608, 0.0688571), (0.31694984, -0.9446324, 0.084926136), (0.3031535, -0.9446321, 0.12557085), (0.3031535, -0.9446321, 0.12557085), (0.31694984, -0.9446324, 0.084926136), (0.37579322, -0.92121685, 0.10069262), (0.35943708, -0.92121583, 0.14888379), (0.28416944, -0.9446324, 0.16406512), (0.3031535, -0.9446321, 0.12557085), (0.35943708, -0.92121583, 0.14888379), (0.3369268, -0.9212166, 0.19452555), (0.25697917, -0.9639608, 0.0688571), (0.26376686, -0.9639611, 0.034725603), (0.32532394, -0.94463223, 0.04282885), (0.31694984, -0.9446324, 0.084926136), (0.26376686, -0.9639611, 0.034725603), (0.26604456, -0.96396077, -5.242212e-9), (0.32813063, -0.9446323, -7.0411743e-10), (0.32532394, -0.94463223, 0.04282885), (0.32532394, -0.94463223, 0.04282885), (0.32813063, -0.9446323, -7.0411743e-10), (0.38904977, -0.9212168, -1.1834356e-9), (0.38572374, -0.92121583, 0.050780922), (0.31694984, -0.9446324, 0.084926136), (0.32532394, -0.94463223, 0.04282885), (0.38572374, -0.92121583, 0.050780922), (0.37579322, -0.92121685, 0.10069262), (0.26604456, -0.96396077, -5.242212e-9), (0.26376683, -0.96396124, -0.03472563), (0.32532376, -0.94463235, -0.042829454), (0.32813063, -0.9446323, -7.0411743e-10), (0.26376683, -0.96396124, -0.03472563), (0.25697923, -0.9639609, -0.0688557), (0.31694978, -0.9446325, -0.08492568), (0.32532376, -0.94463235, -0.042829454), (0.32532376, -0.94463235, -0.042829454), (0.31694978, -0.9446325, -0.08492568), (0.3757929, -0.92121685, -0.10069357), (0.38572353, -0.9212158, -0.05078188), (0.32813063, -0.9446323, -7.0411743e-10), (0.32532376, -0.94463235, -0.042829454), (0.38572353, -0.9212158, -0.05078188), (0.38904977, -0.9212168, -1.1834356e-9), (0.3757929, -0.92121685, -0.10069357), (0.35943705, -0.9212159, -0.14888337), (0.41425568, -0.8938395, -0.17159048), (0.43310502, -0.8938413, -0.11605049), (0.35943705, -0.9212159, -0.14888337), (0.3369269, -0.9212168, -0.19452497), (0.38831124, -0.89384145, -0.22419152), (0.41425568, -0.8938395, -0.17159048), (0.41425568, -0.8938395, -0.17159048), (0.38831124, -0.89384145, -0.22419152), (0.43807435, -0.8626246, -0.25292227), (0.4673445, -0.8626214, -0.1935807), (0.43310502, -0.8938413, -0.11605049), (0.41425568, -0.8938395, -0.17159048), (0.4673445, -0.8626214, -0.1935807), (0.48860863, -0.86262435, -0.13092272), (0.3369269, -0.9212168, -0.19452497), (0.30865574, -0.9212158, -0.23683986), (0.3557295, -0.8938394, -0.27296072), (0.38831124, -0.89384145, -0.22419152), (0.30865574, -0.9212158, -0.23683986), (0.27509952, -0.92121667, -0.2750999), (0.3170548, -0.8938413, -0.31705493), (0.3557295, -0.8938394, -0.27296072), (0.3557295, -0.8938394, -0.27296072), (0.3170548, -0.8938413, -0.31705493), (0.35768625, -0.86262447, -0.35768643), (0.40131786, -0.8626215, -0.30794206), (0.38831124, -0.89384145, -0.22419152), (0.3557295, -0.8938394, -0.27296072), (0.40131786, -0.8626215, -0.30794206), (0.43807435, -0.8626246, -0.25292227), (0.27509952, -0.92121667, -0.2750999), (0.23683971, -0.9212158, -0.3086559), (0.27296084, -0.8938395, -0.35572946), (0.3170548, -0.8938413, -0.31705493), (0.23683971, -0.9212158, -0.3086559), (0.19452493, -0.9212166, -0.3369272), (0.22419171, -0.89384127, -0.3883115), (0.27296084, -0.8938395, -0.35572946), (0.27296084, -0.8938395, -0.35572946), (0.22419171, -0.89384127, -0.3883115), (0.25292245, -0.8626246, -0.43807432), (0.3079419, -0.86262137, -0.40131786), (0.3170548, -0.8938413, -0.31705493), (0.27296084, -0.8938395, -0.35572946), (0.3079419, -0.86262137, -0.40131786), (0.35768625, -0.86262447, -0.35768643), (0.19452493, -0.9212166, -0.3369272), (0.14888377, -0.9212156, -0.35943756), (0.17159048, -0.8938392, -0.41425627), (0.22419171, -0.89384127, -0.3883115), (0.14888377, -0.9212156, -0.35943756), (0.10069353, -0.9212167, -0.37579325), (0.11605027, -0.89384127, -0.43310535), (0.17159048, -0.8938392, -0.41425627), (0.17159048, -0.8938392, -0.41425627), (0.11605027, -0.89384127, -0.43310535), (0.1309222, -0.86262447, -0.4886087), (0.19358045, -0.8626214, -0.46734458), (0.22419171, -0.89384127, -0.3883115), (0.17159048, -0.8938392, -0.41425627), (0.19358045, -0.8626214, -0.46734458), (0.25292245, -0.8626246, -0.43807432), (0.10069353, -0.9212167, -0.37579325), (0.050781563, -0.92121565, -0.38572386), (0.058526244, -0.89383906, -0.44455194), (0.11605027, -0.89384127, -0.43310535), (0.050781563, -0.92121565, -0.38572386), (1.7751532e-7, -0.92121655, -0.38905028), (5.3257114e-8, -0.89384127, -0.4483836), (0.058526244, -0.89383906, -0.44455194), (0.058526244, -0.89383906, -0.44455194), (5.3257114e-8, -0.89384127, -0.4483836), (1.023791e-7, -0.8626246, -0.5058446), (0.06602674, -0.86262137, -0.50152254), (0.11605027, -0.89384127, -0.43310535), (0.058526244, -0.89383906, -0.44455194), (0.06602674, -0.86262137, -0.50152254), (0.1309222, -0.86262447, -0.4886087), (1.7751532e-7, -0.92121655, -0.38905028), (-0.05078129, -0.9212157, -0.3857239), (-0.058526013, -0.89383954, -0.44455093), (5.3257114e-8, -0.89384127, -0.4483836), (-0.05078129, -0.9212157, -0.3857239), (-0.10069346, -0.92121685, -0.375793), (-0.11605013, -0.89384145, -0.4331049), (-0.058526013, -0.89383954, -0.44455093), (-0.058526013, -0.89383954, -0.44455093), (-0.11605013, -0.89384145, -0.4331049), (-0.13092205, -0.86262447, -0.4886087), (-0.06602643, -0.8626215, -0.5015225), (5.3257114e-8, -0.89384127, -0.4483836), (-0.058526013, -0.89383954, -0.44455093), (-0.06602643, -0.8626215, -0.5015225), (1.023791e-7, -0.8626246, -0.5058446), (-0.10069346, -0.92121685, -0.375793), (-0.14888373, -0.9212157, -0.3594374), (-0.17159031, -0.89383954, -0.41425562), (-0.11605013, -0.89384145, -0.4331049), (-0.14888373, -0.9212157, -0.3594374), (-0.19452482, -0.9212168, -0.33692706), (-0.22419146, -0.8938414, -0.38831145), (-0.17159031, -0.89383954, -0.41425562), (-0.17159031, -0.89383954, -0.41425562), (-0.22419146, -0.8938414, -0.38831145), (-0.25292218, -0.86262447, -0.43807483), (-0.19358028, -0.8626215, -0.46734446), (-0.11605013, -0.89384145, -0.4331049), (-0.17159031, -0.89383954, -0.41425562), (-0.19358028, -0.8626215, -0.46734446), (-0.13092205, -0.86262447, -0.4886087), (-0.19452482, -0.9212168, -0.33692706), (-0.23683968, -0.9212159, -0.3086557), (-0.27296066, -0.8938393, -0.35573003), (-0.22419146, -0.8938414, -0.38831145), (-0.23683968, -0.9212159, -0.3086557), (-0.2750995, -0.9212169, -0.27509958), (-0.31705472, -0.89384127, -0.3170553), (-0.27296066, -0.8938393, -0.35573003), (-0.27296066, -0.8938393, -0.35573003), (-0.31705472, -0.89384127, -0.3170553), (-0.35768607, -0.86262435, -0.35768688), (-0.3079418, -0.86262125, -0.4013183), (-0.22419146, -0.8938414, -0.38831145), (-0.27296066, -0.8938393, -0.35573003), (-0.3079418, -0.86262125, -0.4013183), (-0.25292218, -0.86262447, -0.43807483), (-0.2750995, -0.9212169, -0.27509958), (-0.3086556, -0.92121595, -0.23683935), (-0.35572946, -0.8938395, -0.27296072), (-0.31705472, -0.89384127, -0.3170553), (-0.3086556, -0.92121595, -0.23683935), (-0.3369269, -0.9212167, -0.19452493), (-0.3883113, -0.89384145, -0.22419147), (-0.35572946, -0.8938395, -0.27296072), (-0.35572946, -0.8938395, -0.27296072), (-0.3883113, -0.89384145, -0.22419147), (-0.43807444, -0.8626246, -0.25292227), (-0.40131792, -0.86262125, -0.30794254), (-0.31705472, -0.89384127, -0.3170553), (-0.35572946, -0.8938395, -0.27296072), (-0.40131792, -0.86262125, -0.30794254), (-0.35768607, -0.86262435, -0.35768688), (-0.3369269, -0.9212167, -0.19452493), (-0.35943714, -0.9212157, -0.14888431), (-0.41425568, -0.89383936, -0.17159103), (-0.3883113, -0.89384145, -0.22419147), (-0.35943714, -0.9212157, -0.14888431), (-0.37579292, -0.9212167, -0.10069379), (-0.433105, -0.89384145, -0.11605044), (-0.41425568, -0.89383936, -0.17159103), (-0.41425568, -0.89383936, -0.17159103), (-0.433105, -0.89384145, -0.11605044), (-0.48860842, -0.8626247, -0.13092208), (-0.46734425, -0.86262155, -0.19358021), (-0.3883113, -0.89384145, -0.22419147), (-0.41425568, -0.89383936, -0.17159103), (-0.46734425, -0.86262155, -0.19358021), (-0.43807444, -0.8626246, -0.25292227), (-0.37579292, -0.9212167, -0.10069379), (-0.3857234, -0.92121583, -0.050781358), (-0.4445513, -0.8938394, -0.058526363), (-0.433105, -0.89384145, -0.11605044), (-0.3857234, -0.92121583, -0.050781358), (-0.3890497, -0.9212167, 4.579894e-7), (-0.4483833, -0.89384145, -2.0585912e-7), (-0.4445513, -0.8938394, -0.058526363), (-0.4445513, -0.8938394, -0.058526363), (-0.4483833, -0.89384145, -2.0585912e-7), (-0.5058446, -0.8626246, -1.6942364e-7), (-0.50152236, -0.86262155, -0.066026434), (-0.433105, -0.89384145, -0.11605044), (-0.4445513, -0.8938394, -0.058526363), (-0.50152236, -0.86262155, -0.066026434), (-0.48860842, -0.8626247, -0.13092208), (-0.3890497, -0.9212167, 4.579894e-7), (-0.38572374, -0.92121583, 0.05078094), (-0.4445511, -0.8938395, 0.058526117), (-0.4483833, -0.89384145, -2.0585912e-7), (-0.38572374, -0.92121583, 0.05078094), (-0.3757931, -0.9212168, 0.10069313), (-0.4331049, -0.8938414, 0.11605042), (-0.4445511, -0.8938395, 0.058526117), (-0.4445511, -0.8938395, 0.058526117), (-0.4331049, -0.8938414, 0.11605042), (-0.48860824, -0.86262465, 0.13092257), (-0.5015221, -0.8626216, 0.066026405), (-0.4483833, -0.89384145, -2.0585912e-7), (-0.4445511, -0.8938395, 0.058526117), (-0.5015221, -0.8626216, 0.066026405), (-0.5058446, -0.8626246, -1.6942364e-7), (-0.3757931, -0.9212168, 0.10069313), (-0.35943708, -0.9212158, 0.1488843), (-0.41425583, -0.8938393, 0.17159086), (-0.4331049, -0.8938414, 0.11605042), (-0.35943708, -0.9212158, 0.1488843), (-0.33692697, -0.9212168, 0.1945249), (-0.38831127, -0.89384145, 0.22419149), (-0.41425583, -0.8938393, 0.17159086), (-0.41425583, -0.8938393, 0.17159086), (-0.38831127, -0.89384145, 0.22419149), (-0.4380743, -0.8626246, 0.25292227), (-0.46734428, -0.8626215, 0.19358073), (-0.4331049, -0.8938414, 0.11605042), (-0.41425583, -0.8938393, 0.17159086), (-0.46734428, -0.8626215, 0.19358073), (-0.48860824, -0.86262465, 0.13092257), (-0.33692697, -0.9212168, 0.1945249), (-0.3086557, -0.92121583, 0.23683979), (-0.35572955, -0.89383954, 0.2729607), (-0.38831127, -0.89384145, 0.22419149), (-0.3086557, -0.92121583, 0.23683979), (-0.27509958, -0.9212167, 0.27509975), (-0.31705496, -0.8938413, 0.31705484), (-0.35572955, -0.89383954, 0.2729607), (-0.35572955, -0.89383954, 0.2729607), (-0.31705496, -0.8938413, 0.31705484), (-0.35768637, -0.86262465, 0.35768595), (-0.40131775, -0.86262155, 0.30794176), (-0.38831127, -0.89384145, 0.22419149), (-0.35572955, -0.89383954, 0.2729607), (-0.40131775, -0.86262155, 0.30794176), (-0.4380743, -0.8626246, 0.25292227), (-0.27509958, -0.9212167, 0.27509975), (-0.23683976, -0.9212157, 0.30865583), (-0.2729609, -0.8938394, 0.35572934), (-0.31705496, -0.8938413, 0.31705484), (-0.23683976, -0.9212157, 0.30865583), (-0.1945248, -0.92121685, 0.33692676), (-0.2241916, -0.89384145, 0.38831112), (-0.2729609, -0.8938394, 0.35572934), (-0.2729609, -0.8938394, 0.35572934), (-0.2241916, -0.89384145, 0.38831112), (-0.25292245, -0.8626246, 0.4380744), (-0.30794212, -0.8626215, 0.40131766), (-0.31705496, -0.8938413, 0.31705484), (-0.2729609, -0.8938394, 0.35572934), (-0.30794212, -0.8626215, 0.40131766), (-0.35768637, -0.86262465, 0.35768595), (-0.1945248, -0.92121685, 0.33692676), (-0.1488838, -0.9212157, 0.35943732), (-0.17159034, -0.8938393, 0.4142561), (-0.2241916, -0.89384145, 0.38831112), (-0.1488838, -0.9212157, 0.35943732), (-0.10069348, -0.9212167, 0.3757933), (-0.11605021, -0.8938413, 0.43310517), (-0.17159034, -0.8938393, 0.4142561), (-0.17159034, -0.8938393, 0.4142561), (-0.11605021, -0.8938413, 0.43310517), (-0.1309222, -0.86262465, 0.4886083), (-0.19358045, -0.86262155, 0.46734422), (-0.2241916, -0.89384145, 0.38831112), (-0.17159034, -0.8938393, 0.4142561), (-0.19358045, -0.86262155, 0.46734422), (-0.25292245, -0.8626246, 0.4380744), (-0.10069348, -0.9212167, 0.3757933), (-0.050781555, -0.9212157, 0.3857236), (-0.058526278, -0.8938394, 0.44455117), (-0.11605021, -0.8938413, 0.43310517), (-0.050781555, -0.9212157, 0.3857236), (-5.8580035e-8, -0.9212167, 0.38904998), (2.0483495e-9, -0.8938414, 0.44838345), (-0.058526278, -0.8938394, 0.44455117), (-0.058526278, -0.8938394, 0.44455117), (2.0483495e-9, -0.8938414, 0.44838345), (-2.7180262e-9, -0.86262435, 0.50584495), (-0.066026494, -0.8626214, 0.5015225), (-0.11605021, -0.8938413, 0.43310517), (-0.058526278, -0.8938394, 0.44455117), (-0.066026494, -0.8626214, 0.5015225), (-0.1309222, -0.86262465, 0.4886083), (-5.8580035e-8, -0.9212167, 0.38904998), (0.050781496, -0.92121565, 0.38572383), (0.05852618, -0.89383936, 0.44455144), (2.0483495e-9, -0.8938414, 0.44838345), (0.050781496, -0.92121565, 0.38572383), (0.10069337, -0.9212166, 0.37579337), (0.11605002, -0.8938415, 0.43310487), (0.05852618, -0.89383936, 0.44455144), (0.05852618, -0.89383936, 0.44455144), (0.11605002, -0.8938415, 0.43310487), (0.130922, -0.86262465, 0.4886083), (0.06602643, -0.8626213, 0.50152254), (2.0483495e-9, -0.8938414, 0.44838345), (0.05852618, -0.89383936, 0.44455144), (0.06602643, -0.8626213, 0.50152254), (-2.7180262e-9, -0.86262435, 0.50584495), (0.10069337, -0.9212166, 0.37579337), (0.14888364, -0.92121565, 0.35943756), (0.17159025, -0.89383954, 0.41425544), (0.11605002, -0.8938415, 0.43310487), (0.14888364, -0.92121565, 0.35943756), (0.1945248, -0.9212167, 0.33692712), (0.22419149, -0.8938414, 0.38831136), (0.17159025, -0.89383954, 0.41425544), (0.17159025, -0.89383954, 0.41425544), (0.22419149, -0.8938414, 0.38831136), (0.25292206, -0.8626246, 0.43807447), (0.1935802, -0.8626215, 0.46734437), (0.11605002, -0.8938415, 0.43310487), (0.17159025, -0.89383954, 0.41425544), (0.1935802, -0.8626215, 0.46734437), (0.130922, -0.86262465, 0.4886083), (0.1945248, -0.9212167, 0.33692712), (0.23683976, -0.9212158, 0.3086558), (0.27296063, -0.89383936, 0.35572982), (0.22419149, -0.8938414, 0.38831136), (0.23683976, -0.9212158, 0.3086558), (0.27509952, -0.92121685, 0.27509952), (0.3170547, -0.89384145, 0.317055), (0.27296063, -0.89383936, 0.35572982), (0.27296063, -0.89383936, 0.35572982), (0.3170547, -0.89384145, 0.317055), (0.3576862, -0.8626246, 0.35768598), (0.3079418, -0.8626216, 0.40131754), (0.22419149, -0.8938414, 0.38831136), (0.27296063, -0.89383936, 0.35572982), (0.3079418, -0.8626216, 0.40131754), (0.25292206, -0.8626246, 0.43807447), (0.27509952, -0.92121685, 0.27509952), (0.3086557, -0.9212158, 0.23683979), (0.3557295, -0.8938394, 0.27296096), (0.3170547, -0.89384145, 0.317055), (0.3086557, -0.9212158, 0.23683979), (0.3369268, -0.9212166, 0.19452555), (0.38831136, -0.8938412, 0.22419201), (0.3557295, -0.8938394, 0.27296096), (0.3557295, -0.8938394, 0.27296096), (0.38831136, -0.8938412, 0.22419201), (0.4380741, -0.8626246, 0.25292256), (0.40131754, -0.8626214, 0.30794212), (0.3170547, -0.89384145, 0.317055), (0.3557295, -0.8938394, 0.27296096), (0.40131754, -0.8626214, 0.30794212), (0.3576862, -0.8626246, 0.35768598), (0.3369268, -0.9212166, 0.19452555), (0.35943708, -0.92121583, 0.14888379), (0.41425583, -0.89383936, 0.17159048), (0.38831136, -0.8938412, 0.22419201), (0.35943708, -0.92121583, 0.14888379), (0.37579322, -0.92121685, 0.10069262), (0.4331052, -0.8938414, 0.11604986), (0.41425583, -0.89383936, 0.17159048), (0.41425583, -0.89383936, 0.17159048), (0.4331052, -0.8938414, 0.11604986), (0.4886083, -0.86262465, 0.13092215), (0.4673442, -0.86262167, 0.1935805), (0.38831136, -0.8938412, 0.22419201), (0.41425583, -0.89383936, 0.17159048), (0.4673442, -0.86262167, 0.1935805), (0.4380741, -0.8626246, 0.25292256), (0.37579322, -0.92121685, 0.10069262), (0.38572374, -0.92121583, 0.050780922), (0.44455138, -0.89383936, 0.05852615), (0.4331052, -0.8938414, 0.11604986), (0.38572374, -0.92121583, 0.050780922), (0.38904977, -0.9212168, -1.1834356e-9), (0.4483834, -0.8938413, -9.217576e-9), (0.44455138, -0.89383936, 0.05852615), (0.44455138, -0.89383936, 0.05852615), (0.4483834, -0.8938413, -9.217576e-9), (0.5058448, -0.86262465, -8.154083e-9), (0.5015224, -0.8626215, 0.06602644), (0.4331052, -0.8938414, 0.11604986), (0.44455138, -0.89383936, 0.05852615), (0.5015224, -0.8626215, 0.06602644), (0.4886083, -0.86262465, 0.13092215), (0.38904977, -0.9212168, -1.1834356e-9), (0.38572353, -0.9212158, -0.05078188), (0.44455138, -0.8938393, -0.05852657), (0.4483834, -0.8938413, -9.217576e-9), (0.38572353, -0.9212158, -0.05078188), (0.3757929, -0.92121685, -0.10069357), (0.43310502, -0.8938413, -0.11605049), (0.44455138, -0.8938393, -0.05852657), (0.44455138, -0.8938393, -0.05852657), (0.43310502, -0.8938413, -0.11605049), (0.48860863, -0.86262435, -0.13092272), (0.5015225, -0.8626214, -0.06602667), (0.4483834, -0.8938413, -9.217576e-9), (0.44455138, -0.8938393, -0.05852657), (0.5015225, -0.8626214, -0.06602667), (0.5058448, -0.86262465, -8.154083e-9), (0.48860863, -0.86262435, -0.13092272), (0.4673445, -0.8626214, -0.1935807), (0.5184208, -0.8277246, -0.21473733), (0.5420084, -0.8277286, -0.14523143), (0.4673445, -0.8626214, -0.1935807), (0.43807435, -0.8626246, -0.25292227), (0.48595154, -0.82772875, -0.28056413), (0.5184208, -0.8277246, -0.21473733), (0.5184208, -0.8277246, -0.21473733), (0.48595154, -0.82772875, -0.28056413), (0.53174, -0.7893057, -0.30700004), (0.5672686, -0.7893005, -0.23497067), (0.5420084, -0.8277286, -0.14523143), (0.5184208, -0.8277246, -0.21473733), (0.5672686, -0.7893005, -0.23497067), (0.5930786, -0.78930575, -0.15891558), (0.43807435, -0.8626246, -0.25292227), (0.40131786, -0.8626215, -0.30794206), (0.44517818, -0.82772446, -0.34159723), (0.48595154, -0.82772875, -0.28056413), (0.40131786, -0.8626215, -0.30794206), (0.35768625, -0.86262447, -0.35768643), (0.3967776, -0.8277287, -0.39677808), (0.44517818, -0.82772446, -0.34159723), (0.44517818, -0.82772446, -0.34159723), (0.3967776, -0.8277287, -0.39677808), (0.4341639, -0.7893056, -0.4341641), (0.48712495, -0.7893003, -0.3737838), (0.48595154, -0.82772875, -0.28056413), (0.44517818, -0.82772446, -0.34159723), (0.48712495, -0.7893003, -0.3737838), (0.53174, -0.7893057, -0.30700004), (0.35768625, -0.86262447, -0.35768643), (0.3079419, -0.86262137, -0.40131786), (0.34159702, -0.8277244, -0.44517842), (0.3967776, -0.8277287, -0.39677808), (0.3079419, -0.86262137, -0.40131786), (0.25292245, -0.8626246, -0.43807432), (0.28056437, -0.8277285, -0.48595175), (0.34159702, -0.8277244, -0.44517842), (0.34159702, -0.8277244, -0.44517842), (0.28056437, -0.8277285, -0.48595175), (0.30700043, -0.7893053, -0.53174037), (0.37378383, -0.7893003, -0.48712498), (0.3967776, -0.8277287, -0.39677808), (0.34159702, -0.8277244, -0.44517842), (0.37378383, -0.7893003, -0.48712498), (0.4341639, -0.7893056, -0.4341641), (0.25292245, -0.8626246, -0.43807432), (0.19358045, -0.8626214, -0.46734458), (0.21473698, -0.8277244, -0.5184211), (0.28056437, -0.8277285, -0.48595175), (0.19358045, -0.8626214, -0.46734458), (0.1309222, -0.86262447, -0.4886087), (0.14523062, -0.82772875, -0.54200864), (0.21473698, -0.8277244, -0.5184211), (0.21473698, -0.8277244, -0.5184211), (0.14523062, -0.82772875, -0.54200864), (0.15891504, -0.78930575, -0.59307885), (0.23497057, -0.78930026, -0.56726885), (0.28056437, -0.8277285, -0.48595175), (0.21473698, -0.8277244, -0.5184211), (0.23497057, -0.78930026, -0.56726885), (0.30700043, -0.7893053, -0.53174037), (0.1309222, -0.86262447, -0.4886087), (0.06602674, -0.86262137, -0.50152254), (0.07324276, -0.82772464, -0.55633396), (0.14523062, -0.82772875, -0.54200864), (0.06602674, -0.86262137, -0.50152254), (1.023791e-7, -0.8626246, -0.5058446), (1.6877142e-7, -0.82772887, -0.5611283), (0.07324276, -0.82772464, -0.55633396), (0.07324276, -0.82772464, -0.55633396), (1.6877142e-7, -0.82772887, -0.5611283), (2.2467559e-7, -0.7893054, -0.6140008), (0.08014416, -0.7893003, -0.6087545), (0.14523062, -0.82772875, -0.54200864), (0.07324276, -0.82772464, -0.55633396), (0.08014416, -0.7893003, -0.6087545), (0.15891504, -0.78930575, -0.59307885), (1.023791e-7, -0.8626246, -0.5058446), (-0.06602643, -0.8626215, -0.5015225), (-0.07324256, -0.82772434, -0.55633444), (1.6877142e-7, -0.82772887, -0.5611283), (-0.06602643, -0.8626215, -0.5015225), (-0.13092205, -0.86262447, -0.4886087), (-0.14523052, -0.82772857, -0.5420089), (-0.07324256, -0.82772434, -0.55633444), (-0.07324256, -0.82772434, -0.55633444), (-0.14523052, -0.82772857, -0.5420089), (-0.15891495, -0.7893057, -0.59307885), (-0.08014404, -0.7893003, -0.60875434), (1.6877142e-7, -0.82772887, -0.5611283), (-0.07324256, -0.82772434, -0.55633444), (-0.08014404, -0.7893003, -0.60875434), (2.2467559e-7, -0.7893054, -0.6140008), (-0.13092205, -0.86262447, -0.4886087), (-0.19358028, -0.8626215, -0.46734446), (-0.21473667, -0.8277245, -0.518421), (-0.14523052, -0.82772857, -0.5420089), (-0.19358028, -0.8626215, -0.46734446), (-0.25292218, -0.86262447, -0.43807483), (-0.2805639, -0.8277286, -0.48595202), (-0.21473667, -0.8277245, -0.518421), (-0.21473667, -0.8277245, -0.518421), (-0.2805639, -0.8277286, -0.48595202), (-0.30699998, -0.7893057, -0.5317401), (-0.23497015, -0.78930056, -0.56726867), (-0.14523052, -0.82772857, -0.5420089), (-0.21473667, -0.8277245, -0.518421), (-0.23497015, -0.78930056, -0.56726867), (-0.15891495, -0.7893057, -0.59307885), (-0.25292218, -0.86262447, -0.43807483), (-0.3079418, -0.86262125, -0.4013183), (-0.34159696, -0.8277245, -0.4451781), (-0.2805639, -0.8277286, -0.48595202), (-0.3079418, -0.86262125, -0.4013183), (-0.35768607, -0.86262435, -0.35768688), (-0.3967777, -0.8277287, -0.39677796), (-0.34159696, -0.8277245, -0.4451781), (-0.34159696, -0.8277245, -0.4451781), (-0.3967777, -0.8277287, -0.39677796), (-0.43416387, -0.7893056, -0.43416384), (-0.37378386, -0.7893004, -0.4871247), (-0.2805639, -0.8277286, -0.48595202), (-0.34159696, -0.8277245, -0.4451781), (-0.37378386, -0.7893004, -0.4871247), (-0.30699998, -0.7893057, -0.5317401), (-0.35768607, -0.86262435, -0.35768688), (-0.40131792, -0.86262125, -0.30794254), (-0.44517806, -0.82772434, -0.34159774), (-0.3967777, -0.8277287, -0.39677796), (-0.40131792, -0.86262125, -0.30794254), (-0.43807444, -0.8626246, -0.25292227), (-0.48595148, -0.8277287, -0.2805644), (-0.44517806, -0.82772434, -0.34159774), (-0.44517806, -0.82772434, -0.34159774), (-0.48595148, -0.8277287, -0.2805644), (-0.5317399, -0.78930587, -0.30699998), (-0.4871247, -0.78930044, -0.37378395), (-0.3967777, -0.8277287, -0.39677796), (-0.44517806, -0.82772434, -0.34159774), (-0.4871247, -0.78930044, -0.37378395), (-0.43416387, -0.7893056, -0.43416384), (-0.43807444, -0.8626246, -0.25292227), (-0.46734425, -0.86262155, -0.19358021), (-0.5184206, -0.82772464, -0.21473703), (-0.48595148, -0.8277287, -0.2805644), (-0.46734425, -0.86262155, -0.19358021), (-0.48860842, -0.8626247, -0.13092208), (-0.5420083, -0.82772887, -0.14523068), (-0.5184206, -0.82772464, -0.21473703), (-0.5184206, -0.82772464, -0.21473703), (-0.5420083, -0.82772887, -0.14523068), (-0.59307903, -0.7893056, -0.15891504), (-0.5672686, -0.7893004, -0.23497045), (-0.48595148, -0.8277287, -0.2805644), (-0.5184206, -0.82772464, -0.21473703), (-0.5672686, -0.7893004, -0.23497045), (-0.5317399, -0.78930587, -0.30699998), (-0.48860842, -0.8626247, -0.13092208), (-0.50152236, -0.86262155, -0.066026434), (-0.55633384, -0.82772475, -0.07324245), (-0.5420083, -0.82772887, -0.14523068), (-0.50152236, -0.86262155, -0.066026434), (-0.5058446, -0.8626246, -1.6942364e-7), (-0.56112814, -0.82772887, 2.4459608e-9), (-0.55633384, -0.82772475, -0.07324245), (-0.55633384, -0.82772475, -0.07324245), (-0.56112814, -0.82772887, 2.4459608e-9), (-0.6140002, -0.7893058, -1.517675e-7), (-0.6087542, -0.78930044, -0.080143966), (-0.5420083, -0.82772887, -0.14523068), (-0.55633384, -0.82772475, -0.07324245), (-0.6087542, -0.78930044, -0.080143966), (-0.59307903, -0.7893056, -0.15891504), (-0.5058446, -0.8626246, -1.6942364e-7), (-0.5015221, -0.8626216, 0.066026405), (-0.55633384, -0.82772464, 0.073242255), (-0.56112814, -0.82772887, 2.4459608e-9), (-0.5015221, -0.8626216, 0.066026405), (-0.48860824, -0.86262465, 0.13092257), (-0.5420081, -0.82772887, 0.14523059), (-0.55633384, -0.82772464, 0.073242255), (-0.55633384, -0.82772464, 0.073242255), (-0.5420081, -0.82772887, 0.14523059), (-0.59307915, -0.78930545, 0.15891474), (-0.6087543, -0.7893005, 0.08014367), (-0.56112814, -0.82772887, 2.4459608e-9), (-0.55633384, -0.82772464, 0.073242255), (-0.6087543, -0.7893005, 0.08014367), (-0.6140002, -0.7893058, -1.517675e-7), (-0.48860824, -0.86262465, 0.13092257), (-0.46734428, -0.8626215, 0.19358073), (-0.5184202, -0.8277249, 0.21473716), (-0.5420081, -0.82772887, 0.14523059), (-0.46734428, -0.8626215, 0.19358073), (-0.4380743, -0.8626246, 0.25292227), (-0.4859512, -0.82772905, 0.2805641), (-0.5184202, -0.8277249, 0.21473716), (-0.5184202, -0.8277249, 0.21473716), (-0.4859512, -0.82772905, 0.2805641), (-0.5317399, -0.7893058, 0.30700022), (-0.56726867, -0.78930044, 0.23497061), (-0.5420081, -0.82772887, 0.14523059), (-0.5184202, -0.8277249, 0.21473716), (-0.56726867, -0.78930044, 0.23497061), (-0.59307915, -0.78930545, 0.15891474), (-0.4380743, -0.8626246, 0.25292227), (-0.40131775, -0.86262155, 0.30794176), (-0.44517773, -0.8277247, 0.34159687), (-0.4859512, -0.82772905, 0.2805641), (-0.40131775, -0.86262155, 0.30794176), (-0.35768637, -0.86262465, 0.35768595), (-0.39677757, -0.827729, 0.39677748), (-0.44517773, -0.8277247, 0.34159687), (-0.44517773, -0.8277247, 0.34159687), (-0.39677757, -0.827729, 0.39677748), (-0.43416396, -0.78930557, 0.4341639), (-0.48712465, -0.7893004, 0.37378386), (-0.4859512, -0.82772905, 0.2805641), (-0.44517773, -0.8277247, 0.34159687), (-0.48712465, -0.7893004, 0.37378386), (-0.5317399, -0.7893058, 0.30700022), (-0.35768637, -0.86262465, 0.35768595), (-0.30794212, -0.8626215, 0.40131766), (-0.34159708, -0.8277245, 0.44517806), (-0.39677757, -0.827729, 0.39677748), (-0.30794212, -0.8626215, 0.40131766), (-0.25292245, -0.8626246, 0.4380744), (-0.28056422, -0.82772857, 0.48595175), (-0.34159708, -0.8277245, 0.44517806), (-0.34159708, -0.8277245, 0.44517806), (-0.28056422, -0.82772857, 0.48595175), (-0.30700034, -0.7893057, 0.5317399), (-0.37378404, -0.7893004, 0.48712462), (-0.39677757, -0.827729, 0.39677748), (-0.34159708, -0.8277245, 0.44517806), (-0.37378404, -0.7893004, 0.48712462), (-0.43416396, -0.78930557, 0.4341639), (-0.25292245, -0.8626246, 0.4380744), (-0.19358045, -0.86262155, 0.46734422), (-0.2147368, -0.8277245, 0.5184209), (-0.28056422, -0.82772857, 0.48595175), (-0.19358045, -0.86262155, 0.46734422), (-0.1309222, -0.86262465, 0.4886083), (-0.1452306, -0.8277288, 0.5420084), (-0.2147368, -0.8277245, 0.5184209), (-0.2147368, -0.8277245, 0.5184209), (-0.1452306, -0.8277288, 0.5420084), (-0.15891503, -0.7893057, 0.59307885), (-0.23497027, -0.7893004, 0.56726867), (-0.28056422, -0.82772857, 0.48595175), (-0.2147368, -0.8277245, 0.5184209), (-0.23497027, -0.7893004, 0.56726867), (-0.30700034, -0.7893057, 0.5317399), (-0.1309222, -0.86262465, 0.4886083), (-0.066026494, -0.8626214, 0.5015225), (-0.07324266, -0.8277247, 0.55633396), (-0.1452306, -0.8277288, 0.5420084), (-0.066026494, -0.8626214, 0.5015225), (-2.7180262e-9, -0.86262435, 0.50584495), (8.153202e-10, -0.8277288, 0.56112826), (-0.07324266, -0.8277247, 0.55633396), (-0.07324266, -0.8277247, 0.55633396), (8.153202e-10, -0.8277288, 0.56112826), (7.439583e-10, -0.7893058, 0.6140002), (-0.08014401, -0.78930044, 0.60875416), (-0.1452306, -0.8277288, 0.5420084), (-0.07324266, -0.8277247, 0.55633396), (-0.08014401, -0.78930044, 0.60875416), (-0.15891503, -0.7893057, 0.59307885), (-2.7180262e-9, -0.86262435, 0.50584495), (0.06602643, -0.8626213, 0.50152254), (0.07324251, -0.82772475, 0.55633366), (8.153202e-10, -0.8277288, 0.56112826), (0.06602643, -0.8626213, 0.50152254), (0.130922, -0.86262465, 0.4886083), (0.14523047, -0.82772887, 0.5420083), (0.07324251, -0.82772475, 0.55633366), (0.07324251, -0.82772475, 0.55633366), (0.14523047, -0.82772887, 0.5420083), (0.15891497, -0.7893057, 0.59307885), (0.08014382, -0.78930056, 0.6087541), (8.153202e-10, -0.8277288, 0.56112826), (0.07324251, -0.82772475, 0.55633366), (0.08014382, -0.78930056, 0.6087541), (7.439583e-10, -0.7893058, 0.6140002), (0.130922, -0.86262465, 0.4886083), (0.1935802, -0.8626215, 0.46734437), (0.2147368, -0.82772446, 0.51842093), (0.14523047, -0.82772887, 0.5420083), (0.1935802, -0.8626215, 0.46734437), (0.25292206, -0.8626246, 0.43807447), (0.280564, -0.82772887, 0.48595127), (0.2147368, -0.82772446, 0.51842093), (0.2147368, -0.82772446, 0.51842093), (0.280564, -0.82772887, 0.48595127), (0.30700016, -0.7893059, 0.5317397), (0.23497044, -0.78930056, 0.5672685), (0.14523047, -0.82772887, 0.5420083), (0.2147368, -0.82772446, 0.51842093), (0.23497044, -0.78930056, 0.5672685), (0.15891497, -0.7893057, 0.59307885), (0.25292206, -0.8626246, 0.43807447), (0.3079418, -0.8626216, 0.40131754), (0.34159675, -0.82772464, 0.44517797), (0.280564, -0.82772887, 0.48595127), (0.3079418, -0.8626216, 0.40131754), (0.3576862, -0.8626246, 0.35768598), (0.39677733, -0.82772887, 0.39677802), (0.34159675, -0.82772464, 0.44517797), (0.34159675, -0.82772464, 0.44517797), (0.39677733, -0.82772887, 0.39677802), (0.43416357, -0.7893057, 0.43416414), (0.37378362, -0.78930044, 0.48712486), (0.280564, -0.82772887, 0.48595127), (0.34159675, -0.82772464, 0.44517797), (0.37378362, -0.78930044, 0.48712486), (0.30700016, -0.7893059, 0.5317397), (0.3576862, -0.8626246, 0.35768598), (0.40131754, -0.8626214, 0.30794212), (0.44517747, -0.82772475, 0.34159732), (0.39677733, -0.82772887, 0.39677802), (0.40131754, -0.8626214, 0.30794212), (0.4380741, -0.8626246, 0.25292256), (0.48595092, -0.827729, 0.28056428), (0.44517747, -0.82772475, 0.34159732), (0.44517747, -0.82772475, 0.34159732), (0.48595092, -0.827729, 0.28056428), (0.5317401, -0.78930575, 0.30700007), (0.48712468, -0.7893005, 0.37378386), (0.39677733, -0.82772887, 0.39677802), (0.44517747, -0.82772475, 0.34159732), (0.48712468, -0.7893005, 0.37378386), (0.43416357, -0.7893057, 0.43416414), (0.4380741, -0.8626246, 0.25292256), (0.4673442, -0.86262167, 0.1935805), (0.5184202, -0.8277248, 0.21473724), (0.48595092, -0.827729, 0.28056428), (0.4673442, -0.86262167, 0.1935805), (0.4886083, -0.86262465, 0.13092215), (0.5420081, -0.827729, 0.14523089), (0.5184202, -0.8277248, 0.21473724), (0.5184202, -0.8277248, 0.21473724), (0.5420081, -0.827729, 0.14523089), (0.5930789, -0.7893057, 0.15891504), (0.5672688, -0.7893003, 0.23497058), (0.48595092, -0.827729, 0.28056428), (0.5184202, -0.8277248, 0.21473724), (0.5672688, -0.7893003, 0.23497058), (0.5317401, -0.78930575, 0.30700007), (0.4886083, -0.86262465, 0.13092215), (0.5015224, -0.8626215, 0.06602644), (0.55633366, -0.8277248, 0.073242396), (0.5420081, -0.827729, 0.14523089), (0.5015224, -0.8626215, 0.06602644), (0.5058448, -0.86262465, -8.154083e-9), (0.561128, -0.82772905, -1.7203257e-7), (0.55633366, -0.8277248, 0.073242396), (0.55633366, -0.8277248, 0.073242396), (0.561128, -0.82772905, -1.7203257e-7), (0.6139999, -0.7893061, -3.01303e-7), (0.6087538, -0.78930074, 0.0801439), (0.5420081, -0.827729, 0.14523089), (0.55633366, -0.8277248, 0.073242396), (0.6087538, -0.78930074, 0.0801439), (0.5930789, -0.7893057, 0.15891504), (0.5058448, -0.86262465, -8.154083e-9), (0.5015225, -0.8626214, -0.06602667), (0.5563338, -0.8277247, -0.073243126), (0.561128, -0.82772905, -1.7203257e-7), (0.5015225, -0.8626214, -0.06602667), (0.48860863, -0.86262435, -0.13092272), (0.5420084, -0.8277286, -0.14523143), (0.5563338, -0.8277247, -0.073243126), (0.5563338, -0.8277247, -0.073243126), (0.5420084, -0.8277286, -0.14523143), (0.5930786, -0.78930575, -0.15891558), (0.608754, -0.7893006, -0.0801447), (0.561128, -0.82772905, -1.7203257e-7), (0.5563338, -0.8277247, -0.073243126), (0.608754, -0.7893006, -0.0801447), (0.6139999, -0.7893061, -3.01303e-7), (0.5930786, -0.78930575, -0.15891558), (0.5672686, -0.7893005, -0.23497067), (0.61365694, -0.74753934, -0.2541852), (0.64157796, -0.7475456, -0.17191078), (0.5672686, -0.7893005, -0.23497067), (0.53174, -0.7893057, -0.30700004), (0.57522297, -0.74754584, -0.33210504), (0.61365694, -0.74753934, -0.2541852), (0.61365694, -0.74753934, -0.2541852), (0.57522297, -0.74754584, -0.33210504), (0.61622673, -0.70262796, -0.35577878), (0.6573999, -0.7026208, -0.272304), (0.64157796, -0.7475456, -0.17191078), (0.61365694, -0.74753934, -0.2541852), (0.6573999, -0.7026208, -0.272304), (0.6873113, -0.70262814, -0.18416512), (0.53174, -0.7893057, -0.30700004), (0.48712495, -0.7893003, -0.3737838), (0.52695924, -0.74753934, -0.4043499), (0.57522297, -0.74754584, -0.33210504), (0.48712495, -0.7893003, -0.3737838), (0.4341639, -0.7893056, -0.4341641), (0.46966794, -0.74754554, -0.46966767), (0.52695924, -0.74753934, -0.4043499), (0.52695924, -0.74753934, -0.4043499), (0.46966794, -0.74754554, -0.46966767), (0.503147, -0.702628, -0.50314707), (0.5645221, -0.7026208, -0.43317315), (0.57522297, -0.74754584, -0.33210504), (0.52695924, -0.74753934, -0.4043499), (0.5645221, -0.7026208, -0.43317315), (0.61622673, -0.70262796, -0.35577878), (0.4341639, -0.7893056, -0.4341641), (0.37378383, -0.7893003, -0.48712498), (0.4043501, -0.7475393, -0.52695924), (0.46966794, -0.74754554, -0.46966767), (0.37378383, -0.7893003, -0.48712498), (0.30700043, -0.7893053, -0.53174037), (0.3321054, -0.7475459, -0.57522273), (0.4043501, -0.7475393, -0.52695924), (0.4043501, -0.7475393, -0.52695924), (0.3321054, -0.7475459, -0.57522273), (0.35577878, -0.7026281, -0.6162266), (0.43317306, -0.70262074, -0.5645221), (0.46966794, -0.74754554, -0.46966767), (0.4043501, -0.7475393, -0.52695924), (0.43317306, -0.70262074, -0.5645221), (0.503147, -0.702628, -0.50314707), (0.30700043, -0.7893053, -0.53174037), (0.23497057, -0.78930026, -0.56726885), (0.2541852, -0.7475397, -0.6136565), (0.3321054, -0.7475459, -0.57522273), (0.23497057, -0.78930026, -0.56726885), (0.15891504, -0.78930575, -0.59307885), (0.1719102, -0.74754596, -0.64157766), (0.2541852, -0.7475397, -0.6136565), (0.2541852, -0.7475397, -0.6136565), (0.1719102, -0.74754596, -0.64157766), (0.18416445, -0.7026282, -0.6873114), (0.2723042, -0.70262086, -0.6573998), (0.3321054, -0.7475459, -0.57522273), (0.2541852, -0.7475397, -0.6136565), (0.2723042, -0.70262086, -0.6573998), (0.35577878, -0.7026281, -0.6162266), (0.15891504, -0.78930575, -0.59307885), (0.08014416, -0.7893003, -0.6087545), (0.086698025, -0.7475393, -0.6585352), (0.1719102, -0.74754596, -0.64157766), (0.08014416, -0.7893003, -0.6087545), (2.2467559e-7, -0.7893054, -0.6140008), (4.14777e-7, -0.74754566, -0.6642105), (0.086698025, -0.7475393, -0.6585352), (0.086698025, -0.7475393, -0.6585352), (4.14777e-7, -0.74754566, -0.6642105), (5.1596237e-7, -0.7026283, -0.71155703), (0.092877954, -0.7026211, -0.70547664), (0.1719102, -0.74754596, -0.64157766), (0.086698025, -0.7475393, -0.6585352), (0.092877954, -0.7026211, -0.70547664), (0.18416445, -0.7026282, -0.6873114), (2.2467559e-7, -0.7893054, -0.6140008), (-0.08014404, -0.7893003, -0.60875434), (-0.08669782, -0.7475396, -0.6585349), (4.14777e-7, -0.74754566, -0.6642105), (-0.08014404, -0.7893003, -0.60875434), (-0.15891495, -0.7893057, -0.59307885), (-0.17191014, -0.7475458, -0.64157796), (-0.08669782, -0.7475396, -0.6585349), (-0.08669782, -0.7475396, -0.6585349), (-0.17191014, -0.7475458, -0.64157796), (-0.18416442, -0.70262796, -0.68731177), (-0.09287764, -0.7026208, -0.7054769), (4.14777e-7, -0.74754566, -0.6642105), (-0.08669782, -0.7475396, -0.6585349), (-0.09287764, -0.7026208, -0.7054769), (5.1596237e-7, -0.7026283, -0.71155703), (-0.15891495, -0.7893057, -0.59307885), (-0.23497015, -0.78930056, -0.56726867), (-0.25418487, -0.7475395, -0.6136569), (-0.17191014, -0.7475458, -0.64157796), (-0.23497015, -0.78930056, -0.56726867), (-0.30699998, -0.7893057, -0.5317401), (-0.33210507, -0.7475458, -0.575223), (-0.25418487, -0.7475395, -0.6136569), (-0.25418487, -0.7475395, -0.6136569), (-0.33210507, -0.7475458, -0.575223), (-0.35577834, -0.7026284, -0.6162265), (-0.27230358, -0.7026209, -0.6573999), (-0.17191014, -0.7475458, -0.64157796), (-0.25418487, -0.7475395, -0.6136569), (-0.27230358, -0.7026209, -0.6573999), (-0.18416442, -0.70262796, -0.68731177), (-0.30699998, -0.7893057, -0.5317401), (-0.37378386, -0.7893004, -0.4871247), (-0.40434983, -0.74753934, -0.5269593), (-0.33210507, -0.7475458, -0.575223), (-0.37378386, -0.7893004, -0.4871247), (-0.43416387, -0.7893056, -0.43416384), (-0.46966746, -0.74754584, -0.46966773), (-0.40434983, -0.74753934, -0.5269593), (-0.40434983, -0.74753934, -0.5269593), (-0.46966746, -0.74754584, -0.46966773), (-0.50314647, -0.7026286, -0.5031469), (-0.43317255, -0.70262104, -0.564522), (-0.33210507, -0.7475458, -0.575223), (-0.40434983, -0.74753934, -0.5269593), (-0.43317255, -0.70262104, -0.564522), (-0.35577834, -0.7026284, -0.6162265), (-0.43416387, -0.7893056, -0.43416384), (-0.4871247, -0.78930044, -0.37378395), (-0.526959, -0.74753964, -0.40434995), (-0.46966746, -0.74754584, -0.46966773), (-0.4871247, -0.78930044, -0.37378395), (-0.5317399, -0.78930587, -0.30699998), (-0.5752228, -0.7475461, -0.3321049), (-0.526959, -0.74753964, -0.40434995), (-0.526959, -0.74753964, -0.40434995), (-0.5752228, -0.7475461, -0.3321049), (-0.6162265, -0.70262843, -0.35577843), (-0.56452173, -0.7026211, -0.43317276), (-0.46966746, -0.74754584, -0.46966773), (-0.526959, -0.74753964, -0.40434995), (-0.56452173, -0.7026211, -0.43317276), (-0.50314647, -0.7026286, -0.5031469), (-0.5317399, -0.78930587, -0.30699998), (-0.5672686, -0.7893004, -0.23497045), (-0.6136567, -0.7475396, -0.254185), (-0.5752228, -0.7475461, -0.3321049), (-0.5672686, -0.7893004, -0.23497045), (-0.59307903, -0.7893056, -0.15891504), (-0.6415778, -0.7475459, -0.17191036), (-0.6136567, -0.7475396, -0.254185), (-0.6136567, -0.7475396, -0.254185), (-0.6415778, -0.7475459, -0.17191036), (-0.68731123, -0.70262855, -0.18416463), (-0.6573996, -0.70262104, -0.2723038), (-0.5752228, -0.7475461, -0.3321049), (-0.6136567, -0.7475396, -0.254185), (-0.6573996, -0.70262104, -0.2723038), (-0.6162265, -0.70262843, -0.35577843), (-0.59307903, -0.7893056, -0.15891504), (-0.6087542, -0.78930044, -0.080143966), (-0.6585351, -0.74753934, -0.08669753), (-0.6415778, -0.7475459, -0.17191036), (-0.6087542, -0.78930044, -0.080143966), (-0.6140002, -0.7893058, -1.517675e-7), (-0.6642106, -0.74754554, 1.23609025e-8), (-0.6585351, -0.74753934, -0.08669753), (-0.6585351, -0.74753934, -0.08669753), (-0.6642106, -0.74754554, 1.23609025e-8), (-0.71155715, -0.7026284, 2.547803e-7), (-0.7054765, -0.70262116, -0.092877485), (-0.6415778, -0.7475459, -0.17191036), (-0.6585351, -0.74753934, -0.08669753), (-0.7054765, -0.70262116, -0.092877485), (-0.68731123, -0.70262855, -0.18416463), (-0.6140002, -0.7893058, -1.517675e-7), (-0.6087543, -0.7893005, 0.08014367), (-0.6585354, -0.7475391, 0.08669767), (-0.6642106, -0.74754554, 1.23609025e-8), (-0.6087543, -0.7893005, 0.08014367), (-0.59307915, -0.78930545, 0.15891474), (-0.64157856, -0.74754524, 0.17191023), (-0.6585354, -0.7475391, 0.08669767), (-0.6585354, -0.7475391, 0.08669767), (-0.64157856, -0.74754524, 0.17191023), (-0.68731135, -0.70262843, 0.18416415), (-0.70547706, -0.70262074, 0.092877805), (-0.6642106, -0.74754554, 1.23609025e-8), (-0.6585354, -0.7475391, 0.08669767), (-0.70547706, -0.70262074, 0.092877805), (-0.71155715, -0.7026284, 2.547803e-7), (-0.59307915, -0.78930545, 0.15891474), (-0.56726867, -0.78930044, 0.23497061), (-0.6136573, -0.7475391, 0.25418505), (-0.64157856, -0.74754524, 0.17191023), (-0.56726867, -0.78930044, 0.23497061), (-0.5317399, -0.7893058, 0.30700022), (-0.5752229, -0.7475458, 0.33210525), (-0.6136573, -0.7475391, 0.25418505), (-0.6136573, -0.7475391, 0.25418505), (-0.5752229, -0.7475458, 0.33210525), (-0.61622655, -0.7026282, 0.35577866), (-0.65739965, -0.7026211, 0.27230343), (-0.64157856, -0.74754524, 0.17191023), (-0.6136573, -0.7475391, 0.25418505), (-0.65739965, -0.7026211, 0.27230343), (-0.68731135, -0.70262843, 0.18416415), (-0.5317399, -0.7893058, 0.30700022), (-0.48712465, -0.7893004, 0.37378386), (-0.5269593, -0.7475394, 0.40434986), (-0.5752229, -0.7475458, 0.33210525), (-0.48712465, -0.7893004, 0.37378386), (-0.43416396, -0.78930557, 0.4341639), (-0.46966794, -0.7475456, 0.46966755), (-0.5269593, -0.7475394, 0.40434986), (-0.5269593, -0.7475394, 0.40434986), (-0.46966794, -0.7475456, 0.46966755), (-0.5031468, -0.70262843, 0.5031467), (-0.56452173, -0.70262116, 0.43317276), (-0.5752229, -0.7475458, 0.33210525), (-0.5269593, -0.7475394, 0.40434986), (-0.56452173, -0.70262116, 0.43317276), (-0.61622655, -0.7026282, 0.35577866), (-0.43416396, -0.78930557, 0.4341639), (-0.37378404, -0.7893004, 0.48712462), (-0.40435004, -0.74753946, 0.52695894), (-0.46966794, -0.7475456, 0.46966755), (-0.37378404, -0.7893004, 0.48712462), (-0.30700034, -0.7893057, 0.5317399), (-0.3321054, -0.747546, 0.5752225), (-0.40435004, -0.74753946, 0.52695894), (-0.40435004, -0.74753946, 0.52695894), (-0.3321054, -0.747546, 0.5752225), (-0.3557786, -0.70262843, 0.61622626), (-0.43317282, -0.7026209, 0.5645219), (-0.46966794, -0.7475456, 0.46966755), (-0.40435004, -0.74753946, 0.52695894), (-0.43317282, -0.7026209, 0.5645219), (-0.5031468, -0.70262843, 0.5031467), (-0.30700034, -0.7893057, 0.5317399), (-0.23497027, -0.7893004, 0.56726867), (-0.2541852, -0.7475397, 0.6136564), (-0.3321054, -0.747546, 0.5752225), (-0.23497027, -0.7893004, 0.56726867), (-0.15891503, -0.7893057, 0.59307885), (-0.17191048, -0.74754596, 0.64157766), (-0.2541852, -0.7475397, 0.6136564), (-0.2541852, -0.7475397, 0.6136564), (-0.17191048, -0.74754596, 0.64157766), (-0.18416467, -0.7026282, 0.6873114), (-0.27230397, -0.70262104, 0.6573996), (-0.3321054, -0.747546, 0.5752225), (-0.2541852, -0.7475397, 0.6136564), (-0.27230397, -0.70262104, 0.6573996), (-0.3557786, -0.70262843, 0.61622626), (-0.15891503, -0.7893057, 0.59307885), (-0.08014401, -0.78930044, 0.60875416), (-0.086697675, -0.7475396, 0.6585348), (-0.17191048, -0.74754596, 0.64157766), (-0.08014401, -0.78930044, 0.60875416), (7.439583e-10, -0.7893058, 0.6140002), (-1.373432e-9, -0.7475457, 0.66421044), (-0.086697675, -0.7475396, 0.6585348), (-0.086697675, -0.7475396, 0.6585348), (-1.373432e-9, -0.7475457, 0.66421044), (-2.6502258e-7, -0.7026284, 0.711557), (-0.092877895, -0.7026209, 0.70547676), (-0.17191048, -0.74754596, 0.64157766), (-0.086697675, -0.7475396, 0.6585348), (-0.092877895, -0.7026209, 0.70547676), (-0.18416467, -0.7026282, 0.6873114), (7.439583e-10, -0.7893058, 0.6140002), (0.08014382, -0.78930056, 0.6087541), (0.08669761, -0.74753946, 0.658535), (-1.373432e-9, -0.7475457, 0.66421044), (0.08014382, -0.78930056, 0.6087541), (0.15891497, -0.7893057, 0.59307885), (0.17191035, -0.74754596, 0.6415777), (0.08669761, -0.74753946, 0.658535), (0.08669761, -0.74753946, 0.658535), (0.17191035, -0.74754596, 0.6415777), (0.18416451, -0.70262825, 0.68731135), (0.09287785, -0.7026211, 0.7054766), (-1.373432e-9, -0.7475457, 0.66421044), (0.08669761, -0.74753946, 0.658535), (0.09287785, -0.7026211, 0.7054766), (-2.6502258e-7, -0.7026284, 0.711557), (0.15891497, -0.7893057, 0.59307885), (0.23497044, -0.78930056, 0.5672685), (0.254185, -0.74753946, 0.6136568), (0.17191035, -0.74754596, 0.6415777), (0.23497044, -0.78930056, 0.5672685), (0.30700016, -0.7893059, 0.5317397), (0.332105, -0.7475458, 0.575223), (0.254185, -0.74753946, 0.6136568), (0.254185, -0.74753946, 0.6136568), (0.332105, -0.7475458, 0.575223), (0.35577828, -0.70262814, 0.61622685), (0.27230358, -0.70262086, 0.65739983), (0.17191035, -0.74754596, 0.6415777), (0.254185, -0.74753946, 0.6136568), (0.27230358, -0.70262086, 0.65739983), (0.18416451, -0.70262825, 0.68731135), (0.30700016, -0.7893059, 0.5317397), (0.37378362, -0.78930044, 0.48712486), (0.40434992, -0.74753946, 0.5269592), (0.332105, -0.7475458, 0.575223), (0.37378362, -0.78930044, 0.48712486), (0.43416357, -0.7893057, 0.43416414), (0.46966773, -0.7475456, 0.46966773), (0.40434992, -0.74753946, 0.5269592), (0.40434992, -0.74753946, 0.5269592), (0.46966773, -0.7475456, 0.46966773), (0.5031468, -0.70262825, 0.50314677), (0.43317285, -0.7026209, 0.564522), (0.332105, -0.7475458, 0.575223), (0.40434992, -0.74753946, 0.5269592), (0.43317285, -0.7026209, 0.564522), (0.35577828, -0.70262814, 0.61622685), (0.43416357, -0.7893057, 0.43416414), (0.48712468, -0.7893005, 0.37378386), (0.52695936, -0.74753916, 0.40435004), (0.46966773, -0.7475456, 0.46966773), (0.48712468, -0.7893005, 0.37378386), (0.5317401, -0.78930575, 0.30700007), (0.57522327, -0.7475456, 0.33210513), (0.52695936, -0.74753916, 0.40435004), (0.52695936, -0.74753916, 0.40435004), (0.57522327, -0.7475456, 0.33210513), (0.61622655, -0.7026285, 0.3557782), (0.5645219, -0.702621, 0.43317288), (0.46966773, -0.7475456, 0.46966773), (0.52695936, -0.74753916, 0.40435004), (0.5645219, -0.702621, 0.43317288), (0.5031468, -0.70262825, 0.50314677), (0.5317401, -0.78930575, 0.30700007), (0.5672688, -0.7893003, 0.23497058), (0.6136572, -0.7475391, 0.25418517), (0.57522327, -0.7475456, 0.33210513), (0.5672688, -0.7893003, 0.23497058), (0.5930789, -0.7893057, 0.15891504), (0.64157796, -0.74754566, 0.17191046), (0.6136572, -0.7475391, 0.25418517), (0.6136572, -0.7475391, 0.25418517), (0.64157796, -0.74754566, 0.17191046), (0.68731105, -0.7026285, 0.18416493), (0.65739954, -0.70262116, 0.27230373), (0.57522327, -0.7475456, 0.33210513), (0.6136572, -0.7475391, 0.25418517), (0.65739954, -0.70262116, 0.27230373), (0.61622655, -0.7026285, 0.3557782), (0.5930789, -0.7893057, 0.15891504), (0.6087538, -0.78930074, 0.0801439), (0.6585349, -0.7475395, 0.0866976), (0.64157796, -0.74754566, 0.17191046), (0.6087538, -0.78930074, 0.0801439), (0.6139999, -0.7893061, -3.01303e-7), (0.6642103, -0.7475458, -4.202705e-7), (0.6585349, -0.7475395, 0.0866976), (0.6585349, -0.7475395, 0.0866976), (0.6642103, -0.7475458, -4.202705e-7), (0.711557, -0.70262843, -3.8409092e-7), (0.70547664, -0.70262116, 0.09287774), (0.64157796, -0.74754566, 0.17191046), (0.6585349, -0.7475395, 0.0866976), (0.70547664, -0.70262116, 0.09287774), (0.68731105, -0.7026285, 0.18416493), (0.6139999, -0.7893061, -3.01303e-7), (0.608754, -0.7893006, -0.0801447), (0.65853524, -0.7475392, -0.08669837), (0.6642103, -0.7475458, -4.202705e-7), (0.608754, -0.7893006, -0.0801447), (0.5930786, -0.78930575, -0.15891558), (0.64157796, -0.7475456, -0.17191078), (0.65853524, -0.7475392, -0.08669837), (0.65853524, -0.7475392, -0.08669837), (0.64157796, -0.7475456, -0.17191078), (0.6873113, -0.70262814, -0.18416512), (0.70547676, -0.702621, -0.09287846), (0.6642103, -0.7475458, -4.202705e-7), (0.65853524, -0.7475392, -0.08669837), (0.70547676, -0.702621, -0.09287846), (0.711557, -0.70262843, -3.8409092e-7), (0.6873113, -0.70262814, -0.18416512), (0.6573999, -0.7026208, -0.272304), (0.6983022, -0.65476, -0.2892461), (0.730075, -0.65476865, -0.19562371), (0.6573999, -0.7026208, -0.272304), (0.61622673, -0.70262796, -0.35577878), (0.6545682, -0.6547677, -0.37791502), (0.6983022, -0.65476, -0.2892461), (0.6983022, -0.65476, -0.2892461), (0.6545682, -0.6547677, -0.37791502), (0.6900982, -0.6041682, -0.39842844), (0.73620534, -0.60415983, -0.30494672), (0.730075, -0.65476865, -0.19562371), (0.6983022, -0.65476, -0.2892461), (0.73620534, -0.60415983, -0.30494672), (0.76970416, -0.6041685, -0.20624252), (0.61622673, -0.70262796, -0.35577878), (0.5645221, -0.7026208, -0.43317315), (0.5996457, -0.65476, -0.4601242), (0.6545682, -0.6547677, -0.37791502), (0.5645221, -0.7026208, -0.43317315), (0.503147, -0.702628, -0.50314707), (0.53445226, -0.6547684, -0.53445214), (0.5996457, -0.65476, -0.4601242), (0.5996457, -0.65476, -0.4601242), (0.53445226, -0.6547684, -0.53445214), (0.56346256, -0.6041688, -0.56346256), (0.632194, -0.60416, -0.48509923), (0.6545682, -0.6547677, -0.37791502), (0.5996457, -0.65476, -0.4601242), (0.632194, -0.60416, -0.48509923), (0.6900982, -0.6041682, -0.39842844), (0.503147, -0.702628, -0.50314707), (0.43317306, -0.70262074, -0.5645221), (0.46012405, -0.6547605, -0.5996453), (0.53445226, -0.6547684, -0.53445214), (0.43317306, -0.70262074, -0.5645221), (0.35577878, -0.7026281, -0.6162266), (0.37791497, -0.65476835, -0.6545676), (0.46012405, -0.6547605, -0.5996453), (0.46012405, -0.6547605, -0.5996453), (0.37791497, -0.65476835, -0.6545676), (0.39842835, -0.6041689, -0.6900977), (0.48509938, -0.6041604, -0.6321936), (0.53445226, -0.6547684, -0.53445214), (0.46012405, -0.6547605, -0.5996453), (0.48509938, -0.6041604, -0.6321936), (0.56346256, -0.6041688, -0.56346256), (0.35577878, -0.7026281, -0.6162266), (0.2723042, -0.70262086, -0.6573998), (0.28924638, -0.6547604, -0.69830173), (0.37791497, -0.65476835, -0.6545676), (0.2723042, -0.70262086, -0.6573998), (0.18416445, -0.7026282, -0.6873114), (0.19562313, -0.65476865, -0.73007506), (0.28924638, -0.6547604, -0.69830173), (0.28924638, -0.6547604, -0.69830173), (0.19562313, -0.65476865, -0.73007506), (0.20624147, -0.6041689, -0.7697041), (0.30494642, -0.60416055, -0.736205), (0.37791497, -0.65476835, -0.6545676), (0.28924638, -0.6547604, -0.69830173), (0.30494642, -0.60416055, -0.736205), (0.39842835, -0.6041689, -0.6900977), (0.18416445, -0.7026282, -0.6873114), (0.092877954, -0.7026211, -0.70547664), (0.09865644, -0.65476054, -0.74937004), (0.19562313, -0.65476865, -0.73007506), (0.092877954, -0.7026211, -0.70547664), (5.1596237e-7, -0.7026283, -0.71155703), (3.5751003e-7, -0.6547685, -0.7558294), (0.09865644, -0.65476054, -0.74937004), (0.09865644, -0.65476054, -0.74937004), (3.5751003e-7, -0.6547685, -0.7558294), (3.5123338e-7, -0.60416853, -0.7968566), (0.10401131, -0.60416, -0.79004574), (0.19562313, -0.65476865, -0.73007506), (0.09865644, -0.65476054, -0.74937004), (0.10401131, -0.60416, -0.79004574), (0.20624147, -0.6041689, -0.7697041), (5.1596237e-7, -0.7026283, -0.71155703), (-0.09287764, -0.7026208, -0.7054769), (-0.09865606, -0.65476054, -0.74937016), (3.5751003e-7, -0.6547685, -0.7558294), (-0.09287764, -0.7026208, -0.7054769), (-0.18416442, -0.70262796, -0.68731177), (-0.19562294, -0.65476865, -0.73007524), (-0.09865606, -0.65476054, -0.74937016), (-0.09865606, -0.65476054, -0.74937016), (-0.19562294, -0.65476865, -0.73007524), (-0.20624135, -0.6041688, -0.76970434), (-0.10401089, -0.60416, -0.7900458), (3.5751003e-7, -0.6547685, -0.7558294), (-0.09865606, -0.65476054, -0.74937016), (-0.10401089, -0.60416, -0.7900458), (3.5123338e-7, -0.60416853, -0.7968566), (-0.18416442, -0.70262796, -0.68731177), (-0.27230358, -0.7026209, -0.6573999), (-0.2892456, -0.65476066, -0.6983018), (-0.19562294, -0.65476865, -0.73007524), (-0.27230358, -0.7026209, -0.6573999), (-0.35577834, -0.7026284, -0.6162265), (-0.3779144, -0.65476894, -0.6545673), (-0.2892456, -0.65476066, -0.6983018), (-0.2892456, -0.65476066, -0.6983018), (-0.3779144, -0.65476894, -0.6545673), (-0.39842787, -0.6041687, -0.69009817), (-0.30494583, -0.6041603, -0.7362054), (-0.19562294, -0.65476865, -0.73007524), (-0.2892456, -0.65476066, -0.6983018), (-0.30494583, -0.6041603, -0.7362054), (-0.20624135, -0.6041688, -0.76970434), (-0.35577834, -0.7026284, -0.6162265), (-0.43317255, -0.70262104, -0.564522), (-0.46012372, -0.65476084, -0.59964514), (-0.3779144, -0.65476894, -0.6545673), (-0.43317255, -0.70262104, -0.564522), (-0.50314647, -0.7026286, -0.5031469), (-0.5344521, -0.65476847, -0.5344523), (-0.46012372, -0.65476084, -0.59964514), (-0.46012372, -0.65476084, -0.59964514), (-0.5344521, -0.65476847, -0.5344523), (-0.5634627, -0.60416836, -0.56346285), (-0.48509935, -0.6041601, -0.63219404), (-0.3779144, -0.65476894, -0.6545673), (-0.46012372, -0.65476084, -0.59964514), (-0.48509935, -0.6041601, -0.63219404), (-0.39842787, -0.6041687, -0.69009817), (-0.50314647, -0.7026286, -0.5031469), (-0.56452173, -0.7026211, -0.43317276), (-0.59964544, -0.65476036, -0.4601241), (-0.5344521, -0.65476847, -0.5344523), (-0.56452173, -0.7026211, -0.43317276), (-0.6162265, -0.70262843, -0.35577843), (-0.65456766, -0.65476847, -0.37791464), (-0.59964544, -0.65476036, -0.4601241), (-0.59964544, -0.65476036, -0.4601241), (-0.65456766, -0.65476847, -0.37791464), (-0.690098, -0.60416836, -0.3984285), (-0.6321938, -0.6041599, -0.48509973), (-0.5344521, -0.65476847, -0.5344523), (-0.59964544, -0.65476036, -0.4601241), (-0.6321938, -0.6041599, -0.48509973), (-0.5634627, -0.60416836, -0.56346285), (-0.6162265, -0.70262843, -0.35577843), (-0.6573996, -0.70262104, -0.2723038), (-0.6983018, -0.6547604, -0.28924584), (-0.65456766, -0.65476847, -0.37791464), (-0.6573996, -0.70262104, -0.2723038), (-0.68731123, -0.70262855, -0.18416463), (-0.73007506, -0.65476865, -0.19562298), (-0.6983018, -0.6547604, -0.28924584), (-0.6983018, -0.6547604, -0.28924584), (-0.73007506, -0.65476865, -0.19562298), (-0.7697043, -0.6041685, -0.2062418), (-0.73620546, -0.60415995, -0.30494645), (-0.65456766, -0.65476847, -0.37791464), (-0.6983018, -0.6547604, -0.28924584), (-0.73620546, -0.60415995, -0.30494645), (-0.690098, -0.60416836, -0.3984285), (-0.68731123, -0.70262855, -0.18416463), (-0.7054765, -0.70262116, -0.092877485), (-0.7493699, -0.6547606, -0.09865615), (-0.73007506, -0.65476865, -0.19562298), (-0.7054765, -0.70262116, -0.092877485), (-0.71155715, -0.7026284, 2.547803e-7), (-0.75582933, -0.6547687, 3.611209e-7), (-0.7493699, -0.6547606, -0.09865615), (-0.7493699, -0.6547606, -0.09865615), (-0.75582933, -0.6547687, 3.611209e-7), (-0.7968565, -0.60416853, 1.6421298e-7), (-0.790046, -0.6041598, -0.10401138), (-0.73007506, -0.65476865, -0.19562298), (-0.7493699, -0.6547606, -0.09865615), (-0.790046, -0.6041598, -0.10401138), (-0.7697043, -0.6041685, -0.2062418), (-0.71155715, -0.7026284, 2.547803e-7), (-0.70547706, -0.70262074, 0.092877805), (-0.74937, -0.6547608, 0.098656245), (-0.75582933, -0.6547687, 3.611209e-7), (-0.70547706, -0.70262074, 0.092877805), (-0.68731135, -0.70262843, 0.18416415), (-0.7300748, -0.6547691, 0.19562243), (-0.74937, -0.6547608, 0.098656245), (-0.74937, -0.6547608, 0.098656245), (-0.7300748, -0.6547691, 0.19562243), (-0.7697044, -0.6041686, 0.20624131), (-0.79004556, -0.6041603, 0.10401109), (-0.75582933, -0.6547687, 3.611209e-7), (-0.74937, -0.6547608, 0.098656245), (-0.79004556, -0.6041603, 0.10401109), (-0.7968565, -0.60416853, 1.6421298e-7), (-0.68731135, -0.70262843, 0.18416415), (-0.65739965, -0.7026211, 0.27230343), (-0.6983014, -0.65476114, 0.28924572), (-0.7300748, -0.6547691, 0.19562243), (-0.65739965, -0.7026211, 0.27230343), (-0.61622655, -0.7026282, 0.35577866), (-0.6545672, -0.65476906, 0.37791452), (-0.6983014, -0.65476114, 0.28924572), (-0.6983014, -0.65476114, 0.28924572), (-0.6545672, -0.65476906, 0.37791452), (-0.690098, -0.6041688, 0.39842805), (-0.73620516, -0.6041602, 0.30494642), (-0.7300748, -0.6547691, 0.19562243), (-0.6983014, -0.65476114, 0.28924572), (-0.73620516, -0.6041602, 0.30494642), (-0.7697044, -0.6041686, 0.20624131), (-0.61622655, -0.7026282, 0.35577866), (-0.56452173, -0.70262116, 0.43317276), (-0.59964496, -0.6547611, 0.46012366), (-0.6545672, -0.65476906, 0.37791452), (-0.56452173, -0.70262116, 0.43317276), (-0.5031468, -0.70262843, 0.5031467), (-0.534452, -0.6547689, 0.53445184), (-0.59964496, -0.6547611, 0.46012366), (-0.59964496, -0.6547611, 0.46012366), (-0.534452, -0.6547689, 0.53445184), (-0.5634626, -0.6041688, 0.5634626), (-0.632194, -0.60416013, 0.48509923), (-0.6545672, -0.65476906, 0.37791452), (-0.59964496, -0.6547611, 0.46012366), (-0.632194, -0.60416013, 0.48509923), (-0.690098, -0.6041688, 0.39842805), (-0.5031468, -0.70262843, 0.5031467), (-0.43317282, -0.7026209, 0.5645219), (-0.460124, -0.654761, 0.59964496), (-0.534452, -0.6547689, 0.53445184), (-0.43317282, -0.7026209, 0.5645219), (-0.3557786, -0.70262843, 0.61622626), (-0.37791488, -0.6547688, 0.65456706), (-0.460124, -0.654761, 0.59964496), (-0.460124, -0.654761, 0.59964496), (-0.37791488, -0.6547688, 0.65456706), (-0.3984283, -0.60416883, 0.69009763), (-0.48509926, -0.60416055, 0.6321936), (-0.534452, -0.6547689, 0.53445184), (-0.460124, -0.654761, 0.59964496), (-0.48509926, -0.60416055, 0.6321936), (-0.5634626, -0.6041688, 0.5634626), (-0.3557786, -0.70262843, 0.61622626), (-0.27230397, -0.70262104, 0.6573996), (-0.2892462, -0.6547606, 0.69830155), (-0.37791488, -0.6547688, 0.65456706), (-0.27230397, -0.70262104, 0.6573996), (-0.18416467, -0.7026282, 0.6873114), (-0.19562301, -0.65476847, 0.73007524), (-0.2892462, -0.6547606, 0.69830155), (-0.2892462, -0.6547606, 0.69830155), (-0.19562301, -0.65476847, 0.73007524), (-0.20624146, -0.60416925, 0.76970387), (-0.30494654, -0.6041605, 0.73620486), (-0.37791488, -0.6547688, 0.65456706), (-0.2892462, -0.6547606, 0.69830155), (-0.30494654, -0.6041605, 0.73620486), (-0.3984283, -0.60416883, 0.69009763), (-0.18416467, -0.7026282, 0.6873114), (-0.092877895, -0.7026209, 0.70547676), (-0.09865664, -0.6547608, 0.74937), (-0.19562301, -0.65476847, 0.73007524), (-0.092877895, -0.7026209, 0.70547676), (-2.6502258e-7, -0.7026284, 0.711557), (-2.3111747e-7, -0.6547692, 0.755829), (-0.09865664, -0.6547608, 0.74937), (-0.09865664, -0.6547608, 0.74937), (-2.3111747e-7, -0.6547692, 0.755829), (-2.2807356e-9, -0.6041687, 0.79685646), (-0.10401144, -0.6041604, 0.7900453), (-0.19562301, -0.65476847, 0.73007524), (-0.09865664, -0.6547608, 0.74937), (-0.10401144, -0.6041604, 0.7900453), (-0.20624146, -0.60416925, 0.76970387), (-2.6502258e-7, -0.7026284, 0.711557), (0.09287785, -0.7026211, 0.7054766), (0.09865663, -0.65476084, 0.7493698), (-2.3111747e-7, -0.6547692, 0.755829), (0.09287785, -0.7026211, 0.7054766), (0.18416451, -0.70262825, 0.68731135), (0.19562301, -0.6547686, 0.73007524), (0.09865663, -0.65476084, 0.7493698), (0.09865663, -0.65476084, 0.7493698), (0.19562301, -0.6547686, 0.73007524), (0.20624146, -0.6041688, 0.76970416), (0.10401148, -0.6041601, 0.7900456), (-2.3111747e-7, -0.6547692, 0.755829), (0.09865663, -0.65476084, 0.7493698), (0.10401148, -0.6041601, 0.7900456), (-2.2807356e-9, -0.6041687, 0.79685646), (0.18416451, -0.70262825, 0.68731135), (0.27230358, -0.70262086, 0.65739983), (0.28924575, -0.6547606, 0.6983018), (0.19562301, -0.6547686, 0.73007524), (0.27230358, -0.70262086, 0.65739983), (0.35577828, -0.70262814, 0.61622685), (0.3779145, -0.65476865, 0.6545675), (0.28924575, -0.6547606, 0.6983018), (0.28924575, -0.6547606, 0.6983018), (0.3779145, -0.65476865, 0.6545675), (0.39842805, -0.60416865, 0.6900981), (0.304946, -0.6041603, 0.73620534), (0.19562301, -0.6547686, 0.73007524), (0.28924575, -0.6547606, 0.6983018), (0.304946, -0.6041603, 0.73620534), (0.20624146, -0.6041688, 0.76970416), (0.35577828, -0.70262814, 0.61622685), (0.43317285, -0.7026209, 0.564522), (0.460124, -0.6547608, 0.59964514), (0.3779145, -0.65476865, 0.6545675), (0.43317285, -0.7026209, 0.564522), (0.5031468, -0.70262825, 0.50314677), (0.53445196, -0.65476894, 0.5344518), (0.460124, -0.6547608, 0.59964514), (0.460124, -0.6547608, 0.59964514), (0.53445196, -0.65476894, 0.5344518), (0.56346256, -0.60416895, 0.56346256), (0.48509923, -0.6041602, 0.6321939), (0.3779145, -0.65476865, 0.6545675), (0.460124, -0.6547608, 0.59964514), (0.48509923, -0.6041602, 0.6321939), (0.39842805, -0.60416865, 0.6900981), (0.5031468, -0.70262825, 0.50314677), (0.5645219, -0.702621, 0.43317288), (0.5996452, -0.6547609, 0.46012366), (0.53445196, -0.65476894, 0.5344518), (0.5645219, -0.702621, 0.43317288), (0.61622655, -0.7026285, 0.3557782), (0.6545674, -0.65476894, 0.37791428), (0.5996452, -0.6547609, 0.46012366), (0.5996452, -0.6547609, 0.46012366), (0.6545674, -0.65476894, 0.37791428), (0.6900978, -0.60416865, 0.39842853), (0.6321939, -0.6041603, 0.4850993), (0.53445196, -0.65476894, 0.5344518), (0.5996452, -0.6547609, 0.46012366), (0.6321939, -0.6041603, 0.4850993), (0.56346256, -0.60416895, 0.56346256), (0.61622655, -0.7026285, 0.3557782), (0.65739954, -0.70262116, 0.27230373), (0.6983013, -0.6547612, 0.28924555), (0.6545674, -0.65476894, 0.37791428), (0.65739954, -0.70262116, 0.27230373), (0.68731105, -0.7026285, 0.18416493), (0.7300745, -0.6547692, 0.19562303), (0.6983013, -0.6547612, 0.28924555), (0.6983013, -0.6547612, 0.28924555), (0.7300745, -0.6547692, 0.19562303), (0.76970404, -0.6041691, 0.20624165), (0.736205, -0.60416037, 0.30494654), (0.6545674, -0.65476894, 0.37791428), (0.6983013, -0.6547612, 0.28924555), (0.736205, -0.60416037, 0.30494654), (0.6900978, -0.60416865, 0.39842853), (0.68731105, -0.7026285, 0.18416493), (0.70547664, -0.70262116, 0.09287774), (0.74936974, -0.654761, 0.09865643), (0.7300745, -0.6547692, 0.19562303), (0.70547664, -0.70262116, 0.09287774), (0.711557, -0.70262843, -3.8409092e-7), (0.755829, -0.6547691, -6.1270157e-7), (0.74936974, -0.654761, 0.09865643), (0.74936974, -0.654761, 0.09865643), (0.755829, -0.6547691, -6.1270157e-7), (0.79685664, -0.6041685, -9.1685615e-7), (0.79004574, -0.6041601, 0.10401123), (0.7300745, -0.6547692, 0.19562303), (0.74936974, -0.654761, 0.09865643), (0.79004574, -0.6041601, 0.10401123), (0.76970404, -0.6041691, 0.20624165), (0.711557, -0.70262843, -3.8409092e-7), (0.70547676, -0.702621, -0.09287846), (0.74936956, -0.65476096, -0.09865763), (0.755829, -0.6547691, -6.1270157e-7), (0.70547676, -0.702621, -0.09287846), (0.6873113, -0.70262814, -0.18416512), (0.730075, -0.65476865, -0.19562371), (0.74936956, -0.65476096, -0.09865763), (0.74936956, -0.65476096, -0.09865763), (0.730075, -0.65476865, -0.19562371), (0.76970416, -0.6041685, -0.20624252), (0.7900455, -0.60416, -0.10401285), (0.755829, -0.6547691, -6.1270157e-7), (0.74936956, -0.65476096, -0.09865763), (0.7900455, -0.60416, -0.10401285), (0.79685664, -0.6041685, -9.1685615e-7), (0.76970416, -0.6041685, -0.20624252), (0.73620534, -0.60415983, -0.30494672), (0.77094895, -0.55105436, -0.31933817), (0.8060299, -0.5510628, -0.2159759), (0.73620534, -0.60415983, -0.30494672), (0.6900982, -0.6041682, -0.39842844), (0.72266644, -0.5510634, -0.4172316), (0.77094895, -0.55105436, -0.31933817), (0.77094895, -0.55105436, -0.31933817), (0.72266644, -0.5510634, -0.4172316), (0.75215214, -0.49567112, -0.43425483), (0.80240345, -0.49566233, -0.33236682), (0.8060299, -0.5510628, -0.2159759), (0.77094895, -0.55105436, -0.31933817), (0.80240345, -0.49566233, -0.33236682), (0.8389165, -0.49567077, -0.22478762), (0.6900982, -0.6041682, -0.39842844), (0.632194, -0.60416, -0.48509923), (0.662029, -0.5510547, -0.50799227), (0.72266644, -0.5510634, -0.4172316), (0.632194, -0.60416, -0.48509923), (0.56346256, -0.6041688, -0.56346256), (0.59005475, -0.5510633, -0.59005475), (0.662029, -0.5510547, -0.50799227), (0.662029, -0.5510547, -0.50799227), (0.59005475, -0.5510633, -0.59005475), (0.61412966, -0.49567103, -0.6141294), (0.6890398, -0.49566224, -0.5287183), (0.72266644, -0.5510634, -0.4172316), (0.662029, -0.5510547, -0.50799227), (0.6890398, -0.49566224, -0.5287183), (0.75215214, -0.49567112, -0.43425483), (0.56346256, -0.6041688, -0.56346256), (0.48509938, -0.6041604, -0.6321936), (0.5079927, -0.55105424, -0.6620291), (0.59005475, -0.5510633, -0.59005475), (0.48509938, -0.6041604, -0.6321936), (0.39842835, -0.6041689, -0.6900977), (0.41723186, -0.551063, -0.72266674), (0.5079927, -0.55105424, -0.6620291), (0.5079927, -0.55105424, -0.6620291), (0.41723186, -0.551063, -0.72266674), (0.43425524, -0.49567088, -0.7521521), (0.5287188, -0.4956623, -0.6890394), (0.59005475, -0.5510633, -0.59005475), (0.5079927, -0.55105424, -0.6620291), (0.5287188, -0.4956623, -0.6890394), (0.61412966, -0.49567103, -0.6141294), (0.39842835, -0.6041689, -0.6900977), (0.30494642, -0.60416055, -0.736205), (0.31933776, -0.55105406, -0.7709493), (0.41723186, -0.551063, -0.72266674), (0.30494642, -0.60416055, -0.736205), (0.20624147, -0.6041689, -0.7697041), (0.21597493, -0.5510627, -0.8060302), (0.31933776, -0.55105406, -0.7709493), (0.31933776, -0.55105406, -0.7709493), (0.21597493, -0.5510627, -0.8060302), (0.22478724, -0.49567088, -0.8389166), (0.33236647, -0.495662, -0.8024036), (0.41723186, -0.551063, -0.72266674), (0.31933776, -0.55105406, -0.7709493), (0.33236647, -0.495662, -0.8024036), (0.43425524, -0.49567088, -0.7521521), (0.20624147, -0.6041689, -0.7697041), (0.10401131, -0.60416, -0.79004574), (0.10892009, -0.55105406, -0.8273305), (0.21597493, -0.5510627, -0.8060302), (0.10401131, -0.60416, -0.79004574), (3.5123338e-7, -0.60416853, -0.7968566), (3.2522559e-7, -0.55106294, -0.8344637), (0.10892009, -0.55105406, -0.8273305), (0.10892009, -0.55105406, -0.8273305), (3.2522559e-7, -0.55106294, -0.8344637), (1.9939645e-7, -0.49567166, -0.8685099), (0.11336414, -0.49566248, -0.8610849), (0.21597493, -0.5510627, -0.8060302), (0.10892009, -0.55105406, -0.8273305), (0.11336414, -0.49566248, -0.8610849), (0.22478724, -0.49567088, -0.8389166), (3.5123338e-7, -0.60416853, -0.7968566), (-0.10401089, -0.60416, -0.7900458), (-0.108919814, -0.551054, -0.82733065), (3.2522559e-7, -0.55106294, -0.8344637), (-0.10401089, -0.60416, -0.7900458), (-0.20624135, -0.6041688, -0.76970434), (-0.21597484, -0.55106264, -0.8060303), (-0.108919814, -0.551054, -0.82733065), (-0.108919814, -0.551054, -0.82733065), (-0.21597484, -0.55106264, -0.8060303), (-0.22478662, -0.49567124, -0.8389164), (-0.1133637, -0.4956629, -0.8610848), (3.2522559e-7, -0.55106294, -0.8344637), (-0.108919814, -0.551054, -0.82733065), (-0.1133637, -0.4956629, -0.8610848), (1.9939645e-7, -0.49567166, -0.8685099), (-0.20624135, -0.6041688, -0.76970434), (-0.30494583, -0.6041603, -0.7362054), (-0.3193372, -0.551054, -0.7709496), (-0.21597484, -0.55106264, -0.8060303), (-0.30494583, -0.6041603, -0.7362054), (-0.39842787, -0.6041687, -0.69009817), (-0.4172315, -0.55106264, -0.72266716), (-0.3193372, -0.551054, -0.7709496), (-0.3193372, -0.551054, -0.7709496), (-0.4172315, -0.55106264, -0.72266716), (-0.43425518, -0.49567097, -0.752152), (-0.33236617, -0.49566245, -0.8024036), (-0.21597484, -0.55106264, -0.8060303), (-0.3193372, -0.551054, -0.7709496), (-0.33236617, -0.49566245, -0.8024036), (-0.22478662, -0.49567124, -0.8389164), (-0.39842787, -0.6041687, -0.69009817), (-0.48509935, -0.6041601, -0.63219404), (-0.5079928, -0.55105376, -0.6620295), (-0.4172315, -0.55106264, -0.72266716), (-0.48509935, -0.6041601, -0.63219404), (-0.5634627, -0.60416836, -0.56346285), (-0.5900549, -0.5510625, -0.59005535), (-0.5079928, -0.55105376, -0.6620295), (-0.5079928, -0.55105376, -0.6620295), (-0.5900549, -0.5510625, -0.59005535), (-0.6141293, -0.49567112, -0.61412984), (-0.5287185, -0.49566233, -0.6890395), (-0.4172315, -0.55106264, -0.72266716), (-0.5079928, -0.55105376, -0.6620295), (-0.5287185, -0.49566233, -0.6890395), (-0.43425518, -0.49567097, -0.752152), (-0.5634627, -0.60416836, -0.56346285), (-0.6321938, -0.6041599, -0.48509973), (-0.6620291, -0.5510538, -0.5079933), (-0.5900549, -0.5510625, -0.59005535), (-0.6321938, -0.6041599, -0.48509973), (-0.690098, -0.60416836, -0.3984285), (-0.72266686, -0.55106264, -0.4172321), (-0.6620291, -0.5510538, -0.5079933), (-0.6620291, -0.5510538, -0.5079933), (-0.72266686, -0.55106264, -0.4172321), (-0.75215226, -0.49567056, -0.43425536), (-0.6890395, -0.49566203, -0.5287188), (-0.5900549, -0.5510625, -0.59005535), (-0.6620291, -0.5510538, -0.5079933), (-0.6890395, -0.49566203, -0.5287188), (-0.6141293, -0.49567112, -0.61412984), (-0.690098, -0.60416836, -0.3984285), (-0.73620546, -0.60415995, -0.30494645), (-0.7709493, -0.551054, -0.31933787), (-0.72266686, -0.55106264, -0.4172321), (-0.73620546, -0.60415995, -0.30494645), (-0.7697043, -0.6041685, -0.2062418), (-0.8060302, -0.5510625, -0.21597531), (-0.7709493, -0.551054, -0.31933787), (-0.7709493, -0.551054, -0.31933787), (-0.8060302, -0.5510625, -0.21597531), (-0.8389167, -0.49567086, -0.22478713), (-0.8024036, -0.495662, -0.33236665), (-0.72266686, -0.55106264, -0.4172321), (-0.7709493, -0.551054, -0.31933787), (-0.8024036, -0.495662, -0.33236665), (-0.75215226, -0.49567056, -0.43425536), (-0.7697043, -0.6041685, -0.2062418), (-0.790046, -0.6041598, -0.10401138), (-0.8273306, -0.5510539, -0.10892035), (-0.8060302, -0.5510625, -0.21597531), (-0.790046, -0.6041598, -0.10401138), (-0.7968565, -0.60416853, 1.6421298e-7), (-0.83446366, -0.55106306, -1.6641982e-7), (-0.8273306, -0.5510539, -0.10892035), (-0.8273306, -0.5510539, -0.10892035), (-0.83446366, -0.55106306, -1.6641982e-7), (-0.8685102, -0.4956711, -1.5555003e-7), (-0.8610851, -0.49566212, -0.11336415), (-0.8060302, -0.5510625, -0.21597531), (-0.8273306, -0.5510539, -0.10892035), (-0.8610851, -0.49566212, -0.11336415), (-0.8389167, -0.49567086, -0.22478713), (-0.7968565, -0.60416853, 1.6421298e-7), (-0.79004556, -0.6041603, 0.10401109), (-0.8273305, -0.55105424, 0.10891989), (-0.83446366, -0.55106306, -1.6641982e-7), (-0.79004556, -0.6041603, 0.10401109), (-0.7697044, -0.6041686, 0.20624131), (-0.8060302, -0.5510627, 0.215975), (-0.8273305, -0.55105424, 0.10891989), (-0.8273305, -0.55105424, 0.10891989), (-0.8060302, -0.5510627, 0.215975), (-0.8389165, -0.49567124, 0.2247869), (-0.8610848, -0.4956626, 0.113363855), (-0.83446366, -0.55106306, -1.6641982e-7), (-0.8273305, -0.55105424, 0.10891989), (-0.8610848, -0.4956626, 0.113363855), (-0.8685102, -0.4956711, -1.5555003e-7), (-0.7697044, -0.6041686, 0.20624131), (-0.73620516, -0.6041602, 0.30494642), (-0.77094954, -0.5510538, 0.31933773), (-0.8060302, -0.5510627, 0.215975), (-0.73620516, -0.6041602, 0.30494642), (-0.690098, -0.6041688, 0.39842805), (-0.72266716, -0.5510624, 0.41723174), (-0.77094954, -0.5510538, 0.31933773), (-0.77094954, -0.5510538, 0.31933773), (-0.72266716, -0.5510624, 0.41723174), (-0.75215214, -0.49567115, 0.43425474), (-0.80240375, -0.49566224, 0.3323661), (-0.8060302, -0.5510627, 0.215975), (-0.77094954, -0.5510538, 0.31933773), (-0.80240375, -0.49566224, 0.3323661), (-0.8389165, -0.49567124, 0.2247869), (-0.690098, -0.6041688, 0.39842805), (-0.632194, -0.60416013, 0.48509923), (-0.66202945, -0.55105376, 0.5079929), (-0.72266716, -0.5510624, 0.41723174), (-0.632194, -0.60416013, 0.48509923), (-0.5634626, -0.6041688, 0.5634626), (-0.5900549, -0.5510629, 0.5900549), (-0.66202945, -0.55105376, 0.5079929), (-0.66202945, -0.55105376, 0.5079929), (-0.5900549, -0.5510629, 0.5900549), (-0.61412966, -0.49567148, 0.6141292), (-0.68903947, -0.49566278, 0.52871835), (-0.72266716, -0.5510624, 0.41723174), (-0.66202945, -0.55105376, 0.5079929), (-0.68903947, -0.49566278, 0.52871835), (-0.75215214, -0.49567115, 0.43425474), (-0.5634626, -0.6041688, 0.5634626), (-0.48509926, -0.60416055, 0.6321936), (-0.50799274, -0.5510544, 0.6620291), (-0.5900549, -0.5510629, 0.5900549), (-0.48509926, -0.60416055, 0.6321936), (-0.3984283, -0.60416883, 0.69009763), (-0.41723174, -0.5510631, 0.7226667), (-0.50799274, -0.5510544, 0.6620291), (-0.50799274, -0.5510544, 0.6620291), (-0.41723174, -0.5510631, 0.7226667), (-0.43425518, -0.49567094, 0.75215197), (-0.5287188, -0.4956625, 0.68903923), (-0.5900549, -0.5510629, 0.5900549), (-0.50799274, -0.5510544, 0.6620291), (-0.5287188, -0.4956625, 0.68903923), (-0.61412966, -0.49567148, 0.6141292), (-0.3984283, -0.60416883, 0.69009763), (-0.30494654, -0.6041605, 0.73620486), (-0.3193377, -0.55105424, 0.7709492), (-0.41723174, -0.5510631, 0.7226667), (-0.30494654, -0.6041605, 0.73620486), (-0.20624146, -0.60416925, 0.76970387), (-0.21597476, -0.551063, 0.80603004), (-0.3193377, -0.55105424, 0.7709492), (-0.3193377, -0.55105424, 0.7709492), (-0.21597476, -0.551063, 0.80603004), (-0.224787, -0.49567097, 0.83891666), (-0.33236617, -0.49566224, 0.8024037), (-0.41723174, -0.5510631, 0.7226667), (-0.3193377, -0.55105424, 0.7709492), (-0.33236617, -0.49566224, 0.8024037), (-0.43425518, -0.49567094, 0.75215197), (-0.20624146, -0.60416925, 0.76970387), (-0.10401144, -0.6041604, 0.7900453), (-0.10892025, -0.551054, 0.8273305), (-0.21597476, -0.551063, 0.80603004), (-0.10401144, -0.6041604, 0.7900453), (-2.2807356e-9, -0.6041687, 0.79685646), (-1.0877109e-9, -0.5510625, 0.8344639), (-0.10892025, -0.551054, 0.8273305), (-0.10892025, -0.551054, 0.8273305), (-1.0877109e-9, -0.5510625, 0.8344639), (1.0439604e-8, -0.49567118, 0.8685102), (-0.11336419, -0.49566224, 0.86108506), (-0.21597476, -0.551063, 0.80603004), (-0.10892025, -0.551054, 0.8273305), (-0.11336419, -0.49566224, 0.86108506), (-0.224787, -0.49567097, 0.83891666), (-2.2807356e-9, -0.6041687, 0.79685646), (0.10401148, -0.6041601, 0.7900456), (0.108920015, -0.55105406, 0.8273305), (-1.0877109e-9, -0.5510625, 0.8344639), (0.10401148, -0.6041601, 0.7900456), (0.20624146, -0.6041688, 0.76970416), (0.21597475, -0.5510632, 0.8060299), (0.108920015, -0.55105406, 0.8273305), (0.108920015, -0.55105406, 0.8273305), (0.21597475, -0.5510632, 0.8060299), (0.22478676, -0.4956713, 0.8389164), (0.11336367, -0.49566263, 0.8610849), (-1.0877109e-9, -0.5510625, 0.8344639), (0.108920015, -0.55105406, 0.8273305), (0.11336367, -0.49566263, 0.8610849), (1.0439604e-8, -0.49567118, 0.8685102), (0.20624146, -0.6041688, 0.76970416), (0.304946, -0.6041603, 0.73620534), (0.31933743, -0.5510544, 0.7709492), (0.21597475, -0.5510632, 0.8060299), (0.304946, -0.6041603, 0.73620534), (0.39842805, -0.60416865, 0.6900981), (0.41723147, -0.55106294, 0.722667), (0.31933743, -0.5510544, 0.7709492), (0.31933743, -0.5510544, 0.7709492), (0.41723147, -0.55106294, 0.722667), (0.43425494, -0.49567097, 0.75215214), (0.33236638, -0.49566245, 0.80240345), (0.21597475, -0.5510632, 0.8060299), (0.31933743, -0.5510544, 0.7709492), (0.33236638, -0.49566245, 0.80240345), (0.22478676, -0.4956713, 0.8389164), (0.39842805, -0.60416865, 0.6900981), (0.48509923, -0.6041602, 0.6321939), (0.5079927, -0.5510539, 0.66202945), (0.41723147, -0.55106294, 0.722667), (0.48509923, -0.6041602, 0.6321939), (0.56346256, -0.60416895, 0.56346256), (0.5900549, -0.55106276, 0.59005505), (0.5079927, -0.5510539, 0.66202945), (0.5079927, -0.5510539, 0.66202945), (0.5900549, -0.55106276, 0.59005505), (0.6141296, -0.49567115, 0.6141294), (0.52871877, -0.49566233, 0.6890395), (0.41723147, -0.55106294, 0.722667), (0.5079927, -0.5510539, 0.66202945), (0.52871877, -0.49566233, 0.6890395), (0.43425494, -0.49567097, 0.75215214), (0.56346256, -0.60416895, 0.56346256), (0.6321939, -0.6041603, 0.4850993), (0.662029, -0.55105424, 0.50799286), (0.5900549, -0.55106276, 0.59005505), (0.6321939, -0.6041603, 0.4850993), (0.6900978, -0.60416865, 0.39842853), (0.72266644, -0.551063, 0.4172323), (0.662029, -0.55105424, 0.50799286), (0.662029, -0.55105424, 0.50799286), (0.72266644, -0.551063, 0.4172323), (0.75215197, -0.49567115, 0.43425518), (0.68903935, -0.4956626, 0.5287184), (0.5900549, -0.55106276, 0.59005505), (0.662029, -0.55105424, 0.50799286), (0.68903935, -0.4956626, 0.5287184), (0.6141296, -0.49567115, 0.6141294), (0.6900978, -0.60416865, 0.39842853), (0.736205, -0.60416037, 0.30494654), (0.7709491, -0.55105394, 0.31933835), (0.72266644, -0.551063, 0.4172323), (0.736205, -0.60416037, 0.30494654), (0.76970404, -0.6041691, 0.20624165), (0.80603004, -0.5510628, 0.21597524), (0.7709491, -0.55105394, 0.31933835), (0.7709491, -0.55105394, 0.31933835), (0.80603004, -0.5510628, 0.21597524), (0.8389164, -0.4956712, 0.22478704), (0.80240333, -0.4956625, 0.33236676), (0.72266644, -0.551063, 0.4172323), (0.7709491, -0.55105394, 0.31933835), (0.80240333, -0.4956625, 0.33236676), (0.75215197, -0.49567115, 0.43425518), (0.76970404, -0.6041691, 0.20624165), (0.79004574, -0.6041601, 0.10401123), (0.82733077, -0.55105376, 0.10891963), (0.80603004, -0.5510628, 0.21597524), (0.79004574, -0.6041601, 0.10401123), (0.79685664, -0.6041685, -9.1685615e-7), (0.83446425, -0.55106205, -8.745205e-7), (0.82733077, -0.55105376, 0.10891963), (0.82733077, -0.55105376, 0.10891963), (0.83446425, -0.55106205, -8.745205e-7), (0.86851037, -0.4956709, -0.0000010022019), (0.8610851, -0.4956624, 0.113363445), (0.80603004, -0.5510628, 0.21597524), (0.82733077, -0.55105376, 0.10891963), (0.8610851, -0.4956624, 0.113363445), (0.8389164, -0.4956712, 0.22478704), (0.79685664, -0.6041685, -9.1685615e-7), (0.7900455, -0.60416, -0.10401285), (0.8273306, -0.5510537, -0.10892113), (0.83446425, -0.55106205, -8.745205e-7), (0.7900455, -0.60416, -0.10401285), (0.76970416, -0.6041685, -0.20624252), (0.8060299, -0.5510628, -0.2159759), (0.8273306, -0.5510537, -0.10892113), (0.8273306, -0.5510537, -0.10892113), (0.8060299, -0.5510628, -0.2159759), (0.8389165, -0.49567077, -0.22478762), (0.8610851, -0.4956621, -0.11336484), (0.83446425, -0.55106205, -8.745205e-7), (0.8273306, -0.5510537, -0.10892113), (0.8610851, -0.4956621, -0.11336484), (0.86851037, -0.4956709, -0.0000010022019), (0.8389165, -0.49567077, -0.22478762), (0.80240345, -0.49566233, -0.33236682), (0.8304396, -0.43823293, -0.34397966), (0.8682296, -0.43824086, -0.232642), (0.80240345, -0.49566233, -0.33236682), (0.75215214, -0.49567112, -0.43425483), (0.7784332, -0.43824157, -0.4494287), (0.8304396, -0.43823293, -0.34397966), (0.8304396, -0.43823293, -0.34397966), (0.7784332, -0.43824157, -0.4494287), (0.80141383, -0.37900865, -0.4626967), (0.8549548, -0.37900075, -0.3541338), (0.8682296, -0.43824086, -0.232642), (0.8304396, -0.43823293, -0.34397966), (0.8549548, -0.37900075, -0.3541338), (0.89386123, -0.37900794, -0.23951013), (0.75215214, -0.49567112, -0.43425483), (0.6890398, -0.49566224, -0.5287183), (0.71311504, -0.43823233, -0.5471922), (0.7784332, -0.43824157, -0.4494287), (0.6890398, -0.49566224, -0.5287183), (0.61412966, -0.49567103, -0.6141294), (0.6355884, -0.43824074, -0.6355883), (0.71311504, -0.43823233, -0.5471922), (0.71311504, -0.43823233, -0.5471922), (0.6355884, -0.43824074, -0.6355883), (0.654352, -0.3790082, -0.65435183), (0.73416644, -0.37900063, -0.5633456), (0.7784332, -0.43824157, -0.4494287), (0.71311504, -0.43823233, -0.5471922), (0.73416644, -0.37900063, -0.5633456), (0.80141383, -0.37900865, -0.4626967), (0.61412966, -0.49567103, -0.6141294), (0.5287188, -0.4956623, -0.6890394), (0.54719234, -0.4382328, -0.7131147), (0.6355884, -0.43824074, -0.6355883), (0.5287188, -0.4956623, -0.6890394), (0.43425524, -0.49567088, -0.7521521), (0.4494285, -0.43824118, -0.77843344), (0.54719234, -0.4382328, -0.7131147), (0.54719234, -0.4382328, -0.7131147), (0.4494285, -0.43824118, -0.77843344), (0.4626964, -0.3790084, -0.8014142), (0.5633457, -0.37900043, -0.73416644), (0.6355884, -0.43824074, -0.6355883), (0.54719234, -0.4382328, -0.7131147), (0.5633457, -0.37900043, -0.73416644), (0.654352, -0.3790082, -0.65435183), (0.43425524, -0.49567088, -0.7521521), (0.33236647, -0.495662, -0.8024036), (0.34397933, -0.43823248, -0.83044), (0.4494285, -0.43824118, -0.77843344), (0.33236647, -0.495662, -0.8024036), (0.22478724, -0.49567088, -0.8389166), (0.23264165, -0.43824092, -0.8682297), (0.34397933, -0.43823248, -0.83044), (0.34397933, -0.43823248, -0.83044), (0.23264165, -0.43824092, -0.8682297), (0.2395096, -0.37900808, -0.89386135), (0.35413364, -0.37900037, -0.854955), (0.4494285, -0.43824118, -0.77843344), (0.34397933, -0.43823248, -0.83044), (0.35413364, -0.37900037, -0.854955), (0.4626964, -0.3790084, -0.8014142), (0.22478724, -0.49567088, -0.8389166), (0.11336414, -0.49566248, -0.8610849), (0.11732501, -0.43823254, -0.8911718), (0.23264165, -0.43824092, -0.8682297), (0.11336414, -0.49566248, -0.8610849), (1.9939645e-7, -0.49567166, -0.8685099), (3.0130894e-7, -0.43824118, -0.8988574), (0.11732501, -0.43823254, -0.8911718), (0.11732501, -0.43823254, -0.8911718), (3.0130894e-7, -0.43824118, -0.8988574), (3.941242e-7, -0.37900773, -0.92539346), (0.12078872, -0.37900004, -0.9174798), (0.23264165, -0.43824092, -0.8682297), (0.11732501, -0.43823254, -0.8911718), (0.12078872, -0.37900004, -0.9174798), (0.2395096, -0.37900808, -0.89386135), (1.9939645e-7, -0.49567166, -0.8685099), (-0.1133637, -0.4956629, -0.8610848), (-0.11732418, -0.43823302, -0.89117163), (3.0130894e-7, -0.43824118, -0.8988574), (-0.1133637, -0.4956629, -0.8610848), (-0.22478662, -0.49567124, -0.8389164), (-0.23264098, -0.43824148, -0.8682295), (-0.11732418, -0.43823302, -0.89117163), (-0.11732418, -0.43823302, -0.89117163), (-0.23264098, -0.43824148, -0.8682295), (-0.23950914, -0.37900808, -0.8938614), (-0.1207877, -0.379, -0.91747993), (3.0130894e-7, -0.43824118, -0.8988574), (-0.11732418, -0.43823302, -0.89117163), (-0.1207877, -0.379, -0.91747993), (3.941242e-7, -0.37900773, -0.92539346), (-0.22478662, -0.49567124, -0.8389164), (-0.33236617, -0.49566245, -0.8024036), (-0.34397942, -0.43823302, -0.8304397), (-0.23264098, -0.43824148, -0.8682295), (-0.33236617, -0.49566245, -0.8024036), (-0.43425518, -0.49567097, -0.752152), (-0.44942865, -0.43824148, -0.7784333), (-0.34397942, -0.43823302, -0.8304397), (-0.34397942, -0.43823302, -0.8304397), (-0.44942865, -0.43824148, -0.7784333), (-0.46269637, -0.37900823, -0.80141425), (-0.3541338, -0.37900034, -0.854955), (-0.23264098, -0.43824148, -0.8682295), (-0.34397942, -0.43823302, -0.8304397), (-0.3541338, -0.37900034, -0.854955), (-0.23950914, -0.37900808, -0.8938614), (-0.43425518, -0.49567097, -0.752152), (-0.5287185, -0.49566233, -0.6890395), (-0.54719204, -0.43823308, -0.7131148), (-0.44942865, -0.43824148, -0.7784333), (-0.5287185, -0.49566233, -0.6890395), (-0.6141293, -0.49567112, -0.61412984), (-0.635588, -0.4382415, -0.63558817), (-0.54719204, -0.43823308, -0.7131148), (-0.54719204, -0.43823308, -0.7131148), (-0.635588, -0.4382415, -0.63558817), (-0.6543518, -0.37900808, -0.6543521), (-0.56334555, -0.37900034, -0.73416656), (-0.44942865, -0.43824148, -0.7784333), (-0.54719204, -0.43823308, -0.7131148), (-0.56334555, -0.37900034, -0.73416656), (-0.46269637, -0.37900823, -0.80141425), (-0.6141293, -0.49567112, -0.61412984), (-0.6890395, -0.49566203, -0.5287188), (-0.7131146, -0.43823296, -0.5471922), (-0.635588, -0.4382415, -0.63558817), (-0.6890395, -0.49566203, -0.5287188), (-0.75215226, -0.49567056, -0.43425536), (-0.7784332, -0.43824118, -0.449429), (-0.7131146, -0.43823296, -0.5471922), (-0.7131146, -0.43823296, -0.5471922), (-0.7784332, -0.43824118, -0.449429), (-0.80141383, -0.37900835, -0.4626969), (-0.73416626, -0.37900048, -0.56334585), (-0.635588, -0.4382415, -0.63558817), (-0.7131146, -0.43823296, -0.5471922), (-0.73416626, -0.37900048, -0.56334585), (-0.6543518, -0.37900808, -0.6543521), (-0.75215226, -0.49567056, -0.43425536), (-0.8024036, -0.495662, -0.33236665), (-0.83043975, -0.43823245, -0.34397987), (-0.7784332, -0.43824118, -0.449429), (-0.8024036, -0.495662, -0.33236665), (-0.8389167, -0.49567086, -0.22478713), (-0.86822945, -0.43824148, -0.23264161), (-0.83043975, -0.43823245, -0.34397987), (-0.83043975, -0.43823245, -0.34397987), (-0.86822945, -0.43824148, -0.23264161), (-0.8938613, -0.37900808, -0.23950963), (-0.8549548, -0.3790003, -0.3541342), (-0.7784332, -0.43824118, -0.449429), (-0.83043975, -0.43823245, -0.34397987), (-0.8549548, -0.3790003, -0.3541342), (-0.80141383, -0.37900835, -0.4626969), (-0.8389167, -0.49567086, -0.22478713), (-0.8610851, -0.49566212, -0.11336415), (-0.89117134, -0.4382333, -0.11732505), (-0.86822945, -0.43824148, -0.23264161), (-0.8610851, -0.49566212, -0.11336415), (-0.8685102, -0.4956711, -1.5555003e-7), (-0.89885736, -0.43824118, -1.5619683e-7), (-0.89117134, -0.4382333, -0.11732505), (-0.89117134, -0.4382333, -0.11732505), (-0.89885736, -0.43824118, -1.5619683e-7), (-0.92539346, -0.37900785, -1.7016774e-7), (-0.91747963, -0.3790001, -0.12078865), (-0.86822945, -0.43824148, -0.23264161), (-0.89117134, -0.4382333, -0.11732505), (-0.91747963, -0.3790001, -0.12078865), (-0.8938613, -0.37900808, -0.23950963), (-0.8685102, -0.4956711, -1.5555003e-7), (-0.8610848, -0.4956626, 0.113363855), (-0.89117163, -0.43823293, 0.117324755), (-0.89885736, -0.43824118, -1.5619683e-7), (-0.8610848, -0.4956626, 0.113363855), (-0.8389165, -0.49567124, 0.2247869), (-0.86822927, -0.4382418, 0.23264131), (-0.89117163, -0.43823293, 0.117324755), (-0.89117163, -0.43823293, 0.117324755), (-0.86822927, -0.4382418, 0.23264131), (-0.8938616, -0.37900758, 0.23950936), (-0.91748005, -0.37899956, 0.12078819), (-0.89885736, -0.43824118, -1.5619683e-7), (-0.89117163, -0.43823293, 0.117324755), (-0.91748005, -0.37899956, 0.12078819), (-0.92539346, -0.37900785, -1.7016774e-7), (-0.8389165, -0.49567124, 0.2247869), (-0.80240375, -0.49566224, 0.3323661), (-0.8304397, -0.43823323, 0.34397903), (-0.86822927, -0.4382418, 0.23264131), (-0.80240375, -0.49566224, 0.3323661), (-0.75215214, -0.49567115, 0.43425474), (-0.7784333, -0.4382416, 0.4494285), (-0.8304397, -0.43823323, 0.34397903), (-0.8304397, -0.43823323, 0.34397903), (-0.7784333, -0.4382416, 0.4494285), (-0.8014143, -0.3790078, 0.46269658), (-0.854955, -0.37900007, 0.3541339), (-0.86822927, -0.4382418, 0.23264131), (-0.8304397, -0.43823323, 0.34397903), (-0.854955, -0.37900007, 0.3541339), (-0.8938616, -0.37900758, 0.23950936), (-0.75215214, -0.49567115, 0.43425474), (-0.68903947, -0.49566278, 0.52871835), (-0.71311474, -0.43823305, 0.5471922), (-0.7784333, -0.4382416, 0.4494285), (-0.68903947, -0.49566278, 0.52871835), (-0.61412966, -0.49567148, 0.6141292), (-0.63558805, -0.4382416, 0.6355879), (-0.71311474, -0.43823305, 0.5471922), (-0.71311474, -0.43823305, 0.5471922), (-0.63558805, -0.4382416, 0.6355879), (-0.65435195, -0.37900805, 0.6543519), (-0.73416656, -0.37899986, 0.56334585), (-0.7784333, -0.4382416, 0.4494285), (-0.71311474, -0.43823305, 0.5471922), (-0.73416656, -0.37899986, 0.56334585), (-0.8014143, -0.3790078, 0.46269658), (-0.61412966, -0.49567148, 0.6141292), (-0.5287188, -0.4956625, 0.68903923), (-0.5471922, -0.43823302, 0.7131147), (-0.63558805, -0.4382416, 0.6355879), (-0.5287188, -0.4956625, 0.68903923), (-0.43425518, -0.49567094, 0.75215197), (-0.44942862, -0.43824115, 0.77843344), (-0.5471922, -0.43823302, 0.7131147), (-0.5471922, -0.43823302, 0.7131147), (-0.44942862, -0.43824115, 0.77843344), (-0.4626966, -0.37900814, 0.80141413), (-0.5633457, -0.37900022, 0.7341665), (-0.63558805, -0.4382416, 0.6355879), (-0.5471922, -0.43823302, 0.7131147), (-0.5633457, -0.37900022, 0.7341665), (-0.65435195, -0.37900805, 0.6543519), (-0.43425518, -0.49567094, 0.75215197), (-0.33236617, -0.49566224, 0.8024037), (-0.3439792, -0.43823305, 0.8304397), (-0.44942862, -0.43824115, 0.77843344), (-0.33236617, -0.49566224, 0.8024037), (-0.224787, -0.49567097, 0.83891666), (-0.23264149, -0.4382417, 0.8682293), (-0.3439792, -0.43823305, 0.8304397), (-0.3439792, -0.43823305, 0.8304397), (-0.23264149, -0.4382417, 0.8682293), (-0.23950912, -0.37900794, 0.8938615), (-0.3541339, -0.37900046, 0.8549549), (-0.44942862, -0.43824115, 0.77843344), (-0.3439792, -0.43823305, 0.8304397), (-0.3541339, -0.37900046, 0.8549549), (-0.4626966, -0.37900814, 0.80141413), (-0.224787, -0.49567097, 0.83891666), (-0.11336419, -0.49566224, 0.86108506), (-0.11732487, -0.43823314, 0.89117146), (-0.23264149, -0.4382417, 0.8682293), (-0.11336419, -0.49566224, 0.86108506), (1.0439604e-8, -0.49567118, 0.8685102), (5.038607e-9, -0.4382418, 0.8988572), (-0.11732487, -0.43823314, 0.89117146), (-0.11732487, -0.43823314, 0.89117146), (5.038607e-9, -0.4382418, 0.8988572), (-1.9657303e-7, -0.37900832, 0.9253933), (-0.120788656, -0.3790002, 0.91747975), (-0.23264149, -0.4382417, 0.8682293), (-0.11732487, -0.43823314, 0.89117146), (-0.120788656, -0.3790002, 0.91747975), (-0.23950912, -0.37900794, 0.8938615), (1.0439604e-8, -0.49567118, 0.8685102), (0.11336367, -0.49566263, 0.8610849), (0.11732435, -0.43823287, 0.8911717), (5.038607e-9, -0.4382418, 0.8988572), (0.11336367, -0.49566263, 0.8610849), (0.22478676, -0.4956713, 0.8389164), (0.23264123, -0.43824106, 0.8682298), (0.11732435, -0.43823287, 0.8911717), (0.11732435, -0.43823287, 0.8911717), (0.23264123, -0.43824106, 0.8682298), (0.23950921, -0.37900752, 0.8938616), (0.120788455, -0.37899995, 0.91747975), (5.038607e-9, -0.4382418, 0.8988572), (0.11732435, -0.43823287, 0.8911717), (0.120788455, -0.37899995, 0.91747975), (-1.9657303e-7, -0.37900832, 0.9253933), (0.22478676, -0.4956713, 0.8389164), (0.33236638, -0.49566245, 0.80240345), (0.3439798, -0.43823266, 0.83043975), (0.23264123, -0.43824106, 0.8682298), (0.33236638, -0.49566245, 0.80240345), (0.43425494, -0.49567097, 0.75215214), (0.44942865, -0.43824106, 0.77843356), (0.3439798, -0.43823266, 0.83043975), (0.3439798, -0.43823266, 0.83043975), (0.44942865, -0.43824106, 0.77843356), (0.4626967, -0.37900823, 0.80141413), (0.35413426, -0.37900007, 0.85495484), (0.23264123, -0.43824106, 0.8682298), (0.3439798, -0.43823266, 0.83043975), (0.35413426, -0.37900007, 0.85495484), (0.23950921, -0.37900752, 0.8938616), (0.43425494, -0.49567097, 0.75215214), (0.52871877, -0.49566233, 0.6890395), (0.5471919, -0.4382327, 0.7131151), (0.44942865, -0.43824106, 0.77843356), (0.52871877, -0.49566233, 0.6890395), (0.6141296, -0.49567115, 0.6141294), (0.6355879, -0.43824163, 0.6355881), (0.5471919, -0.4382327, 0.7131151), (0.5471919, -0.4382327, 0.7131151), (0.6355879, -0.43824163, 0.6355881), (0.6543514, -0.37900826, 0.6543523), (0.5633452, -0.37900043, 0.73416686), (0.44942865, -0.43824106, 0.77843356), (0.5471919, -0.4382327, 0.7131151), (0.5633452, -0.37900043, 0.73416686), (0.4626967, -0.37900823, 0.80141413), (0.6141296, -0.49567115, 0.6141294), (0.68903935, -0.4956626, 0.5287184), (0.71311456, -0.4382332, 0.54719216), (0.6355879, -0.43824163, 0.6355881), (0.68903935, -0.4956626, 0.5287184), (0.75215197, -0.49567115, 0.43425518), (0.7784332, -0.43824136, 0.44942868), (0.71311456, -0.4382332, 0.54719216), (0.71311456, -0.4382332, 0.54719216), (0.7784332, -0.43824136, 0.44942868), (0.80141413, -0.3790083, 0.46269658), (0.7341663, -0.37900043, 0.5633457), (0.6355879, -0.43824163, 0.6355881), (0.71311456, -0.4382332, 0.54719216), (0.7341663, -0.37900043, 0.5633457), (0.6543514, -0.37900826, 0.6543523), (0.75215197, -0.49567115, 0.43425518), (0.80240333, -0.4956625, 0.33236676), (0.83043945, -0.43823314, 0.34397984), (0.7784332, -0.43824136, 0.44942868), (0.80240333, -0.4956625, 0.33236676), (0.8389164, -0.4956712, 0.22478704), (0.86822915, -0.43824178, 0.23264158), (0.83043945, -0.43823314, 0.34397984), (0.83043945, -0.43823314, 0.34397984), (0.86822915, -0.43824178, 0.23264158), (0.8938615, -0.37900755, 0.23950991), (0.85495496, -0.37899992, 0.35413444), (0.7784332, -0.43824136, 0.44942868), (0.83043945, -0.43823314, 0.34397984), (0.85495496, -0.37899992, 0.35413444), (0.80141413, -0.3790083, 0.46269658), (0.8389164, -0.4956712, 0.22478704), (0.8610851, -0.4956624, 0.113363445), (0.89117146, -0.43823332, 0.117324404), (0.86822915, -0.43824178, 0.23264158), (0.8610851, -0.4956624, 0.113363445), (0.86851037, -0.4956709, -0.0000010022019), (0.89885706, -0.4382419, -0.0000010661693), (0.89117146, -0.43823332, 0.117324404), (0.89117146, -0.43823332, 0.117324404), (0.89885706, -0.4382419, -0.0000010661693), (0.92539316, -0.3790086, -0.000001035676), (0.91747975, -0.37900046, 0.12078806), (0.86822915, -0.43824178, 0.23264158), (0.89117146, -0.43823332, 0.117324404), (0.91747975, -0.37900046, 0.12078806), (0.8938615, -0.37900755, 0.23950991), (0.86851037, -0.4956709, -0.0000010022019), (0.8610851, -0.4956621, -0.11336484), (0.89117146, -0.43823296, -0.11732598), (0.89885706, -0.4382419, -0.0000010661693), (0.8610851, -0.4956621, -0.11336484), (0.8389165, -0.49567077, -0.22478762), (0.8682296, -0.43824086, -0.232642), (0.89117146, -0.43823296, -0.11732598), (0.89117146, -0.43823296, -0.11732598), (0.8682296, -0.43824086, -0.232642), (0.89386123, -0.37900794, -0.23951013), (0.9174796, -0.37900007, -0.12078981), (0.89885706, -0.4382419, -0.0000010661693), (0.89117146, -0.43823296, -0.11732598), (0.9174796, -0.37900007, -0.12078981), (0.92539316, -0.3790086, -0.000001035676), (0.89386123, -0.37900794, -0.23951013), (0.8549548, -0.37900075, -0.3541338), (0.87585306, -0.31822124, -0.36279014), (0.9157109, -0.3182288, -0.24536489), (0.8549548, -0.37900075, -0.3541338), (0.80141383, -0.37900865, -0.4626967), (0.82100445, -0.3182281, -0.47400695), (0.87585306, -0.31822124, -0.36279014), (0.87585306, -0.31822124, -0.36279014), (0.82100445, -0.3182281, -0.47400695), (0.83713305, -0.25614697, -0.48331884), (0.8930585, -0.25614062, -0.36991698), (0.9157109, -0.3182288, -0.24536489), (0.87585306, -0.31822124, -0.36279014), (0.8930585, -0.25614062, -0.36991698), (0.9337004, -0.25614664, -0.25018504), (0.80141383, -0.37900865, -0.4626967), (0.73416644, -0.37900063, -0.5633456), (0.7521121, -0.31822145, -0.5771157), (0.82100445, -0.3182281, -0.47400695), (0.73416644, -0.37900063, -0.5633456), (0.654352, -0.3790082, -0.65435183), (0.6703471, -0.31822845, -0.6703471), (0.7521121, -0.31822145, -0.5771157), (0.7521121, -0.31822145, -0.5771157), (0.6703471, -0.31822845, -0.6703471), (0.68351626, -0.2561464, -0.6835163), (0.7668867, -0.25614086, -0.5884528), (0.82100445, -0.3182281, -0.47400695), (0.7521121, -0.31822145, -0.5771157), (0.7668867, -0.25614086, -0.5884528), (0.83713305, -0.25614697, -0.48331884), (0.654352, -0.3790082, -0.65435183), (0.5633457, -0.37900043, -0.73416644), (0.577116, -0.31822115, -0.7521119), (0.6703471, -0.31822845, -0.6703471), (0.5633457, -0.37900043, -0.73416644), (0.4626964, -0.3790084, -0.8014142), (0.47400737, -0.31822807, -0.8210043), (0.577116, -0.31822115, -0.7521119), (0.577116, -0.31822115, -0.7521119), (0.47400737, -0.31822807, -0.8210043), (0.4833192, -0.25614575, -0.83713317), (0.5884529, -0.25614014, -0.76688683), (0.6703471, -0.31822845, -0.6703471), (0.577116, -0.31822115, -0.7521119), (0.5884529, -0.25614014, -0.76688683), (0.68351626, -0.2561464, -0.6835163), (0.4626964, -0.3790084, -0.8014142), (0.35413364, -0.37900037, -0.854955), (0.36279002, -0.31822115, -0.87585324), (0.47400737, -0.31822807, -0.8210043), (0.35413364, -0.37900037, -0.854955), (0.2395096, -0.37900808, -0.89386135), (0.24536419, -0.3182283, -0.9157112), (0.36279002, -0.31822115, -0.87585324), (0.36279002, -0.31822115, -0.87585324), (0.24536419, -0.3182283, -0.9157112), (0.25018477, -0.2561462, -0.9337006), (0.36991692, -0.25613987, -0.89305866), (0.47400737, -0.31822807, -0.8210043), (0.36279002, -0.31822115, -0.87585324), (0.36991692, -0.25613987, -0.89305866), (0.4833192, -0.25614575, -0.83713317), (0.2395096, -0.37900808, -0.89386135), (0.12078872, -0.37900004, -0.9174798), (0.12374144, -0.31822127, -0.939906), (0.24536419, -0.3182283, -0.9157112), (0.12078872, -0.37900004, -0.9174798), (3.941242e-7, -0.37900773, -0.92539346), (3.758404e-7, -0.3182284, -0.94801414), (0.12374144, -0.31822127, -0.939906), (0.12374144, -0.31822127, -0.939906), (3.758404e-7, -0.3182284, -0.94801414), (3.702366e-7, -0.2561464, -0.9666381), (0.1261719, -0.2561404, -0.9583699), (0.24536419, -0.3182283, -0.9157112), (0.12374144, -0.31822127, -0.939906), (0.1261719, -0.2561404, -0.9583699), (0.25018477, -0.2561462, -0.9337006), (3.941242e-7, -0.37900773, -0.92539346), (-0.1207877, -0.379, -0.91747993), (-0.12374049, -0.31822136, -0.9399061), (3.758404e-7, -0.3182284, -0.94801414), (-0.1207877, -0.379, -0.91747993), (-0.23950914, -0.37900808, -0.8938614), (-0.24536398, -0.31822845, -0.91571134), (-0.12374049, -0.31822136, -0.9399061), (-0.12374049, -0.31822136, -0.9399061), (-0.24536398, -0.31822845, -0.91571134), (-0.25018427, -0.25614655, -0.9337006), (-0.1261711, -0.25614065, -0.9583699), (3.758404e-7, -0.3182284, -0.94801414), (-0.12374049, -0.31822136, -0.9399061), (-0.1261711, -0.25614065, -0.9583699), (3.702366e-7, -0.2561464, -0.9666381), (-0.23950914, -0.37900808, -0.8938614), (-0.3541338, -0.37900034, -0.854955), (-0.3627902, -0.31822133, -0.875853), (-0.24536398, -0.31822845, -0.91571134), (-0.3541338, -0.37900034, -0.854955), (-0.46269637, -0.37900823, -0.80141425), (-0.47400674, -0.3182281, -0.8210045), (-0.3627902, -0.31822133, -0.875853), (-0.3627902, -0.31822133, -0.875853), (-0.47400674, -0.3182281, -0.8210045), (-0.48331854, -0.25614694, -0.8371333), (-0.36991662, -0.25614092, -0.8930586), (-0.24536398, -0.31822845, -0.91571134), (-0.3627902, -0.31822133, -0.875853), (-0.36991662, -0.25614092, -0.8930586), (-0.25018427, -0.25614655, -0.9337006), (-0.46269637, -0.37900823, -0.80141425), (-0.56334555, -0.37900034, -0.73416656), (-0.5771157, -0.3182213, -0.75211227), (-0.47400674, -0.3182281, -0.8210045), (-0.56334555, -0.37900034, -0.73416656), (-0.6543518, -0.37900808, -0.6543521), (-0.67034715, -0.31822866, -0.6703472), (-0.5771157, -0.3182213, -0.75211227), (-0.5771157, -0.3182213, -0.75211227), (-0.67034715, -0.31822866, -0.6703472), (-0.68351614, -0.25614712, -0.68351626), (-0.5884526, -0.25614092, -0.7668868), (-0.47400674, -0.3182281, -0.8210045), (-0.5771157, -0.3182213, -0.75211227), (-0.5884526, -0.25614092, -0.7668868), (-0.48331854, -0.25614694, -0.8371333), (-0.6543518, -0.37900808, -0.6543521), (-0.73416626, -0.37900048, -0.56334585), (-0.75211203, -0.31822127, -0.5771158), (-0.67034715, -0.31822866, -0.6703472), (-0.73416626, -0.37900048, -0.56334585), (-0.80141383, -0.37900835, -0.4626969), (-0.8210043, -0.31822807, -0.47400734), (-0.75211203, -0.31822127, -0.5771158), (-0.75211203, -0.31822127, -0.5771158), (-0.8210043, -0.31822807, -0.47400734), (-0.8371328, -0.2561472, -0.4833191), (-0.76688665, -0.25614113, -0.5884527), (-0.67034715, -0.31822866, -0.6703472), (-0.75211203, -0.31822127, -0.5771158), (-0.76688665, -0.25614113, -0.5884527), (-0.68351614, -0.25614712, -0.68351626), (-0.80141383, -0.37900835, -0.4626969), (-0.8549548, -0.3790003, -0.3541342), (-0.87585294, -0.318221, -0.36279044), (-0.8210043, -0.31822807, -0.47400734), (-0.8549548, -0.3790003, -0.3541342), (-0.8938613, -0.37900808, -0.23950963), (-0.91571146, -0.31822783, -0.24536426), (-0.87585294, -0.318221, -0.36279044), (-0.87585294, -0.318221, -0.36279044), (-0.91571146, -0.31822783, -0.24536426), (-0.9337005, -0.25614646, -0.25018457), (-0.89305836, -0.25614077, -0.36991704), (-0.8210043, -0.31822807, -0.47400734), (-0.87585294, -0.318221, -0.36279044), (-0.89305836, -0.25614077, -0.36991704), (-0.8371328, -0.2561472, -0.4833191), (-0.8938613, -0.37900808, -0.23950963), (-0.91747963, -0.3790001, -0.12078865), (-0.93990636, -0.3182202, -0.12374122), (-0.91571146, -0.31822783, -0.24536426), (-0.91747963, -0.3790001, -0.12078865), (-0.92539346, -0.37900785, -1.7016774e-7), (-0.94801444, -0.3182274, -1.4308642e-7), (-0.93990636, -0.3182202, -0.12374122), (-0.93990636, -0.3182202, -0.12374122), (-0.94801444, -0.3182274, -1.4308642e-7), (-0.96663773, -0.2561474, -5.7966314e-8), (-0.9583696, -0.25614122, -0.12617208), (-0.91571146, -0.31822783, -0.24536426), (-0.93990636, -0.3182202, -0.12374122), (-0.9583696, -0.25614122, -0.12617208), (-0.9337005, -0.25614646, -0.25018457), (-0.92539346, -0.37900785, -1.7016774e-7), (-0.91748005, -0.37899956, 0.12078819), (-0.9399063, -0.3182204, 0.123740666), (-0.94801444, -0.3182274, -1.4308642e-7), (-0.91748005, -0.37899956, 0.12078819), (-0.8938616, -0.37900758, 0.23950936), (-0.91571164, -0.31822732, 0.24536408), (-0.9399063, -0.3182204, 0.123740666), (-0.9399063, -0.3182204, 0.123740666), (-0.91571164, -0.31822732, 0.24536408), (-0.9337006, -0.25614643, 0.2501843), (-0.9583698, -0.25614095, 0.12617166), (-0.94801444, -0.3182274, -1.4308642e-7), (-0.9399063, -0.3182204, 0.123740666), (-0.9583698, -0.25614095, 0.12617166), (-0.96663773, -0.2561474, -5.7966314e-8), (-0.8938616, -0.37900758, 0.23950936), (-0.854955, -0.37900007, 0.3541339), (-0.8758531, -0.31822082, 0.3627902), (-0.91571164, -0.31822732, 0.24536408), (-0.854955, -0.37900007, 0.3541339), (-0.8014143, -0.3790078, 0.46269658), (-0.8210047, -0.31822768, 0.4740069), (-0.8758531, -0.31822082, 0.3627902), (-0.8758531, -0.31822082, 0.3627902), (-0.8210047, -0.31822768, 0.4740069), (-0.83713317, -0.2561467, 0.48331872), (-0.8930585, -0.25614077, 0.3699168), (-0.91571164, -0.31822732, 0.24536408), (-0.8758531, -0.31822082, 0.3627902), (-0.8930585, -0.25614077, 0.3699168), (-0.9337006, -0.25614643, 0.2501843), (-0.8014143, -0.3790078, 0.46269658), (-0.73416656, -0.37899986, 0.56334585), (-0.7521124, -0.31822073, 0.5771158), (-0.8210047, -0.31822768, 0.4740069), (-0.73416656, -0.37899986, 0.56334585), (-0.65435195, -0.37900805, 0.6543519), (-0.67034733, -0.31822786, 0.6703473), (-0.7521124, -0.31822073, 0.5771158), (-0.7521124, -0.31822073, 0.5771158), (-0.67034733, -0.31822786, 0.6703473), (-0.68351614, -0.25614706, 0.68351626), (-0.7668867, -0.25614104, 0.58845264), (-0.8210047, -0.31822768, 0.4740069), (-0.7521124, -0.31822073, 0.5771158), (-0.7668867, -0.25614104, 0.58845264), (-0.83713317, -0.2561467, 0.48331872), (-0.65435195, -0.37900805, 0.6543519), (-0.5633457, -0.37900022, 0.7341665), (-0.5771161, -0.31822065, 0.7521121), (-0.67034733, -0.31822786, 0.6703473), (-0.5633457, -0.37900022, 0.7341665), (-0.4626966, -0.37900814, 0.80141413), (-0.47400752, -0.31822783, 0.8210043), (-0.5771161, -0.31822065, 0.7521121), (-0.5771161, -0.31822065, 0.7521121), (-0.47400752, -0.31822783, 0.8210043), (-0.48331916, -0.2561466, 0.83713293), (-0.5884529, -0.25614098, 0.76688665), (-0.67034733, -0.31822786, 0.6703473), (-0.5771161, -0.31822065, 0.7521121), (-0.5884529, -0.25614098, 0.76688665), (-0.68351614, -0.25614706, 0.68351626), (-0.4626966, -0.37900814, 0.80141413), (-0.3541339, -0.37900046, 0.8549549), (-0.36279014, -0.3182208, 0.87585324), (-0.47400752, -0.31822783, 0.8210043), (-0.3541339, -0.37900046, 0.8549549), (-0.23950912, -0.37900794, 0.8938615), (-0.24536382, -0.31822798, 0.9157115), (-0.36279014, -0.3182208, 0.87585324), (-0.36279014, -0.3182208, 0.87585324), (-0.24536382, -0.31822798, 0.9157115), (-0.25018442, -0.25614658, 0.9337005), (-0.36991674, -0.2561404, 0.89305866), (-0.47400752, -0.31822783, 0.8210043), (-0.36279014, -0.3182208, 0.87585324), (-0.36991674, -0.2561404, 0.89305866), (-0.48331916, -0.2561466, 0.83713293), (-0.23950912, -0.37900794, 0.8938615), (-0.120788656, -0.3790002, 0.91747975), (-0.12374156, -0.31822115, 0.93990594), (-0.24536382, -0.31822798, 0.9157115), (-0.120788656, -0.3790002, 0.91747975), (-1.9657303e-7, -0.37900832, 0.9253933), (-1.8505838e-7, -0.31822795, 0.9480142), (-0.12374156, -0.31822115, 0.93990594), (-0.12374156, -0.31822115, 0.93990594), (-1.8505838e-7, -0.31822795, 0.9480142), (1.9072783e-7, -0.25614724, 0.96663785), (-0.12617216, -0.25614113, 0.95836955), (-0.24536382, -0.31822798, 0.9157115), (-0.12374156, -0.31822115, 0.93990594), (-0.12617216, -0.25614113, 0.95836955), (-0.25018442, -0.25614658, 0.9337005), (-1.9657303e-7, -0.37900832, 0.9253933), (0.120788455, -0.37899995, 0.91747975), (0.123741604, -0.3182209, 0.93990606), (-1.8505838e-7, -0.31822795, 0.9480142), (0.120788455, -0.37899995, 0.91747975), (0.23950921, -0.37900752, 0.8938616), (0.24536382, -0.3182282, 0.91571146), (0.123741604, -0.3182209, 0.93990606), (0.123741604, -0.3182209, 0.93990606), (0.24536382, -0.3182282, 0.91571146), (0.25018385, -0.25614727, 0.93370056), (0.126172, -0.25614125, 0.9583696), (-1.8505838e-7, -0.31822795, 0.9480142), (0.123741604, -0.3182209, 0.93990606), (0.126172, -0.25614125, 0.9583696), (1.9072783e-7, -0.25614724, 0.96663785), (0.23950921, -0.37900752, 0.8938616), (0.35413426, -0.37900007, 0.85495484), (0.36278978, -0.31822157, 0.87585306), (0.24536382, -0.3182282, 0.91571146), (0.35413426, -0.37900007, 0.85495484), (0.4626967, -0.37900823, 0.80141413), (0.47400716, -0.31822884, 0.82100403), (0.36278978, -0.31822157, 0.87585306), (0.36278978, -0.31822157, 0.87585306), (0.47400716, -0.31822884, 0.82100403), (0.48331898, -0.25614727, 0.8371329), (0.36991635, -0.2561413, 0.8930585), (0.24536382, -0.3182282, 0.91571146), (0.36278978, -0.31822157, 0.87585306), (0.36991635, -0.2561413, 0.8930585), (0.25018385, -0.25614727, 0.93370056), (0.4626967, -0.37900823, 0.80141413), (0.5633452, -0.37900043, 0.73416686), (0.57711554, -0.31822163, 0.75211215), (0.47400716, -0.31822884, 0.82100403), (0.5633452, -0.37900043, 0.73416686), (0.6543514, -0.37900826, 0.6543523), (0.67034686, -0.31822833, 0.67034745), (0.57711554, -0.31822163, 0.75211215), (0.57711554, -0.31822163, 0.75211215), (0.67034686, -0.31822833, 0.67034745), (0.68351597, -0.25614718, 0.6835163), (0.58845264, -0.2561411, 0.76688665), (0.47400716, -0.31822884, 0.82100403), (0.57711554, -0.31822163, 0.75211215), (0.58845264, -0.2561411, 0.76688665), (0.48331898, -0.25614727, 0.8371329), (0.6543514, -0.37900826, 0.6543523), (0.7341663, -0.37900043, 0.5633457), (0.7521121, -0.31822118, 0.5771158), (0.67034686, -0.31822833, 0.67034745), (0.7341663, -0.37900043, 0.5633457), (0.80141413, -0.3790083, 0.46269658), (0.82100433, -0.31822827, 0.47400695), (0.7521121, -0.31822118, 0.5771158), (0.7521121, -0.31822118, 0.5771158), (0.82100433, -0.31822827, 0.47400695), (0.8371328, -0.25614738, 0.48331895), (0.76688653, -0.25614154, 0.58845276), (0.67034686, -0.31822833, 0.67034745), (0.7521121, -0.31822118, 0.5771158), (0.76688653, -0.25614154, 0.58845276), (0.68351597, -0.25614718, 0.6835163), (0.80141413, -0.3790083, 0.46269658), (0.85495496, -0.37899992, 0.35413444), (0.8758532, -0.31822076, 0.3627903), (0.82100433, -0.31822827, 0.47400695), (0.85495496, -0.37899992, 0.35413444), (0.8938615, -0.37900755, 0.23950991), (0.9157115, -0.31822717, 0.24536459), (0.8758532, -0.31822076, 0.3627903), (0.8758532, -0.31822076, 0.3627903), (0.9157115, -0.31822717, 0.24536459), (0.9337003, -0.25614744, 0.2501844), (0.8930583, -0.25614142, 0.3699168), (0.82100433, -0.31822827, 0.47400695), (0.8758532, -0.31822076, 0.3627903), (0.8930583, -0.25614142, 0.3699168), (0.8371328, -0.25614738, 0.48331895), (0.8938615, -0.37900755, 0.23950991), (0.91747975, -0.37900046, 0.12078806), (0.9399065, -0.31822023, 0.123740785), (0.9157115, -0.31822717, 0.24536459), (0.91747975, -0.37900046, 0.12078806), (0.92539316, -0.3790086, -0.000001035676), (0.9480144, -0.31822747, -9.729879e-7), (0.9399065, -0.31822023, 0.123740785), (0.9399065, -0.31822023, 0.123740785), (0.9480144, -0.31822747, -9.729879e-7), (0.96663797, -0.25614688, -8.807143e-7), (0.9583697, -0.2561412, 0.1261715), (0.9157115, -0.31822717, 0.24536459), (0.9399065, -0.31822023, 0.123740785), (0.9583697, -0.2561412, 0.1261715), (0.9337003, -0.25614744, 0.2501844), (0.92539316, -0.3790086, -0.000001035676), (0.9174796, -0.37900007, -0.12078981), (0.9399059, -0.3182213, -0.1237422), (0.9480144, -0.31822747, -9.729879e-7), (0.9174796, -0.37900007, -0.12078981), (0.89386123, -0.37900794, -0.23951013), (0.9157109, -0.3182288, -0.24536489), (0.9399059, -0.3182213, -0.1237422), (0.9399059, -0.3182213, -0.1237422), (0.9157109, -0.3182288, -0.24536489), (0.9337004, -0.25614664, -0.25018504), (0.9583696, -0.25614113, -0.12617277), (0.9480144, -0.31822747, -9.729879e-7), (0.9399059, -0.3182213, -0.1237422), (0.9583696, -0.25614113, -0.12617277), (0.96663797, -0.25614688, -8.807143e-7), (0.9337004, -0.25614664, -0.25018504), (0.8930585, -0.25614062, -0.36991698), (0.90650564, -0.19302073, -0.37548688), (0.9477603, -0.1930253, -0.25395218), (0.8930585, -0.25614062, -0.36991698), (0.83713305, -0.25614697, -0.48331884), (0.8497387, -0.1930256, -0.49059686), (0.90650564, -0.19302073, -0.37548688), (0.90650564, -0.19302073, -0.37548688), (0.8497387, -0.1930256, -0.49059686), (0.8587761, -0.12911874, -0.4958145), (0.91614616, -0.12911578, -0.37948018), (0.9477603, -0.1930253, -0.25395218), (0.90650564, -0.19302073, -0.37548688), (0.91614616, -0.12911578, -0.37948018), (0.95783997, -0.12911949, -0.256653), (0.83713305, -0.25614697, -0.48331884), (0.7668867, -0.25614086, -0.5884528), (0.77843404, -0.19302088, -0.59731346), (0.8497387, -0.1930256, -0.49059686), (0.7668867, -0.25614086, -0.5884528), (0.68351626, -0.2561464, -0.6835163), (0.69380873, -0.19302511, -0.6938088), (0.77843404, -0.19302088, -0.59731346), (0.77843404, -0.19302088, -0.59731346), (0.69380873, -0.19302511, -0.6938088), (0.7011876, -0.12911923, -0.70118773), (0.7867125, -0.12911578, -0.6036659), (0.8497387, -0.1930256, -0.49059686), (0.77843404, -0.19302088, -0.59731346), (0.7867125, -0.12911578, -0.6036659), (0.8587761, -0.12911874, -0.4958145), (0.68351626, -0.2561464, -0.6835163), (0.5884529, -0.25614014, -0.76688683), (0.59731334, -0.19302022, -0.7784343), (0.69380873, -0.19302511, -0.6938088), (0.5884529, -0.25614014, -0.76688683), (0.4833192, -0.25614575, -0.83713317), (0.49059653, -0.193025, -0.84973896), (0.59731334, -0.19302022, -0.7784343), (0.59731334, -0.19302022, -0.7784343), (0.49059653, -0.193025, -0.84973896), (0.49581444, -0.12911968, -0.8587759), (0.6036657, -0.12911625, -0.7867125), (0.69380873, -0.19302511, -0.6938088), (0.59731334, -0.19302022, -0.7784343), (0.6036657, -0.12911625, -0.7867125), (0.7011876, -0.12911923, -0.70118773), (0.4833192, -0.25614575, -0.83713317), (0.36991692, -0.25613987, -0.89305866), (0.37548703, -0.19302092, -0.9065056), (0.49059653, -0.193025, -0.84973896), (0.36991692, -0.25613987, -0.89305866), (0.25018477, -0.2561462, -0.9337006), (0.2539521, -0.19302589, -0.9477602), (0.37548703, -0.19302092, -0.9065056), (0.37548703, -0.19302092, -0.9065056), (0.2539521, -0.19302589, -0.9477602), (0.2566527, -0.12911981, -0.9578401), (0.3794803, -0.12911668, -0.91614604), (0.49059653, -0.193025, -0.84973896), (0.37548703, -0.19302092, -0.9065056), (0.3794803, -0.12911668, -0.91614604), (0.49581444, -0.12911968, -0.8587759), (0.25018477, -0.2561462, -0.9337006), (0.1261719, -0.2561404, -0.9583699), (0.12807143, -0.19302098, -0.9728003), (0.2539521, -0.19302589, -0.9477602), (0.1261719, -0.2561404, -0.9583699), (3.702366e-7, -0.2561464, -0.9666381), (5.523612e-7, -0.19302537, -0.9811938), (0.12807143, -0.19302098, -0.9728003), (0.12807143, -0.19302098, -0.9728003), (5.523612e-7, -0.19302537, -0.9811938), (5.4635154e-7, -0.12911923, -0.9916291), (0.12943351, -0.12911636, -0.9831459), (0.2539521, -0.19302589, -0.9477602), (0.12807143, -0.19302098, -0.9728003), (0.12943351, -0.12911636, -0.9831459), (0.2566527, -0.12911981, -0.9578401), (3.702366e-7, -0.2561464, -0.9666381), (-0.1261711, -0.25614065, -0.9583699), (-0.12807083, -0.19302072, -0.9728005), (5.523612e-7, -0.19302537, -0.9811938), (-0.1261711, -0.25614065, -0.9583699), (-0.25018427, -0.25614655, -0.9337006), (-0.2539513, -0.19302541, -0.94776046), (-0.12807083, -0.19302072, -0.9728005), (-0.12807083, -0.19302072, -0.9728005), (-0.2539513, -0.19302541, -0.94776046), (-0.25665212, -0.1291194, -0.9578402), (-0.12943313, -0.1291161, -0.98314613), (5.523612e-7, -0.19302537, -0.9811938), (-0.12807083, -0.19302072, -0.9728005), (-0.12943313, -0.1291161, -0.98314613), (5.4635154e-7, -0.12911923, -0.9916291), (-0.25018427, -0.25614655, -0.9337006), (-0.36991662, -0.25614092, -0.8930586), (-0.37548625, -0.19302124, -0.9065058), (-0.2539513, -0.19302541, -0.94776046), (-0.36991662, -0.25614092, -0.8930586), (-0.48331854, -0.25614694, -0.8371333), (-0.4905966, -0.19302632, -0.84973866), (-0.37548625, -0.19302124, -0.9065058), (-0.37548625, -0.19302124, -0.9065058), (-0.4905966, -0.19302632, -0.84973866), (-0.49581456, -0.12911907, -0.85877603), (-0.37947956, -0.12911583, -0.91614646), (-0.2539513, -0.19302541, -0.94776046), (-0.37548625, -0.19302124, -0.9065058), (-0.37947956, -0.12911583, -0.91614646), (-0.25665212, -0.1291194, -0.9578402), (-0.48331854, -0.25614694, -0.8371333), (-0.5884526, -0.25614092, -0.7668868), (-0.5973132, -0.1930214, -0.7784341), (-0.4905966, -0.19302632, -0.84973866), (-0.5884526, -0.25614092, -0.7668868), (-0.68351614, -0.25614712, -0.68351626), (-0.69380844, -0.19302587, -0.69380903), (-0.5973132, -0.1930214, -0.7784341), (-0.5973132, -0.1930214, -0.7784341), (-0.69380844, -0.19302587, -0.69380903), (-0.70118743, -0.1291192, -0.70118785), (-0.6036657, -0.12911616, -0.7867126), (-0.4905966, -0.19302632, -0.84973866), (-0.5973132, -0.1930214, -0.7784341), (-0.6036657, -0.12911616, -0.7867126), (-0.49581456, -0.12911907, -0.85877603), (-0.68351614, -0.25614712, -0.68351626), (-0.76688665, -0.25614113, -0.5884527), (-0.77843386, -0.19302143, -0.5973134), (-0.69380844, -0.19302587, -0.69380903), (-0.76688665, -0.25614113, -0.5884527), (-0.8371328, -0.2561472, -0.4833191), (-0.84973836, -0.19302666, -0.49059683), (-0.77843386, -0.19302143, -0.5973134), (-0.77843386, -0.19302143, -0.5973134), (-0.84973836, -0.19302666, -0.49059683), (-0.8587759, -0.1291192, -0.49581462), (-0.7867124, -0.1291157, -0.603666), (-0.69380844, -0.19302587, -0.69380903), (-0.77843386, -0.19302143, -0.5973134), (-0.7867124, -0.1291157, -0.603666), (-0.70118743, -0.1291192, -0.70118785), (-0.8371328, -0.2561472, -0.4833191), (-0.89305836, -0.25614077, -0.36991704), (-0.9065054, -0.19302243, -0.37548676), (-0.84973836, -0.19302666, -0.49059683), (-0.89305836, -0.25614077, -0.36991704), (-0.9337005, -0.25614646, -0.25018457), (-0.94776016, -0.19302623, -0.2539518), (-0.9065054, -0.19302243, -0.37548676), (-0.9065054, -0.19302243, -0.37548676), (-0.94776016, -0.19302623, -0.2539518), (-0.9578401, -0.1291198, -0.2566525), (-0.9161462, -0.1291168, -0.37948), (-0.84973836, -0.19302666, -0.49059683), (-0.9065054, -0.19302243, -0.37548676), (-0.9161462, -0.1291168, -0.37948), (-0.8587759, -0.1291192, -0.49581462), (-0.9337005, -0.25614646, -0.25018457), (-0.9583696, -0.25614122, -0.12617208), (-0.97280014, -0.19302164, -0.1280721), (-0.94776016, -0.19302623, -0.2539518), (-0.9583696, -0.25614122, -0.12617208), (-0.96663773, -0.2561474, -5.7966314e-8), (-0.9811934, -0.19302686, 3.6824066e-9), (-0.97280014, -0.19302164, -0.1280721), (-0.97280014, -0.19302164, -0.1280721), (-0.9811934, -0.19302686, 3.6824066e-9), (-0.99162924, -0.12911837, -7.284688e-9), (-0.9831459, -0.12911585, -0.12943405), (-0.94776016, -0.19302623, -0.2539518), (-0.97280014, -0.19302164, -0.1280721), (-0.9831459, -0.12911585, -0.12943405), (-0.9578401, -0.1291198, -0.2566525), (-0.96663773, -0.2561474, -5.7966314e-8), (-0.9583698, -0.25614095, 0.12617166), (-0.97280025, -0.19302137, 0.1280718), (-0.9811934, -0.19302686, 3.6824066e-9), (-0.9583698, -0.25614095, 0.12617166), (-0.9337006, -0.25614643, 0.2501843), (-0.9477603, -0.19302559, 0.25395158), (-0.97280025, -0.19302137, 0.1280718), (-0.97280025, -0.19302137, 0.1280718), (-0.9477603, -0.19302559, 0.25395158), (-0.95784, -0.12912048, 0.2566523), (-0.9831459, -0.1291163, 0.12943386), (-0.9811934, -0.19302686, 3.6824066e-9), (-0.97280025, -0.19302137, 0.1280718), (-0.9831459, -0.1291163, 0.12943386), (-0.99162924, -0.12911837, -7.284688e-9), (-0.9337006, -0.25614643, 0.2501843), (-0.8930585, -0.25614077, 0.3699168), (-0.9065057, -0.19302112, 0.3754867), (-0.9477603, -0.19302559, 0.25395158), (-0.8930585, -0.25614077, 0.3699168), (-0.83713317, -0.2561467, 0.48331872), (-0.8497388, -0.19302596, 0.49059656), (-0.9065057, -0.19302112, 0.3754867), (-0.9065057, -0.19302112, 0.3754867), (-0.8497388, -0.19302596, 0.49059656), (-0.85877603, -0.12911925, 0.49581432), (-0.9161462, -0.12911649, 0.37947997), (-0.9477603, -0.19302559, 0.25395158), (-0.9065057, -0.19302112, 0.3754867), (-0.9161462, -0.12911649, 0.37947997), (-0.95784, -0.12912048, 0.2566523), (-0.83713317, -0.2561467, 0.48331872), (-0.7668867, -0.25614104, 0.58845264), (-0.7784341, -0.19302155, 0.5973131), (-0.8497388, -0.19302596, 0.49059656), (-0.7668867, -0.25614104, 0.58845264), (-0.68351614, -0.25614706, 0.68351626), (-0.6938087, -0.1930262, 0.6938086), (-0.7784341, -0.19302155, 0.5973131), (-0.7784341, -0.19302155, 0.5973131), (-0.6938087, -0.1930262, 0.6938086), (-0.7011879, -0.12911895, 0.7011875), (-0.78671277, -0.12911583, 0.6036656), (-0.8497388, -0.19302596, 0.49059656), (-0.7784341, -0.19302155, 0.5973131), (-0.78671277, -0.12911583, 0.6036656), (-0.85877603, -0.12911925, 0.49581432), (-0.68351614, -0.25614706, 0.68351626), (-0.5884529, -0.25614098, 0.76688665), (-0.5973135, -0.19302149, 0.7784338), (-0.6938087, -0.1930262, 0.6938086), (-0.5884529, -0.25614098, 0.76688665), (-0.48331916, -0.2561466, 0.83713293), (-0.49059686, -0.19302599, 0.8497386), (-0.5973135, -0.19302149, 0.7784338), (-0.5973135, -0.19302149, 0.7784338), (-0.49059686, -0.19302599, 0.8497386), (-0.4958145, -0.12911965, 0.8587759), (-0.603666, -0.1291161, 0.78671247), (-0.6938087, -0.1930262, 0.6938086), (-0.5973135, -0.19302149, 0.7784338), (-0.603666, -0.1291161, 0.78671247), (-0.7011879, -0.12911895, 0.7011875), (-0.48331916, -0.2561466, 0.83713293), (-0.36991674, -0.2561404, 0.89305866), (-0.37548655, -0.19302104, 0.9065057), (-0.49059686, -0.19302599, 0.8497386), (-0.36991674, -0.2561404, 0.89305866), (-0.25018442, -0.25614658, 0.9337005), (-0.25395185, -0.1930255, 0.9477603), (-0.37548655, -0.19302104, 0.9065057), (-0.37548655, -0.19302104, 0.9065057), (-0.25395185, -0.1930255, 0.9477603), (-0.25665247, -0.12911995, 0.95783997), (-0.37948006, -0.12911682, 0.91614616), (-0.49059686, -0.19302599, 0.8497386), (-0.37548655, -0.19302104, 0.9065057), (-0.37948006, -0.12911682, 0.91614616), (-0.4958145, -0.12911965, 0.8587759), (-0.25018442, -0.25614658, 0.9337005), (-0.12617216, -0.25614113, 0.95836955), (-0.12807189, -0.193021, 0.9728003), (-0.25395185, -0.1930255, 0.9477603), (-0.12617216, -0.25614113, 0.95836955), (1.9072783e-7, -0.25614724, 0.96663785), (1.8227912e-7, -0.19302621, 0.98119354), (-0.12807189, -0.193021, 0.9728003), (-0.12807189, -0.193021, 0.9728003), (1.8227912e-7, -0.19302621, 0.98119354), (-1.8211715e-9, -0.12911896, 0.9916291), (-0.12943418, -0.1291161, 0.9831459), (-0.25395185, -0.1930255, 0.9477603), (-0.12807189, -0.193021, 0.9728003), (-0.12943418, -0.1291161, 0.9831459), (-0.25665247, -0.12911995, 0.95783997), (1.9072783e-7, -0.25614724, 0.96663785), (0.126172, -0.25614125, 0.9583696), (0.1280715, -0.1930218, 0.97280014), (1.8227912e-7, -0.19302621, 0.98119354), (0.126172, -0.25614125, 0.9583696), (0.25018385, -0.25614727, 0.93370056), (0.25395137, -0.19302627, 0.9477603), (0.1280715, -0.1930218, 0.97280014), (0.1280715, -0.1930218, 0.97280014), (0.25395137, -0.19302627, 0.9477603), (0.25665233, -0.12911934, 0.9578401), (0.1294338, -0.12911607, 0.983146), (1.8227912e-7, -0.19302621, 0.98119354), (0.1280715, -0.1930218, 0.97280014), (0.1294338, -0.12911607, 0.983146), (-1.8211715e-9, -0.12911896, 0.9916291), (0.25018385, -0.25614727, 0.93370056), (0.36991635, -0.2561413, 0.8930585), (0.3754867, -0.19302136, 0.90650564), (0.25395137, -0.19302627, 0.9477603), (0.36991635, -0.2561413, 0.8930585), (0.48331898, -0.25614727, 0.8371329), (0.49059653, -0.19302587, 0.8497387), (0.3754867, -0.19302136, 0.90650564), (0.3754867, -0.19302136, 0.90650564), (0.49059653, -0.19302587, 0.8497387), (0.49581444, -0.12911913, 0.8587761), (0.37948027, -0.12911597, 0.91614616), (0.25395137, -0.19302627, 0.9477603), (0.3754867, -0.19302136, 0.90650564), (0.37948027, -0.12911597, 0.91614616), (0.25665233, -0.12911934, 0.9578401), (0.48331898, -0.25614727, 0.8371329), (0.58845264, -0.2561411, 0.76688665), (0.5973132, -0.19302137, 0.7784341), (0.49059653, -0.19302587, 0.8497387), (0.58845264, -0.2561411, 0.76688665), (0.68351597, -0.25614718, 0.6835163), (0.69380856, -0.19302627, 0.6938087), (0.5973132, -0.19302137, 0.7784341), (0.5973132, -0.19302137, 0.7784341), (0.69380856, -0.19302627, 0.6938087), (0.70118755, -0.12911941, 0.7011877), (0.6036656, -0.12911618, 0.78671277), (0.49059653, -0.19302587, 0.8497387), (0.5973132, -0.19302137, 0.7784341), (0.6036656, -0.12911618, 0.78671277), (0.49581444, -0.12911913, 0.8587761), (0.68351597, -0.25614718, 0.6835163), (0.76688653, -0.25614154, 0.58845276), (0.77843386, -0.19302148, 0.59731346), (0.69380856, -0.19302627, 0.6938087), (0.76688653, -0.25614154, 0.58845276), (0.8371328, -0.25614738, 0.48331895), (0.8497386, -0.19302587, 0.49059692), (0.77843386, -0.19302148, 0.59731346), (0.77843386, -0.19302148, 0.59731346), (0.8497386, -0.19302587, 0.49059692), (0.8587759, -0.12911905, 0.49581462), (0.7867127, -0.12911591, 0.60366565), (0.69380856, -0.19302627, 0.6938087), (0.77843386, -0.19302148, 0.59731346), (0.7867127, -0.12911591, 0.60366565), (0.70118755, -0.12911941, 0.7011877), (0.8371328, -0.25614738, 0.48331895), (0.8930583, -0.25614142, 0.3699168), (0.9065054, -0.19302225, 0.37548685), (0.8497386, -0.19302587, 0.49059692), (0.8930583, -0.25614142, 0.3699168), (0.9337003, -0.25614744, 0.2501844), (0.94776, -0.19302736, 0.25395152), (0.9065054, -0.19302225, 0.37548685), (0.9065054, -0.19302225, 0.37548685), (0.94776, -0.19302736, 0.25395152), (0.9578401, -0.12911981, 0.25665236), (0.91614604, -0.12911643, 0.37948036), (0.8497386, -0.19302587, 0.49059692), (0.9065054, -0.19302225, 0.37548685), (0.91614604, -0.12911643, 0.37948036), (0.8587759, -0.12911905, 0.49581462), (0.9337003, -0.25614744, 0.2501844), (0.9583697, -0.2561412, 0.1261715), (0.9728001, -0.19302213, 0.12807128), (0.94776, -0.19302736, 0.25395152), (0.9583697, -0.2561412, 0.1261715), (0.96663797, -0.25614688, -8.807143e-7), (0.9811934, -0.19302675, -9.574259e-7), (0.9728001, -0.19302213, 0.12807128), (0.9728001, -0.19302213, 0.12807128), (0.9811934, -0.19302675, -9.574259e-7), (0.991629, -0.12911941, -0.0000010344257), (0.9831459, -0.12911627, 0.12943326), (0.94776, -0.19302736, 0.25395152), (0.9728001, -0.19302213, 0.12807128), (0.9831459, -0.12911627, 0.12943326), (0.9578401, -0.12911981, 0.25665236), (0.96663797, -0.25614688, -8.807143e-7), (0.9583696, -0.25614113, -0.12617277), (0.97280014, -0.19302125, -0.1280728), (0.9811934, -0.19302675, -9.574259e-7), (0.9583696, -0.25614113, -0.12617277), (0.9337004, -0.25614664, -0.25018504), (0.9477603, -0.1930253, -0.25395218), (0.97280014, -0.19302125, -0.1280728), (0.97280014, -0.19302125, -0.1280728), (0.9477603, -0.1930253, -0.25395218), (0.95783997, -0.12911949, -0.256653), (0.9831458, -0.12911642, -0.12943496), (0.9811934, -0.19302675, -9.574259e-7), (0.97280014, -0.19302125, -0.1280728), (0.9831458, -0.12911642, -0.12943496), (0.991629, -0.12911941, -0.0000010344257), (0.95783997, -0.12911949, -0.256653), (0.91614616, -0.12911578, -0.37948018), (0.9219443, -0.06468909, -0.38188216), (0.96390235, -0.06469121, -0.25827762), (0.91614616, -0.12911578, -0.37948018), (0.8587761, -0.12911874, -0.4958145), (0.86421144, -0.0646906, -0.49895263), (0.9219443, -0.06468909, -0.38188216), (0.9219443, -0.06468909, -0.38188216), (0.86421144, -0.0646906, -0.49895263), (0.8660254, -1.8144196e-7, -0.5), (0.9238793, -1.805304e-7, -0.3826839), (0.96390235, -0.06469121, -0.25827762), (0.9219443, -0.06468909, -0.38188216), (0.9238793, -1.805304e-7, -0.3826839), (0.96592563, -9.026963e-10, -0.25881985), (0.8587761, -0.12911874, -0.4958145), (0.7867125, -0.12911578, -0.6036659), (0.79169166, -0.06468934, -0.60748637), (0.86421144, -0.0646906, -0.49895263), (0.7867125, -0.12911578, -0.6036659), (0.7011876, -0.12911923, -0.70118773), (0.7056256, -0.06469132, -0.70562553), (0.79169166, -0.06468934, -0.60748637), (0.79169166, -0.06468934, -0.60748637), (0.7056256, -0.06469132, -0.70562553), (0.7071069, 1.6248532e-7, -0.70710665), (0.79335344, 1.6247749e-7, -0.6087613), (0.86421144, -0.0646906, -0.49895263), (0.79169166, -0.06468934, -0.60748637), (0.79335344, 1.6247749e-7, -0.6087613), (0.8660254, -1.8144196e-7, -0.5), (0.7011876, -0.12911923, -0.70118773), (0.6036657, -0.12911625, -0.7867125), (0.60748625, -0.06468997, -0.7916916), (0.7056256, -0.06469132, -0.70562553), (0.6036657, -0.12911625, -0.7867125), (0.49581444, -0.12911968, -0.8587759), (0.4989525, -0.06469134, -0.86421144), (0.60748625, -0.06468997, -0.7916916), (0.60748625, -0.06468997, -0.7916916), (0.4989525, -0.06469134, -0.86421144), (0.49999964, 4.6940215e-8, -0.8660255), (0.6087612, 9.0265273e-10, -0.79335356), (0.7056256, -0.06469132, -0.70562553), (0.60748625, -0.06468997, -0.7916916), (0.6087612, 9.0265273e-10, -0.79335356), (0.7071069, 1.6248532e-7, -0.70710665), (0.49581444, -0.12911968, -0.8587759), (0.3794803, -0.12911668, -0.91614604), (0.38188207, -0.06468895, -0.9219444), (0.4989525, -0.06469134, -0.86421144), (0.3794803, -0.12911668, -0.91614604), (0.2566527, -0.12911981, -0.9578401), (0.2582772, -0.06469027, -0.9639026), (0.38188207, -0.06468895, -0.9219444), (0.38188207, -0.06468895, -0.9219444), (0.2582772, -0.06469027, -0.9639026), (0.2588194, 5.596717e-8, -0.96592563), (0.38268363, 9.0265225e-8, -0.9238794), (0.4989525, -0.06469134, -0.86421144), (0.38188207, -0.06468895, -0.9219444), (0.38268363, 9.0265225e-8, -0.9238794), (0.49999964, 4.6940215e-8, -0.8660255), (0.2566527, -0.12911981, -0.9578401), (0.12943351, -0.12911636, -0.9831459), (0.13025287, -0.0646891, -0.98936826), (0.2582772, -0.06469027, -0.9639026), (0.12943351, -0.12911636, -0.9831459), (5.4635154e-7, -0.12911923, -0.9916291), (3.618614e-7, -0.06469113, -0.9979054), (0.13025287, -0.0646891, -0.98936826), (0.13025287, -0.0646891, -0.98936826), (3.618614e-7, -0.06469113, -0.9979054), (3.6107858e-7, 0, -1), (0.13052629, 9.9291775e-9, -0.99144477), (0.2582772, -0.06469027, -0.9639026), (0.13025287, -0.0646891, -0.98936826), (0.13052629, 9.9291775e-9, -0.99144477), (0.2588194, 5.596717e-8, -0.96592563), (5.4635154e-7, -0.12911923, -0.9916291), (-0.12943313, -0.1291161, -0.98314613), (-0.13025227, -0.06468953, -0.98936826), (3.618614e-7, -0.06469113, -0.9979054), (-0.12943313, -0.1291161, -0.98314613), (-0.25665212, -0.1291194, -0.9578402), (-0.25827673, -0.06469111, -0.96390253), (-0.13025227, -0.06468953, -0.98936826), (-0.13025227, -0.06468953, -0.98936826), (-0.25827673, -0.06469111, -0.96390253), (-0.25881898, -1.8053924e-9, -0.9659258), (-0.13052551, 0, -0.9914448), (3.618614e-7, -0.06469113, -0.9979054), (-0.13025227, -0.06468953, -0.98936826), (-0.13052551, 0, -0.9914448), (3.6107858e-7, 0, -1), (-0.25665212, -0.1291194, -0.9578402), (-0.37947956, -0.12911583, -0.91614646), (-0.3818815, -0.06468925, -0.9219446), (-0.25827673, -0.06469111, -0.96390253), (-0.37947956, -0.12911583, -0.91614646), (-0.49581456, -0.12911907, -0.85877603), (-0.4989525, -0.06469068, -0.86421156), (-0.3818815, -0.06468925, -0.9219446), (-0.3818815, -0.06468925, -0.9219446), (-0.4989525, -0.06469068, -0.86421156), (-0.4999997, 1.3630716e-7, -0.86602557), (-0.38268328, -4.6035268e-8, -0.9238796), (-0.25827673, -0.06469111, -0.96390253), (-0.3818815, -0.06468925, -0.9219446), (-0.38268328, -4.6035268e-8, -0.9238796), (-0.25881898, -1.8053924e-9, -0.9659258), (-0.49581456, -0.12911907, -0.85877603), (-0.6036657, -0.12911616, -0.7867126), (-0.6074863, -0.06468919, -0.79169166), (-0.4989525, -0.06469068, -0.86421156), (-0.6036657, -0.12911616, -0.7867126), (-0.70118743, -0.1291192, -0.70118785), (-0.7056255, -0.06469088, -0.70562583), (-0.6074863, -0.06468919, -0.79169166), (-0.6074863, -0.06468919, -0.79169166), (-0.7056255, -0.06469088, -0.70562583), (-0.7071066, 8.756154e-8, -0.7071069), (-0.6087612, 2.671852e-7, -0.79335356), (-0.4989525, -0.06469068, -0.86421156), (-0.6074863, -0.06468919, -0.79169166), (-0.6087612, 2.671852e-7, -0.79335356), (-0.4999997, 1.3630716e-7, -0.86602557), (-0.70118743, -0.1291192, -0.70118785), (-0.7867124, -0.1291157, -0.603666), (-0.79169154, -0.0646887, -0.6074866), (-0.7056255, -0.06469088, -0.70562583), (-0.7867124, -0.1291157, -0.603666), (-0.8587759, -0.1291192, -0.49581462), (-0.8642113, -0.064689726, -0.498953), (-0.79169154, -0.0646887, -0.6074866), (-0.79169154, -0.0646887, -0.6074866), (-0.8642113, -0.064689726, -0.498953), (-0.8660252, -1.715122e-8, -0.5000005), (-0.79335326, -1.5345085e-8, -0.60876155), (-0.7056255, -0.06469088, -0.70562583), (-0.79169154, -0.0646887, -0.6074866), (-0.79335326, -1.5345085e-8, -0.60876155), (-0.7071066, 8.756154e-8, -0.7071069), (-0.8587759, -0.1291192, -0.49581462), (-0.9161462, -0.1291168, -0.37948), (-0.9219443, -0.06468845, -0.38188216), (-0.8642113, -0.064689726, -0.498953), (-0.9161462, -0.1291168, -0.37948), (-0.9578401, -0.1291198, -0.2566525), (-0.9639026, -0.06469147, -0.258277), (-0.9219443, -0.06468845, -0.38188216), (-0.9219443, -0.06468845, -0.38188216), (-0.9639026, -0.06469147, -0.258277), (-0.9659258, 0, -0.25881913), (-0.9238794, 0, -0.38268393), (-0.8642113, -0.064689726, -0.498953), (-0.9219443, -0.06468845, -0.38188216), (-0.9238794, 0, -0.38268393), (-0.8660252, -1.715122e-8, -0.5000005), (-0.9578401, -0.1291198, -0.2566525), (-0.9831459, -0.12911585, -0.12943405), (-0.98936814, -0.06468971, -0.13025276), (-0.9639026, -0.06469147, -0.258277), (-0.9831459, -0.12911585, -0.12943405), (-0.99162924, -0.12911837, -7.284688e-9), (-0.9979054, -0.064689815, 5.42792e-9), (-0.98936814, -0.06468971, -0.13025276), (-0.98936814, -0.06468971, -0.13025276), (-0.9979054, -0.064689815, 5.42792e-9), (-1, 0, 0), (-0.9914448, 9.026523e-10, -0.13052581), (-0.9639026, -0.06469147, -0.258277), (-0.98936814, -0.06468971, -0.13025276), (-0.9914448, 9.026523e-10, -0.13052581), (-0.9659258, 0, -0.25881913), (-0.99162924, -0.12911837, -7.284688e-9), (-0.9831459, -0.1291163, 0.12943386), (-0.98936826, -0.06468929, 0.13025254), (-0.9979054, -0.064689815, 5.42792e-9), (-0.9831459, -0.1291163, 0.12943386), (-0.95784, -0.12912048, 0.2566523), (-0.9639025, -0.06469228, 0.25827676), (-0.98936826, -0.06468929, 0.13025254), (-0.98936826, -0.06468929, 0.13025254), (-0.9639025, -0.06469228, 0.25827676), (-0.9659258, 0, 0.25881895), (-0.9914449, 0, 0.13052553), (-0.9979054, -0.064689815, 5.42792e-9), (-0.98936826, -0.06468929, 0.13025254), (-0.9914449, 0, 0.13052553), (-1, 0, 0), (-0.95784, -0.12912048, 0.2566523), (-0.9161462, -0.12911649, 0.37947997), (-0.9219444, -0.064689964, 0.38188183), (-0.9639025, -0.06469228, 0.25827676), (-0.9161462, -0.12911649, 0.37947997), (-0.85877603, -0.12911925, 0.49581432), (-0.8642113, -0.064691186, 0.49895263), (-0.9219444, -0.064689964, 0.38188183), (-0.9219444, -0.064689964, 0.38188183), (-0.8642113, -0.064691186, 0.49895263), (-0.86602557, 1.2637744e-7, 0.49999988), (-0.9238796, 1.2727396e-7, 0.38268343), (-0.9639025, -0.06469228, 0.25827676), (-0.9219444, -0.064689964, 0.38188183), (-0.9238796, 1.2727396e-7, 0.38268343), (-0.9659258, 0, 0.25881895), (-0.85877603, -0.12911925, 0.49581432), (-0.78671277, -0.12911583, 0.6036656), (-0.79169166, -0.064689495, 0.60748625), (-0.8642113, -0.064691186, 0.49895263), (-0.78671277, -0.12911583, 0.6036656), (-0.7011879, -0.12911895, 0.7011875), (-0.7056257, -0.06469098, 0.7056254), (-0.79169166, -0.064689495, 0.60748625), (-0.79169166, -0.064689495, 0.60748625), (-0.7056257, -0.06469098, 0.7056254), (-0.70710695, 1.3179366e-7, 0.7071066), (-0.79335344, 0, 0.6087612), (-0.8642113, -0.064691186, 0.49895263), (-0.79169166, -0.064689495, 0.60748625), (-0.79335344, 0, 0.6087612), (-0.86602557, 1.2637744e-7, 0.49999988), (-0.7011879, -0.12911895, 0.7011875), (-0.603666, -0.1291161, 0.78671247), (-0.6074863, -0.06468931, 0.79169166), (-0.7056257, -0.06469098, 0.7056254), (-0.603666, -0.1291161, 0.78671247), (-0.4958145, -0.12911965, 0.8587759), (-0.49895257, -0.064690754, 0.8642115), (-0.6074863, -0.06468931, 0.79169166), (-0.6074863, -0.06468931, 0.79169166), (-0.49895257, -0.064690754, 0.8642115), (-0.49999982, 1.814419e-7, 0.8660255), (-0.6087612, 1.3088456e-7, 0.7933535), (-0.7056257, -0.06469098, 0.7056254), (-0.6074863, -0.06468931, 0.79169166), (-0.6087612, 1.3088456e-7, 0.7933535), (-0.70710695, 1.3179366e-7, 0.7071066), (-0.4958145, -0.12911965, 0.8587759), (-0.37948006, -0.12911682, 0.91614616), (-0.381882, -0.06468932, 0.9219444), (-0.49895257, -0.064690754, 0.8642115), (-0.37948006, -0.12911682, 0.91614616), (-0.25665247, -0.12911995, 0.95783997), (-0.25827703, -0.064691365, 0.9639024), (-0.381882, -0.06468932, 0.9219444), (-0.381882, -0.06468932, 0.9219444), (-0.25827703, -0.064691365, 0.9639024), (-0.2588193, 1.7512305e-7, 0.96592575), (-0.38268387, 3.5745015e-7, 0.92387927), (-0.49895257, -0.064690754, 0.8642115), (-0.381882, -0.06468932, 0.9219444), (-0.38268387, 3.5745015e-7, 0.92387927), (-0.49999982, 1.814419e-7, 0.8660255), (-0.25665247, -0.12911995, 0.95783997), (-0.12943418, -0.1291161, 0.9831459), (-0.13025278, -0.06468925, 0.98936826), (-0.25827703, -0.064691365, 0.9639024), (-0.12943418, -0.1291161, 0.9831459), (-1.8211715e-9, -0.12911896, 0.9916291), (-1.8273997e-7, -0.064690255, 0.9979054), (-0.13025278, -0.06468925, 0.98936826), (-0.13025278, -0.06468925, 0.98936826), (-1.8273997e-7, -0.064690255, 0.9979054), (-3.6468919e-7, 0, 1), (-0.13052551, -9.026523e-10, 0.9914448), (-0.25827703, -0.064691365, 0.9639024), (-0.13025278, -0.06468925, 0.98936826), (-0.13052551, -9.026523e-10, 0.9914448), (-0.2588193, 1.7512305e-7, 0.96592575), (-1.8211715e-9, -0.12911896, 0.9916291), (0.1294338, -0.12911607, 0.983146), (0.1302526, -0.06468909, 0.98936826), (-1.8273997e-7, -0.064690255, 0.9979054), (0.1294338, -0.12911607, 0.983146), (0.25665233, -0.12911934, 0.9578401), (0.25827673, -0.06469127, 0.96390253), (0.1302526, -0.06468909, 0.98936826), (0.1302526, -0.06468909, 0.98936826), (0.25827673, -0.06469127, 0.96390253), (0.25881892, -1.8053921e-9, 0.9659259), (0.13052553, -9.026523e-10, 0.9914448), (-1.8273997e-7, -0.064690255, 0.9979054), (0.1302526, -0.06468909, 0.98936826), (0.13052553, -9.026523e-10, 0.9914448), (-3.6468919e-7, 0, 1), (0.25665233, -0.12911934, 0.9578401), (0.37948027, -0.12911597, 0.91614616), (0.3818819, -0.06468974, 0.92194444), (0.25827673, -0.06469127, 0.96390253), (0.37948027, -0.12911597, 0.91614616), (0.49581444, -0.12911913, 0.8587761), (0.49895275, -0.06469121, 0.86421126), (0.3818819, -0.06468974, 0.92194444), (0.3818819, -0.06468974, 0.92194444), (0.49895275, -0.06469121, 0.86421126), (0.49999994, 9.026959e-10, 0.8660255), (0.38268313, 0, 0.9238796), (0.25827673, -0.06469127, 0.96390253), (0.3818819, -0.06468974, 0.92194444), (0.38268313, 0, 0.9238796), (0.25881892, -1.8053921e-9, 0.9659259), (0.49581444, -0.12911913, 0.8587761), (0.6036656, -0.12911618, 0.78671277), (0.607486, -0.06468939, 0.79169184), (0.49895275, -0.06469121, 0.86421126), (0.6036656, -0.12911618, 0.78671277), (0.70118755, -0.12911941, 0.7011877), (0.70562565, -0.06469101, 0.70562565), (0.607486, -0.06468939, 0.79169184), (0.607486, -0.06468939, 0.79169184), (0.70562565, -0.06469101, 0.70562565), (0.7071067, 9.0269614e-10, 0.70710695), (0.60876113, 0, 0.79335356), (0.49895275, -0.06469121, 0.86421126), (0.607486, -0.06468939, 0.79169184), (0.60876113, 0, 0.79335356), (0.49999994, 9.026959e-10, 0.8660255), (0.70118755, -0.12911941, 0.7011877), (0.7867127, -0.12911591, 0.60366565), (0.7916918, -0.06468916, 0.6074861), (0.70562565, -0.06469101, 0.70562565), (0.7867127, -0.12911591, 0.60366565), (0.8587759, -0.12911905, 0.49581462), (0.8642113, -0.06469035, 0.4989528), (0.7916918, -0.06468916, 0.6074861), (0.7916918, -0.06468916, 0.6074861), (0.8642113, -0.06469035, 0.4989528), (0.8660253, 1.6519331e-7, 0.5), (0.79335356, -1.4442432e-8, 0.60876113), (0.70562565, -0.06469101, 0.70562565), (0.7916918, -0.06468916, 0.6074861), (0.79335356, -1.4442432e-8, 0.60876113), (0.7071067, 9.0269614e-10, 0.70710695), (0.8587759, -0.12911905, 0.49581462), (0.91614604, -0.12911643, 0.37948036), (0.9219444, -0.06468839, 0.38188225), (0.8642113, -0.06469035, 0.4989528), (0.91614604, -0.12911643, 0.37948036), (0.9578401, -0.12911981, 0.25665236), (0.9639026, -0.064690374, 0.2582769), (0.9219444, -0.06468839, 0.38188225), (0.9219444, -0.06468839, 0.38188225), (0.9639026, -0.064690374, 0.2582769), (0.96592575, 3.6288375e-7, 0.2588192), (0.92387944, 5.452018e-7, 0.3826837), (0.8642113, -0.06469035, 0.4989528), (0.9219444, -0.06468839, 0.38188225), (0.92387944, 5.452018e-7, 0.3826837), (0.8660253, 1.6519331e-7, 0.5), (0.9578401, -0.12911981, 0.25665236), (0.9831459, -0.12911627, 0.12943326), (0.98936826, -0.0646893, 0.13025229), (0.9639026, -0.064690374, 0.2582769), (0.9831459, -0.12911627, 0.12943326), (0.991629, -0.12911941, -0.0000010344257), (0.9979054, -0.0646907, -0.0000010403515), (0.98936826, -0.0646893, 0.13025229), (0.98936826, -0.0646893, 0.13025229), (0.9979054, -0.0646907, -0.0000010403515), (1, 0, -0.000001043517), (0.9914449, 9.0265223e-10, 0.13052566), (0.9639026, -0.064690374, 0.2582769), (0.98936826, -0.0646893, 0.13025229), (0.9914449, 9.0265223e-10, 0.13052566), (0.96592575, 3.6288375e-7, 0.2588192), (0.991629, -0.12911941, -0.0000010344257), (0.9831458, -0.12911642, -0.12943496), (0.989368, -0.0646893, -0.13025375), (0.9979054, -0.0646907, -0.0000010403515), (0.9831458, -0.12911642, -0.12943496), (0.95783997, -0.12911949, -0.256653), (0.96390235, -0.06469121, -0.25827762), (0.989368, -0.0646893, -0.13025375), (0.989368, -0.0646893, -0.13025375), (0.96390235, -0.06469121, -0.25827762), (0.96592563, -9.026963e-10, -0.25881985), (0.99144477, 9.026526e-10, -0.13052692), (0.9979054, -0.0646907, -0.0000010403515), (0.989368, -0.0646893, -0.13025375), (0.99144477, 9.026526e-10, -0.13052692), (1, 0, -0.000001043517), (0.96592563, -9.026963e-10, -0.25881985), (0.9238793, -1.805304e-7, -0.3826839), (0.92194426, 0.06468897, -0.38188213), (0.96390235, 0.06469129, -0.2582776), (0.9238793, -1.805304e-7, -0.3826839), (0.8660254, -1.8144196e-7, -0.5), (0.86421144, 0.06469041, -0.4989527), (0.92194426, 0.06468897, -0.38188213), (0.92194426, 0.06468897, -0.38188213), (0.86421144, 0.06469041, -0.4989527), (0.858776, 0.12911871, -0.49581456), (0.91614616, 0.12911665, -0.37948012), (0.96390235, 0.06469129, -0.2582776), (0.92194426, 0.06468897, -0.38188213), (0.91614616, 0.12911665, -0.37948012), (0.9578398, 0.12912019, -0.25665307), (0.8660254, -1.8144196e-7, -0.5), (0.79335344, 1.6247749e-7, -0.6087613), (0.7916916, 0.06468945, -0.60748637), (0.86421144, 0.06469041, -0.4989527), (0.79335344, 1.6247749e-7, -0.6087613), (0.7071069, 1.6248532e-7, -0.70710665), (0.70562583, 0.0646915, -0.70562553), (0.7916916, 0.06468945, -0.60748637), (0.7916916, 0.06468945, -0.60748637), (0.70562583, 0.0646915, -0.70562553), (0.7011877, 0.12911907, -0.70118755), (0.7867125, 0.12911546, -0.60366595), (0.86421144, 0.06469041, -0.4989527), (0.7916916, 0.06468945, -0.60748637), (0.7867125, 0.12911546, -0.60366595), (0.858776, 0.12911871, -0.49581456), (0.7071069, 1.6248532e-7, -0.70710665), (0.6087612, 9.0265273e-10, -0.79335356), (0.60748625, 0.06468972, -0.79169166), (0.70562583, 0.0646915, -0.70562553), (0.6087612, 9.0265273e-10, -0.79335356), (0.49999964, 4.6940215e-8, -0.8660255), (0.4989525, 0.06469089, -0.86421156), (0.60748625, 0.06468972, -0.79169166), (0.60748625, 0.06468972, -0.79169166), (0.4989525, 0.06469089, -0.86421156), (0.4958143, 0.12911946, -0.8587761), (0.6036656, 0.12911619, -0.7867127), (0.70562583, 0.0646915, -0.70562553), (0.60748625, 0.06468972, -0.79169166), (0.6036656, 0.12911619, -0.7867127), (0.7011877, 0.12911907, -0.70118755), (0.49999964, 4.6940215e-8, -0.8660255), (0.38268363, 9.0265225e-8, -0.9238794), (0.38188207, 0.0646889, -0.9219444), (0.4989525, 0.06469089, -0.86421156), (0.38268363, 9.0265225e-8, -0.9238794), (0.2588194, 5.596717e-8, -0.96592563), (0.25827718, 0.06469055, -0.9639026), (0.38188207, 0.0646889, -0.9219444), (0.38188207, 0.0646889, -0.9219444), (0.25827718, 0.06469055, -0.9639026), (0.25665277, 0.12911965, -0.9578401), (0.37948027, 0.12911636, -0.9161461), (0.4989525, 0.06469089, -0.86421156), (0.38188207, 0.0646889, -0.9219444), (0.37948027, 0.12911636, -0.9161461), (0.4958143, 0.12911946, -0.8587761), (0.2588194, 5.596717e-8, -0.96592563), (0.13052629, 9.9291775e-9, -0.99144477), (0.13025305, 0.064688966, -0.98936826), (0.25827718, 0.06469055, -0.9639026), (0.13052629, 9.9291775e-9, -0.99144477), (3.6107858e-7, 0, -1), (3.6186145e-7, 0.06469057, -0.9979054), (0.13025305, 0.064688966, -0.98936826), (0.13025305, 0.064688966, -0.98936826), (3.6186145e-7, 0.06469057, -0.9979054), (5.4817286e-7, 0.12911923, -0.9916291), (0.12943408, 0.12911637, -0.9831459), (0.25827718, 0.06469055, -0.9639026), (0.13025305, 0.064688966, -0.98936826), (0.12943408, 0.12911637, -0.9831459), (0.25665277, 0.12911965, -0.9578401), (3.6107858e-7, 0, -1), (-0.13052551, 0, -0.9914448), (-0.13025227, 0.064689115, -0.98936826), (3.6186145e-7, 0.06469057, -0.9979054), (-0.13052551, 0, -0.9914448), (-0.25881898, -1.8053924e-9, -0.9659258), (-0.25827673, 0.0646908, -0.96390253), (-0.13025227, 0.064689115, -0.98936826), (-0.13025227, 0.064689115, -0.98936826), (-0.25827673, 0.0646908, -0.96390253), (-0.25665206, 0.12911938, -0.95784026), (-0.12943313, 0.12911607, -0.98314613), (3.6186145e-7, 0.06469057, -0.9979054), (-0.13025227, 0.064689115, -0.98936826), (-0.12943313, 0.12911607, -0.98314613), (5.4817286e-7, 0.12911923, -0.9916291), (-0.25881898, -1.8053924e-9, -0.9659258), (-0.38268328, -4.6035268e-8, -0.9238796), (-0.3818817, 0.06468916, -0.92194456), (-0.25827673, 0.0646908, -0.96390253), (-0.38268328, -4.6035268e-8, -0.9238796), (-0.4999997, 1.3630716e-7, -0.86602557), (-0.4989525, 0.06469091, -0.86421156), (-0.3818817, 0.06468916, -0.92194456), (-0.3818817, 0.06468916, -0.92194456), (-0.4989525, 0.06469091, -0.86421156), (-0.49581456, 0.12911868, -0.85877603), (-0.37948003, 0.1291158, -0.9161463), (-0.25827673, 0.0646908, -0.96390253), (-0.3818817, 0.06468916, -0.92194456), (-0.37948003, 0.1291158, -0.9161463), (-0.25665206, 0.12911938, -0.95784026), (-0.4999997, 1.3630716e-7, -0.86602557), (-0.6087612, 2.671852e-7, -0.79335356), (-0.60748607, 0.06468936, -0.7916918), (-0.4989525, 0.06469091, -0.86421156), (-0.6087612, 2.671852e-7, -0.79335356), (-0.7071066, 8.756154e-8, -0.7071069), (-0.70562536, 0.064690955, -0.70562595), (-0.60748607, 0.06468936, -0.7916918), (-0.60748607, 0.06468936, -0.7916918), (-0.70562536, 0.064690955, -0.70562595), (-0.7011875, 0.12911934, -0.70118773), (-0.6036656, 0.12911583, -0.78671265), (-0.4989525, 0.06469091, -0.86421156), (-0.60748607, 0.06468936, -0.7916918), (-0.6036656, 0.12911583, -0.78671265), (-0.49581456, 0.12911868, -0.85877603), (-0.7071066, 8.756154e-8, -0.7071069), (-0.79335326, -1.5345085e-8, -0.60876155), (-0.79169154, 0.06468894, -0.6074865), (-0.70562536, 0.064690955, -0.70562595), (-0.79335326, -1.5345085e-8, -0.60876155), (-0.8660252, -1.715122e-8, -0.5000005), (-0.8642112, 0.064689904, -0.498953), (-0.79169154, 0.06468894, -0.6074865), (-0.79169154, 0.06468894, -0.6074865), (-0.8642112, 0.064689904, -0.498953), (-0.8587758, 0.12911919, -0.49581468), (-0.7867124, 0.12911582, -0.603666), (-0.70562536, 0.064690955, -0.70562595), (-0.79169154, 0.06468894, -0.6074865), (-0.7867124, 0.12911582, -0.603666), (-0.7011875, 0.12911934, -0.70118773), (-0.8660252, -1.715122e-8, -0.5000005), (-0.9238794, 0, -0.38268393), (-0.9219443, 0.06468846, -0.38188213), (-0.8642112, 0.064689904, -0.498953), (-0.9238794, 0, -0.38268393), (-0.9659258, 0, -0.25881913), (-0.9639026, 0.06469148, -0.25827697), (-0.9219443, 0.06468846, -0.38188213), (-0.9219443, 0.06468846, -0.38188213), (-0.9639026, 0.06469148, -0.25827697), (-0.9578401, 0.12911959, -0.25665244), (-0.9161462, 0.12911643, -0.37948), (-0.8642112, 0.064689904, -0.498953), (-0.9219443, 0.06468846, -0.38188213), (-0.9161462, 0.12911643, -0.37948), (-0.8587758, 0.12911919, -0.49581468), (-0.9659258, 0, -0.25881913), (-0.9914448, 9.026523e-10, -0.13052581), (-0.98936826, 0.06468971, -0.13025267), (-0.9639026, 0.06469148, -0.25827697), (-0.9914448, 9.026523e-10, -0.13052581), (-1, 0, 0), (-0.9979054, 0.06468981, 5.4279203e-9), (-0.98936826, 0.06468971, -0.13025267), (-0.98936826, 0.06468971, -0.13025267), (-0.9979054, 0.06468981, 5.4279203e-9), (-0.99162924, 0.12911838, -5.463516e-9), (-0.983146, 0.12911606, -0.12943392), (-0.9639026, 0.06469148, -0.25827697), (-0.98936826, 0.06468971, -0.13025267), (-0.983146, 0.12911606, -0.12943392), (-0.9578401, 0.12911959, -0.25665244), (-1, 0, 0), (-0.9914449, 0, 0.13052553), (-0.98936826, 0.06468893, 0.13025239), (-0.9979054, 0.06468981, 5.4279203e-9), (-0.9914449, 0, 0.13052553), (-0.9659258, 0, 0.25881895), (-0.96390253, 0.06469157, 0.2582768), (-0.98936826, 0.06468893, 0.13025239), (-0.98936826, 0.06468893, 0.13025239), (-0.96390253, 0.06469157, 0.2582768), (-0.95784, 0.12912011, 0.2566523), (-0.9831459, 0.1291163, 0.12943357), (-0.9979054, 0.06468981, 5.4279203e-9), (-0.98936826, 0.06468893, 0.13025239), (-0.9831459, 0.1291163, 0.12943357), (-0.99162924, 0.12911838, -5.463516e-9), (-0.9659258, 0, 0.25881895), (-0.9238796, 1.2727396e-7, 0.38268343), (-0.9219444, 0.064689785, 0.38188186), (-0.96390253, 0.06469157, 0.2582768), (-0.9238796, 1.2727396e-7, 0.38268343), (-0.86602557, 1.2637744e-7, 0.49999988), (-0.8642114, 0.064691365, 0.49895263), (-0.9219444, 0.064689785, 0.38188186), (-0.9219444, 0.064689785, 0.38188186), (-0.8642114, 0.064691365, 0.49895263), (-0.85877615, 0.12911913, 0.49581432), (-0.91614616, 0.1291162, 0.37948015), (-0.96390253, 0.06469157, 0.2582768), (-0.9219444, 0.064689785, 0.38188186), (-0.91614616, 0.1291162, 0.37948015), (-0.95784, 0.12912011, 0.2566523), (-0.86602557, 1.2637744e-7, 0.49999988), (-0.79335344, 0, 0.6087612), (-0.7916917, 0.06468931, 0.6074862), (-0.8642114, 0.064691365, 0.49895263), (-0.79335344, 0, 0.6087612), (-0.70710695, 1.3179366e-7, 0.7071066), (-0.7056258, 0.064690806, 0.7056254), (-0.7916917, 0.06468931, 0.6074862), (-0.7916917, 0.06468931, 0.6074862), (-0.7056258, 0.064690806, 0.7056254), (-0.7011879, 0.12911902, 0.7011875), (-0.78671277, 0.12911566, 0.60366565), (-0.8642114, 0.064691365, 0.49895263), (-0.7916917, 0.06468931, 0.6074862), (-0.78671277, 0.12911566, 0.60366565), (-0.85877615, 0.12911913, 0.49581432), (-0.70710695, 1.3179366e-7, 0.7071066), (-0.6087612, 1.3088456e-7, 0.7933535), (-0.6074863, 0.06468931, 0.7916916), (-0.7056258, 0.064690806, 0.7056254), (-0.6087612, 1.3088456e-7, 0.7933535), (-0.49999982, 1.814419e-7, 0.8660255), (-0.49895263, 0.06469087, 0.86421144), (-0.6074863, 0.06468931, 0.7916916), (-0.6074863, 0.06468931, 0.7916916), (-0.49895263, 0.06469087, 0.86421144), (-0.4958145, 0.12911908, 0.85877603), (-0.603666, 0.1291159, 0.7867124), (-0.7056258, 0.064690806, 0.7056254), (-0.6074863, 0.06468931, 0.7916916), (-0.603666, 0.1291159, 0.7867124), (-0.7011879, 0.12911902, 0.7011875), (-0.49999982, 1.814419e-7, 0.8660255), (-0.38268387, 3.5745015e-7, 0.92387927), (-0.38188198, 0.06468951, 0.9219444), (-0.49895263, 0.06469087, 0.86421144), (-0.38268387, 3.5745015e-7, 0.92387927), (-0.2588193, 1.7512305e-7, 0.96592575), (-0.2582771, 0.06469142, 0.9639024), (-0.38188198, 0.06468951, 0.9219444), (-0.38188198, 0.06468951, 0.9219444), (-0.2582771, 0.06469142, 0.9639024), (-0.25665256, 0.12911983, 0.95784), (-0.37947991, 0.12911637, 0.9161462), (-0.49895263, 0.06469087, 0.86421144), (-0.38188198, 0.06468951, 0.9219444), (-0.37947991, 0.12911637, 0.9161462), (-0.4958145, 0.12911908, 0.85877603), (-0.2588193, 1.7512305e-7, 0.96592575), (-0.13052551, -9.026523e-10, 0.9914448), (-0.13025263, 0.064689256, 0.98936826), (-0.2582771, 0.06469142, 0.9639024), (-0.13052551, -9.026523e-10, 0.9914448), (-3.6468919e-7, 0, 1), (-1.7912136e-7, 0.064690255, 0.9979054), (-0.13025263, 0.064689256, 0.98936826), (-0.13025263, 0.064689256, 0.98936826), (-1.7912136e-7, 0.064690255, 0.9979054), (-1.8211715e-9, 0.12911911, 0.9916291), (-0.12943418, 0.1291161, 0.9831459), (-0.2582771, 0.06469142, 0.9639024), (-0.13025263, 0.064689256, 0.98936826), (-0.12943418, 0.1291161, 0.9831459), (-0.25665256, 0.12911983, 0.95784), (-3.6468919e-7, 0, 1), (0.13052553, -9.026523e-10, 0.9914448), (0.13025244, 0.06468911, 0.98936826), (-1.7912136e-7, 0.064690255, 0.9979054), (0.13052553, -9.026523e-10, 0.9914448), (0.25881892, -1.8053921e-9, 0.9659259), (0.25827673, 0.06469122, 0.9639026), (0.13025244, 0.06468911, 0.98936826), (0.13025244, 0.06468911, 0.98936826), (0.25827673, 0.06469122, 0.9639026), (0.2566522, 0.12911938, 0.9578402), (0.12943365, 0.12911637, 0.983146), (-1.7912136e-7, 0.064690255, 0.9979054), (0.13025244, 0.06468911, 0.98936826), (0.12943365, 0.12911637, 0.983146), (-1.8211715e-9, 0.12911911, 0.9916291), (0.25881892, -1.8053921e-9, 0.9659259), (0.38268313, 0, 0.9238796), (0.38188174, 0.06468979, 0.92194444), (0.25827673, 0.06469122, 0.9639026), (0.38268313, 0, 0.9238796), (0.49999994, 9.026959e-10, 0.8660255), (0.49895257, 0.064691365, 0.8642114), (0.38188174, 0.06468979, 0.92194444), (0.38188174, 0.06468979, 0.92194444), (0.49895257, 0.064691365, 0.8642114), (0.49581456, 0.12911883, 0.8587759), (0.3794803, 0.1291157, 0.9161462), (0.25827673, 0.06469122, 0.9639026), (0.38188174, 0.06468979, 0.92194444), (0.3794803, 0.1291157, 0.9161462), (0.2566522, 0.12911938, 0.9578402), (0.49999994, 9.026959e-10, 0.8660255), (0.60876113, 0, 0.79335356), (0.607486, 0.06468946, 0.7916918), (0.49895257, 0.064691365, 0.8642114), (0.60876113, 0, 0.79335356), (0.7071067, 9.0269614e-10, 0.70710695), (0.70562553, 0.064691015, 0.7056257), (0.607486, 0.06468946, 0.7916918), (0.607486, 0.06468946, 0.7916918), (0.70562553, 0.064691015, 0.7056257), (0.7011875, 0.12911947, 0.7011878), (0.60366565, 0.12911604, 0.78671265), (0.49895257, 0.064691365, 0.8642114), (0.607486, 0.06468946, 0.7916918), (0.60366565, 0.12911604, 0.78671265), (0.49581456, 0.12911883, 0.8587759), (0.7071067, 9.0269614e-10, 0.70710695), (0.79335356, -1.4442432e-8, 0.60876113), (0.79169166, 0.06468917, 0.6074862), (0.70562553, 0.064691015, 0.7056257), (0.79335356, -1.4442432e-8, 0.60876113), (0.8660253, 1.6519331e-7, 0.5), (0.8642115, 0.06469023, 0.49895257), (0.79169166, 0.06468917, 0.6074862), (0.79169166, 0.06468917, 0.6074862), (0.8642115, 0.06469023, 0.49895257), (0.85877603, 0.12911887, 0.49581444), (0.78671247, 0.12911619, 0.60366577), (0.70562553, 0.064691015, 0.7056257), (0.79169166, 0.06468917, 0.6074862), (0.78671247, 0.12911619, 0.60366577), (0.7011875, 0.12911947, 0.7011878), (0.8660253, 1.6519331e-7, 0.5), (0.92387944, 5.452018e-7, 0.3826837), (0.9219444, 0.06468827, 0.38188228), (0.8642115, 0.06469023, 0.49895257), (0.92387944, 5.452018e-7, 0.3826837), (0.96592575, 3.6288375e-7, 0.2588192), (0.96390253, 0.06469001, 0.25827718), (0.9219444, 0.06468827, 0.38188228), (0.9219444, 0.06468827, 0.38188228), (0.96390253, 0.06469001, 0.25827718), (0.95784, 0.12911941, 0.2566525), (0.9161462, 0.1291157, 0.3794804), (0.8642115, 0.06469023, 0.49895257), (0.9219444, 0.06468827, 0.38188228), (0.9161462, 0.1291157, 0.3794804), (0.85877603, 0.12911887, 0.49581444), (0.96592575, 3.6288375e-7, 0.2588192), (0.9914449, 9.0265223e-10, 0.13052566), (0.9893684, 0.06468894, 0.13025215), (0.96390253, 0.06469001, 0.25827718), (0.9914449, 9.0265223e-10, 0.13052566), (1, 0, -0.000001043517), (0.9979054, 0.06469062, -0.0000010313051), (0.9893684, 0.06468894, 0.13025215), (0.9893684, 0.06468894, 0.13025215), (0.9979054, 0.06469062, -0.0000010313051), (0.9916291, 0.12911905, -0.0000010307833), (0.983146, 0.12911631, 0.129433), (0.96390253, 0.06469001, 0.25827718), (0.9893684, 0.06468894, 0.13025215), (0.983146, 0.12911631, 0.129433), (0.95784, 0.12911941, 0.2566525), (1, 0, -0.000001043517), (0.99144477, 9.026526e-10, -0.13052692), (0.989368, 0.0646893, -0.13025364), (0.9979054, 0.06469062, -0.0000010313051), (0.99144477, 9.026526e-10, -0.13052692), (0.96592563, -9.026963e-10, -0.25881985), (0.96390235, 0.06469129, -0.2582776), (0.989368, 0.0646893, -0.13025364), (0.989368, 0.0646893, -0.13025364), (0.96390235, 0.06469129, -0.2582776), (0.9578398, 0.12912019, -0.25665307), (0.9831459, 0.12911606, -0.12943481), (0.9979054, 0.06469062, -0.0000010313051), (0.989368, 0.0646893, -0.13025364), (0.9831459, 0.12911606, -0.12943481), (0.9916291, 0.12911905, -0.0000010307833), (0.9578398, 0.12912019, -0.25665307), (0.91614616, 0.12911665, -0.37948012), (0.9065055, 0.1930218, -0.37548676), (0.94776005, 0.19302626, -0.25395247), (0.91614616, 0.12911665, -0.37948012), (0.858776, 0.12911871, -0.49581456), (0.8497387, 0.19302607, -0.49059665), (0.9065055, 0.1930218, -0.37548676), (0.9065055, 0.1930218, -0.37548676), (0.8497387, 0.19302607, -0.49059665), (0.83713305, 0.25614715, -0.48331857), (0.8930585, 0.25614047, -0.36991695), (0.94776005, 0.19302626, -0.25395247), (0.9065055, 0.1930218, -0.37548676), (0.8930585, 0.25614047, -0.36991695), (0.9337004, 0.25614646, -0.25018528), (0.858776, 0.12911871, -0.49581456), (0.7867125, 0.12911546, -0.60366595), (0.7784341, 0.19302072, -0.59731346), (0.8497387, 0.19302607, -0.49059665), (0.7867125, 0.12911546, -0.60366595), (0.7011877, 0.12911907, -0.70118755), (0.6938089, 0.19302514, -0.69380873), (0.7784341, 0.19302072, -0.59731346), (0.7784341, 0.19302072, -0.59731346), (0.6938089, 0.19302514, -0.69380873), (0.68351626, 0.25614673, -0.6835162), (0.7668868, 0.25614095, -0.58845264), (0.8497387, 0.19302607, -0.49059665), (0.7784341, 0.19302072, -0.59731346), (0.7668868, 0.25614095, -0.58845264), (0.83713305, 0.25614715, -0.48331857), (0.7011877, 0.12911907, -0.70118755), (0.6036656, 0.12911619, -0.7867127), (0.5973131, 0.19302073, -0.77843434), (0.6938089, 0.19302514, -0.69380873), (0.6036656, 0.12911619, -0.7867127), (0.4958143, 0.12911946, -0.8587761), (0.49059647, 0.19302537, -0.84973896), (0.5973131, 0.19302073, -0.77843434), (0.5973131, 0.19302073, -0.77843434), (0.49059647, 0.19302537, -0.84973896), (0.48331913, 0.25614634, -0.83713305), (0.5884529, 0.25614083, -0.7668866), (0.6938089, 0.19302514, -0.69380873), (0.5973131, 0.19302073, -0.77843434), (0.5884529, 0.25614083, -0.7668866), (0.68351626, 0.25614673, -0.6835162), (0.4958143, 0.12911946, -0.8587761), (0.37948027, 0.12911636, -0.9161461), (0.37548694, 0.19302098, -0.9065056), (0.49059647, 0.19302537, -0.84973896), (0.37948027, 0.12911636, -0.9161461), (0.25665277, 0.12911965, -0.9578401), (0.2539519, 0.19302586, -0.9477602), (0.37548694, 0.19302098, -0.9065056), (0.37548694, 0.19302098, -0.9065056), (0.2539519, 0.19302586, -0.9477602), (0.2501845, 0.25614643, -0.93370056), (0.36991692, 0.25614047, -0.89305854), (0.49059647, 0.19302537, -0.84973896), (0.37548694, 0.19302098, -0.9065056), (0.36991692, 0.25614047, -0.89305854), (0.48331913, 0.25614634, -0.83713305), (0.25665277, 0.12911965, -0.9578401), (0.12943408, 0.12911637, -0.9831459), (0.1280718, 0.19302125, -0.97280025), (0.2539519, 0.19302586, -0.9477602), (0.12943408, 0.12911637, -0.9831459), (5.4817286e-7, 0.12911923, -0.9916291), (5.578847e-7, 0.19302592, -0.98119366), (0.1280718, 0.19302125, -0.97280025), (0.1280718, 0.19302125, -0.97280025), (5.578847e-7, 0.19302592, -0.98119366), (5.5722484e-7, 0.256146, -0.9666381), (0.1261719, 0.25614026, -0.95836985), (0.2539519, 0.19302586, -0.9477602), (0.1280718, 0.19302125, -0.97280025), (0.1261719, 0.25614026, -0.95836985), (0.2501845, 0.25614643, -0.93370056), (5.4817286e-7, 0.12911923, -0.9916291), (-0.12943313, 0.12911607, -0.98314613), (-0.12807098, 0.19302136, -0.9728003), (5.578847e-7, 0.19302592, -0.98119366), (-0.12943313, 0.12911607, -0.98314613), (-0.25665206, 0.12911938, -0.95784026), (-0.25395122, 0.1930263, -0.9477603), (-0.12807098, 0.19302136, -0.9728003), (-0.12807098, 0.19302136, -0.9728003), (-0.25395122, 0.1930263, -0.9477603), (-0.25018442, 0.25614646, -0.9337006), (-0.1261715, 0.25614026, -0.9583699), (5.578847e-7, 0.19302592, -0.98119366), (-0.12807098, 0.19302136, -0.9728003), (-0.1261715, 0.25614026, -0.9583699), (5.5722484e-7, 0.256146, -0.9666381), (-0.25665206, 0.12911938, -0.95784026), (-0.37948003, 0.1291158, -0.9161463), (-0.3754863, 0.19302148, -0.90650576), (-0.25395122, 0.1930263, -0.9477603), (-0.37948003, 0.1291158, -0.9161463), (-0.49581456, 0.12911868, -0.85877603), (-0.49059665, 0.19302553, -0.8497388), (-0.3754863, 0.19302148, -0.90650576), (-0.3754863, 0.19302148, -0.90650576), (-0.49059665, 0.19302553, -0.8497388), (-0.4833186, 0.25614697, -0.8371332), (-0.36991635, 0.25614086, -0.8930586), (-0.25395122, 0.1930263, -0.9477603), (-0.3754863, 0.19302148, -0.90650576), (-0.36991635, 0.25614086, -0.8930586), (-0.25018442, 0.25614646, -0.9337006), (-0.49581456, 0.12911868, -0.85877603), (-0.6036656, 0.12911583, -0.78671265), (-0.59731334, 0.19302097, -0.77843404), (-0.49059665, 0.19302553, -0.8497388), (-0.6036656, 0.12911583, -0.78671265), (-0.7011875, 0.12911934, -0.70118773), (-0.69380856, 0.19302599, -0.6938088), (-0.59731334, 0.19302097, -0.77843404), (-0.59731334, 0.19302097, -0.77843404), (-0.69380856, 0.19302599, -0.6938088), (-0.6835161, 0.25614703, -0.6835162), (-0.5884527, 0.25614104, -0.7668867), (-0.49059665, 0.19302553, -0.8497388), (-0.59731334, 0.19302097, -0.77843404), (-0.5884527, 0.25614104, -0.7668867), (-0.4833186, 0.25614697, -0.8371332), (-0.7011875, 0.12911934, -0.70118773), (-0.7867124, 0.12911582, -0.603666), (-0.77843386, 0.19302124, -0.5973135), (-0.69380856, 0.19302599, -0.6938088), (-0.7867124, 0.12911582, -0.603666), (-0.8587758, 0.12911919, -0.49581468), (-0.8497385, 0.1930263, -0.49059695), (-0.77843386, 0.19302124, -0.5973135), (-0.77843386, 0.19302124, -0.5973135), (-0.8497385, 0.1930263, -0.49059695), (-0.8371328, 0.25614697, -0.48331916), (-0.7668866, 0.256141, -0.5884529), (-0.69380856, 0.19302599, -0.6938088), (-0.77843386, 0.19302124, -0.5973135), (-0.7668866, 0.256141, -0.5884529), (-0.6835161, 0.25614703, -0.6835162), (-0.8587758, 0.12911919, -0.49581468), (-0.9161462, 0.12911643, -0.37948), (-0.90650547, 0.19302177, -0.37548673), (-0.8497385, 0.1930263, -0.49059695), (-0.9161462, 0.12911643, -0.37948), (-0.9578401, 0.12911959, -0.25665244), (-0.9477602, 0.19302593, -0.2539518), (-0.90650547, 0.19302177, -0.37548673), (-0.90650547, 0.19302177, -0.37548673), (-0.9477602, 0.19302593, -0.2539518), (-0.93370056, 0.2561462, -0.25018454), (-0.8930585, 0.25614053, -0.369917), (-0.8497385, 0.1930263, -0.49059695), (-0.90650547, 0.19302177, -0.37548673), (-0.8930585, 0.25614053, -0.369917), (-0.8371328, 0.25614697, -0.48331916), (-0.9578401, 0.12911959, -0.25665244), (-0.983146, 0.12911606, -0.12943392), (-0.9728002, 0.19302146, -0.12807202), (-0.9477602, 0.19302593, -0.2539518), (-0.983146, 0.12911606, -0.12943392), (-0.99162924, 0.12911838, -5.463516e-9), (-0.9811935, 0.1930264, 5.52361e-9), (-0.9728002, 0.19302146, -0.12807202), (-0.9728002, 0.19302146, -0.12807202), (-0.9811935, 0.1930264, 5.52361e-9), (-0.96663773, 0.25614774, 9.349406e-9), (-0.9583696, 0.25614104, -0.12617208), (-0.9477602, 0.19302593, -0.2539518), (-0.9728002, 0.19302146, -0.12807202), (-0.9583696, 0.25614104, -0.12617208), (-0.93370056, 0.2561462, -0.25018454), (-0.99162924, 0.12911838, -5.463516e-9), (-0.9831459, 0.1291163, 0.12943357), (-0.97280025, 0.19302164, 0.12807165), (-0.9811935, 0.1930264, 5.52361e-9), (-0.9831459, 0.1291163, 0.12943357), (-0.95784, 0.12912011, 0.2566523), (-0.9477602, 0.19302595, 0.25395158), (-0.97280025, 0.19302164, 0.12807165), (-0.97280025, 0.19302164, 0.12807165), (-0.9477602, 0.19302595, 0.25395158), (-0.93370074, 0.25614622, 0.25018433), (-0.9583697, 0.25614104, 0.12617165), (-0.9811935, 0.1930264, 5.52361e-9), (-0.97280025, 0.19302164, 0.12807165), (-0.9583697, 0.25614104, 0.12617165), (-0.96663773, 0.25614774, 9.349406e-9), (-0.95784, 0.12912011, 0.2566523), (-0.91614616, 0.1291162, 0.37948015), (-0.90650564, 0.19302112, 0.37548673), (-0.9477602, 0.19302595, 0.25395158), (-0.91614616, 0.1291162, 0.37948015), (-0.85877615, 0.12911913, 0.49581432), (-0.84973884, 0.19302571, 0.49059653), (-0.90650564, 0.19302112, 0.37548673), (-0.90650564, 0.19302112, 0.37548673), (-0.84973884, 0.19302571, 0.49059653), (-0.83713317, 0.25614685, 0.48331854), (-0.8930585, 0.25614074, 0.36991674), (-0.9477602, 0.19302595, 0.25395158), (-0.90650564, 0.19302112, 0.37548673), (-0.8930585, 0.25614074, 0.36991674), (-0.93370074, 0.25614622, 0.25018433), (-0.85877615, 0.12911913, 0.49581432), (-0.78671277, 0.12911566, 0.60366565), (-0.778434, 0.19302131, 0.5973134), (-0.84973884, 0.19302571, 0.49059653), (-0.78671277, 0.12911566, 0.60366565), (-0.7011879, 0.12911902, 0.7011875), (-0.6938086, 0.19302627, 0.6938087), (-0.778434, 0.19302131, 0.5973134), (-0.778434, 0.19302131, 0.5973134), (-0.6938086, 0.19302627, 0.6938087), (-0.6835162, 0.25614688, 0.6835164), (-0.7668866, 0.25614086, 0.5884529), (-0.84973884, 0.19302571, 0.49059653), (-0.778434, 0.19302131, 0.5973134), (-0.7668866, 0.25614086, 0.5884529), (-0.83713317, 0.25614685, 0.48331854), (-0.7011879, 0.12911902, 0.7011875), (-0.603666, 0.1291159, 0.7867124), (-0.5973133, 0.19302176, 0.7784339), (-0.6938086, 0.19302627, 0.6938087), (-0.603666, 0.1291159, 0.7867124), (-0.4958145, 0.12911908, 0.85877603), (-0.49059677, 0.19302629, 0.8497386), (-0.5973133, 0.19302176, 0.7784339), (-0.5973133, 0.19302176, 0.7784339), (-0.49059677, 0.19302629, 0.8497386), (-0.48331916, 0.25614715, 0.8371328), (-0.58845294, 0.25614128, 0.7668865), (-0.6938086, 0.19302627, 0.6938087), (-0.5973133, 0.19302176, 0.7784339), (-0.58845294, 0.25614128, 0.7668865), (-0.6835162, 0.25614688, 0.6835164), (-0.4958145, 0.12911908, 0.85877603), (-0.37947991, 0.12911637, 0.9161462), (-0.37548688, 0.19302098, 0.9065056), (-0.49059677, 0.19302629, 0.8497386), (-0.37947991, 0.12911637, 0.9161462), (-0.25665256, 0.12911983, 0.95784), (-0.25395182, 0.19302516, 0.94776034), (-0.37548688, 0.19302098, 0.9065056), (-0.37548688, 0.19302098, 0.9065056), (-0.25395182, 0.19302516, 0.94776034), (-0.25018474, 0.2561464, 0.9337005), (-0.36991712, 0.2561409, 0.89305836), (-0.49059677, 0.19302629, 0.8497386), (-0.37548688, 0.19302098, 0.9065056), (-0.36991712, 0.2561409, 0.89305836), (-0.48331916, 0.25614715, 0.8371328), (-0.25665256, 0.12911983, 0.95784), (-0.12943418, 0.1291161, 0.9831459), (-0.1280719, 0.19302082, 0.9728004), (-0.25395182, 0.19302516, 0.94776034), (-0.12943418, 0.1291161, 0.9831459), (-1.8211715e-9, 0.12911911, 0.9916291), (1.8227912e-7, 0.19302621, 0.9811936), (-0.1280719, 0.19302082, 0.9728004), (-0.1280719, 0.19302082, 0.9728004), (1.8227912e-7, 0.19302621, 0.9811936), (3.7771593e-7, 0.2561467, 0.96663797), (-0.12617183, 0.25614062, 0.9583698), (-0.25395182, 0.19302516, 0.94776034), (-0.1280719, 0.19302082, 0.9728004), (-0.12617183, 0.25614062, 0.9583698), (-0.25018474, 0.2561464, 0.9337005), (-1.8211715e-9, 0.12911911, 0.9916291), (0.12943365, 0.12911637, 0.983146), (0.12807153, 0.19302163, 0.97280025), (1.8227912e-7, 0.19302621, 0.9811936), (0.12943365, 0.12911637, 0.983146), (0.2566522, 0.12911938, 0.9578402), (0.25395104, 0.19302608, 0.94776046), (0.12807153, 0.19302163, 0.97280025), (0.12807153, 0.19302163, 0.97280025), (0.25395104, 0.19302608, 0.94776046), (0.25018388, 0.25614685, 0.9337006), (0.12617183, 0.25614065, 0.95836973), (1.8227912e-7, 0.19302621, 0.9811936), (0.12807153, 0.19302163, 0.97280025), (0.12617183, 0.25614065, 0.95836973), (3.7771593e-7, 0.2561467, 0.96663797), (0.2566522, 0.12911938, 0.9578402), (0.3794803, 0.1291157, 0.9161462), (0.3754868, 0.19302113, 0.90650564), (0.25395104, 0.19302608, 0.94776046), (0.3794803, 0.1291157, 0.9161462), (0.49581456, 0.12911883, 0.8587759), (0.49059683, 0.19302571, 0.8497387), (0.3754868, 0.19302113, 0.90650564), (0.3754868, 0.19302113, 0.90650564), (0.49059683, 0.19302571, 0.8497387), (0.48331892, 0.25614747, 0.8371329), (0.36991647, 0.2561413, 0.89305854), (0.25395104, 0.19302608, 0.94776046), (0.3754868, 0.19302113, 0.90650564), (0.36991647, 0.2561413, 0.89305854), (0.25018388, 0.25614685, 0.9337006), (0.49581456, 0.12911883, 0.8587759), (0.60366565, 0.12911604, 0.78671265), (0.59731334, 0.19302145, 0.778434), (0.49059683, 0.19302571, 0.8497387), (0.60366565, 0.12911604, 0.78671265), (0.7011875, 0.12911947, 0.7011878), (0.69380856, 0.19302674, 0.69380856), (0.59731334, 0.19302145, 0.778434), (0.59731334, 0.19302145, 0.778434), (0.69380856, 0.19302674, 0.69380856), (0.683516, 0.2561473, 0.6835163), (0.58845276, 0.2561415, 0.76688653), (0.49059683, 0.19302571, 0.8497387), (0.59731334, 0.19302145, 0.778434), (0.58845276, 0.2561415, 0.76688653), (0.48331892, 0.25614747, 0.8371329), (0.7011875, 0.12911947, 0.7011878), (0.78671247, 0.12911619, 0.60366577), (0.77843356, 0.19302198, 0.59731364), (0.69380856, 0.19302674, 0.69380856), (0.78671247, 0.12911619, 0.60366577), (0.85877603, 0.12911887, 0.49581444), (0.8497386, 0.19302584, 0.49059683), (0.77843356, 0.19302198, 0.59731364), (0.77843356, 0.19302198, 0.59731364), (0.8497386, 0.19302584, 0.49059683), (0.8371329, 0.256147, 0.48331907), (0.76688635, 0.2561415, 0.58845305), (0.69380856, 0.19302674, 0.69380856), (0.77843356, 0.19302198, 0.59731364), (0.76688635, 0.2561415, 0.58845305), (0.683516, 0.2561473, 0.6835163), (0.85877603, 0.12911887, 0.49581444), (0.9161462, 0.1291157, 0.3794804), (0.9065054, 0.1930221, 0.37548676), (0.8497386, 0.19302584, 0.49059683), (0.9161462, 0.1291157, 0.3794804), (0.95784, 0.12911941, 0.2566525), (0.9477598, 0.19302778, 0.25395158), (0.9065054, 0.1930221, 0.37548676), (0.9065054, 0.1930221, 0.37548676), (0.9477598, 0.19302778, 0.25395158), (0.9337003, 0.25614762, 0.2501843), (0.89305836, 0.2561412, 0.36991674), (0.8497386, 0.19302584, 0.49059683), (0.9065054, 0.1930221, 0.37548676), (0.89305836, 0.2561412, 0.36991674), (0.8371329, 0.256147, 0.48331907), (0.95784, 0.12911941, 0.2566525), (0.983146, 0.12911631, 0.129433), (0.97280014, 0.19302249, 0.12807116), (0.9477598, 0.19302778, 0.25395158), (0.983146, 0.12911631, 0.129433), (0.9916291, 0.12911905, -0.0000010307833), (0.98119354, 0.19302647, -9.555847e-7), (0.97280014, 0.19302249, 0.12807116), (0.97280014, 0.19302249, 0.12807116), (0.98119354, 0.19302647, -9.555847e-7), (0.9666379, 0.25614685, -8.751046e-7), (0.9583697, 0.2561412, 0.12617157), (0.9477598, 0.19302778, 0.25395158), (0.97280014, 0.19302249, 0.12807116), (0.9583697, 0.2561412, 0.12617157), (0.9337003, 0.25614762, 0.2501843), (0.9916291, 0.12911905, -0.0000010307833), (0.9831459, 0.12911606, -0.12943481), (0.97280014, 0.19302122, -0.12807287), (0.98119354, 0.19302647, -9.555847e-7), (0.9831459, 0.12911606, -0.12943481), (0.9578398, 0.12912019, -0.25665307), (0.94776005, 0.19302626, -0.25395247), (0.97280014, 0.19302122, -0.12807287), (0.97280014, 0.19302122, -0.12807287), (0.94776005, 0.19302626, -0.25395247), (0.9337004, 0.25614646, -0.25018528), (0.95836955, 0.2561411, -0.12617302), (0.98119354, 0.19302647, -9.555847e-7), (0.97280014, 0.19302122, -0.12807287), (0.95836955, 0.2561411, -0.12617302), (0.9666379, 0.25614685, -8.751046e-7), (0.9337004, 0.25614646, -0.25018528), (0.8930585, 0.25614047, -0.36991695), (0.875853, 0.31822112, -0.36279032), (0.9157112, 0.31822777, -0.24536498), (0.8930585, 0.25614047, -0.36991695), (0.83713305, 0.25614715, -0.48331857), (0.8210043, 0.3182286, -0.47400686), (0.875853, 0.31822112, -0.36279032), (0.875853, 0.31822112, -0.36279032), (0.8210043, 0.3182286, -0.47400686), (0.8014138, 0.3790089, -0.46269646), (0.8549546, 0.37900084, -0.35413417), (0.9157112, 0.31822777, -0.24536498), (0.875853, 0.31822112, -0.36279032), (0.8549546, 0.37900084, -0.35413417), (0.8938612, 0.3790078, -0.23951033), (0.83713305, 0.25614715, -0.48331857), (0.7668868, 0.25614095, -0.58845264), (0.75211203, 0.31822157, -0.5771156), (0.8210043, 0.3182286, -0.47400686), (0.7668868, 0.25614095, -0.58845264), (0.68351626, 0.25614673, -0.6835162), (0.6703472, 0.3182284, -0.6703472), (0.75211203, 0.31822157, -0.5771156), (0.75211203, 0.31822157, -0.5771156), (0.6703472, 0.3182284, -0.6703472), (0.65435183, 0.37900808, -0.6543519), (0.7341664, 0.3790007, -0.56334555), (0.8210043, 0.3182286, -0.47400686), (0.75211203, 0.31822157, -0.5771156), (0.7341664, 0.3790007, -0.56334555), (0.8014138, 0.3790089, -0.46269646), (0.68351626, 0.25614673, -0.6835162), (0.5884529, 0.25614083, -0.7668866), (0.5771161, 0.31822133, -0.7521118), (0.6703472, 0.3182284, -0.6703472), (0.5884529, 0.25614083, -0.7668866), (0.48331913, 0.25614634, -0.83713305), (0.47400737, 0.3182284, -0.82100403), (0.5771161, 0.31822133, -0.7521118), (0.5771161, 0.31822133, -0.7521118), (0.47400737, 0.3182284, -0.82100403), (0.4626966, 0.37900802, -0.8014142), (0.56334597, 0.37899995, -0.7341665), (0.6703472, 0.3182284, -0.6703472), (0.5771161, 0.31822133, -0.7521118), (0.56334597, 0.37899995, -0.7341665), (0.65435183, 0.37900808, -0.6543519), (0.48331913, 0.25614634, -0.83713305), (0.36991692, 0.25614047, -0.89305854), (0.3627901, 0.31822136, -0.8758529), (0.47400737, 0.3182284, -0.82100403), (0.36991692, 0.25614047, -0.89305854), (0.2501845, 0.25614643, -0.93370056), (0.24536411, 0.31822821, -0.9157113), (0.3627901, 0.31822136, -0.8758529), (0.3627901, 0.31822136, -0.8758529), (0.24536411, 0.31822821, -0.9157113), (0.23950939, 0.37900797, -0.89386135), (0.3541336, 0.37900025, -0.8549551), (0.47400737, 0.3182284, -0.82100403), (0.3627901, 0.31822136, -0.8758529), (0.3541336, 0.37900025, -0.8549551), (0.4626966, 0.37900802, -0.8014142), (0.2501845, 0.25614643, -0.93370056), (0.1261719, 0.25614026, -0.95836985), (0.12374139, 0.31822112, -0.939906), (0.24536411, 0.31822821, -0.9157113), (0.1261719, 0.25614026, -0.95836985), (5.5722484e-7, 0.256146, -0.9666381), (5.7043775e-7, 0.31822824, -0.94801414), (0.12374139, 0.31822112, -0.939906), (0.12374139, 0.31822112, -0.939906), (5.7043775e-7, 0.31822824, -0.94801414), (5.848292e-7, 0.3790082, -0.9253932), (0.12078889, 0.37900016, -0.9174797), (0.24536411, 0.31822821, -0.9157113), (0.12374139, 0.31822112, -0.939906), (0.12078889, 0.37900016, -0.9174797), (0.23950939, 0.37900797, -0.89386135), (5.5722484e-7, 0.256146, -0.9666381), (-0.1261715, 0.25614026, -0.9583699), (-0.123741016, 0.3182211, -0.9399062), (5.7043775e-7, 0.31822824, -0.94801414), (-0.1261715, 0.25614026, -0.9583699), (-0.25018442, 0.25614646, -0.9337006), (-0.24536425, 0.31822792, -0.9157114), (-0.123741016, 0.3182211, -0.9399062), (-0.123741016, 0.3182211, -0.9399062), (-0.24536425, 0.31822792, -0.9157114), (-0.23950943, 0.37900835, -0.89386123), (-0.12078843, 0.37900054, -0.9174796), (5.7043775e-7, 0.31822824, -0.94801414), (-0.123741016, 0.3182211, -0.9399062), (-0.12078843, 0.37900054, -0.9174796), (5.848292e-7, 0.3790082, -0.9253932), (-0.25018442, 0.25614646, -0.9337006), (-0.36991635, 0.25614086, -0.8930586), (-0.36278987, 0.3182211, -0.8758532), (-0.24536425, 0.31822792, -0.9157114), (-0.36991635, 0.25614086, -0.8930586), (-0.4833186, 0.25614697, -0.8371332), (-0.47400686, 0.31822854, -0.82100433), (-0.36278987, 0.3182211, -0.8758532), (-0.36278987, 0.3182211, -0.8758532), (-0.47400686, 0.31822854, -0.82100433), (-0.46269625, 0.37900832, -0.8014142), (-0.35413322, 0.37900034, -0.85495514), (-0.24536425, 0.31822792, -0.9157114), (-0.36278987, 0.3182211, -0.8758532), (-0.35413322, 0.37900034, -0.85495514), (-0.23950943, 0.37900835, -0.89386123), (-0.4833186, 0.25614697, -0.8371332), (-0.5884527, 0.25614104, -0.7668867), (-0.5771157, 0.31822163, -0.7521119), (-0.47400686, 0.31822854, -0.82100433), (-0.5884527, 0.25614104, -0.7668867), (-0.6835161, 0.25614703, -0.6835162), (-0.67034715, 0.3182283, -0.6703472), (-0.5771157, 0.31822163, -0.7521119), (-0.5771157, 0.31822163, -0.7521119), (-0.67034715, 0.3182283, -0.6703472), (-0.6543518, 0.3790078, -0.6543522), (-0.5633457, 0.37900028, -0.7341665), (-0.47400686, 0.31822854, -0.82100433), (-0.5771157, 0.31822163, -0.7521119), (-0.5633457, 0.37900028, -0.7341665), (-0.46269625, 0.37900832, -0.8014142), (-0.6835161, 0.25614703, -0.6835162), (-0.7668866, 0.256141, -0.5884529), (-0.752112, 0.318221, -0.577116), (-0.67034715, 0.3182283, -0.6703472), (-0.7668866, 0.256141, -0.5884529), (-0.8371328, 0.25614697, -0.48331916), (-0.8210043, 0.31822798, -0.47400728), (-0.752112, 0.318221, -0.577116), (-0.752112, 0.318221, -0.577116), (-0.8210043, 0.31822798, -0.47400728), (-0.80141383, 0.37900847, -0.46269688), (-0.7341663, 0.3790004, -0.5633458), (-0.67034715, 0.3182283, -0.6703472), (-0.752112, 0.318221, -0.577116), (-0.7341663, 0.3790004, -0.5633458), (-0.6543518, 0.3790078, -0.6543522), (-0.8371328, 0.25614697, -0.48331916), (-0.8930585, 0.25614053, -0.369917), (-0.8758531, 0.31822085, -0.36279044), (-0.8210043, 0.31822798, -0.47400728), (-0.8930585, 0.25614053, -0.369917), (-0.93370056, 0.2561462, -0.25018454), (-0.91571146, 0.3182277, -0.24536425), (-0.8758531, 0.31822085, -0.36279044), (-0.8758531, 0.31822085, -0.36279044), (-0.91571146, 0.3182277, -0.24536425), (-0.8938613, 0.3790082, -0.23950961), (-0.8549548, 0.37900025, -0.3541343), (-0.8210043, 0.31822798, -0.47400728), (-0.8758531, 0.31822085, -0.36279044), (-0.8549548, 0.37900025, -0.3541343), (-0.80141383, 0.37900847, -0.46269688), (-0.93370056, 0.2561462, -0.25018454), (-0.9583696, 0.25614104, -0.12617208), (-0.93990624, 0.31822053, -0.12374117), (-0.91571146, 0.3182277, -0.24536425), (-0.9583696, 0.25614104, -0.12617208), (-0.96663773, 0.25614774, 9.349406e-9), (-0.94801426, 0.31822783, -1.9078181e-9), (-0.93990624, 0.31822053, -0.12374117), (-0.93990624, 0.31822053, -0.12374117), (-0.94801426, 0.31822783, -1.9078181e-9), (-0.92539346, 0.37900785, -1.18335045e-7), (-0.91747963, 0.37900034, -0.120788544), (-0.91571146, 0.3182277, -0.24536425), (-0.93990624, 0.31822053, -0.12374117), (-0.91747963, 0.37900034, -0.120788544), (-0.8938613, 0.3790082, -0.23950961), (-0.96663773, 0.25614774, 9.349406e-9), (-0.9583697, 0.25614104, 0.12617165), (-0.9399062, 0.3182209, 0.12374081), (-0.94801426, 0.31822783, -1.9078181e-9), (-0.9583697, 0.25614104, 0.12617165), (-0.93370074, 0.25614622, 0.25018433), (-0.9157115, 0.3182277, 0.24536406), (-0.9399062, 0.3182209, 0.12374081), (-0.9399062, 0.3182209, 0.12374081), (-0.9157115, 0.3182277, 0.24536406), (-0.89386135, 0.37900814, 0.23950934), (-0.91747975, 0.37900007, 0.12078844), (-0.94801426, 0.31822783, -1.9078181e-9), (-0.9399062, 0.3182209, 0.12374081), (-0.91747975, 0.37900007, 0.12078844), (-0.92539346, 0.37900785, -1.18335045e-7), (-0.93370074, 0.25614622, 0.25018433), (-0.8930585, 0.25614074, 0.36991674), (-0.8758531, 0.3182209, 0.36279008), (-0.9157115, 0.3182277, 0.24536406), (-0.8930585, 0.25614074, 0.36991674), (-0.83713317, 0.25614685, 0.48331854), (-0.8210047, 0.31822795, 0.47400668), (-0.8758531, 0.3182209, 0.36279008), (-0.8758531, 0.3182209, 0.36279008), (-0.8210047, 0.31822795, 0.47400668), (-0.8014143, 0.37900797, 0.4626965), (-0.8549551, 0.379, 0.35413384), (-0.9157115, 0.3182277, 0.24536406), (-0.8758531, 0.3182209, 0.36279008), (-0.8549551, 0.379, 0.35413384), (-0.89386135, 0.37900814, 0.23950934), (-0.83713317, 0.25614685, 0.48331854), (-0.7668866, 0.25614086, 0.5884529), (-0.7521122, 0.31822062, 0.5771159), (-0.8210047, 0.31822795, 0.47400668), (-0.7668866, 0.25614086, 0.5884529), (-0.6835162, 0.25614688, 0.6835164), (-0.6703474, 0.31822768, 0.6703474), (-0.7521122, 0.31822062, 0.5771159), (-0.7521122, 0.31822062, 0.5771159), (-0.6703474, 0.31822768, 0.6703474), (-0.6543519, 0.37900773, 0.6543521), (-0.7341665, 0.37899998, 0.5633458), (-0.8210047, 0.31822795, 0.47400668), (-0.7521122, 0.31822062, 0.5771159), (-0.7341665, 0.37899998, 0.5633458), (-0.8014143, 0.37900797, 0.4626965), (-0.6835162, 0.25614688, 0.6835164), (-0.58845294, 0.25614128, 0.7668865), (-0.5771164, 0.31822053, 0.7521119), (-0.6703474, 0.31822768, 0.6703474), (-0.58845294, 0.25614128, 0.7668865), (-0.48331916, 0.25614715, 0.8371328), (-0.47400743, 0.3182276, 0.82100445), (-0.5771164, 0.31822053, 0.7521119), (-0.5771164, 0.31822053, 0.7521119), (-0.47400743, 0.3182276, 0.82100445), (-0.4626968, 0.37900805, 0.80141413), (-0.56334597, 0.37899995, 0.7341664), (-0.6703474, 0.31822768, 0.6703474), (-0.5771164, 0.31822053, 0.7521119), (-0.56334597, 0.37899995, 0.7341664), (-0.6543519, 0.37900773, 0.6543521), (-0.48331916, 0.25614715, 0.8371328), (-0.36991712, 0.2561409, 0.89305836), (-0.36279026, 0.31822094, 0.8758531), (-0.47400743, 0.3182276, 0.82100445), (-0.36991712, 0.2561409, 0.89305836), (-0.25018474, 0.2561464, 0.9337005), (-0.24536456, 0.3182286, 0.91571105), (-0.36279026, 0.31822094, 0.8758531), (-0.36279026, 0.31822094, 0.8758531), (-0.24536456, 0.3182286, 0.91571105), (-0.23950945, 0.37900794, 0.8938614), (-0.35413373, 0.379, 0.8549551), (-0.47400743, 0.3182276, 0.82100445), (-0.36279026, 0.31822094, 0.8758531), (-0.35413373, 0.379, 0.8549551), (-0.4626968, 0.37900805, 0.80141413), (-0.25018474, 0.2561464, 0.9337005), (-0.12617183, 0.25614062, 0.9583698), (-0.12374133, 0.31822157, 0.93990594), (-0.24536456, 0.3182286, 0.91571105), (-0.12617183, 0.25614062, 0.9583698), (3.7771593e-7, 0.2561467, 0.96663797), (1.9745913e-7, 0.31822816, 0.9480141), (-0.12374133, 0.31822157, 0.93990594), (-0.12374133, 0.31822157, 0.93990594), (1.9745913e-7, 0.31822816, 0.9480141), (0, 0.37900886, 0.9253931), (-0.120788604, 0.37900063, 0.91747946), (-0.24536456, 0.3182286, 0.91571105), (-0.12374133, 0.31822157, 0.93990594), (-0.120788604, 0.37900063, 0.91747946), (-0.23950945, 0.37900794, 0.8938614), (3.7771593e-7, 0.2561467, 0.96663797), (0.12617183, 0.25614065, 0.95836973), (0.12374119, 0.31822112, 0.93990606), (1.9745913e-7, 0.31822816, 0.9480141), (0.12617183, 0.25614065, 0.95836973), (0.25018388, 0.25614685, 0.9337006), (0.24536411, 0.31822824, 0.9157112), (0.12374119, 0.31822112, 0.93990606), (0.12374119, 0.31822112, 0.93990606), (0.24536411, 0.31822824, 0.9157112), (0.2395093, 0.37900797, 0.89386153), (0.12078823, 0.3790005, 0.9174796), (1.9745913e-7, 0.31822816, 0.9480141), (0.12374119, 0.31822112, 0.93990606), (0.12078823, 0.3790005, 0.9174796), (0, 0.37900886, 0.9253931), (0.25018388, 0.25614685, 0.9337006), (0.36991647, 0.2561413, 0.89305854), (0.36279002, 0.3182215, 0.87585306), (0.24536411, 0.31822824, 0.9157112), (0.36991647, 0.2561413, 0.89305854), (0.48331892, 0.25614747, 0.8371329), (0.474007, 0.3182288, 0.82100403), (0.36279002, 0.3182215, 0.87585306), (0.36279002, 0.3182215, 0.87585306), (0.474007, 0.3182288, 0.82100403), (0.46269655, 0.37900844, 0.801414), (0.3541341, 0.37900034, 0.8549549), (0.24536411, 0.31822824, 0.9157112), (0.36279002, 0.3182215, 0.87585306), (0.3541341, 0.37900034, 0.8549549), (0.2395093, 0.37900797, 0.89386153), (0.48331892, 0.25614747, 0.8371329), (0.58845276, 0.2561415, 0.76688653), (0.5771158, 0.31822175, 0.752112), (0.474007, 0.3182288, 0.82100403), (0.58845276, 0.2561415, 0.76688653), (0.683516, 0.2561473, 0.6835163), (0.6703469, 0.31822827, 0.67034745), (0.5771158, 0.31822175, 0.752112), (0.5771158, 0.31822175, 0.752112), (0.6703469, 0.31822827, 0.67034745), (0.65435153, 0.37900823, 0.6543522), (0.56334543, 0.37900034, 0.7341667), (0.474007, 0.3182288, 0.82100403), (0.5771158, 0.31822175, 0.752112), (0.56334543, 0.37900034, 0.7341667), (0.46269655, 0.37900844, 0.801414), (0.683516, 0.2561473, 0.6835163), (0.76688635, 0.2561415, 0.58845305), (0.7521119, 0.31822145, 0.577116), (0.6703469, 0.31822827, 0.67034745), (0.76688635, 0.2561415, 0.58845305), (0.8371329, 0.256147, 0.48331907), (0.82100415, 0.3182285, 0.47400716), (0.7521119, 0.31822145, 0.577116), (0.7521119, 0.31822145, 0.577116), (0.82100415, 0.3182285, 0.47400716), (0.8014139, 0.3790084, 0.46269682), (0.7341662, 0.3790005, 0.5633458), (0.6703469, 0.31822827, 0.67034745), (0.7521119, 0.31822145, 0.577116), (0.7341662, 0.3790005, 0.5633458), (0.65435153, 0.37900823, 0.6543522), (0.8371329, 0.256147, 0.48331907), (0.89305836, 0.2561412, 0.36991674), (0.8758531, 0.31822082, 0.36279017), (0.82100415, 0.3182285, 0.47400716), (0.89305836, 0.2561412, 0.36991674), (0.9337003, 0.25614762, 0.2501843), (0.9157116, 0.31822747, 0.24536432), (0.8758531, 0.31822082, 0.36279017), (0.8758531, 0.31822082, 0.36279017), (0.9157116, 0.31822747, 0.24536432), (0.89386123, 0.37900814, 0.23950963), (0.85495466, 0.37900043, 0.35413432), (0.82100415, 0.3182285, 0.47400716), (0.8758531, 0.31822082, 0.36279017), (0.85495466, 0.37900043, 0.35413432), (0.8014139, 0.3790084, 0.46269682), (0.9337003, 0.25614762, 0.2501843), (0.9583697, 0.2561412, 0.12617157), (0.93990636, 0.3182201, 0.123740956), (0.9157116, 0.31822747, 0.24536432), (0.9583697, 0.2561412, 0.12617157), (0.9666379, 0.25614685, -8.751046e-7), (0.94801444, 0.31822738, -9.4914e-7), (0.93990636, 0.3182201, 0.123740956), (0.93990636, 0.3182201, 0.123740956), (0.94801444, 0.31822738, -9.4914e-7), (0.92539334, 0.37900805, -8.889799e-7), (0.91747963, 0.3790006, 0.12078834), (0.9157116, 0.31822747, 0.24536432), (0.93990636, 0.3182201, 0.123740956), (0.91747963, 0.3790006, 0.12078834), (0.89386123, 0.37900814, 0.23950963), (0.9666379, 0.25614685, -8.751046e-7), (0.95836955, 0.2561411, -0.12617302), (0.9399061, 0.31822056, -0.12374238), (0.94801444, 0.31822738, -9.4914e-7), (0.95836955, 0.2561411, -0.12617302), (0.9337004, 0.25614646, -0.25018528), (0.9157112, 0.31822777, -0.24536498), (0.9399061, 0.31822056, -0.12374238), (0.9399061, 0.31822056, -0.12374238), (0.9157112, 0.31822777, -0.24536498), (0.8938612, 0.3790078, -0.23951033), (0.91747975, 0.37899956, -0.12078997), (0.94801444, 0.31822738, -9.4914e-7), (0.9399061, 0.31822056, -0.12374238), (0.91747975, 0.37899956, -0.12078997), (0.92539334, 0.37900805, -8.889799e-7), (0.8938612, 0.3790078, -0.23951033), (0.8549546, 0.37900084, -0.35413417), (0.8304397, 0.4382326, -0.3439799), (0.86822927, 0.43824136, -0.2326422), (0.8549546, 0.37900084, -0.35413417), (0.8014138, 0.3790089, -0.46269646), (0.77843344, 0.43824124, -0.44942862), (0.8304397, 0.4382326, -0.3439799), (0.8304397, 0.4382326, -0.3439799), (0.77843344, 0.43824124, -0.44942862), (0.752152, 0.49567118, -0.4342549), (0.80240333, 0.49566233, -0.33236688), (0.86822927, 0.43824136, -0.2326422), (0.8304397, 0.4382326, -0.3439799), (0.80240333, 0.49566233, -0.33236688), (0.83891636, 0.49567103, -0.22478764), (0.8014138, 0.3790089, -0.46269646), (0.7341664, 0.3790007, -0.56334555), (0.71311504, 0.4382327, -0.54719204), (0.77843344, 0.43824124, -0.44942862), (0.7341664, 0.3790007, -0.56334555), (0.65435183, 0.37900808, -0.6543519), (0.6355884, 0.4382409, -0.63558805), (0.71311504, 0.4382327, -0.54719204), (0.71311504, 0.4382327, -0.54719204), (0.6355884, 0.4382409, -0.63558805), (0.6141297, 0.4956712, -0.6141293), (0.6890397, 0.49566233, -0.52871835), (0.77843344, 0.43824124, -0.44942862), (0.71311504, 0.4382327, -0.54719204), (0.6890397, 0.49566233, -0.52871835), (0.752152, 0.49567118, -0.4342549), (0.65435183, 0.37900808, -0.6543519), (0.56334597, 0.37899995, -0.7341665), (0.5471924, 0.43823245, -0.71311486), (0.6355884, 0.4382409, -0.63558805), (0.56334597, 0.37899995, -0.7341665), (0.4626966, 0.37900802, -0.8014142), (0.44942847, 0.43824124, -0.7784335), (0.5471924, 0.43823245, -0.71311486), (0.5471924, 0.43823245, -0.71311486), (0.44942847, 0.43824124, -0.7784335), (0.43425483, 0.49567145, -0.7521519), (0.52871853, 0.49566263, -0.6890394), (0.6355884, 0.4382409, -0.63558805), (0.5471924, 0.43823245, -0.71311486), (0.52871853, 0.49566263, -0.6890394), (0.6141297, 0.4956712, -0.6141293), (0.4626966, 0.37900802, -0.8014142), (0.3541336, 0.37900025, -0.8549551), (0.34397924, 0.43823272, -0.83043987), (0.44942847, 0.43824124, -0.7784335), (0.3541336, 0.37900025, -0.8549551), (0.23950939, 0.37900797, -0.89386135), (0.23264153, 0.43824086, -0.86822975), (0.34397924, 0.43823272, -0.83043987), (0.34397924, 0.43823272, -0.83043987), (0.23264153, 0.43824086, -0.86822975), (0.22478728, 0.49567094, -0.8389166), (0.33236653, 0.49566242, -0.8024034), (0.44942847, 0.43824124, -0.7784335), (0.34397924, 0.43823272, -0.83043987), (0.33236653, 0.49566242, -0.8024034), (0.43425483, 0.49567145, -0.7521519), (0.23950939, 0.37900797, -0.89386135), (0.12078889, 0.37900016, -0.9174797), (0.11732521, 0.43823263, -0.89117163), (0.23264153, 0.43824086, -0.86822975), (0.12078889, 0.37900016, -0.9174797), (5.848292e-7, 0.3790082, -0.9253932), (5.099074e-7, 0.43824148, -0.89885724), (0.11732521, 0.43823263, -0.89117163), (0.11732521, 0.43823263, -0.89117163), (5.099074e-7, 0.43824148, -0.89885724), (4.1340834e-7, 0.49567136, -0.8685102), (0.113364056, 0.49566233, -0.86108494), (0.23264153, 0.43824086, -0.86822975), (0.11732521, 0.43823263, -0.89117163), (0.113364056, 0.49566233, -0.86108494), (0.22478728, 0.49567094, -0.8389166), (5.848292e-7, 0.3790082, -0.9253932), (-0.12078843, 0.37900054, -0.9174796), (-0.11732466, 0.43823296, -0.8911715), (5.099074e-7, 0.43824148, -0.89885724), (-0.12078843, 0.37900054, -0.9174796), (-0.23950943, 0.37900835, -0.89386123), (-0.23264147, 0.43824118, -0.8682296), (-0.11732466, 0.43823296, -0.8911715), (-0.11732466, 0.43823296, -0.8911715), (-0.23264147, 0.43824118, -0.8682296), (-0.22478713, 0.49567097, -0.83891666), (-0.11336339, 0.4956624, -0.861085), (5.099074e-7, 0.43824148, -0.89885724), (-0.11732466, 0.43823296, -0.8911715), (-0.11336339, 0.4956624, -0.861085), (4.1340834e-7, 0.49567136, -0.8685102), (-0.23950943, 0.37900835, -0.89386123), (-0.35413322, 0.37900034, -0.85495514), (-0.34397888, 0.43823305, -0.8304398), (-0.23264147, 0.43824118, -0.8682296), (-0.35413322, 0.37900034, -0.85495514), (-0.46269625, 0.37900832, -0.8014142), (-0.44942814, 0.43824172, -0.7784334), (-0.34397888, 0.43823305, -0.8304398), (-0.34397888, 0.43823305, -0.8304398), (-0.44942814, 0.43824172, -0.7784334), (-0.4342546, 0.49567127, -0.7521522), (-0.3323663, 0.4956624, -0.8024035), (-0.23264147, 0.43824118, -0.8682296), (-0.34397888, 0.43823305, -0.8304398), (-0.3323663, 0.4956624, -0.8024035), (-0.22478713, 0.49567097, -0.83891666), (-0.46269625, 0.37900832, -0.8014142), (-0.5633457, 0.37900028, -0.7341665), (-0.5471919, 0.438233, -0.71311486), (-0.44942814, 0.43824172, -0.7784334), (-0.5633457, 0.37900028, -0.7341665), (-0.6543518, 0.3790078, -0.6543522), (-0.635588, 0.43824133, -0.6355882), (-0.5471919, 0.438233, -0.71311486), (-0.5471919, 0.438233, -0.71311486), (-0.635588, 0.43824133, -0.6355882), (-0.6141292, 0.49567118, -0.6141298), (-0.5287183, 0.49566254, -0.6890396), (-0.44942814, 0.43824172, -0.7784334), (-0.5471919, 0.438233, -0.71311486), (-0.5287183, 0.49566254, -0.6890396), (-0.4342546, 0.49567127, -0.7521522), (-0.6543518, 0.3790078, -0.6543522), (-0.7341663, 0.3790004, -0.5633458), (-0.7131146, 0.43823308, -0.54719216), (-0.635588, 0.43824133, -0.6355882), (-0.7341663, 0.3790004, -0.5633458), (-0.80141383, 0.37900847, -0.46269688), (-0.77843314, 0.43824136, -0.44942898), (-0.7131146, 0.43823308, -0.54719216), (-0.7131146, 0.43823308, -0.54719216), (-0.77843314, 0.43824136, -0.44942898), (-0.7521521, 0.49567074, -0.43425545), (-0.68903947, 0.49566206, -0.52871877), (-0.635588, 0.43824133, -0.6355882), (-0.7131146, 0.43823308, -0.54719216), (-0.68903947, 0.49566206, -0.52871877), (-0.6141292, 0.49567118, -0.6141298), (-0.80141383, 0.37900847, -0.46269688), (-0.8549548, 0.37900025, -0.3541343), (-0.8304396, 0.4382327, -0.34397987), (-0.77843314, 0.43824136, -0.44942898), (-0.8549548, 0.37900025, -0.3541343), (-0.8938613, 0.3790082, -0.23950961), (-0.8682293, 0.43824175, -0.23264149), (-0.8304396, 0.4382327, -0.34397987), (-0.8304396, 0.4382327, -0.34397987), (-0.8682293, 0.43824175, -0.23264149), (-0.8389166, 0.49567103, -0.22478718), (-0.80240345, 0.49566233, -0.3323667), (-0.77843314, 0.43824136, -0.44942898), (-0.8304396, 0.4382327, -0.34397987), (-0.80240345, 0.49566233, -0.3323667), (-0.7521521, 0.49567074, -0.43425545), (-0.8938613, 0.3790082, -0.23950961), (-0.91747963, 0.37900034, -0.120788544), (-0.89117134, 0.43823346, -0.11732492), (-0.8682293, 0.43824175, -0.23264149), (-0.91747963, 0.37900034, -0.120788544), (-0.92539346, 0.37900785, -1.18335045e-7), (-0.89885724, 0.43824172, -1.743359e-7), (-0.89117134, 0.43823346, -0.11732492), (-0.89117134, 0.43823346, -0.11732492), (-0.89885724, 0.43824172, -1.743359e-7), (-0.8685103, 0.4956712, -5.3241966e-8), (-0.8610852, 0.49566218, -0.11336401), (-0.8682293, 0.43824175, -0.23264149), (-0.89117134, 0.43823346, -0.11732492), (-0.8610852, 0.49566218, -0.11336401), (-0.8389166, 0.49567103, -0.22478718), (-0.92539346, 0.37900785, -1.18335045e-7), (-0.91747975, 0.37900007, 0.12078844), (-0.8911714, 0.43823323, 0.117324874), (-0.89885724, 0.43824172, -1.743359e-7), (-0.91747975, 0.37900007, 0.12078844), (-0.89386135, 0.37900814, 0.23950934), (-0.8682293, 0.43824175, 0.23264128), (-0.8911714, 0.43823323, 0.117324874), (-0.8911714, 0.43823323, 0.117324874), (-0.8682293, 0.43824175, 0.23264128), (-0.83891654, 0.49567118, 0.2247869), (-0.8610849, 0.4956626, 0.11336384), (-0.89885724, 0.43824172, -1.743359e-7), (-0.8911714, 0.43823323, 0.117324874), (-0.8610849, 0.4956626, 0.11336384), (-0.8685103, 0.4956712, -5.3241966e-8), (-0.89386135, 0.37900814, 0.23950934), (-0.8549551, 0.379, 0.35413384), (-0.83043957, 0.43823335, 0.34397927), (-0.8682293, 0.43824175, 0.23264128), (-0.8549551, 0.379, 0.35413384), (-0.8014143, 0.37900797, 0.4626965), (-0.77843314, 0.43824184, 0.44942847), (-0.83043957, 0.43823335, 0.34397927), (-0.83043957, 0.43823335, 0.34397927), (-0.77843314, 0.43824184, 0.44942847), (-0.75215214, 0.49567115, 0.43425494), (-0.80240357, 0.49566245, 0.33236635), (-0.8682293, 0.43824175, 0.23264128), (-0.83043957, 0.43823335, 0.34397927), (-0.80240357, 0.49566245, 0.33236635), (-0.83891654, 0.49567118, 0.2247869), (-0.8014143, 0.37900797, 0.4626965), (-0.7341665, 0.37899998, 0.5633458), (-0.7131148, 0.43823332, 0.5471918), (-0.77843314, 0.43824184, 0.44942847), (-0.7341665, 0.37899998, 0.5633458), (-0.6543519, 0.37900773, 0.6543521), (-0.63558817, 0.43824166, 0.6355878), (-0.7131148, 0.43823332, 0.5471918), (-0.7131148, 0.43823332, 0.5471918), (-0.63558817, 0.43824166, 0.6355878), (-0.6141296, 0.49567136, 0.6141292), (-0.68903965, 0.4956627, 0.5287182), (-0.77843314, 0.43824184, 0.44942847), (-0.7131148, 0.43823332, 0.5471918), (-0.68903965, 0.4956627, 0.5287182), (-0.75215214, 0.49567115, 0.43425494), (-0.6543519, 0.37900773, 0.6543521), (-0.56334597, 0.37899995, 0.7341664), (-0.5471923, 0.43823302, 0.71311456), (-0.63558817, 0.43824166, 0.6355878), (-0.56334597, 0.37899995, 0.7341664), (-0.4626968, 0.37900805, 0.80141413), (-0.449429, 0.4382414, 0.778433), (-0.5471923, 0.43823302, 0.71311456), (-0.5471923, 0.43823302, 0.71311456), (-0.449429, 0.4382414, 0.778433), (-0.43425524, 0.4956713, 0.7521517), (-0.52871865, 0.49566242, 0.6890394), (-0.63558817, 0.43824166, 0.6355878), (-0.5471923, 0.43823302, 0.71311456), (-0.52871865, 0.49566242, 0.6890394), (-0.6141296, 0.49567136, 0.6141292), (-0.4626968, 0.37900805, 0.80141413), (-0.35413373, 0.379, 0.8549551), (-0.34397936, 0.43823296, 0.8304397), (-0.449429, 0.4382414, 0.778433), (-0.35413373, 0.379, 0.8549551), (-0.23950945, 0.37900794, 0.8938614), (-0.23264115, 0.4382411, 0.8682296), (-0.34397936, 0.43823296, 0.8304397), (-0.34397936, 0.43823296, 0.8304397), (-0.23264115, 0.4382411, 0.8682296), (-0.2247869, 0.49567127, 0.83891654), (-0.33236644, 0.49566284, 0.80240333), (-0.449429, 0.4382414, 0.778433), (-0.34397936, 0.43823296, 0.8304397), (-0.33236644, 0.49566284, 0.80240333), (-0.43425524, 0.4956713, 0.7521517), (-0.23950945, 0.37900794, 0.8938614), (-0.120788604, 0.37900063, 0.91747946), (-0.11732458, 0.43823287, 0.89117163), (-0.23264115, 0.4382411, 0.8682296), (-0.120788604, 0.37900063, 0.91747946), (0, 0.37900886, 0.9253931), (0, 0.4382418, 0.8988571), (-0.11732458, 0.43823287, 0.89117163), (-0.11732458, 0.43823287, 0.89117163), (0, 0.4382418, 0.8988571), (-1.01264156e-7, 0.49567097, 0.86851037), (-0.11336363, 0.49566227, 0.86108506), (-0.23264115, 0.4382411, 0.8682296), (-0.11732458, 0.43823287, 0.89117163), (-0.11336363, 0.49566227, 0.86108506), (-0.2247869, 0.49567127, 0.83891654), (0, 0.37900886, 0.9253931), (0.12078823, 0.3790005, 0.9174796), (0.11732433, 0.438233, 0.8911716), (0, 0.4382418, 0.8988571), (0.12078823, 0.3790005, 0.9174796), (0.2395093, 0.37900797, 0.89386153), (0.23264128, 0.43824115, 0.8682296), (0.11732433, 0.438233, 0.8911716), (0.11732433, 0.438233, 0.8911716), (0.23264128, 0.43824115, 0.8682296), (0.22478689, 0.49567118, 0.8389165), (0.113363296, 0.49566227, 0.8610851), (0, 0.4382418, 0.8988571), (0.11732433, 0.438233, 0.8911716), (0.113363296, 0.49566227, 0.8610851), (-1.01264156e-7, 0.49567097, 0.86851037), (0.2395093, 0.37900797, 0.89386153), (0.3541341, 0.37900034, 0.8549549), (0.34397957, 0.43823284, 0.8304397), (0.23264128, 0.43824115, 0.8682296), (0.3541341, 0.37900034, 0.8549549), (0.46269655, 0.37900844, 0.801414), (0.44942853, 0.43824133, 0.7784333), (0.34397957, 0.43823284, 0.8304397), (0.34397957, 0.43823284, 0.8304397), (0.44942853, 0.43824133, 0.7784333), (0.43425506, 0.49567103, 0.7521521), (0.33236647, 0.49566254, 0.80240333), (0.23264128, 0.43824115, 0.8682296), (0.34397957, 0.43823284, 0.8304397), (0.33236647, 0.49566254, 0.80240333), (0.22478689, 0.49567118, 0.8389165), (0.46269655, 0.37900844, 0.801414), (0.56334543, 0.37900034, 0.7341667), (0.5471919, 0.43823275, 0.713115), (0.44942853, 0.43824133, 0.7784333), (0.56334543, 0.37900034, 0.7341667), (0.65435153, 0.37900823, 0.6543522), (0.63558805, 0.4382413, 0.6355883), (0.5471919, 0.43823275, 0.713115), (0.5471919, 0.43823275, 0.713115), (0.63558805, 0.4382413, 0.6355883), (0.61412936, 0.49567118, 0.6141296), (0.52871853, 0.49566227, 0.6890397), (0.44942853, 0.43824133, 0.7784333), (0.5471919, 0.43823275, 0.713115), (0.52871853, 0.49566227, 0.6890397), (0.43425506, 0.49567103, 0.7521521), (0.65435153, 0.37900823, 0.6543522), (0.7341662, 0.3790005, 0.5633458), (0.7131148, 0.4382329, 0.54719204), (0.63558805, 0.4382413, 0.6355883), (0.7341662, 0.3790005, 0.5633458), (0.8014139, 0.3790084, 0.46269682), (0.7784331, 0.43824157, 0.44942874), (0.7131148, 0.4382329, 0.54719204), (0.7131148, 0.4382329, 0.54719204), (0.7784331, 0.43824157, 0.44942874), (0.7521519, 0.49567094, 0.43425542), (0.68903947, 0.4956626, 0.52871853), (0.63558805, 0.4382413, 0.6355883), (0.7131148, 0.4382329, 0.54719204), (0.68903947, 0.4956626, 0.52871853), (0.61412936, 0.49567118, 0.6141296), (0.8014139, 0.3790084, 0.46269682), (0.85495466, 0.37900043, 0.35413432), (0.83043915, 0.4382335, 0.3439799), (0.7784331, 0.43824157, 0.44942874), (0.85495466, 0.37900043, 0.35413432), (0.89386123, 0.37900814, 0.23950963), (0.8682291, 0.43824214, 0.23264146), (0.83043915, 0.4382335, 0.3439799), (0.83043915, 0.4382335, 0.3439799), (0.8682291, 0.43824214, 0.23264146), (0.83891636, 0.4956713, 0.22478709), (0.8024033, 0.4956624, 0.33236706), (0.7784331, 0.43824157, 0.44942874), (0.83043915, 0.4382335, 0.3439799), (0.8024033, 0.4956624, 0.33236706), (0.7521519, 0.49567094, 0.43425542), (0.89386123, 0.37900814, 0.23950963), (0.91747963, 0.3790006, 0.12078834), (0.8911713, 0.43823358, 0.11732444), (0.8682291, 0.43824214, 0.23264146), (0.91747963, 0.3790006, 0.12078834), (0.92539334, 0.37900805, -8.889799e-7), (0.8988571, 0.4382419, -7.890462e-7), (0.8911713, 0.43823358, 0.11732444), (0.8911713, 0.43823358, 0.11732444), (0.8988571, 0.4382419, -7.890462e-7), (0.8685102, 0.4956714, -8.4456394e-7), (0.86108506, 0.49566245, 0.113363355), (0.8682291, 0.43824214, 0.23264146), (0.8911713, 0.43823358, 0.11732444), (0.86108506, 0.49566245, 0.113363355), (0.83891636, 0.4956713, 0.22478709), (0.92539334, 0.37900805, -8.889799e-7), (0.91747975, 0.37899956, -0.12078997), (0.8911712, 0.43823346, -0.11732603), (0.8988571, 0.4382419, -7.890462e-7), (0.91747975, 0.37899956, -0.12078997), (0.8938612, 0.3790078, -0.23951033), (0.86822927, 0.43824136, -0.2326422), (0.8911712, 0.43823346, -0.11732603), (0.8911712, 0.43823346, -0.11732603), (0.86822927, 0.43824136, -0.2326422), (0.83891636, 0.49567103, -0.22478764), (0.86108476, 0.49566266, -0.11336477), (0.8988571, 0.4382419, -7.890462e-7), (0.8911712, 0.43823346, -0.11732603), (0.86108476, 0.49566266, -0.11336477), (0.8685102, 0.4956714, -8.4456394e-7), (0.83891636, 0.49567103, -0.22478764), (0.80240333, 0.49566233, -0.33236688), (0.77094895, 0.5510544, -0.3193381), (0.80602986, 0.5510629, -0.21597587), (0.80240333, 0.49566233, -0.33236688), (0.752152, 0.49567118, -0.4342549), (0.72266656, 0.5510633, -0.4172316), (0.77094895, 0.5510544, -0.3193381), (0.77094895, 0.5510544, -0.3193381), (0.72266656, 0.5510633, -0.4172316), (0.6900981, 0.6041684, -0.39842823), (0.73620534, 0.60415995, -0.30494663), (0.80602986, 0.5510629, -0.21597587), (0.77094895, 0.5510544, -0.3193381), (0.73620534, 0.60415995, -0.30494663), (0.76970416, 0.60416853, -0.20624244), (0.752152, 0.49567118, -0.4342549), (0.6890397, 0.49566233, -0.52871835), (0.66202915, 0.55105454, -0.50799245), (0.72266656, 0.5510633, -0.4172316), (0.6890397, 0.49566233, -0.52871835), (0.6141297, 0.4956712, -0.6141293), (0.5900547, 0.5510633, -0.59005475), (0.66202915, 0.55105454, -0.50799245), (0.66202915, 0.55105454, -0.50799245), (0.5900547, 0.5510633, -0.59005475), (0.5634626, 0.6041688, -0.56346244), (0.6321941, 0.6041602, -0.4850991), (0.72266656, 0.5510633, -0.4172316), (0.66202915, 0.55105454, -0.50799245), (0.6321941, 0.6041602, -0.4850991), (0.6900981, 0.6041684, -0.39842823), (0.6141297, 0.4956712, -0.6141293), (0.52871853, 0.49566263, -0.6890394), (0.50799245, 0.55105424, -0.6620293), (0.5900547, 0.5510633, -0.59005475), (0.52871853, 0.49566263, -0.6890394), (0.43425483, 0.49567145, -0.7521519), (0.41723165, 0.5510628, -0.72266686), (0.50799245, 0.55105424, -0.6620293), (0.50799245, 0.55105424, -0.6620293), (0.41723165, 0.5510628, -0.72266686), (0.39842838, 0.6041685, -0.69009805), (0.48509958, 0.6041601, -0.63219374), (0.5900547, 0.5510633, -0.59005475), (0.50799245, 0.55105424, -0.6620293), (0.48509958, 0.6041601, -0.63219374), (0.5634626, 0.6041688, -0.56346244), (0.43425483, 0.49567145, -0.7521519), (0.33236653, 0.49566242, -0.8024034), (0.31933802, 0.5510541, -0.7709491), (0.41723165, 0.5510628, -0.72266686), (0.33236653, 0.49566242, -0.8024034), (0.22478728, 0.49567094, -0.8389166), (0.21597528, 0.55106306, -0.8060299), (0.31933802, 0.5510541, -0.7709491), (0.31933802, 0.5510541, -0.7709491), (0.21597528, 0.55106306, -0.8060299), (0.20624182, 0.604169, -0.769704), (0.3049464, 0.60416013, -0.7362052), (0.41723165, 0.5510628, -0.72266686), (0.31933802, 0.5510541, -0.7709491), (0.3049464, 0.60416013, -0.7362052), (0.39842838, 0.6041685, -0.69009805), (0.22478728, 0.49567094, -0.8389166), (0.113364056, 0.49566233, -0.86108494), (0.108920105, 0.551054, -0.8273306), (0.21597528, 0.55106306, -0.8060299), (0.113364056, 0.49566233, -0.86108494), (4.1340834e-7, 0.49567136, -0.8685102), (6.569776e-7, 0.55106246, -0.83446395), (0.108920105, 0.551054, -0.8273306), (0.108920105, 0.551054, -0.8273306), (6.569776e-7, 0.55106246, -0.83446395), (4.686912e-7, 0.60416865, -0.7968564), (0.10401163, 0.6041605, -0.7900454), (0.21597528, 0.55106306, -0.8060299), (0.108920105, 0.551054, -0.8273306), (0.10401163, 0.6041605, -0.7900454), (0.20624182, 0.604169, -0.769704), (4.1340834e-7, 0.49567136, -0.8685102), (-0.11336339, 0.4956624, -0.861085), (-0.10891957, 0.55105394, -0.8273307), (6.569776e-7, 0.55106246, -0.83446395), (-0.11336339, 0.4956624, -0.861085), (-0.22478713, 0.49567097, -0.83891666), (-0.21597531, 0.5510628, -0.80603), (-0.10891957, 0.55105394, -0.8273307), (-0.10891957, 0.55105394, -0.8273307), (-0.21597531, 0.5510628, -0.80603), (-0.2062416, 0.60416883, -0.7697041), (-0.104011245, 0.60416025, -0.7900456), (6.569776e-7, 0.55106246, -0.83446395), (-0.10891957, 0.55105394, -0.8273307), (-0.104011245, 0.60416025, -0.7900456), (4.686912e-7, 0.60416865, -0.7968564), (-0.22478713, 0.49567097, -0.83891666), (-0.3323663, 0.4956624, -0.8024035), (-0.31933755, 0.5510538, -0.7709496), (-0.21597531, 0.5510628, -0.80603), (-0.3323663, 0.4956624, -0.8024035), (-0.4342546, 0.49567127, -0.7521522), (-0.4172314, 0.55106246, -0.72266734), (-0.31933755, 0.5510538, -0.7709496), (-0.31933755, 0.5510538, -0.7709496), (-0.4172314, 0.55106246, -0.72266734), (-0.39842814, 0.6041685, -0.6900982), (-0.30494598, 0.60416013, -0.73620546), (-0.21597531, 0.5510628, -0.80603), (-0.31933755, 0.5510538, -0.7709496), (-0.30494598, 0.60416013, -0.73620546), (-0.2062416, 0.60416883, -0.7697041), (-0.4342546, 0.49567127, -0.7521522), (-0.5287183, 0.49566254, -0.6890396), (-0.50799274, 0.55105364, -0.6620296), (-0.4172314, 0.55106246, -0.72266734), (-0.5287183, 0.49566254, -0.6890396), (-0.6141292, 0.49567118, -0.6141298), (-0.59005475, 0.5510625, -0.59005535), (-0.50799274, 0.55105364, -0.6620296), (-0.50799274, 0.55105364, -0.6620296), (-0.59005475, 0.5510625, -0.59005535), (-0.5634626, 0.6041686, -0.5634627), (-0.48509943, 0.6041599, -0.6321941), (-0.4172314, 0.55106246, -0.72266734), (-0.50799274, 0.55105364, -0.6620296), (-0.48509943, 0.6041599, -0.6321941), (-0.39842814, 0.6041685, -0.6900982), (-0.6141292, 0.49567118, -0.6141298), (-0.68903947, 0.49566206, -0.52871877), (-0.66202915, 0.5510538, -0.5079933), (-0.59005475, 0.5510625, -0.59005535), (-0.68903947, 0.49566206, -0.52871877), (-0.7521521, 0.49567074, -0.43425545), (-0.7226668, 0.55106264, -0.4172321), (-0.66202915, 0.5510538, -0.5079933), (-0.66202915, 0.5510538, -0.5079933), (-0.7226668, 0.55106264, -0.4172321), (-0.69009817, 0.60416824, -0.3984285), (-0.63219374, 0.6041601, -0.4850995), (-0.59005475, 0.5510625, -0.59005535), (-0.66202915, 0.5510538, -0.5079933), (-0.63219374, 0.6041601, -0.4850995), (-0.5634626, 0.6041686, -0.5634627), (-0.7521521, 0.49567074, -0.43425545), (-0.80240345, 0.49566233, -0.3323667), (-0.77094907, 0.55105436, -0.31933784), (-0.7226668, 0.55106264, -0.4172321), (-0.80240345, 0.49566233, -0.3323667), (-0.8389166, 0.49567103, -0.22478718), (-0.80603, 0.5510629, -0.21597536), (-0.77094907, 0.55105436, -0.31933784), (-0.77094907, 0.55105436, -0.31933784), (-0.80603, 0.5510629, -0.21597536), (-0.7697043, 0.6041688, -0.20624183), (-0.7362054, 0.6041599, -0.30494654), (-0.7226668, 0.55106264, -0.4172321), (-0.77094907, 0.55105436, -0.31933784), (-0.7362054, 0.6041599, -0.30494654), (-0.69009817, 0.60416824, -0.3984285), (-0.8389166, 0.49567103, -0.22478718), (-0.8610852, 0.49566218, -0.11336401), (-0.82733065, 0.55105406, -0.10892024), (-0.80603, 0.5510629, -0.21597536), (-0.8610852, 0.49566218, -0.11336401), (-0.8685103, 0.4956712, -5.3241966e-8), (-0.83446366, 0.551063, -5.1122427e-8), (-0.82733065, 0.55105406, -0.10892024), (-0.82733065, 0.55105406, -0.10892024), (-0.83446366, 0.551063, -5.1122427e-8), (-0.79685646, 0.6041687, -5.5878004e-8), (-0.7900458, 0.6041599, -0.10401129), (-0.80603, 0.5510629, -0.21597536), (-0.82733065, 0.55105406, -0.10892024), (-0.7900458, 0.6041599, -0.10401129), (-0.7697043, 0.6041688, -0.20624183), (-0.8685103, 0.4956712, -5.3241966e-8), (-0.8610849, 0.4956626, 0.11336384), (-0.8273306, 0.55105394, 0.108919896), (-0.83446366, 0.551063, -5.1122427e-8), (-0.8610849, 0.4956626, 0.11336384), (-0.83891654, 0.49567118, 0.2247869), (-0.80603033, 0.5510625, 0.21597505), (-0.8273306, 0.55105394, 0.108919896), (-0.8273306, 0.55105394, 0.108919896), (-0.80603033, 0.5510625, 0.21597505), (-0.76970416, 0.6041688, 0.20624144), (-0.7900454, 0.60416037, 0.10401115), (-0.83446366, 0.551063, -5.1122427e-8), (-0.8273306, 0.55105394, 0.108919896), (-0.7900454, 0.60416037, 0.10401115), (-0.79685646, 0.6041687, -5.5878004e-8), (-0.83891654, 0.49567118, 0.2247869), (-0.80240357, 0.49566245, 0.33236635), (-0.77094966, 0.55105364, 0.31933776), (-0.80603033, 0.5510625, 0.21597505), (-0.80240357, 0.49566245, 0.33236635), (-0.75215214, 0.49567115, 0.43425494), (-0.7226672, 0.5510623, 0.41723195), (-0.77094966, 0.55105364, 0.31933776), (-0.77094966, 0.55105364, 0.31933776), (-0.7226672, 0.5510623, 0.41723195), (-0.69009805, 0.6041687, 0.39842805), (-0.73620534, 0.60416025, 0.30494595), (-0.80603033, 0.5510625, 0.21597505), (-0.77094966, 0.55105364, 0.31933776), (-0.73620534, 0.60416025, 0.30494595), (-0.76970416, 0.6041688, 0.20624144), (-0.75215214, 0.49567115, 0.43425494), (-0.68903965, 0.4956627, 0.5287182), (-0.66202945, 0.55105376, 0.50799286), (-0.7226672, 0.5510623, 0.41723195), (-0.68903965, 0.4956627, 0.5287182), (-0.6141296, 0.49567136, 0.6141292), (-0.590055, 0.55106276, 0.5900549), (-0.66202945, 0.55105376, 0.50799286), (-0.66202945, 0.55105376, 0.50799286), (-0.590055, 0.55106276, 0.5900549), (-0.56346273, 0.60416883, 0.56346244), (-0.6321939, 0.6041602, 0.48509938), (-0.7226672, 0.5510623, 0.41723195), (-0.66202945, 0.55105376, 0.50799286), (-0.6321939, 0.6041602, 0.48509938), (-0.69009805, 0.6041687, 0.39842805), (-0.6141296, 0.49567136, 0.6141292), (-0.52871865, 0.49566242, 0.6890394), (-0.50799274, 0.55105406, 0.6620292), (-0.590055, 0.55106276, 0.5900549), (-0.52871865, 0.49566242, 0.6890394), (-0.43425524, 0.4956713, 0.7521517), (-0.41723174, 0.55106306, 0.7226667), (-0.50799274, 0.55105406, 0.6620292), (-0.50799274, 0.55105406, 0.6620292), (-0.41723174, 0.55106306, 0.7226667), (-0.3984284, 0.60416895, 0.6900975), (-0.48509935, 0.60416067, 0.6321934), (-0.590055, 0.55106276, 0.5900549), (-0.50799274, 0.55105406, 0.6620292), (-0.48509935, 0.60416067, 0.6321934), (-0.56346273, 0.60416883, 0.56346244), (-0.43425524, 0.4956713, 0.7521517), (-0.33236644, 0.49566284, 0.80240333), (-0.31933776, 0.5510543, 0.77094907), (-0.41723174, 0.55106306, 0.7226667), (-0.33236644, 0.49566284, 0.80240333), (-0.2247869, 0.49567127, 0.83891654), (-0.21597506, 0.5510632, 0.80602986), (-0.31933776, 0.5510543, 0.77094907), (-0.31933776, 0.5510543, 0.77094907), (-0.21597506, 0.5510632, 0.80602986), (-0.20624168, 0.60416913, 0.76970387), (-0.30494663, 0.60416037, 0.736205), (-0.41723174, 0.55106306, 0.7226667), (-0.31933776, 0.5510543, 0.77094907), (-0.30494663, 0.60416037, 0.736205), (-0.3984284, 0.60416895, 0.6900975), (-0.2247869, 0.49567127, 0.83891654), (-0.11336363, 0.49566227, 0.86108506), (-0.108920015, 0.5510541, 0.8273306), (-0.21597506, 0.5510632, 0.80602986), (-0.11336363, 0.49566227, 0.86108506), (-1.01264156e-7, 0.49567097, 0.86851037), (-3.2957647e-7, 0.55106246, 0.834464), (-0.108920015, 0.5510541, 0.8273306), (-0.108920015, 0.5510541, 0.8273306), (-3.2957647e-7, 0.55106246, 0.834464), (-2.3605602e-7, 0.60416895, 0.79685616), (-0.10401133, 0.6041606, 0.79004526), (-0.21597506, 0.5510632, 0.80602986), (-0.108920015, 0.5510541, 0.8273306), (-0.10401133, 0.6041606, 0.79004526), (-0.20624168, 0.60416913, 0.76970387), (-1.01264156e-7, 0.49567097, 0.86851037), (0.113363296, 0.49566227, 0.8610851), (0.10891966, 0.5510538, 0.82733077), (-3.2957647e-7, 0.55106246, 0.834464), (0.113363296, 0.49566227, 0.8610851), (0.22478689, 0.49567118, 0.8389165), (0.21597514, 0.5510632, 0.8060299), (0.10891966, 0.5510538, 0.82733077), (0.10891966, 0.5510538, 0.82733077), (0.21597514, 0.5510632, 0.8060299), (0.20624176, 0.60416895, 0.769704), (0.10401133, 0.6041606, 0.7900453), (-3.2957647e-7, 0.55106246, 0.834464), (0.10891966, 0.5510538, 0.82733077), (0.10401133, 0.6041606, 0.7900453), (-2.3605602e-7, 0.60416895, 0.79685616), (0.22478689, 0.49567118, 0.8389165), (0.33236647, 0.49566254, 0.80240333), (0.31933743, 0.55105436, 0.7709492), (0.21597514, 0.5510632, 0.8060299), (0.33236647, 0.49566254, 0.80240333), (0.43425506, 0.49567103, 0.7521521), (0.41723177, 0.5510628, 0.7226669), (0.31933743, 0.55105436, 0.7709492), (0.31933743, 0.55105436, 0.7709492), (0.41723177, 0.5510628, 0.7226669), (0.3984282, 0.6041687, 0.6900979), (0.30494604, 0.6041602, 0.73620534), (0.21597514, 0.5510632, 0.8060299), (0.31933743, 0.55105436, 0.7709492), (0.30494604, 0.6041602, 0.73620534), (0.20624176, 0.60416895, 0.769704), (0.43425506, 0.49567103, 0.7521521), (0.52871853, 0.49566227, 0.6890397), (0.5079927, 0.55105394, 0.66202945), (0.41723177, 0.5510628, 0.7226669), (0.52871853, 0.49566227, 0.6890397), (0.61412936, 0.49567118, 0.6141296), (0.5900548, 0.55106276, 0.59005517), (0.5079927, 0.55105394, 0.66202945), (0.5079927, 0.55105394, 0.66202945), (0.5900548, 0.55106276, 0.59005517), (0.5634625, 0.604169, 0.5634624), (0.48509932, 0.60416037, 0.6321936), (0.41723177, 0.5510628, 0.7226669), (0.5079927, 0.55105394, 0.66202945), (0.48509932, 0.60416037, 0.6321936), (0.3984282, 0.6041687, 0.6900979), (0.61412936, 0.49567118, 0.6141296), (0.68903947, 0.4956626, 0.52871853), (0.66202915, 0.551054, 0.5079929), (0.5900548, 0.55106276, 0.59005517), (0.68903947, 0.4956626, 0.52871853), (0.7521519, 0.49567094, 0.43425542), (0.7226668, 0.5510626, 0.41723225), (0.66202915, 0.551054, 0.5079929), (0.66202915, 0.551054, 0.5079929), (0.7226668, 0.5510626, 0.41723225), (0.69009763, 0.6041689, 0.3984283), (0.63219386, 0.6041604, 0.48509905), (0.5900548, 0.55106276, 0.59005517), (0.66202915, 0.551054, 0.5079929), (0.63219386, 0.6041604, 0.48509905), (0.5634625, 0.604169, 0.5634624), (0.7521519, 0.49567094, 0.43425542), (0.8024033, 0.4956624, 0.33236706), (0.7709493, 0.55105394, 0.3193383), (0.7226668, 0.5510626, 0.41723225), (0.8024033, 0.4956624, 0.33236706), (0.83891636, 0.4956713, 0.22478709), (0.8060299, 0.551063, 0.21597534), (0.7709493, 0.55105394, 0.3193383), (0.7709493, 0.55105394, 0.3193383), (0.8060299, 0.551063, 0.21597534), (0.7697039, 0.60416895, 0.2062418), (0.736205, 0.6041603, 0.30494663), (0.7226668, 0.5510626, 0.41723225), (0.7709493, 0.55105394, 0.3193383), (0.736205, 0.6041603, 0.30494663), (0.69009763, 0.6041689, 0.3984283), (0.83891636, 0.4956713, 0.22478709), (0.86108506, 0.49566245, 0.113363355), (0.82733077, 0.55105376, 0.10891964), (0.8060299, 0.551063, 0.21597534), (0.86108506, 0.49566245, 0.113363355), (0.8685102, 0.4956714, -8.4456394e-7), (0.83446425, 0.55106205, -9.854673e-7), (0.82733077, 0.55105376, 0.10891964), (0.82733077, 0.55105376, 0.10891964), (0.83446425, 0.55106205, -9.854673e-7), (0.7968567, 0.6041684, -0.0000010422968), (0.79004574, 0.60416013, 0.10401118), (0.8060299, 0.551063, 0.21597534), (0.82733077, 0.55105376, 0.10891964), (0.79004574, 0.60416013, 0.10401118), (0.7697039, 0.60416895, 0.2062418), (0.8685102, 0.4956714, -8.4456394e-7), (0.86108476, 0.49566266, -0.11336477), (0.8273307, 0.5510537, -0.1089211), (0.83446425, 0.55106205, -9.854673e-7), (0.86108476, 0.49566266, -0.11336477), (0.83891636, 0.49567103, -0.22478764), (0.80602986, 0.5510629, -0.21597587), (0.8273307, 0.5510537, -0.1089211), (0.8273307, 0.5510537, -0.1089211), (0.80602986, 0.5510629, -0.21597587), (0.76970416, 0.60416853, -0.20624244), (0.7900457, 0.60416, -0.10401273), (0.83446425, 0.55106205, -9.854673e-7), (0.8273307, 0.5510537, -0.1089211), (0.7900457, 0.60416, -0.10401273), (0.7968567, 0.6041684, -0.0000010422968), (0.76970416, 0.60416853, -0.20624244), (0.73620534, 0.60415995, -0.30494663), (0.69830227, 0.6547599, -0.28924626), (0.7300751, 0.6547684, -0.19562353), (0.73620534, 0.60415995, -0.30494663), (0.6900981, 0.6041684, -0.39842823), (0.6545683, 0.65476763, -0.377915), (0.69830227, 0.6547599, -0.28924626), (0.69830227, 0.6547599, -0.28924626), (0.6545683, 0.65476763, -0.377915), (0.6162269, 0.7026277, -0.3557789), (0.6574001, 0.7026205, -0.27230403), (0.7300751, 0.6547684, -0.19562353), (0.69830227, 0.6547599, -0.28924626), (0.6574001, 0.7026205, -0.27230403), (0.68731153, 0.702628, -0.1841649), (0.6900981, 0.6041684, -0.39842823), (0.6321941, 0.6041602, -0.4850991), (0.59964585, 0.65475994, -0.46012416), (0.6545683, 0.65476763, -0.377915), (0.6321941, 0.6041602, -0.4850991), (0.5634626, 0.6041688, -0.56346244), (0.5344524, 0.6547684, -0.534452), (0.59964585, 0.65475994, -0.46012416), (0.59964585, 0.65475994, -0.46012416), (0.5344524, 0.6547684, -0.534452), (0.50314695, 0.70262814, -0.50314707), (0.56452197, 0.70262074, -0.4331732), (0.6545683, 0.65476763, -0.377915), (0.59964585, 0.65475994, -0.46012416), (0.56452197, 0.70262074, -0.4331732), (0.6162269, 0.7026277, -0.3557789), (0.5634626, 0.6041688, -0.56346244), (0.48509958, 0.6041601, -0.63219374), (0.4601245, 0.6547608, -0.5996447), (0.5344524, 0.6547684, -0.534452), (0.48509958, 0.6041601, -0.63219374), (0.39842838, 0.6041685, -0.69009805), (0.377915, 0.65476865, -0.6545671), (0.4601245, 0.6547608, -0.5996447), (0.4601245, 0.6547608, -0.5996447), (0.377915, 0.65476865, -0.6545671), (0.35577878, 0.7026283, -0.61622626), (0.43317318, 0.702621, -0.56452173), (0.5344524, 0.6547684, -0.534452), (0.4601245, 0.6547608, -0.5996447), (0.43317318, 0.702621, -0.56452173), (0.50314695, 0.70262814, -0.50314707), (0.39842838, 0.6041685, -0.69009805), (0.3049464, 0.60416013, -0.7362052), (0.28924593, 0.6547604, -0.6983019), (0.377915, 0.65476865, -0.6545671), (0.3049464, 0.60416013, -0.7362052), (0.20624182, 0.604169, -0.769704), (0.19562307, 0.6547684, -0.73007536), (0.28924593, 0.6547604, -0.6983019), (0.28924593, 0.6547604, -0.6983019), (0.19562307, 0.6547684, -0.73007536), (0.18416464, 0.70262796, -0.6873116), (0.27230397, 0.7026209, -0.6573998), (0.377915, 0.65476865, -0.6545671), (0.28924593, 0.6547604, -0.6983019), (0.27230397, 0.7026209, -0.6573998), (0.35577878, 0.7026283, -0.61622626), (0.20624182, 0.604169, -0.769704), (0.10401163, 0.6041605, -0.7900454), (0.09865694, 0.65476066, -0.7493699), (0.19562307, 0.6547684, -0.73007536), (0.10401163, 0.6041605, -0.7900454), (4.686912e-7, 0.60416865, -0.7968564), (4.7427247e-7, 0.6547688, -0.7558293), (0.09865694, 0.65476066, -0.7493699), (0.09865694, 0.65476066, -0.7493699), (4.7427247e-7, 0.6547688, -0.7558293), (4.0073508e-7, 0.7026283, -0.7115571), (0.09287812, 0.70262074, -0.70547694), (0.19562307, 0.6547684, -0.73007536), (0.09865694, 0.65476066, -0.7493699), (0.09287812, 0.70262074, -0.70547694), (0.18416464, 0.70262796, -0.6873116), (4.686912e-7, 0.60416865, -0.7968564), (-0.104011245, 0.60416025, -0.7900456), (-0.0986564, 0.65476066, -0.74936986), (4.7427247e-7, 0.6547688, -0.7558293), (-0.104011245, 0.60416025, -0.7900456), (-0.2062416, 0.60416883, -0.7697041), (-0.19562295, 0.6547685, -0.7300752), (-0.0986564, 0.65476066, -0.74936986), (-0.0986564, 0.65476066, -0.74936986), (-0.19562295, 0.6547685, -0.7300752), (-0.18416432, 0.70262796, -0.68731177), (-0.09287764, 0.702621, -0.7054768), (4.7427247e-7, 0.6547688, -0.7558293), (-0.0986564, 0.65476066, -0.74936986), (-0.09287764, 0.702621, -0.7054768), (4.0073508e-7, 0.7026283, -0.7115571), (-0.2062416, 0.60416883, -0.7697041), (-0.30494598, 0.60416013, -0.73620546), (-0.28924572, 0.65476054, -0.6983019), (-0.19562295, 0.6547685, -0.7300752), (-0.30494598, 0.60416013, -0.73620546), (-0.39842814, 0.6041685, -0.6900982), (-0.3779146, 0.6547687, -0.6545674), (-0.28924572, 0.65476054, -0.6983019), (-0.28924572, 0.65476054, -0.6983019), (-0.3779146, 0.6547687, -0.6545674), (-0.3557783, 0.7026284, -0.61622655), (-0.2723036, 0.70262086, -0.6573999), (-0.19562295, 0.6547685, -0.7300752), (-0.28924572, 0.65476054, -0.6983019), (-0.2723036, 0.70262086, -0.6573999), (-0.18416432, 0.70262796, -0.68731177), (-0.39842814, 0.6041685, -0.6900982), (-0.48509943, 0.6041599, -0.6321941), (-0.46012405, 0.6547608, -0.5996451), (-0.3779146, 0.6547687, -0.6545674), (-0.48509943, 0.6041599, -0.6321941), (-0.5634626, 0.6041686, -0.5634627), (-0.5344522, 0.65476865, -0.534452), (-0.46012405, 0.6547608, -0.5996451), (-0.46012405, 0.6547608, -0.5996451), (-0.5344522, 0.65476865, -0.534452), (-0.50314665, 0.7026284, -0.5031469), (-0.43317252, 0.70262104, -0.564522), (-0.3779146, 0.6547687, -0.6545674), (-0.46012405, 0.6547608, -0.5996451), (-0.43317252, 0.70262104, -0.564522), (-0.3557783, 0.7026284, -0.61622655), (-0.5634626, 0.6041686, -0.5634627), (-0.63219374, 0.6041601, -0.4850995), (-0.59964526, 0.6547606, -0.46012393), (-0.5344522, 0.65476865, -0.534452), (-0.63219374, 0.6041601, -0.4850995), (-0.69009817, 0.60416824, -0.3984285), (-0.6545676, 0.65476835, -0.37791485), (-0.59964526, 0.6547606, -0.46012393), (-0.59964526, 0.6547606, -0.46012393), (-0.6545676, 0.65476835, -0.37791485), (-0.6162265, 0.7026283, -0.35577878), (-0.56452185, 0.70262086, -0.433173), (-0.5344522, 0.65476865, -0.534452), (-0.59964526, 0.6547606, -0.46012393), (-0.56452185, 0.70262086, -0.433173), (-0.50314665, 0.7026284, -0.5031469), (-0.69009817, 0.60416824, -0.3984285), (-0.7362054, 0.6041599, -0.30494654), (-0.69830203, 0.6547601, -0.2892461), (-0.6545676, 0.65476835, -0.37791485), (-0.7362054, 0.6041599, -0.30494654), (-0.7697043, 0.6041688, -0.20624183), (-0.7300754, 0.6547683, -0.19562308), (-0.69830203, 0.6547601, -0.2892461), (-0.69830203, 0.6547601, -0.2892461), (-0.7300754, 0.6547683, -0.19562308), (-0.68731135, 0.7026284, -0.18416452), (-0.6573998, 0.70262086, -0.2723038), (-0.6545676, 0.65476835, -0.37791485), (-0.69830203, 0.6547601, -0.2892461), (-0.6573998, 0.70262086, -0.2723038), (-0.6162265, 0.7026283, -0.35577878), (-0.7697043, 0.6041688, -0.20624183), (-0.7900458, 0.6041599, -0.10401129), (-0.7493703, 0.6547603, -0.098656096), (-0.7300754, 0.6547683, -0.19562308), (-0.7900458, 0.6041599, -0.10401129), (-0.79685646, 0.6041687, -5.5878004e-8), (-0.7558295, 0.6547685, 1.19169876e-7), (-0.7493703, 0.6547603, -0.098656096), (-0.7493703, 0.6547603, -0.098656096), (-0.7558295, 0.6547685, 1.19169876e-7), (-0.7115575, 0.7026279, 2.650228e-7), (-0.7054768, 0.7026209, -0.092877395), (-0.7300754, 0.6547683, -0.19562308), (-0.7493703, 0.6547603, -0.098656096), (-0.7054768, 0.7026209, -0.092877395), (-0.68731135, 0.7026284, -0.18416452), (-0.79685646, 0.6041687, -5.5878004e-8), (-0.7900454, 0.60416037, 0.10401115), (-0.74936986, 0.6547608, 0.09865626), (-0.7558295, 0.6547685, 1.19169876e-7), (-0.7900454, 0.60416037, 0.10401115), (-0.76970416, 0.6041688, 0.20624144), (-0.73007506, 0.6547689, 0.19562273), (-0.74936986, 0.6547608, 0.09865626), (-0.74936986, 0.6547608, 0.09865626), (-0.73007506, 0.6547689, 0.19562273), (-0.68731177, 0.702628, 0.18416438), (-0.7054771, 0.7026207, 0.09287769), (-0.7558295, 0.6547685, 1.19169876e-7), (-0.74936986, 0.6547608, 0.09865626), (-0.7054771, 0.7026207, 0.09287769), (-0.7115575, 0.7026279, 2.650228e-7), (-0.76970416, 0.6041688, 0.20624144), (-0.73620534, 0.60416025, 0.30494595), (-0.6983017, 0.65476084, 0.28924555), (-0.73007506, 0.6547689, 0.19562273), (-0.73620534, 0.60416025, 0.30494595), (-0.69009805, 0.6041687, 0.39842805), (-0.6545672, 0.654769, 0.37791458), (-0.6983017, 0.65476084, 0.28924555), (-0.6983017, 0.65476084, 0.28924555), (-0.6545672, 0.654769, 0.37791458), (-0.6162265, 0.7026281, 0.3557788), (-0.65740013, 0.7026205, 0.27230394), (-0.73007506, 0.6547689, 0.19562273), (-0.6983017, 0.65476084, 0.28924555), (-0.65740013, 0.7026205, 0.27230394), (-0.68731177, 0.702628, 0.18416438), (-0.69009805, 0.6041687, 0.39842805), (-0.6321939, 0.6041602, 0.48509938), (-0.59964484, 0.65476114, 0.4601238), (-0.6545672, 0.654769, 0.37791458), (-0.6321939, 0.6041602, 0.48509938), (-0.56346273, 0.60416883, 0.56346244), (-0.53445196, 0.65476894, 0.5344517), (-0.59964484, 0.65476114, 0.4601238), (-0.59964484, 0.65476114, 0.4601238), (-0.53445196, 0.65476894, 0.5344517), (-0.5031469, 0.7026284, 0.50314677), (-0.5645217, 0.70262116, 0.43317288), (-0.6545672, 0.654769, 0.37791458), (-0.59964484, 0.65476114, 0.4601238), (-0.5645217, 0.70262116, 0.43317288), (-0.6162265, 0.7026281, 0.3557788), (-0.56346273, 0.60416883, 0.56346244), (-0.48509935, 0.60416067, 0.6321934), (-0.46012396, 0.65476096, 0.59964484), (-0.53445196, 0.65476894, 0.5344517), (-0.48509935, 0.60416067, 0.6321934), (-0.3984284, 0.60416895, 0.6900975), (-0.377915, 0.6547688, 0.65456706), (-0.46012396, 0.65476096, 0.59964484), (-0.46012396, 0.65476096, 0.59964484), (-0.377915, 0.6547688, 0.65456706), (-0.35577863, 0.7026281, 0.6162267), (-0.433173, 0.70262086, 0.564522), (-0.53445196, 0.65476894, 0.5344517), (-0.46012396, 0.65476096, 0.59964484), (-0.433173, 0.70262086, 0.564522), (-0.5031469, 0.7026284, 0.50314677), (-0.3984284, 0.60416895, 0.6900975), (-0.30494663, 0.60416037, 0.736205), (-0.28924635, 0.65476066, 0.6983014), (-0.377915, 0.6547688, 0.65456706), (-0.30494663, 0.60416037, 0.736205), (-0.20624168, 0.60416913, 0.76970387), (-0.19562297, 0.65476865, 0.73007506), (-0.28924635, 0.65476066, 0.6983014), (-0.28924635, 0.65476066, 0.6983014), (-0.19562297, 0.65476865, 0.73007506), (-0.18416472, 0.7026282, 0.68731153), (-0.27230397, 0.702621, 0.65739965), (-0.377915, 0.6547688, 0.65456706), (-0.28924635, 0.65476066, 0.6983014), (-0.27230397, 0.702621, 0.65739965), (-0.35577863, 0.7026281, 0.6162267), (-0.20624168, 0.60416913, 0.76970387), (-0.10401133, 0.6041606, 0.79004526), (-0.09865651, 0.6547608, 0.74937), (-0.19562297, 0.65476865, 0.73007506), (-0.10401133, 0.6041606, 0.79004526), (-2.3605602e-7, 0.60416895, 0.79685616), (3.6112104e-9, 0.6547692, 0.755829), (-0.09865651, 0.6547608, 0.74937), (-0.09865651, 0.6547608, 0.74937), (3.6112104e-9, 0.6547692, 0.755829), (6.401514e-10, 0.7026281, 0.7115574), (-0.0928779, 0.70262086, 0.7054769), (-0.19562297, 0.65476865, 0.73007506), (-0.09865651, 0.6547608, 0.74937), (-0.0928779, 0.70262086, 0.7054769), (-0.18416472, 0.7026282, 0.68731153), (-2.3605602e-7, 0.60416895, 0.79685616), (0.10401133, 0.6041606, 0.7900453), (0.098656476, 0.65476114, 0.7493696), (3.6112104e-9, 0.6547692, 0.755829), (0.10401133, 0.6041606, 0.7900453), (0.20624176, 0.60416895, 0.769704), (0.19562283, 0.65476876, 0.730075), (0.098656476, 0.65476114, 0.7493696), (0.098656476, 0.65476114, 0.7493696), (0.19562283, 0.65476876, 0.730075), (0.18416445, 0.702628, 0.6873116), (0.092877775, 0.70262074, 0.7054769), (3.6112104e-9, 0.6547692, 0.755829), (0.098656476, 0.65476114, 0.7493696), (0.092877775, 0.70262074, 0.7054769), (6.401514e-10, 0.7026281, 0.7115574), (0.20624176, 0.60416895, 0.769704), (0.30494604, 0.6041602, 0.73620534), (0.2892458, 0.6547606, 0.69830173), (0.19562283, 0.65476876, 0.730075), (0.30494604, 0.6041602, 0.73620534), (0.3984282, 0.6041687, 0.6900979), (0.37791455, 0.65476876, 0.65456736), (0.2892458, 0.6547606, 0.69830173), (0.2892458, 0.6547606, 0.69830173), (0.37791455, 0.65476876, 0.65456736), (0.35577804, 0.70262825, 0.6162268), (0.27230364, 0.70262086, 0.6573998), (0.19562283, 0.65476876, 0.730075), (0.2892458, 0.6547606, 0.69830173), (0.27230364, 0.70262086, 0.6573998), (0.18416445, 0.702628, 0.6873116), (0.3984282, 0.6041687, 0.6900979), (0.48509932, 0.60416037, 0.6321936), (0.46012396, 0.65476066, 0.59964514), (0.37791455, 0.65476876, 0.65456736), (0.48509932, 0.60416037, 0.6321936), (0.5634625, 0.604169, 0.5634624), (0.5344521, 0.65476894, 0.5344517), (0.46012396, 0.65476066, 0.59964514), (0.46012396, 0.65476066, 0.59964514), (0.5344521, 0.65476894, 0.5344517), (0.50314695, 0.70262814, 0.5031469), (0.43317273, 0.7026208, 0.5645222), (0.37791455, 0.65476876, 0.65456736), (0.46012396, 0.65476066, 0.59964514), (0.43317273, 0.7026208, 0.5645222), (0.35577804, 0.70262825, 0.6162268), (0.5634625, 0.604169, 0.5634624), (0.63219386, 0.6041604, 0.48509905), (0.5996452, 0.6547611, 0.46012342), (0.5344521, 0.65476894, 0.5344517), (0.63219386, 0.6041604, 0.48509905), (0.69009763, 0.6041689, 0.3984283), (0.65456724, 0.65476894, 0.37791458), (0.5996452, 0.6547611, 0.46012342), (0.5996452, 0.6547611, 0.46012342), (0.65456724, 0.65476894, 0.37791458), (0.6162265, 0.70262825, 0.35577863), (0.56452197, 0.702621, 0.4331728), (0.5344521, 0.65476894, 0.5344517), (0.5996452, 0.6547611, 0.46012342), (0.56452197, 0.702621, 0.4331728), (0.50314695, 0.70262814, 0.5031469), (0.69009763, 0.6041689, 0.3984283), (0.736205, 0.6041603, 0.30494663), (0.69830126, 0.6547611, 0.289246), (0.65456724, 0.65476894, 0.37791458), (0.736205, 0.6041603, 0.30494663), (0.7697039, 0.60416895, 0.2062418), (0.7300747, 0.65476924, 0.1956229), (0.69830126, 0.6547611, 0.289246), (0.69830126, 0.6547611, 0.289246), (0.7300747, 0.65476924, 0.1956229), (0.6873112, 0.7026285, 0.18416452), (0.6573994, 0.7026212, 0.27230388), (0.65456724, 0.65476894, 0.37791458), (0.69830126, 0.6547611, 0.289246), (0.6573994, 0.7026212, 0.27230388), (0.6162265, 0.70262825, 0.35577863), (0.7697039, 0.60416895, 0.2062418), (0.79004574, 0.60416013, 0.10401118), (0.7493698, 0.65476096, 0.098656304), (0.7300747, 0.65476924, 0.1956229), (0.79004574, 0.60416013, 0.10401118), (0.7968567, 0.6041684, -0.0000010422968), (0.75582916, 0.65476894, -8.558564e-7), (0.7493698, 0.65476096, 0.098656304), (0.7493698, 0.65476096, 0.098656304), (0.75582916, 0.65476894, -8.558564e-7), (0.711557, 0.7026284, -6.478333e-7), (0.7054765, 0.7026211, 0.09287784), (0.7300747, 0.65476924, 0.1956229), (0.7493698, 0.65476096, 0.098656304), (0.7054765, 0.7026211, 0.09287784), (0.6873112, 0.7026285, 0.18416452), (0.7968567, 0.6041684, -0.0000010422968), (0.7900457, 0.60416, -0.10401273), (0.7493697, 0.65476066, -0.0986576), (0.75582916, 0.65476894, -8.558564e-7), (0.7900457, 0.60416, -0.10401273), (0.76970416, 0.60416853, -0.20624244), (0.7300751, 0.6547684, -0.19562353), (0.7493697, 0.65476066, -0.0986576), (0.7493697, 0.65476066, -0.0986576), (0.7300751, 0.6547684, -0.19562353), (0.68731153, 0.702628, -0.1841649), (0.70547676, 0.7026209, -0.09287873), (0.75582916, 0.65476894, -8.558564e-7), (0.7493697, 0.65476066, -0.0986576), (0.70547676, 0.7026209, -0.09287873), (0.711557, 0.7026284, -6.478333e-7), (0.68731153, 0.702628, -0.1841649), (0.6574001, 0.7026205, -0.27230403), (0.61365676, 0.74753964, -0.2541849), (0.6415777, 0.74754584, -0.1719105), (0.6574001, 0.7026205, -0.27230403), (0.6162269, 0.7026277, -0.3557789), (0.57522285, 0.74754584, -0.3321052), (0.61365676, 0.74753964, -0.2541849), (0.61365676, 0.74753964, -0.2541849), (0.57522285, 0.74754584, -0.3321052), (0.5317401, 0.7893057, -0.3069997), (0.5672689, 0.78930044, -0.23497002), (0.6415777, 0.74754584, -0.1719105), (0.61365676, 0.74753964, -0.2541849), (0.5672689, 0.78930044, -0.23497002), (0.5930787, 0.7893057, -0.15891552), (0.6162269, 0.7026277, -0.3557789), (0.56452197, 0.70262074, -0.4331732), (0.526959, 0.7475392, -0.40435034), (0.57522285, 0.74754584, -0.3321052), (0.56452197, 0.70262074, -0.4331732), (0.50314695, 0.70262814, -0.50314707), (0.4696676, 0.74754554, -0.469668), (0.526959, 0.7475392, -0.40435034), (0.526959, 0.7475392, -0.40435034), (0.4696676, 0.74754554, -0.469668), (0.4341641, 0.7893053, -0.43416414), (0.4871249, 0.78930014, -0.37378407), (0.57522285, 0.74754584, -0.3321052), (0.526959, 0.7475392, -0.40435034), (0.4871249, 0.78930014, -0.37378407), (0.5317401, 0.7893057, -0.3069997), (0.50314695, 0.70262814, -0.50314707), (0.43317318, 0.702621, -0.56452173), (0.4043501, 0.74753904, -0.5269595), (0.4696676, 0.74754554, -0.469668), (0.43317318, 0.702621, -0.56452173), (0.35577878, 0.7026283, -0.61622626), (0.33210537, 0.7475456, -0.5752231), (0.4043501, 0.74753904, -0.5269595), (0.4043501, 0.74753904, -0.5269595), (0.33210537, 0.7475456, -0.5752231), (0.3070003, 0.7893053, -0.5317403), (0.37378404, 0.7893001, -0.487125), (0.4696676, 0.74754554, -0.469668), (0.4043501, 0.74753904, -0.5269595), (0.37378404, 0.7893001, -0.487125), (0.4341641, 0.7893053, -0.43416414), (0.35577878, 0.7026283, -0.61622626), (0.27230397, 0.7026209, -0.6573998), (0.25418526, 0.7475394, -0.61365676), (0.33210537, 0.7475456, -0.5752231), (0.27230397, 0.7026209, -0.6573998), (0.18416464, 0.70262796, -0.6873116), (0.17191057, 0.74754554, -0.64157796), (0.25418526, 0.7475394, -0.61365676), (0.25418526, 0.7475394, -0.61365676), (0.17191057, 0.74754554, -0.64157796), (0.15891536, 0.78930575, -0.5930786), (0.23497067, 0.7893002, -0.5672689), (0.33210537, 0.7475456, -0.5752231), (0.25418526, 0.7475394, -0.61365676), (0.23497067, 0.7893002, -0.5672689), (0.3070003, 0.7893053, -0.5317403), (0.18416464, 0.70262796, -0.6873116), (0.09287812, 0.70262074, -0.70547694), (0.086697854, 0.7475389, -0.65853554), (0.17191057, 0.74754554, -0.64157796), (0.09287812, 0.70262074, -0.70547694), (4.0073508e-7, 0.7026283, -0.7115571), (-5.4937317e-9, 0.7475454, -0.6642106), (0.086697854, 0.7475389, -0.65853554), (0.086697854, 0.7475389, -0.65853554), (-5.4937317e-9, 0.7475454, -0.6642106), (-5.9516703e-9, 0.7893055, -0.6140006), (0.08014414, 0.7893004, -0.6087544), (0.17191057, 0.74754554, -0.64157796), (0.086697854, 0.7475389, -0.65853554), (0.08014414, 0.7893004, -0.6087544), (0.15891536, 0.78930575, -0.5930786), (4.0073508e-7, 0.7026283, -0.7115571), (-0.09287764, 0.702621, -0.7054768), (-0.08669757, 0.74753934, -0.6585351), (-5.4937317e-9, 0.7475454, -0.6642106), (-0.09287764, 0.702621, -0.7054768), (-0.18416432, 0.70262796, -0.68731177), (-0.17190993, 0.7475455, -0.6415783), (-0.08669757, 0.74753934, -0.6585351), (-0.08669757, 0.74753934, -0.6585351), (-0.17190993, 0.7475455, -0.6415783), (-0.15891488, 0.7893056, -0.5930789), (-0.080143966, 0.78930026, -0.60875446), (-5.4937317e-9, 0.7475454, -0.6642106), (-0.08669757, 0.74753934, -0.6585351), (-0.080143966, 0.78930026, -0.60875446), (-5.9516703e-9, 0.7893055, -0.6140006), (-0.18416432, 0.70262796, -0.68731177), (-0.2723036, 0.70262086, -0.6573999), (-0.25418487, 0.7475392, -0.61365724), (-0.17190993, 0.7475455, -0.6415783), (-0.2723036, 0.70262086, -0.6573999), (-0.3557783, 0.7026284, -0.61622655), (-0.3321051, 0.7475456, -0.57522327), (-0.25418487, 0.7475392, -0.61365724), (-0.25418487, 0.7475392, -0.61365724), (-0.3321051, 0.7475456, -0.57522327), (-0.30700022, 0.7893054, -0.53174025), (-0.23497032, 0.7893003, -0.56726885), (-0.17190993, 0.7475455, -0.6415783), (-0.25418487, 0.7475392, -0.61365724), (-0.23497032, 0.7893003, -0.56726885), (-0.15891488, 0.7893056, -0.5930789), (-0.3557783, 0.7026284, -0.61622655), (-0.43317252, 0.70262104, -0.564522), (-0.40434963, 0.7475393, -0.52695966), (-0.3321051, 0.7475456, -0.57522327), (-0.43317252, 0.70262104, -0.564522), (-0.50314665, 0.7026284, -0.5031469), (-0.4696675, 0.74754566, -0.46966794), (-0.40434963, 0.7475393, -0.52695966), (-0.40434963, 0.7475393, -0.52695966), (-0.4696675, 0.74754566, -0.46966794), (-0.43416402, 0.7893055, -0.43416408), (-0.3737841, 0.78930026, -0.48712495), (-0.3321051, 0.7475456, -0.57522327), (-0.40434963, 0.7475393, -0.52695966), (-0.3737841, 0.78930026, -0.48712495), (-0.30700022, 0.7893054, -0.53174025), (-0.50314665, 0.7026284, -0.5031469), (-0.56452185, 0.70262086, -0.433173), (-0.52695906, 0.74753934, -0.4043502), (-0.4696675, 0.74754566, -0.46966794), (-0.56452185, 0.70262086, -0.433173), (-0.6162265, 0.7026283, -0.35577878), (-0.5752227, 0.747546, -0.33210534), (-0.52695906, 0.74753934, -0.4043502), (-0.52695906, 0.74753934, -0.4043502), (-0.5752227, 0.747546, -0.33210534), (-0.5317399, 0.7893058, -0.30699992), (-0.48712492, 0.78930026, -0.37378395), (-0.4696675, 0.74754566, -0.46966794), (-0.52695906, 0.74753934, -0.4043502), (-0.48712492, 0.78930026, -0.37378395), (-0.43416402, 0.7893055, -0.43416408), (-0.6162265, 0.7026283, -0.35577878), (-0.6573998, 0.70262086, -0.2723038), (-0.61365664, 0.7475396, -0.2541852), (-0.5752227, 0.747546, -0.33210534), (-0.6573998, 0.70262086, -0.2723038), (-0.68731135, 0.7026284, -0.18416452), (-0.6415778, 0.74754584, -0.17191043), (-0.61365664, 0.7475396, -0.2541852), (-0.61365664, 0.7475396, -0.2541852), (-0.6415778, 0.74754584, -0.17191043), (-0.593079, 0.78930545, -0.1589151), (-0.5672686, 0.78930056, -0.23497021), (-0.5752227, 0.747546, -0.33210534), (-0.61365664, 0.7475396, -0.2541852), (-0.5672686, 0.78930056, -0.23497021), (-0.5317399, 0.7893058, -0.30699992), (-0.68731135, 0.7026284, -0.18416452), (-0.7054768, 0.7026209, -0.092877395), (-0.65853494, 0.74753946, -0.08669762), (-0.6415778, 0.74754584, -0.17191043), (-0.7054768, 0.7026209, -0.092877395), (-0.7115575, 0.7026279, 2.650228e-7), (-0.6642105, 0.74754554, 6.180449e-9), (-0.65853494, 0.74753946, -0.08669762), (-0.65853494, 0.74753946, -0.08669762), (-0.6642105, 0.74754554, 6.180449e-9), (-0.61400044, 0.78930575, -4.4935064e-7), (-0.60875446, 0.78930026, -0.080144376), (-0.6415778, 0.74754584, -0.17191043), (-0.65853494, 0.74753946, -0.08669762), (-0.60875446, 0.78930026, -0.080144376), (-0.593079, 0.78930545, -0.1589151), (-0.7115575, 0.7026279, 2.650228e-7), (-0.7054771, 0.7026207, 0.09287769), (-0.65853536, 0.74753916, 0.08669752), (-0.6642105, 0.74754554, 6.180449e-9), (-0.7054771, 0.7026207, 0.09287769), (-0.68731177, 0.702628, 0.18416438), (-0.64157826, 0.74754536, 0.17191014), (-0.65853536, 0.74753916, 0.08669752), (-0.65853536, 0.74753916, 0.08669752), (-0.64157826, 0.74754536, 0.17191014), (-0.5930791, 0.78930557, 0.1589148), (-0.6087545, 0.7893003, 0.08014362), (-0.6642105, 0.74754554, 6.180449e-9), (-0.65853536, 0.74753916, 0.08669752), (-0.6087545, 0.7893003, 0.08014362), (-0.61400044, 0.78930575, -4.4935064e-7), (-0.68731177, 0.702628, 0.18416438), (-0.65740013, 0.7026205, 0.27230394), (-0.61365724, 0.74753904, 0.2541854), (-0.64157826, 0.74754536, 0.17191014), (-0.65740013, 0.7026205, 0.27230394), (-0.6162265, 0.7026281, 0.3557788), (-0.57522315, 0.7475454, 0.3321056), (-0.61365724, 0.74753904, 0.2541854), (-0.61365724, 0.74753904, 0.2541854), (-0.57522315, 0.7475454, 0.3321056), (-0.53174, 0.7893057, 0.30700016), (-0.5672687, 0.7893004, 0.23497054), (-0.64157826, 0.74754536, 0.17191014), (-0.61365724, 0.74753904, 0.2541854), (-0.5672687, 0.7893004, 0.23497054), (-0.5930791, 0.78930557, 0.1589148), (-0.6162265, 0.7026281, 0.3557788), (-0.5645217, 0.70262116, 0.43317288), (-0.5269593, 0.74753904, 0.4043504), (-0.57522315, 0.7475454, 0.3321056), (-0.5645217, 0.70262116, 0.43317288), (-0.5031469, 0.7026284, 0.50314677), (-0.46966782, 0.74754536, 0.4696679), (-0.5269593, 0.74753904, 0.4043504), (-0.5269593, 0.74753904, 0.4043504), (-0.46966782, 0.74754536, 0.4696679), (-0.43416408, 0.7893057, 0.4341636), (-0.48712492, 0.7893004, 0.37378377), (-0.57522315, 0.7475454, 0.3321056), (-0.5269593, 0.74753904, 0.4043504), (-0.48712492, 0.7893004, 0.37378377), (-0.53174, 0.7893057, 0.30700016), (-0.5031469, 0.7026284, 0.50314677), (-0.433173, 0.70262086, 0.564522), (-0.40435025, 0.74753904, 0.52695936), (-0.46966782, 0.74754536, 0.4696679), (-0.433173, 0.70262086, 0.564522), (-0.35577863, 0.7026281, 0.6162267), (-0.33210528, 0.7475456, 0.5752231), (-0.40435025, 0.74753904, 0.52695936), (-0.40435025, 0.74753904, 0.52695936), (-0.33210528, 0.7475456, 0.5752231), (-0.30700052, 0.7893056, 0.53173995), (-0.3737842, 0.7893004, 0.4871244), (-0.46966782, 0.74754536, 0.4696679), (-0.40435025, 0.74753904, 0.52695936), (-0.3737842, 0.7893004, 0.4871244), (-0.43416408, 0.7893057, 0.4341636), (-0.35577863, 0.7026281, 0.6162267), (-0.27230397, 0.702621, 0.65739965), (-0.25418508, 0.7475392, 0.613657), (-0.33210528, 0.7475456, 0.5752231), (-0.27230397, 0.702621, 0.65739965), (-0.18416472, 0.7026282, 0.68731153), (-0.17191058, 0.74754566, 0.6415779), (-0.25418508, 0.7475392, 0.613657), (-0.25418508, 0.7475392, 0.613657), (-0.17191058, 0.74754566, 0.6415779), (-0.15891516, 0.7893057, 0.59307885), (-0.23497051, 0.78930026, 0.5672689), (-0.33210528, 0.7475456, 0.5752231), (-0.25418508, 0.7475392, 0.613657), (-0.23497051, 0.78930026, 0.5672689), (-0.30700052, 0.7893056, 0.53173995), (-0.18416472, 0.7026282, 0.68731153), (-0.0928779, 0.70262086, 0.7054769), (-0.086697735, 0.7475394, 0.658535), (-0.17191058, 0.74754566, 0.6415779), (-0.0928779, 0.70262086, 0.7054769), (6.401514e-10, 0.7026281, 0.7115574), (-4.8070103e-9, 0.74754524, 0.6642108), (-0.086697735, 0.7475394, 0.658535), (-0.086697735, 0.7475394, 0.658535), (-4.8070103e-9, 0.74754524, 0.6642108), (7.439583e-10, 0.789306, 0.6140002), (-0.080144145, 0.7893005, 0.6087541), (-0.17191058, 0.74754566, 0.6415779), (-0.086697735, 0.7475394, 0.658535), (-0.080144145, 0.7893005, 0.6087541), (-0.15891516, 0.7893057, 0.59307885), (6.401514e-10, 0.7026281, 0.7115574), (0.092877775, 0.70262074, 0.7054769), (0.086697474, 0.7475391, 0.6585354), (-4.8070103e-9, 0.74754524, 0.6642108), (0.092877775, 0.70262074, 0.7054769), (0.18416445, 0.702628, 0.6873116), (0.17191038, 0.7475455, 0.6415781), (0.086697474, 0.7475391, 0.6585354), (0.086697474, 0.7475391, 0.6585354), (0.17191038, 0.7475455, 0.6415781), (0.15891501, 0.78930587, 0.59307873), (0.08014387, 0.7893007, 0.6087539), (-4.8070103e-9, 0.74754524, 0.6642108), (0.086697474, 0.7475391, 0.6585354), (0.08014387, 0.7893007, 0.6087539), (7.439583e-10, 0.789306, 0.6140002), (0.18416445, 0.702628, 0.6873116), (0.27230364, 0.70262086, 0.6573998), (0.25418505, 0.7475392, 0.6136571), (0.17191038, 0.7475455, 0.6415781), (0.27230364, 0.70262086, 0.6573998), (0.35577804, 0.70262825, 0.6162268), (0.33210492, 0.747546, 0.575223), (0.25418505, 0.7475392, 0.6136571), (0.25418505, 0.7475392, 0.6136571), (0.33210492, 0.747546, 0.575223), (0.30700025, 0.789306, 0.5317396), (0.23497051, 0.78930044, 0.56726855), (0.17191038, 0.7475455, 0.6415781), (0.25418505, 0.7475392, 0.6136571), (0.23497051, 0.78930044, 0.56726855), (0.15891501, 0.78930587, 0.59307873), (0.35577804, 0.70262825, 0.6162268), (0.43317273, 0.7026208, 0.5645222), (0.40434983, 0.74753946, 0.52695924), (0.33210492, 0.747546, 0.575223), (0.43317273, 0.7026208, 0.5645222), (0.50314695, 0.70262814, 0.5031469), (0.46966764, 0.74754554, 0.46966797), (0.40434983, 0.74753946, 0.52695924), (0.40434983, 0.74753946, 0.52695924), (0.46966764, 0.74754554, 0.46966797), (0.4341638, 0.7893056, 0.43416396), (0.37378383, 0.7893004, 0.4871247), (0.33210492, 0.747546, 0.575223), (0.40434983, 0.74753946, 0.52695924), (0.37378383, 0.7893004, 0.4871247), (0.30700025, 0.789306, 0.5317396), (0.50314695, 0.70262814, 0.5031469), (0.56452197, 0.702621, 0.4331728), (0.5269594, 0.747539, 0.40435025), (0.46966764, 0.74754554, 0.46966797), (0.56452197, 0.702621, 0.4331728), (0.6162265, 0.70262825, 0.35577863), (0.5752234, 0.7475453, 0.3321055), (0.5269594, 0.747539, 0.40435025), (0.5269594, 0.747539, 0.40435025), (0.5752234, 0.7475453, 0.3321055), (0.5317402, 0.78930557, 0.307), (0.48712483, 0.7893004, 0.37378365), (0.46966764, 0.74754554, 0.46966797), (0.5269594, 0.747539, 0.40435025), (0.48712483, 0.7893004, 0.37378365), (0.4341638, 0.7893056, 0.43416396), (0.6162265, 0.70262825, 0.35577863), (0.6573994, 0.7026212, 0.27230388), (0.61365706, 0.7475393, 0.25418517), (0.5752234, 0.7475453, 0.3321055), (0.6573994, 0.7026212, 0.27230388), (0.6873112, 0.7026285, 0.18416452), (0.64157796, 0.7475457, 0.17191043), (0.61365706, 0.7475393, 0.25418517), (0.61365706, 0.7475393, 0.25418517), (0.64157796, 0.7475457, 0.17191043), (0.5930791, 0.78930557, 0.15891474), (0.56726897, 0.7893003, 0.23497011), (0.5752234, 0.7475453, 0.3321055), (0.61365706, 0.7475393, 0.25418517), (0.56726897, 0.7893003, 0.23497011), (0.5317402, 0.78930557, 0.307), (0.6873112, 0.7026285, 0.18416452), (0.7054765, 0.7026211, 0.09287784), (0.65853477, 0.7475395, 0.08669814), (0.64157796, 0.7475457, 0.17191043), (0.7054765, 0.7026211, 0.09287784), (0.711557, 0.7026284, -6.478333e-7), (0.6642102, 0.74754584, -2.849872e-7), (0.65853477, 0.7475395, 0.08669814), (0.65853477, 0.7475395, 0.08669814), (0.6642102, 0.74754584, -2.849872e-7), (0.6140002, 0.78930587, -2.8791163e-7), (0.60875416, 0.7893005, 0.08014405), (0.64157796, 0.7475457, 0.17191043), (0.65853477, 0.7475395, 0.08669814), (0.60875416, 0.7893005, 0.08014405), (0.5930791, 0.78930557, 0.15891474), (0.711557, 0.7026284, -6.478333e-7), (0.70547676, 0.7026209, -0.09287873), (0.6585348, 0.7475394, -0.08669847), (0.6642102, 0.74754584, -2.849872e-7), (0.70547676, 0.7026209, -0.09287873), (0.68731153, 0.702628, -0.1841649), (0.6415777, 0.74754584, -0.1719105), (0.6585348, 0.7475394, -0.08669847), (0.6585348, 0.7475394, -0.08669847), (0.6415777, 0.74754584, -0.1719105), (0.5930787, 0.7893057, -0.15891552), (0.6087541, 0.78930044, -0.08014481), (0.6642102, 0.74754584, -2.849872e-7), (0.6585348, 0.7475394, -0.08669847), (0.6087541, 0.78930044, -0.08014481), (0.6140002, 0.78930587, -2.8791163e-7), (0.5930787, 0.7893057, -0.15891552), (0.5672689, 0.78930044, -0.23497002), (0.51842093, 0.82772446, -0.21473683), (0.54200846, 0.82772857, -0.14523177), (0.5672689, 0.78930044, -0.23497002), (0.5317401, 0.7893057, -0.3069997), (0.48595148, 0.82772905, -0.28056356), (0.51842093, 0.82772446, -0.21473683), (0.51842093, 0.82772446, -0.21473683), (0.48595148, 0.82772905, -0.28056356), (0.43807432, 0.8626247, -0.2529217), (0.4673444, 0.8626215, -0.19358042), (0.54200846, 0.82772857, -0.14523177), (0.51842093, 0.82772446, -0.21473683), (0.4673444, 0.8626215, -0.19358042), (0.48860833, 0.86262447, -0.13092293), (0.5317401, 0.7893057, -0.3069997), (0.4871249, 0.78930014, -0.37378407), (0.44517806, 0.8277246, -0.34159705), (0.48595148, 0.82772905, -0.28056356), (0.4871249, 0.78930014, -0.37378407), (0.4341641, 0.7893053, -0.43416414), (0.39677763, 0.8277287, -0.39677784), (0.44517806, 0.8277246, -0.34159705), (0.44517806, 0.8277246, -0.34159705), (0.39677763, 0.8277287, -0.39677784), (0.35768598, 0.86262447, -0.35768664), (0.40131778, 0.8626214, -0.30794212), (0.48595148, 0.82772905, -0.28056356), (0.44517806, 0.8277246, -0.34159705), (0.40131778, 0.8626214, -0.30794212), (0.43807432, 0.8626247, -0.2529217), (0.4341641, 0.7893053, -0.43416414), (0.37378404, 0.7893001, -0.487125), (0.34159693, 0.8277246, -0.4451781), (0.39677763, 0.8277287, -0.39677784), (0.37378404, 0.7893001, -0.487125), (0.3070003, 0.7893053, -0.5317403), (0.28056395, 0.8277287, -0.48595157), (0.34159693, 0.8277246, -0.4451781), (0.34159693, 0.8277246, -0.4451781), (0.28056395, 0.8277287, -0.48595157), (0.2529222, 0.8626247, -0.43807423), (0.30794176, 0.8626216, -0.40131775), (0.39677763, 0.8277287, -0.39677784), (0.34159693, 0.8277246, -0.4451781), (0.30794176, 0.8626216, -0.40131775), (0.35768598, 0.86262447, -0.35768664), (0.3070003, 0.7893053, -0.5317403), (0.23497067, 0.7893002, -0.5672689), (0.21473688, 0.82772446, -0.51842093), (0.28056395, 0.8277287, -0.48595157), (0.23497067, 0.7893002, -0.5672689), (0.15891536, 0.78930575, -0.5930786), (0.14523073, 0.82772887, -0.5420083), (0.21473688, 0.82772446, -0.51842093), (0.21473688, 0.82772446, -0.51842093), (0.14523073, 0.82772887, -0.5420083), (0.1309222, 0.8626244, -0.48860887), (0.19358027, 0.8626214, -0.4673445), (0.28056395, 0.8277287, -0.48595157), (0.21473688, 0.82772446, -0.51842093), (0.19358027, 0.8626214, -0.4673445), (0.2529222, 0.8626247, -0.43807423), (0.15891536, 0.78930575, -0.5930786), (0.08014414, 0.7893004, -0.6087544), (0.07324274, 0.82772493, -0.55633354), (0.14523073, 0.82772887, -0.5420083), (0.08014414, 0.7893004, -0.6087544), (-5.9516703e-9, 0.7893055, -0.6140006), (8.3978115e-8, 0.8277289, -0.5611281), (0.07324274, 0.82772493, -0.55633354), (0.07324274, 0.82772493, -0.55633354), (8.3978115e-8, 0.8277289, -0.5611281), (9.9661065e-8, 0.8626245, -0.50584483), (0.06602673, 0.8626213, -0.5015226), (0.14523073, 0.82772887, -0.5420083), (0.07324274, 0.82772493, -0.55633354), (0.06602673, 0.8626213, -0.5015226), (0.1309222, 0.8626244, -0.48860887), (-5.9516703e-9, 0.7893055, -0.6140006), (-0.080143966, 0.78930026, -0.60875446), (-0.0732426, 0.82772464, -0.5563339), (8.3978115e-8, 0.8277289, -0.5611281), (-0.080143966, 0.78930026, -0.60875446), (-0.15891488, 0.7893056, -0.5930789), (-0.14523038, 0.8277289, -0.5420082), (-0.0732426, 0.82772464, -0.5563339), (-0.0732426, 0.82772464, -0.5563339), (-0.14523038, 0.8277289, -0.5420082), (-0.13092196, 0.8626246, -0.48860863), (-0.06602659, 0.8626215, -0.50152236), (8.3978115e-8, 0.8277289, -0.5611281), (-0.0732426, 0.82772464, -0.5563339), (-0.06602659, 0.8626215, -0.50152236), (9.9661065e-8, 0.8626245, -0.50584483), (-0.15891488, 0.7893056, -0.5930789), (-0.23497032, 0.7893003, -0.56726885), (-0.21473646, 0.8277246, -0.5184208), (-0.14523038, 0.8277289, -0.5420082), (-0.23497032, 0.7893003, -0.56726885), (-0.30700022, 0.7893054, -0.53174025), (-0.28056377, 0.82772875, -0.4859516), (-0.21473646, 0.8277246, -0.5184208), (-0.21473646, 0.8277246, -0.5184208), (-0.28056377, 0.82772875, -0.4859516), (-0.252922, 0.86262447, -0.43807486), (-0.19357991, 0.8626212, -0.46734506), (-0.14523038, 0.8277289, -0.5420082), (-0.21473646, 0.8277246, -0.5184208), (-0.19357991, 0.8626212, -0.46734506), (-0.13092196, 0.8626246, -0.48860863), (-0.30700022, 0.7893054, -0.53174025), (-0.3737841, 0.78930026, -0.48712495), (-0.34159702, 0.8277247, -0.44517785), (-0.28056377, 0.82772875, -0.4859516), (-0.3737841, 0.78930026, -0.48712495), (-0.43416402, 0.7893055, -0.43416408), (-0.39677763, 0.82772875, -0.39677763), (-0.34159702, 0.8277247, -0.44517785), (-0.34159702, 0.8277247, -0.44517785), (-0.39677763, 0.82772875, -0.39677763), (-0.35768595, 0.8626245, -0.35768667), (-0.30794168, 0.8626214, -0.40131807), (-0.28056377, 0.82772875, -0.4859516), (-0.34159702, 0.8277247, -0.44517785), (-0.30794168, 0.8626214, -0.40131807), (-0.252922, 0.86262447, -0.43807486), (-0.43416402, 0.7893055, -0.43416408), (-0.48712492, 0.78930026, -0.37378395), (-0.445178, 0.8277245, -0.34159714), (-0.39677763, 0.82772875, -0.39677763), (-0.48712492, 0.78930026, -0.37378395), (-0.5317399, 0.7893058, -0.30699992), (-0.48595142, 0.82772887, -0.28056395), (-0.445178, 0.8277245, -0.34159714), (-0.445178, 0.8277245, -0.34159714), (-0.48595142, 0.82772887, -0.28056395), (-0.43807417, 0.8626246, -0.25292242), (-0.40131778, 0.86262137, -0.30794215), (-0.39677763, 0.82772875, -0.39677763), (-0.445178, 0.8277245, -0.34159714), (-0.40131778, 0.86262137, -0.30794215), (-0.35768595, 0.8626245, -0.35768667), (-0.5317399, 0.7893058, -0.30699992), (-0.5672686, 0.78930056, -0.23497021), (-0.5184206, 0.8277247, -0.21473676), (-0.48595142, 0.82772887, -0.28056395), (-0.5672686, 0.78930056, -0.23497021), (-0.593079, 0.78930545, -0.1589151), (-0.5420083, 0.8277289, -0.14523058), (-0.5184206, 0.8277247, -0.21473676), (-0.5184206, 0.8277247, -0.21473676), (-0.5420083, 0.8277289, -0.14523058), (-0.4886081, 0.86262476, -0.13092208), (-0.4673441, 0.8626217, -0.19358043), (-0.48595142, 0.82772887, -0.28056395), (-0.5184206, 0.8277247, -0.21473676), (-0.4673441, 0.8626217, -0.19358043), (-0.43807417, 0.8626246, -0.25292242), (-0.593079, 0.78930545, -0.1589151), (-0.60875446, 0.78930026, -0.080144376), (-0.55633396, 0.8277246, -0.07324283), (-0.5420083, 0.8277289, -0.14523058), (-0.60875446, 0.78930026, -0.080144376), (-0.61400044, 0.78930575, -4.4935064e-7), (-0.56112796, 0.82772905, -3.3917328e-7), (-0.55633396, 0.8277246, -0.07324283), (-0.55633396, 0.8277246, -0.07324283), (-0.56112796, 0.82772905, -3.3917328e-7), (-0.5058443, 0.8626248, 1.8120178e-9), (-0.50152206, 0.86262167, -0.066026434), (-0.5420083, 0.8277289, -0.14523058), (-0.55633396, 0.8277246, -0.07324283), (-0.50152206, 0.86262167, -0.066026434), (-0.4886081, 0.86262476, -0.13092208), (-0.61400044, 0.78930575, -4.4935064e-7), (-0.6087545, 0.7893003, 0.08014362), (-0.5563335, 0.82772493, 0.07324224), (-0.56112796, 0.82772905, -3.3917328e-7), (-0.6087545, 0.7893003, 0.08014362), (-0.5930791, 0.78930557, 0.1589148), (-0.5420079, 0.8277291, 0.1452306), (-0.5563335, 0.82772493, 0.07324224), (-0.5563335, 0.82772493, 0.07324224), (-0.5420079, 0.8277291, 0.1452306), (-0.488608, 0.8626248, 0.13092224), (-0.50152194, 0.8626218, 0.06602642), (-0.56112796, 0.82772905, -3.3917328e-7), (-0.5563335, 0.82772493, 0.07324224), (-0.50152194, 0.8626218, 0.06602642), (-0.5058443, 0.8626248, 1.8120178e-9), (-0.5930791, 0.78930557, 0.1589148), (-0.5672687, 0.7893004, 0.23497054), (-0.51842016, 0.8277249, 0.21473706), (-0.5420079, 0.8277291, 0.1452306), (-0.5672687, 0.7893004, 0.23497054), (-0.53174, 0.7893057, 0.30700016), (-0.48595086, 0.82772917, 0.28056395), (-0.51842016, 0.8277249, 0.21473706), (-0.51842016, 0.8277249, 0.21473706), (-0.48595086, 0.82772917, 0.28056395), (-0.43807405, 0.86262476, 0.2529223), (-0.4673441, 0.86262167, 0.19358042), (-0.5420079, 0.8277291, 0.1452306), (-0.51842016, 0.8277249, 0.21473706), (-0.4673441, 0.86262167, 0.19358042), (-0.488608, 0.8626248, 0.13092224), (-0.53174, 0.7893057, 0.30700016), (-0.48712492, 0.7893004, 0.37378377), (-0.44517785, 0.8277248, 0.34159657), (-0.48595086, 0.82772917, 0.28056395), (-0.48712492, 0.7893004, 0.37378377), (-0.43416408, 0.7893057, 0.4341636), (-0.3967776, 0.82772905, 0.3967772), (-0.44517785, 0.8277248, 0.34159657), (-0.44517785, 0.8277248, 0.34159657), (-0.3967776, 0.82772905, 0.3967772), (-0.35768613, 0.8626245, 0.35768655), (-0.4013177, 0.8626214, 0.30794206), (-0.48595086, 0.82772917, 0.28056395), (-0.44517785, 0.8277248, 0.34159657), (-0.4013177, 0.8626214, 0.30794206), (-0.43807405, 0.86262476, 0.2529223), (-0.43416408, 0.7893057, 0.4341636), (-0.3737842, 0.7893004, 0.4871244), (-0.34159687, 0.82772464, 0.44517785), (-0.3967776, 0.82772905, 0.3967772), (-0.3737842, 0.7893004, 0.4871244), (-0.30700052, 0.7893056, 0.53173995), (-0.28056407, 0.8277291, 0.4859511), (-0.34159687, 0.82772464, 0.44517785), (-0.34159687, 0.82772464, 0.44517785), (-0.28056407, 0.8277291, 0.4859511), (-0.25292215, 0.8626247, 0.4380742), (-0.30794162, 0.8626215, 0.40131807), (-0.3967776, 0.82772905, 0.3967772), (-0.34159687, 0.82772464, 0.44517785), (-0.30794162, 0.8626215, 0.40131807), (-0.35768613, 0.8626245, 0.35768655), (-0.30700052, 0.7893056, 0.53173995), (-0.23497051, 0.78930026, 0.5672689), (-0.21473676, 0.82772493, 0.5184202), (-0.28056407, 0.8277291, 0.4859511), (-0.23497051, 0.78930026, 0.5672689), (-0.15891516, 0.7893057, 0.59307885), (-0.14523059, 0.8277289, 0.5420081), (-0.21473676, 0.82772493, 0.5184202), (-0.21473676, 0.82772493, 0.5184202), (-0.14523059, 0.8277289, 0.5420081), (-0.13092211, 0.86262465, 0.4886083), (-0.1935804, 0.86262167, 0.46734416), (-0.28056407, 0.8277291, 0.4859511), (-0.21473676, 0.82772493, 0.5184202), (-0.1935804, 0.86262167, 0.46734416), (-0.25292215, 0.8626247, 0.4380742), (-0.15891516, 0.7893057, 0.59307885), (-0.080144145, 0.7893005, 0.6087541), (-0.07324268, 0.8277248, 0.5563337), (-0.14523059, 0.8277289, 0.5420081), (-0.080144145, 0.7893005, 0.6087541), (7.439583e-10, 0.789306, 0.6140002), (8.1532053e-10, 0.82772917, 0.5611277), (-0.07324268, 0.8277248, 0.5563337), (-0.07324268, 0.8277248, 0.5563337), (8.1532053e-10, 0.82772917, 0.5611277), (-1.8120175e-9, 0.86262435, 0.50584495), (-0.066026516, 0.8626215, 0.50152236), (-0.14523059, 0.8277289, 0.5420081), (-0.07324268, 0.8277248, 0.5563337), (-0.066026516, 0.8626215, 0.50152236), (-0.13092211, 0.86262465, 0.4886083), (7.439583e-10, 0.789306, 0.6140002), (0.08014387, 0.7893007, 0.6087539), (0.07324252, 0.82772493, 0.5563334), (8.1532053e-10, 0.82772917, 0.5611277), (0.08014387, 0.7893007, 0.6087539), (0.15891501, 0.78930587, 0.59307873), (0.14523058, 0.82772917, 0.54200786), (0.07324252, 0.82772493, 0.5563334), (0.07324252, 0.82772493, 0.5563334), (0.14523058, 0.82772917, 0.54200786), (0.13092205, 0.8626247, 0.48860842), (0.06602643, 0.8626214, 0.50152254), (8.1532053e-10, 0.82772917, 0.5611277), (0.07324252, 0.82772493, 0.5563334), (0.06602643, 0.8626214, 0.50152254), (-1.8120175e-9, 0.86262435, 0.50584495), (0.15891501, 0.78930587, 0.59307873), (0.23497051, 0.78930044, 0.56726855), (0.2147367, 0.8277247, 0.5184206), (0.14523058, 0.82772917, 0.54200786), (0.23497051, 0.78930044, 0.56726855), (0.30700025, 0.789306, 0.5317396), (0.28056368, 0.82772887, 0.48595142), (0.2147367, 0.8277247, 0.5184206), (0.2147367, 0.8277247, 0.5184206), (0.28056368, 0.82772887, 0.48595142), (0.25292182, 0.8626246, 0.43807453), (0.19358009, 0.86262155, 0.46734446), (0.14523058, 0.82772917, 0.54200786), (0.2147367, 0.8277247, 0.5184206), (0.19358009, 0.86262155, 0.46734446), (0.13092205, 0.8626247, 0.48860842), (0.30700025, 0.789306, 0.5317396), (0.37378383, 0.7893004, 0.4871247), (0.34159666, 0.8277247, 0.4451781), (0.28056368, 0.82772887, 0.48595142), (0.37378383, 0.7893004, 0.4871247), (0.4341638, 0.7893056, 0.43416396), (0.39677724, 0.8277291, 0.39677733), (0.34159666, 0.8277247, 0.4451781), (0.34159666, 0.8277247, 0.4451781), (0.39677724, 0.8277291, 0.39677733), (0.35768595, 0.86262476, 0.35768586), (0.30794168, 0.8626216, 0.40131783), (0.28056368, 0.82772887, 0.48595142), (0.34159666, 0.8277247, 0.4451781), (0.30794168, 0.8626216, 0.40131783), (0.25292182, 0.8626246, 0.43807453), (0.4341638, 0.7893056, 0.43416396), (0.48712483, 0.7893004, 0.37378365), (0.4451776, 0.8277251, 0.3415965), (0.39677724, 0.8277291, 0.39677733), (0.48712483, 0.7893004, 0.37378365), (0.5317402, 0.78930557, 0.307), (0.48595086, 0.8277292, 0.28056368), (0.4451776, 0.8277251, 0.3415965), (0.4451776, 0.8277251, 0.3415965), (0.48595086, 0.8277292, 0.28056368), (0.43807402, 0.86262465, 0.25292227), (0.40131745, 0.8626217, 0.30794165), (0.39677724, 0.8277291, 0.39677733), (0.4451776, 0.8277251, 0.3415965), (0.40131745, 0.8626217, 0.30794165), (0.35768595, 0.86262476, 0.35768586), (0.5317402, 0.78930557, 0.307), (0.56726897, 0.7893003, 0.23497011), (0.51842034, 0.827725, 0.21473645), (0.48595086, 0.8277292, 0.28056368), (0.56726897, 0.7893003, 0.23497011), (0.5930791, 0.78930557, 0.15891474), (0.5420081, 0.827729, 0.14523031), (0.51842034, 0.827725, 0.21473645), (0.51842034, 0.827725, 0.21473645), (0.5420081, 0.827729, 0.14523031), (0.48860812, 0.86262476, 0.13092235), (0.46734402, 0.86262167, 0.19358054), (0.48595086, 0.8277292, 0.28056368), (0.51842034, 0.827725, 0.21473645), (0.46734402, 0.86262167, 0.19358054), (0.43807402, 0.86262465, 0.25292227), (0.5930791, 0.78930557, 0.15891474), (0.60875416, 0.7893005, 0.08014405), (0.5563336, 0.82772493, 0.07324225), (0.5420081, 0.827729, 0.14523031), (0.60875416, 0.7893005, 0.08014405), (0.6140002, 0.78930587, -2.8791163e-7), (0.5611277, 0.8277292, -3.3917328e-7), (0.5563336, 0.82772493, 0.07324225), (0.5563336, 0.82772493, 0.07324225), (0.5611277, 0.8277292, -3.3917328e-7), (0.5058445, 0.86262465, -2.7180278e-9), (0.5015223, 0.8626216, 0.06602644), (0.5420081, 0.827729, 0.14523031), (0.5563336, 0.82772493, 0.07324225), (0.5015223, 0.8626216, 0.06602644), (0.48860812, 0.86262476, 0.13092235), (0.6140002, 0.78930587, -2.8791163e-7), (0.6087541, 0.78930044, -0.08014481), (0.5563337, 0.8277247, -0.073243454), (0.5611277, 0.8277292, -3.3917328e-7), (0.6087541, 0.78930044, -0.08014481), (0.5930787, 0.7893057, -0.15891552), (0.54200846, 0.82772857, -0.14523177), (0.5563337, 0.8277247, -0.073243454), (0.5563337, 0.8277247, -0.073243454), (0.54200846, 0.82772857, -0.14523177), (0.48860833, 0.86262447, -0.13092293), (0.5015222, 0.8626216, -0.06602685), (0.5611277, 0.8277292, -3.3917328e-7), (0.5563337, 0.8277247, -0.073243454), (0.5015222, 0.8626216, -0.06602685), (0.5058445, 0.86262465, -2.7180278e-9), (0.48860833, 0.86262447, -0.13092293), (0.4673444, 0.8626215, -0.19358042), (0.41425583, 0.8938394, -0.17159066), (0.433105, 0.89384127, -0.11605084), (0.4673444, 0.8626215, -0.19358042), (0.43807432, 0.8626247, -0.2529217), (0.38831148, 0.8938415, -0.22419092), (0.41425583, 0.8938394, -0.17159066), (0.41425583, 0.8938394, -0.17159066), (0.38831148, 0.8938415, -0.22419092), (0.33692688, 0.9212167, -0.19452494), (0.3594371, 0.9212158, -0.1488843), (0.433105, 0.89384127, -0.11605084), (0.41425583, 0.8938394, -0.17159066), (0.3594371, 0.9212158, -0.1488843), (0.37579298, 0.92121685, -0.10069362), (0.43807432, 0.8626247, -0.2529217), (0.40131778, 0.8626214, -0.30794212), (0.35572967, 0.8938394, -0.2729605), (0.38831148, 0.8938415, -0.22419092), (0.40131778, 0.8626214, -0.30794212), (0.35768598, 0.86262447, -0.35768664), (0.317055, 0.89384127, -0.31705484), (0.35572967, 0.8938394, -0.2729605), (0.35572967, 0.8938394, -0.2729605), (0.317055, 0.89384127, -0.31705484), (0.27509964, 0.9212168, -0.27509966), (0.3086558, 0.9212158, -0.23683989), (0.38831148, 0.8938415, -0.22419092), (0.35572967, 0.8938394, -0.2729605), (0.3086558, 0.9212158, -0.23683989), (0.33692688, 0.9212167, -0.19452494), (0.35768598, 0.86262447, -0.35768664), (0.30794176, 0.8626216, -0.40131775), (0.27296114, 0.8938394, -0.35572934), (0.317055, 0.89384127, -0.31705484), (0.30794176, 0.8626216, -0.40131775), (0.2529222, 0.8626247, -0.43807423), (0.22419183, 0.89384127, -0.3883114), (0.27296114, 0.8938394, -0.35572934), (0.27296114, 0.8938394, -0.35572934), (0.22419183, 0.89384127, -0.3883114), (0.1945249, 0.9212166, -0.33692726), (0.23683996, 0.9212156, -0.30865604), (0.317055, 0.89384127, -0.31705484), (0.27296114, 0.8938394, -0.35572934), (0.23683996, 0.9212156, -0.30865604), (0.27509964, 0.9212168, -0.27509966), (0.2529222, 0.8626247, -0.43807423), (0.19358027, 0.8626214, -0.4673445), (0.17159042, 0.8938393, -0.41425607), (0.22419183, 0.89384127, -0.3883114), (0.19358027, 0.8626214, -0.4673445), (0.1309222, 0.8626244, -0.48860887), (0.1160503, 0.89384115, -0.43310544), (0.17159042, 0.8938393, -0.41425607), (0.17159042, 0.8938393, -0.41425607), (0.1160503, 0.89384115, -0.43310544), (0.100693524, 0.92121667, -0.37579328), (0.1488837, 0.9212156, -0.3594374), (0.22419183, 0.89384127, -0.3883114), (0.17159042, 0.8938393, -0.41425607), (0.1488837, 0.9212156, -0.3594374), (0.1945249, 0.9212166, -0.33692726), (0.1309222, 0.8626244, -0.48860887), (0.06602673, 0.8626213, -0.5015226), (0.058526438, 0.89383894, -0.44455224), (0.1160503, 0.89384115, -0.43310544), (0.06602673, 0.8626213, -0.5015226), (9.9661065e-8, 0.8626245, -0.50584483), (2.5604376e-9, 0.8938412, -0.44838363), (0.058526438, 0.89383894, -0.44455224), (0.058526438, 0.89383894, -0.44455224), (2.5604376e-9, 0.8938412, -0.44838363), (5.858005e-8, 0.92121655, -0.38905022), (0.050781555, 0.9212155, -0.38572413), (0.1160503, 0.89384115, -0.43310544), (0.058526438, 0.89383894, -0.44455224), (0.050781555, 0.9212155, -0.38572413), (0.100693524, 0.92121667, -0.37579328), (9.9661065e-8, 0.8626245, -0.50584483), (-0.06602659, 0.8626215, -0.50152236), (-0.058526248, 0.89383936, -0.4445514), (2.5604376e-9, 0.8938412, -0.44838363), (-0.06602659, 0.8626215, -0.50152236), (-0.13092196, 0.8626246, -0.48860863), (-0.11605013, 0.89384127, -0.43310523), (-0.058526248, 0.89383936, -0.4445514), (-0.058526248, 0.89383936, -0.4445514), (-0.11605013, 0.89384127, -0.43310523), (-0.100693375, 0.92121685, -0.3757931), (-0.05078129, 0.9212156, -0.38572413), (2.5604376e-9, 0.8938412, -0.44838363), (-0.058526248, 0.89383936, -0.4445514), (-0.05078129, 0.9212156, -0.38572413), (5.858005e-8, 0.92121655, -0.38905022), (-0.13092196, 0.8626246, -0.48860863), (-0.19357991, 0.8626212, -0.46734506), (-0.17159033, 0.8938394, -0.41425595), (-0.11605013, 0.89384127, -0.43310523), (-0.19357991, 0.8626212, -0.46734506), (-0.252922, 0.86262447, -0.43807486), (-0.2241915, 0.89384145, -0.3883114), (-0.17159033, 0.8938394, -0.41425595), (-0.17159033, 0.8938394, -0.41425595), (-0.2241915, 0.89384145, -0.3883114), (-0.1945248, 0.92121667, -0.33692724), (-0.14888379, 0.9212156, -0.35943764), (-0.11605013, 0.89384127, -0.43310523), (-0.17159033, 0.8938394, -0.41425595), (-0.14888379, 0.9212156, -0.35943764), (-0.100693375, 0.92121685, -0.3757931), (-0.252922, 0.86262447, -0.43807486), (-0.30794168, 0.8626214, -0.40131807), (-0.27296066, 0.8938395, -0.35572967), (-0.2241915, 0.89384145, -0.3883114), (-0.30794168, 0.8626214, -0.40131807), (-0.35768595, 0.8626245, -0.35768667), (-0.3170548, 0.8938413, -0.31705502), (-0.27296066, 0.8938395, -0.35572967), (-0.27296066, 0.8938395, -0.35572967), (-0.3170548, 0.8938413, -0.31705502), (-0.2750994, 0.92121685, -0.27509972), (-0.2368397, 0.92121583, -0.30865592), (-0.2241915, 0.89384145, -0.3883114), (-0.27296066, 0.8938395, -0.35572967), (-0.2368397, 0.92121583, -0.30865592), (-0.1945248, 0.92121667, -0.33692724), (-0.35768595, 0.8626245, -0.35768667), (-0.40131778, 0.86262137, -0.30794215), (-0.35572967, 0.89383936, -0.2729608), (-0.3170548, 0.8938413, -0.31705502), (-0.40131778, 0.86262137, -0.30794215), (-0.43807417, 0.8626246, -0.25292242), (-0.38831133, 0.89384145, -0.2241914), (-0.35572967, 0.89383936, -0.2729608), (-0.35572967, 0.89383936, -0.2729608), (-0.38831133, 0.89384145, -0.2241914), (-0.33692694, 0.9212168, -0.19452493), (-0.3086557, 0.9212157, -0.23684007), (-0.3170548, 0.8938413, -0.31705502), (-0.35572967, 0.89383936, -0.2729608), (-0.3086557, 0.9212157, -0.23684007), (-0.2750994, 0.92121685, -0.27509972), (-0.43807417, 0.8626246, -0.25292242), (-0.4673441, 0.8626217, -0.19358043), (-0.41425586, 0.8938394, -0.1715904), (-0.38831133, 0.89384145, -0.2241914), (-0.4673441, 0.8626217, -0.19358043), (-0.4886081, 0.86262476, -0.13092208), (-0.43310496, 0.8938414, -0.11605037), (-0.41425586, 0.8938394, -0.1715904), (-0.41425586, 0.8938394, -0.1715904), (-0.43310496, 0.8938414, -0.11605037), (-0.375793, 0.9212167, -0.10069381), (-0.3594372, 0.9212158, -0.1488838), (-0.38831133, 0.89384145, -0.2241914), (-0.41425586, 0.8938394, -0.1715904), (-0.3594372, 0.9212158, -0.1488838), (-0.33692694, 0.9212168, -0.19452493), (-0.4886081, 0.86262476, -0.13092208), (-0.50152206, 0.86262167, -0.066026434), (-0.44455123, 0.8938395, -0.058526117), (-0.43310496, 0.8938414, -0.11605037), (-0.50152206, 0.86262167, -0.066026434), (-0.5058443, 0.8626248, 1.8120178e-9), (-0.44838333, 0.8938413, 4.096697e-9), (-0.44455123, 0.8938395, -0.058526117), (-0.44455123, 0.8938395, -0.058526117), (-0.44838333, 0.8938413, 4.096697e-9), (-0.3890497, 0.9212167, -4.5443917e-7), (-0.38572362, 0.9212158, -0.050781827), (-0.43310496, 0.8938414, -0.11605037), (-0.44455123, 0.8938395, -0.058526117), (-0.38572362, 0.9212158, -0.050781827), (-0.375793, 0.9212167, -0.10069381), (-0.5058443, 0.8626248, 1.8120178e-9), (-0.50152194, 0.8626218, 0.06602642), (-0.44455138, 0.8938393, 0.05852612), (-0.44838333, 0.8938413, 4.096697e-9), (-0.50152194, 0.8626218, 0.06602642), (-0.488608, 0.8626248, 0.13092224), (-0.43310517, 0.8938412, 0.1160502), (-0.44455138, 0.8938393, 0.05852612), (-0.44455138, 0.8938393, 0.05852612), (-0.43310517, 0.8938412, 0.1160502), (-0.3757932, 0.9212168, 0.10069358), (-0.3857238, 0.9212158, 0.050780926), (-0.44838333, 0.8938413, 4.096697e-9), (-0.44455138, 0.8938393, 0.05852612), (-0.3857238, 0.9212158, 0.050780926), (-0.3890497, 0.9212167, -4.5443917e-7), (-0.488608, 0.8626248, 0.13092224), (-0.4673441, 0.86262167, 0.19358042), (-0.41425607, 0.89383936, 0.17159005), (-0.43310517, 0.8938412, 0.1160502), (-0.4673441, 0.86262167, 0.19358042), (-0.43807405, 0.86262476, 0.2529223), (-0.38831154, 0.8938415, 0.22419101), (-0.41425607, 0.89383936, 0.17159005), (-0.41425607, 0.89383936, 0.17159005), (-0.38831154, 0.8938415, 0.22419101), (-0.33692697, 0.92121667, 0.19452493), (-0.35943726, 0.9212157, 0.14888428), (-0.43310517, 0.8938412, 0.1160502), (-0.41425607, 0.89383936, 0.17159005), (-0.35943726, 0.9212157, 0.14888428), (-0.3757932, 0.9212168, 0.10069358), (-0.43807405, 0.86262476, 0.2529223), (-0.4013177, 0.8626214, 0.30794206), (-0.35572976, 0.89383936, 0.27296054), (-0.38831154, 0.8938415, 0.22419101), (-0.4013177, 0.8626214, 0.30794206), (-0.35768613, 0.8626245, 0.35768655), (-0.31705505, 0.8938412, 0.31705502), (-0.35572976, 0.89383936, 0.27296054), (-0.35572976, 0.89383936, 0.27296054), (-0.31705505, 0.8938412, 0.31705502), (-0.2750997, 0.9212166, 0.27510023), (-0.3086558, 0.9212158, 0.23683977), (-0.38831154, 0.8938415, 0.22419101), (-0.35572976, 0.89383936, 0.27296054), (-0.3086558, 0.9212158, 0.23683977), (-0.33692697, 0.92121667, 0.19452493), (-0.35768613, 0.8626245, 0.35768655), (-0.30794162, 0.8626215, 0.40131807), (-0.2729608, 0.89383936, 0.35572973), (-0.31705505, 0.8938412, 0.31705502), (-0.30794162, 0.8626215, 0.40131807), (-0.25292215, 0.8626247, 0.4380742), (-0.22419171, 0.89384145, 0.3883112), (-0.2729608, 0.89383936, 0.35572973), (-0.2729608, 0.89383936, 0.35572973), (-0.22419171, 0.89384145, 0.3883112), (-0.19452474, 0.9212168, 0.3369269), (-0.23683977, 0.9212155, 0.3086565), (-0.31705505, 0.8938412, 0.31705502), (-0.2729608, 0.89383936, 0.35572973), (-0.23683977, 0.9212155, 0.3086565), (-0.2750997, 0.9212166, 0.27510023), (-0.25292215, 0.8626247, 0.4380742), (-0.1935804, 0.86262167, 0.46734416), (-0.17159058, 0.8938391, 0.41425627), (-0.22419171, 0.89384145, 0.3883112), (-0.1935804, 0.86262167, 0.46734416), (-0.13092211, 0.86262465, 0.4886083), (-0.116050236, 0.8938412, 0.4331052), (-0.17159058, 0.8938391, 0.41425627), (-0.17159058, 0.8938391, 0.41425627), (-0.116050236, 0.8938412, 0.4331052), (-0.10069346, 0.9212166, 0.37579346), (-0.14888386, 0.92121565, 0.3594378), (-0.22419171, 0.89384145, 0.3883112), (-0.17159058, 0.8938391, 0.41425627), (-0.14888386, 0.92121565, 0.3594378), (-0.19452474, 0.9212168, 0.3369269), (-0.13092211, 0.86262465, 0.4886083), (-0.066026516, 0.8626215, 0.50152236), (-0.058526453, 0.8938395, 0.4445511), (-0.116050236, 0.8938412, 0.4331052), (-0.066026516, 0.8626215, 0.50152236), (-1.8120175e-9, 0.86262435, 0.50584495), (-1.0241744e-9, 0.89384127, 0.4483833), (-0.058526453, 0.8938395, 0.4445511), (-0.058526453, 0.8938395, 0.4445511), (-1.0241744e-9, 0.89384127, 0.4483833), (-5.9171747e-8, 0.92121655, 0.38905013), (-0.050781555, 0.92121565, 0.38572383), (-0.116050236, 0.8938412, 0.4331052), (-0.058526453, 0.8938395, 0.4445511), (-0.050781555, 0.92121565, 0.38572383), (-0.10069346, 0.9212166, 0.37579346), (-1.8120175e-9, 0.86262435, 0.50584495), (0.06602643, 0.8626214, 0.50152254), (0.058526326, 0.8938393, 0.4445515), (-1.0241744e-9, 0.89384127, 0.4483833), (0.06602643, 0.8626214, 0.50152254), (0.13092205, 0.8626247, 0.48860842), (0.116050065, 0.8938413, 0.4331051), (0.058526326, 0.8938393, 0.4445515), (0.058526326, 0.8938393, 0.4445515), (0.116050065, 0.8938413, 0.4331051), (0.100693375, 0.9212168, 0.37579328), (0.050781496, 0.92121565, 0.385724), (-1.0241744e-9, 0.89384127, 0.4483833), (0.058526326, 0.8938393, 0.4445515), (0.050781496, 0.92121565, 0.385724), (-5.9171747e-8, 0.92121655, 0.38905013), (0.13092205, 0.8626247, 0.48860842), (0.19358009, 0.86262155, 0.46734446), (0.17159028, 0.8938394, 0.41425583), (0.116050065, 0.8938413, 0.4331051), (0.19358009, 0.86262155, 0.46734446), (0.25292182, 0.8626246, 0.43807453), (0.22419158, 0.89384145, 0.38831136), (0.17159028, 0.8938394, 0.41425583), (0.17159028, 0.8938394, 0.41425583), (0.22419158, 0.89384145, 0.38831136), (0.19452481, 0.92121667, 0.33692712), (0.14888366, 0.92121565, 0.35943767), (0.116050065, 0.8938413, 0.4331051), (0.17159028, 0.8938394, 0.41425583), (0.14888366, 0.92121565, 0.35943767), (0.100693375, 0.9212168, 0.37579328), (0.25292182, 0.8626246, 0.43807453), (0.30794168, 0.8626216, 0.40131783), (0.27296084, 0.8938395, 0.3557295), (0.22419158, 0.89384145, 0.38831136), (0.30794168, 0.8626216, 0.40131783), (0.35768595, 0.86262476, 0.35768586), (0.3170549, 0.89384145, 0.31705478), (0.27296084, 0.8938395, 0.3557295), (0.27296084, 0.8938395, 0.3557295), (0.3170549, 0.89384145, 0.31705478), (0.27509958, 0.92121667, 0.2750998), (0.23683988, 0.9212156, 0.30865604), (0.22419158, 0.89384145, 0.38831136), (0.27296084, 0.8938395, 0.3557295), (0.23683988, 0.9212156, 0.30865604), (0.19452481, 0.92121667, 0.33692712), (0.35768595, 0.86262476, 0.35768586), (0.40131745, 0.8626217, 0.30794165), (0.35572967, 0.89383936, 0.27296078), (0.3170549, 0.89384145, 0.31705478), (0.40131745, 0.8626217, 0.30794165), (0.43807402, 0.86262465, 0.25292227), (0.3883117, 0.89384127, 0.2241917), (0.35572967, 0.89383936, 0.27296078), (0.35572967, 0.89383936, 0.27296078), (0.3883117, 0.89384127, 0.2241917), (0.33692685, 0.92121667, 0.1945253), (0.30865577, 0.9212158, 0.23684001), (0.3170549, 0.89384145, 0.31705478), (0.35572967, 0.89383936, 0.27296078), (0.30865577, 0.9212158, 0.23684001), (0.27509958, 0.92121667, 0.2750998), (0.43807402, 0.86262465, 0.25292227), (0.46734402, 0.86262167, 0.19358054), (0.4142561, 0.89383924, 0.17159088), (0.3883117, 0.89384127, 0.2241917), (0.46734402, 0.86262167, 0.19358054), (0.48860812, 0.86262476, 0.13092235), (0.43310514, 0.89384127, 0.11605022), (0.4142561, 0.89383924, 0.17159088), (0.4142561, 0.89383924, 0.17159088), (0.43310514, 0.89384127, 0.11605022), (0.37579328, 0.9212168, 0.10069311), (0.3594373, 0.92121565, 0.14888401), (0.3883117, 0.89384127, 0.2241917), (0.4142561, 0.89383924, 0.17159088), (0.3594373, 0.92121565, 0.14888401), (0.33692685, 0.92121667, 0.1945253), (0.48860812, 0.86262476, 0.13092235), (0.5015223, 0.8626216, 0.06602644), (0.4445516, 0.89383924, 0.058526132), (0.43310514, 0.89384127, 0.11605022), (0.5015223, 0.8626216, 0.06602644), (0.5058445, 0.86262465, -2.7180278e-9), (0.44838354, 0.89384127, -4.6087862e-9), (0.4445516, 0.89383924, 0.058526132), (0.4445516, 0.89383924, 0.058526132), (0.44838354, 0.89384127, -4.6087862e-9), (0.38904983, 0.9212167, 0), (0.38572386, 0.9212157, 0.05078138), (0.43310514, 0.89384127, 0.11605022), (0.4445516, 0.89383924, 0.058526132), (0.38572386, 0.9212157, 0.05078138), (0.37579328, 0.9212168, 0.10069311), (0.5058445, 0.86262465, -2.7180278e-9), (0.5015222, 0.8626216, -0.06602685), (0.44455135, 0.8938393, -0.058526542), (0.44838354, 0.89384127, -4.6087862e-9), (0.5015222, 0.8626216, -0.06602685), (0.48860833, 0.86262447, -0.13092293), (0.433105, 0.89384127, -0.11605084), (0.44455135, 0.8938393, -0.058526542), (0.44455135, 0.8938393, -0.058526542), (0.433105, 0.89384127, -0.11605084), (0.37579298, 0.92121685, -0.10069362), (0.38572368, 0.92121583, -0.05078144), (0.44838354, 0.89384127, -4.6087862e-9), (0.44455135, 0.8938393, -0.058526542), (0.38572368, 0.92121583, -0.05078144), (0.38904983, 0.9212167, 0), (0.37579298, 0.92121685, -0.10069362), (0.3594371, 0.9212158, -0.1488843), (0.30315343, 0.94463223, -0.12557021), (0.31694946, 0.9446325, -0.08492569), (0.3594371, 0.9212158, -0.1488843), (0.33692688, 0.9212167, -0.19452494), (0.28416932, 0.94463235, -0.16406588), (0.30315343, 0.94463223, -0.12557021), (0.30315343, 0.94463223, -0.12557021), (0.28416932, 0.94463235, -0.16406588), (0.2304011, 0.9639608, -0.13302217), (0.24579157, 0.9639612, -0.10180961), (0.31694946, 0.9446325, -0.08492569), (0.30315343, 0.94463223, -0.12557021), (0.24579157, 0.9639612, -0.10180961), (0.256979, 0.9639608, -0.068857804), (0.33692688, 0.9212167, -0.19452494), (0.3086558, 0.9212158, -0.23683989), (0.26032367, 0.9446322, -0.19975397), (0.28416932, 0.94463235, -0.16406588), (0.3086558, 0.9212158, -0.23683989), (0.27509964, 0.9212168, -0.27509966), (0.23202318, 0.9446325, -0.23202305), (0.26032367, 0.9446322, -0.19975397), (0.26032367, 0.9446322, -0.19975397), (0.23202318, 0.9446325, -0.23202305), (0.18812159, 0.96396095, -0.18812115), (0.2110658, 0.96396124, -0.16195662), (0.28416932, 0.94463235, -0.16406588), (0.26032367, 0.9446322, -0.19975397), (0.2110658, 0.96396124, -0.16195662), (0.2304011, 0.9639608, -0.13302217), (0.27509964, 0.9212168, -0.27509966), (0.23683996, 0.9212156, -0.30865604), (0.19975348, 0.9446324, -0.2603235), (0.23202318, 0.9446325, -0.23202305), (0.23683996, 0.9212156, -0.30865604), (0.1945249, 0.9212166, -0.33692726), (0.16406526, 0.9446323, -0.2841697), (0.19975348, 0.9446324, -0.2603235), (0.19975348, 0.9446324, -0.2603235), (0.16406526, 0.9446323, -0.2841697), (0.13302219, 0.9639608, -0.23040095), (0.16195665, 0.96396154, -0.21106477), (0.23202318, 0.9446325, -0.23202305), (0.19975348, 0.9446324, -0.2603235), (0.16195665, 0.96396154, -0.21106477), (0.18812159, 0.96396095, -0.18812115), (0.1945249, 0.9212166, -0.33692726), (0.1488837, 0.9212156, -0.3594374), (0.12557024, 0.94463235, -0.30315343), (0.16406526, 0.9446323, -0.2841697), (0.1488837, 0.9212156, -0.3594374), (0.100693524, 0.92121667, -0.37579328), (0.084926434, 0.9446324, -0.31694955), (0.12557024, 0.94463235, -0.30315343), (0.12557024, 0.94463235, -0.30315343), (0.084926434, 0.9446324, -0.31694955), (0.068857335, 0.96396095, -0.2569784), (0.10181022, 0.9639613, -0.24579139), (0.16406526, 0.9446323, -0.2841697), (0.12557024, 0.94463235, -0.30315343), (0.10181022, 0.9639613, -0.24579139), (0.13302219, 0.9639608, -0.23040095), (0.100693524, 0.92121667, -0.37579328), (0.050781555, 0.9212155, -0.38572413), (0.042829826, 0.9446323, -0.32532364), (0.084926434, 0.9446324, -0.31694955), (0.050781555, 0.9212155, -0.38572413), (5.858005e-8, 0.92121655, -0.38905022), (1.4504822e-7, 0.9446323, -0.32813084), (0.042829826, 0.9446323, -0.32532364), (0.042829826, 0.9446323, -0.32532364), (1.4504822e-7, 0.9446323, -0.32813084), (1.354238e-7, 0.96396106, -0.2660434), (0.03472567, 0.96396136, -0.2637662), (0.084926434, 0.9446324, -0.31694955), (0.042829826, 0.9446323, -0.32532364), (0.03472567, 0.96396136, -0.2637662), (0.068857335, 0.96396095, -0.2569784), (5.858005e-8, 0.92121655, -0.38905022), (-0.05078129, 0.9212156, -0.38572413), (-0.042829584, 0.944632, -0.3253243), (1.4504822e-7, 0.9446323, -0.32813084), (-0.05078129, 0.9212156, -0.38572413), (-0.100693375, 0.92121685, -0.3757931), (-0.08492635, 0.9446324, -0.3169497), (-0.042829584, 0.944632, -0.3253243), (-0.042829584, 0.944632, -0.3253243), (-0.08492635, 0.9446324, -0.3169497), (-0.0688573, 0.96396095, -0.2569785), (-0.03472549, 0.9639614, -0.26376608), (1.4504822e-7, 0.9446323, -0.32813084), (-0.042829584, 0.944632, -0.3253243), (-0.03472549, 0.9639614, -0.26376608), (1.354238e-7, 0.96396106, -0.2660434), (-0.100693375, 0.92121685, -0.3757931), (-0.14888379, 0.9212156, -0.35943764), (-0.12557028, 0.9446322, -0.30315387), (-0.08492635, 0.9446324, -0.3169497), (-0.14888379, 0.9212156, -0.35943764), (-0.1945248, 0.92121667, -0.33692724), (-0.16406526, 0.9446322, -0.2841701), (-0.12557028, 0.9446322, -0.30315387), (-0.12557028, 0.9446322, -0.30315387), (-0.16406526, 0.9446322, -0.2841701), (-0.1330221, 0.9639608, -0.23040116), (-0.10181014, 0.9639613, -0.2457911), (-0.08492635, 0.9446324, -0.3169497), (-0.12557028, 0.9446322, -0.30315387), (-0.10181014, 0.9639613, -0.2457911), (-0.0688573, 0.96396095, -0.2569785), (-0.1945248, 0.92121667, -0.33692724), (-0.2368397, 0.92121583, -0.30865592), (-0.19975336, 0.9446322, -0.26032397), (-0.16406526, 0.9446322, -0.2841701), (-0.2368397, 0.92121583, -0.30865592), (-0.2750994, 0.92121685, -0.27509972), (-0.23202306, 0.9446324, -0.23202324), (-0.19975336, 0.9446322, -0.26032397), (-0.19975336, 0.9446322, -0.26032397), (-0.23202306, 0.9446324, -0.23202324), (-0.18812162, 0.9639609, -0.18812157), (-0.16195656, 0.9639612, -0.21106581), (-0.16406526, 0.9446322, -0.2841701), (-0.19975336, 0.9446322, -0.26032397), (-0.16195656, 0.9639612, -0.21106581), (-0.1330221, 0.9639608, -0.23040116), (-0.2750994, 0.92121685, -0.27509972), (-0.3086557, 0.9212157, -0.23684007), (-0.26032367, 0.9446322, -0.19975366), (-0.23202306, 0.9446324, -0.23202324), (-0.3086557, 0.9212157, -0.23684007), (-0.33692694, 0.9212168, -0.19452493), (-0.28416935, 0.9446323, -0.16406606), (-0.26032367, 0.9446322, -0.19975366), (-0.26032367, 0.9446322, -0.19975366), (-0.28416935, 0.9446323, -0.16406606), (-0.2304011, 0.96396077, -0.13302217), (-0.21106583, 0.96396124, -0.16195658), (-0.23202306, 0.9446324, -0.23202324), (-0.26032367, 0.9446322, -0.19975366), (-0.21106583, 0.96396124, -0.16195658), (-0.18812162, 0.9639609, -0.18812157), (-0.33692694, 0.9212168, -0.19452493), (-0.3594372, 0.9212158, -0.1488838), (-0.30315346, 0.94463223, -0.12557095), (-0.28416935, 0.9446323, -0.16406606), (-0.3594372, 0.9212158, -0.1488838), (-0.375793, 0.9212167, -0.10069381), (-0.31694964, 0.9446324, -0.08492624), (-0.30315346, 0.94463223, -0.12557095), (-0.30315346, 0.94463223, -0.12557095), (-0.31694964, 0.9446324, -0.08492624), (-0.25697908, 0.9639609, -0.06885644), (-0.2457914, 0.9639612, -0.10181033), (-0.28416935, 0.9446323, -0.16406606), (-0.30315346, 0.94463223, -0.12557095), (-0.2457914, 0.9639612, -0.10181033), (-0.2304011, 0.96396077, -0.13302217), (-0.375793, 0.9212167, -0.10069381), (-0.38572362, 0.9212158, -0.050781827), (-0.32532364, 0.9446323, -0.042830046), (-0.31694964, 0.9446324, -0.08492624), (-0.38572362, 0.9212158, -0.050781827), (-0.3890497, 0.9212167, -4.5443917e-7), (-0.32813054, 0.9446324, -5.8829056e-7), (-0.32532364, 0.9446323, -0.042830046), (-0.32532364, 0.9446323, -0.042830046), (-0.32813054, 0.9446324, -5.8829056e-7), (-0.26604426, 0.96396077, 0), (-0.26376668, 0.96396124, -0.034724936), (-0.31694964, 0.9446324, -0.08492624), (-0.32532364, 0.9446323, -0.042830046), (-0.26376668, 0.96396124, -0.034724936), (-0.25697908, 0.9639609, -0.06885644), (-0.3890497, 0.9212167, -4.5443917e-7), (-0.3857238, 0.9212158, 0.050780926), (-0.3253239, 0.94463223, 0.042828903), (-0.32813054, 0.9446324, -5.8829056e-7), (-0.3857238, 0.9212158, 0.050780926), (-0.3757932, 0.9212168, 0.10069358), (-0.3169499, 0.9446324, 0.0849263), (-0.3253239, 0.94463223, 0.042828903), (-0.3253239, 0.94463223, 0.042828903), (-0.3169499, 0.9446324, 0.0849263), (-0.2569792, 0.9639609, 0.068856455), (-0.2637668, 0.96396124, 0.03472495), (-0.32813054, 0.9446324, -5.8829056e-7), (-0.3253239, 0.94463223, 0.042828903), (-0.2637668, 0.96396124, 0.03472495), (-0.26604426, 0.96396077, 0), (-0.3757932, 0.9212168, 0.10069358), (-0.35943726, 0.9212157, 0.14888428), (-0.3031535, 0.94463205, 0.12557131), (-0.3169499, 0.9446324, 0.0849263), (-0.35943726, 0.9212157, 0.14888428), (-0.33692697, 0.92121667, 0.19452493), (-0.28416935, 0.9446323, 0.16406587), (-0.3031535, 0.94463205, 0.12557131), (-0.3031535, 0.94463205, 0.12557131), (-0.28416935, 0.9446323, 0.16406587), (-0.2304011, 0.96396077, 0.13302213), (-0.24579144, 0.9639612, 0.10181029), (-0.3169499, 0.9446324, 0.0849263), (-0.3031535, 0.94463205, 0.12557131), (-0.24579144, 0.9639612, 0.10181029), (-0.2569792, 0.9639609, 0.068856455), (-0.33692697, 0.92121667, 0.19452493), (-0.3086558, 0.9212158, 0.23683977), (-0.26032385, 0.9446321, 0.19975394), (-0.28416935, 0.9446323, 0.16406587), (-0.3086558, 0.9212158, 0.23683977), (-0.2750997, 0.9212166, 0.27510023), (-0.2320232, 0.9446322, 0.23202407), (-0.26032385, 0.9446321, 0.19975394), (-0.26032385, 0.9446321, 0.19975394), (-0.2320232, 0.9446322, 0.23202407), (-0.1881217, 0.96396077, 0.18812189), (-0.21106595, 0.9639611, 0.16195661), (-0.28416935, 0.9446323, 0.16406587), (-0.26032385, 0.9446321, 0.19975394), (-0.21106595, 0.9639611, 0.16195661), (-0.2304011, 0.96396077, 0.13302213), (-0.2750997, 0.9212166, 0.27510023), (-0.23683977, 0.9212155, 0.3086565), (-0.19975336, 0.94463205, 0.26032472), (-0.2320232, 0.9446322, 0.23202407), (-0.23683977, 0.9212155, 0.3086565), (-0.19452474, 0.9212168, 0.3369269), (-0.16406526, 0.94463235, 0.28416964), (-0.19975336, 0.94463205, 0.26032472), (-0.19975336, 0.94463205, 0.26032472), (-0.16406526, 0.94463235, 0.28416964), (-0.13302214, 0.9639609, 0.23040041), (-0.1619565, 0.9639611, 0.211066), (-0.2320232, 0.9446322, 0.23202407), (-0.19975336, 0.94463205, 0.26032472), (-0.1619565, 0.9639611, 0.211066), (-0.1881217, 0.96396077, 0.18812189), (-0.19452474, 0.9212168, 0.3369269), (-0.14888386, 0.92121565, 0.3594378), (-0.12557034, 0.94463235, 0.3031534), (-0.16406526, 0.94463235, 0.28416964), (-0.14888386, 0.92121565, 0.3594378), (-0.10069346, 0.9212166, 0.37579346), (-0.084926404, 0.9446324, 0.31694975), (-0.12557034, 0.94463235, 0.3031534), (-0.12557034, 0.94463235, 0.3031534), (-0.084926404, 0.9446324, 0.31694975), (-0.068857335, 0.963961, 0.25697836), (-0.1018102, 0.9639615, 0.24579029), (-0.16406526, 0.94463235, 0.28416964), (-0.12557034, 0.94463235, 0.3031534), (-0.1018102, 0.9639615, 0.24579029), (-0.13302214, 0.9639609, 0.23040041), (-0.10069346, 0.9212166, 0.37579346), (-0.050781555, 0.92121565, 0.38572383), (-0.042829752, 0.94463223, 0.32532382), (-0.084926404, 0.9446324, 0.31694975), (-0.050781555, 0.92121565, 0.38572383), (-5.9171747e-8, 0.92121655, 0.38905013), (-1.0843406e-7, 0.9446323, 0.32813078), (-0.042829752, 0.94463223, 0.32532382), (-0.042829752, 0.94463223, 0.32532382), (-1.0843406e-7, 0.9446323, 0.32813078), (-4.5432493e-8, 0.96396106, 0.2660433), (-0.034725524, 0.9639613, 0.2637661), (-0.084926404, 0.9446324, 0.31694975), (-0.042829752, 0.94463223, 0.32532382), (-0.034725524, 0.9639613, 0.2637661), (-0.068857335, 0.963961, 0.25697836), (-5.9171747e-8, 0.92121655, 0.38905013), (0.050781496, 0.92121565, 0.385724), (0.042829644, 0.94463223, 0.325324), (-1.0843406e-7, 0.9446323, 0.32813078), (0.050781496, 0.92121565, 0.385724), (0.100693375, 0.9212168, 0.37579328), (0.0849264, 0.94463235, 0.3169497), (0.042829644, 0.94463223, 0.325324), (0.042829644, 0.94463223, 0.325324), (0.0849264, 0.94463235, 0.3169497), (0.06885731, 0.96396095, 0.25697836), (0.034725472, 0.96396136, 0.2637659), (-1.0843406e-7, 0.9446323, 0.32813078), (0.042829644, 0.94463223, 0.325324), (0.034725472, 0.96396136, 0.2637659), (-4.5432493e-8, 0.96396106, 0.2660433), (0.100693375, 0.9212168, 0.37579328), (0.14888366, 0.92121565, 0.35943767), (0.1255702, 0.94463223, 0.30315357), (0.0849264, 0.94463235, 0.3169497), (0.14888366, 0.92121565, 0.35943767), (0.19452481, 0.92121667, 0.33692712), (0.16406517, 0.94463235, 0.28416958), (0.1255702, 0.94463223, 0.30315357), (0.1255702, 0.94463223, 0.30315357), (0.16406517, 0.94463235, 0.28416958), (0.13302204, 0.9639609, 0.23040053), (0.10181017, 0.9639613, 0.24579094), (0.0849264, 0.94463235, 0.3169497), (0.1255702, 0.94463223, 0.30315357), (0.10181017, 0.9639613, 0.24579094), (0.06885731, 0.96396095, 0.25697836), (0.19452481, 0.92121667, 0.33692712), (0.23683988, 0.9212156, 0.30865604), (0.19975339, 0.94463223, 0.26032385), (0.16406517, 0.94463235, 0.28416958), (0.23683988, 0.9212156, 0.30865604), (0.27509958, 0.92121667, 0.2750998), (0.23202324, 0.9446324, 0.23202324), (0.19975339, 0.94463223, 0.26032385), (0.19975339, 0.94463223, 0.26032385), (0.23202324, 0.9446324, 0.23202324), (0.1881216, 0.9639609, 0.18812145), (0.16195646, 0.96396136, 0.21106517), (0.16406517, 0.94463235, 0.28416958), (0.19975339, 0.94463223, 0.26032385), (0.16195646, 0.96396136, 0.21106517), (0.13302204, 0.9639609, 0.23040053), (0.27509958, 0.92121667, 0.2750998), (0.30865577, 0.9212158, 0.23684001), (0.26032376, 0.94463223, 0.19975354), (0.23202324, 0.9446324, 0.23202324), (0.30865577, 0.9212158, 0.23684001), (0.33692685, 0.92121667, 0.1945253), (0.2841691, 0.94463235, 0.16406567), (0.26032376, 0.94463223, 0.19975354), (0.26032376, 0.94463223, 0.19975354), (0.2841691, 0.94463235, 0.16406567), (0.23040104, 0.9639609, 0.13302137), (0.21106578, 0.96396124, 0.1619565), (0.23202324, 0.9446324, 0.23202324), (0.26032376, 0.94463223, 0.19975354), (0.21106578, 0.96396124, 0.1619565), (0.1881216, 0.9639609, 0.18812145), (0.33692685, 0.92121667, 0.1945253), (0.3594373, 0.92121565, 0.14888401), (0.30315322, 0.94463223, 0.12557113), (0.2841691, 0.94463235, 0.16406567), (0.3594373, 0.92121565, 0.14888401), (0.37579328, 0.9212168, 0.10069311), (0.31694958, 0.9446324, 0.08492673), (0.30315322, 0.94463223, 0.12557113), (0.30315322, 0.94463223, 0.12557113), (0.31694958, 0.9446324, 0.08492673), (0.25697893, 0.9639608, 0.06885846), (0.24579126, 0.9639611, 0.10181093), (0.2841691, 0.94463235, 0.16406567), (0.30315322, 0.94463223, 0.12557113), (0.24579126, 0.9639611, 0.10181093), (0.23040104, 0.9639609, 0.13302137), (0.37579328, 0.9212168, 0.10069311), (0.38572386, 0.9212157, 0.05078138), (0.32532373, 0.9446323, 0.042829454), (0.31694958, 0.9446324, 0.08492673), (0.38572386, 0.9212157, 0.05078138), (0.38904983, 0.9212167, 0), (0.32813045, 0.9446324, -2.464412e-9), (0.32532373, 0.9446323, 0.042829454), (0.32532373, 0.9446323, 0.042829454), (0.32813045, 0.9446324, -2.464412e-9), (0.26604432, 0.96396077, -3.2763825e-9), (0.2637667, 0.96396124, 0.034725614), (0.31694958, 0.9446324, 0.08492673), (0.32532373, 0.9446323, 0.042829454), (0.2637667, 0.96396124, 0.034725614), (0.25697893, 0.9639608, 0.06885846), (0.38904983, 0.9212167, 0), (0.38572368, 0.92121583, -0.05078144), (0.3253235, 0.94463235, -0.042829435), (0.32813045, 0.9446324, -2.464412e-9), (0.38572368, 0.92121583, -0.05078144), (0.37579298, 0.92121685, -0.10069362), (0.31694946, 0.9446325, -0.08492569), (0.3253235, 0.94463235, -0.042829435), (0.3253235, 0.94463235, -0.042829435), (0.31694946, 0.9446325, -0.08492569), (0.256979, 0.9639608, -0.068857804), (0.26376647, 0.96396124, -0.034727026), (0.32813045, 0.9446324, -2.464412e-9), (0.3253235, 0.94463235, -0.042829435), (0.26376647, 0.96396124, -0.034727026), (0.26604432, 0.96396077, -3.2763825e-9), (0.256979, 0.9639608, -0.068857804), (0.24579157, 0.9639612, -0.10180961), (0.19068485, 0.97846866, -0.07898335), (0.1996817, 0.978399, -0.05350478), (0.24579157, 0.9639612, -0.10180961), (0.2304011, 0.9639608, -0.13302217), (0.17902927, 0.97839904, -0.10336283), (0.19068485, 0.97846866, -0.07898335), (0.19068485, 0.97846866, -0.07898335), (0.17902927, 0.97839904, -0.10336283), (0.12682374, 0.98921907, -0.073221445), (0.13925038, 0.988576, -0.05767817), (0.1996817, 0.978399, -0.05350478), (0.19068485, 0.97846866, -0.07898335), (0.13925038, 0.988576, -0.05767817), (0.1414534, 0.989219, -0.037901852), (0.2304011, 0.9639608, -0.13302217), (0.2110658, 0.96396124, -0.16195662), (0.1637445, 0.97846854, -0.12564678), (0.17902927, 0.97839904, -0.10336283), (0.2110658, 0.96396124, -0.16195662), (0.18812159, 0.96396095, -0.18812115), (0.14617676, 0.97839904, -0.14617683), (0.1637445, 0.97846854, -0.12564678), (0.1637445, 0.97846854, -0.12564678), (0.14617676, 0.97839904, -0.14617683), (0.10355117, 0.9892192, -0.10354989), (0.11957727, 0.9885758, -0.09175621), (0.17902927, 0.97839904, -0.10336283), (0.1637445, 0.97846854, -0.12564678), (0.11957727, 0.9885758, -0.09175621), (0.12682374, 0.98921907, -0.073221445), (0.18812159, 0.96396095, -0.18812115), (0.16195665, 0.96396154, -0.21106477), (0.12564568, 0.97846895, -0.16374321), (0.14617676, 0.97839904, -0.14617683), (0.16195665, 0.96396154, -0.21106477), (0.13302219, 0.9639608, -0.23040095), (0.10336264, 0.9783992, -0.17902875), (0.12564568, 0.97846895, -0.16374321), (0.12564568, 0.97846895, -0.16374321), (0.10336264, 0.9783992, -0.17902875), (0.07322174, 0.98921907, -0.12682322), (0.091754794, 0.9885761, -0.11957536), (0.14617676, 0.97839904, -0.14617683), (0.12564568, 0.97846895, -0.16374321), (0.091754794, 0.9885761, -0.11957536), (0.10355117, 0.9892192, -0.10354989), (0.13302219, 0.9639608, -0.23040095), (0.10181022, 0.9639613, -0.24579139), (0.07898417, 0.97846866, -0.19068459), (0.10336264, 0.9783992, -0.17902875), (0.10181022, 0.9639613, -0.24579139), (0.068857335, 0.96396095, -0.2569784), (0.053504474, 0.9783992, -0.19968055), (0.07898417, 0.97846866, -0.19068459), (0.07898417, 0.97846866, -0.19068459), (0.053504474, 0.9783992, -0.19968055), (0.03790243, 0.98921907, -0.14145303), (0.05767951, 0.988576, -0.13925052), (0.10336264, 0.9783992, -0.17902875), (0.07898417, 0.97846866, -0.19068459), (0.05767951, 0.988576, -0.13925052), (0.07322174, 0.98921907, -0.12682322), (0.068857335, 0.96396095, -0.2569784), (0.03472567, 0.96396136, -0.2637662), (0.026940059, 0.9784687, -0.20462912), (0.053504474, 0.9783992, -0.19968055), (0.03472567, 0.96396136, -0.2637662), (1.354238e-7, 0.96396106, -0.2660434), (9.171962e-8, 0.9783992, -0.20672455), (0.026940059, 0.9784687, -0.20462912), (0.026940059, 0.9784687, -0.20462912), (9.171962e-8, 0.9783992, -0.20672455), (5.128875e-8, 0.9892191, -0.14644302), (0.019673439, 0.9885759, -0.14943396), (0.053504474, 0.9783992, -0.19968055), (0.026940059, 0.9784687, -0.20462912), (0.019673439, 0.9885759, -0.14943396), (0.03790243, 0.98921907, -0.14145303), (1.354238e-7, 0.96396106, -0.2660434), (-0.03472549, 0.9639614, -0.26376608), (-0.02693997, 0.97846884, -0.20462912), (9.171962e-8, 0.9783992, -0.20672455), (-0.03472549, 0.9639614, -0.26376608), (-0.0688573, 0.96396095, -0.2569785), (-0.053504456, 0.97839916, -0.19968054), (-0.02693997, 0.97846884, -0.20462912), (-0.02693997, 0.97846884, -0.20462912), (-0.053504456, 0.97839916, -0.19968054), (-0.03790234, 0.989219, -0.14145319), (-0.019673368, 0.988576, -0.1494344), (9.171962e-8, 0.9783992, -0.20672455), (-0.02693997, 0.97846884, -0.20462912), (-0.019673368, 0.988576, -0.1494344), (5.128875e-8, 0.9892191, -0.14644302), (-0.0688573, 0.96396095, -0.2569785), (-0.10181014, 0.9639613, -0.2457911), (-0.078984044, 0.9784687, -0.19068387), (-0.053504456, 0.97839916, -0.19968054), (-0.10181014, 0.9639613, -0.2457911), (-0.1330221, 0.9639608, -0.23040116), (-0.10336249, 0.97839904, -0.17902888), (-0.078984044, 0.9784687, -0.19068387), (-0.078984044, 0.9784687, -0.19068387), (-0.10336249, 0.97839904, -0.17902888), (-0.07322166, 0.98921907, -0.12682316), (-0.057679422, 0.988576, -0.13925011), (-0.053504456, 0.97839916, -0.19968054), (-0.078984044, 0.9784687, -0.19068387), (-0.057679422, 0.988576, -0.13925011), (-0.03790234, 0.989219, -0.14145319), (-0.1330221, 0.9639608, -0.23040116), (-0.16195656, 0.9639612, -0.21106581), (-0.1256456, 0.97846866, -0.16374457), (-0.10336249, 0.97839904, -0.17902888), (-0.16195656, 0.9639612, -0.21106581), (-0.18812162, 0.9639609, -0.18812157), (-0.14617676, 0.97839886, -0.1461777), (-0.1256456, 0.97846866, -0.16374457), (-0.1256456, 0.97846866, -0.16374457), (-0.14617676, 0.97839886, -0.1461777), (-0.103551134, 0.9892189, -0.10355204), (-0.09175474, 0.988576, -0.11957695), (-0.10336249, 0.97839904, -0.17902888), (-0.1256456, 0.97846866, -0.16374457), (-0.09175474, 0.988576, -0.11957695), (-0.07322166, 0.98921907, -0.12682316), (-0.18812162, 0.9639609, -0.18812157), (-0.21106583, 0.96396124, -0.16195658), (-0.16374448, 0.9784686, -0.12564626), (-0.14617676, 0.97839886, -0.1461777), (-0.21106583, 0.96396124, -0.16195658), (-0.2304011, 0.96396077, -0.13302217), (-0.17902921, 0.97839916, -0.103361815), (-0.16374448, 0.9784686, -0.12564626), (-0.16374448, 0.9784686, -0.12564626), (-0.17902921, 0.97839916, -0.103361815), (-0.12682372, 0.98921907, -0.07322142), (-0.11957726, 0.9885759, -0.091755524), (-0.14617676, 0.97839886, -0.1461777), (-0.16374448, 0.9784686, -0.12564626), (-0.11957726, 0.9885759, -0.091755524), (-0.103551134, 0.9892189, -0.10355204), (-0.2304011, 0.96396077, -0.13302217), (-0.2457914, 0.9639612, -0.10181033), (-0.19068451, 0.9784686, -0.078984134), (-0.17902921, 0.97839916, -0.103361815), (-0.2457914, 0.9639612, -0.10181033), (-0.25697908, 0.9639609, -0.06885644), (-0.19968121, 0.97839904, -0.053504623), (-0.19068451, 0.9784686, -0.078984134), (-0.19068451, 0.9784686, -0.078984134), (-0.19968121, 0.97839904, -0.053504623), (-0.14145353, 0.98921895, -0.037904073), (-0.13925055, 0.98857576, -0.057681452), (-0.17902921, 0.97839916, -0.103361815), (-0.19068451, 0.9784686, -0.078984134), (-0.13925055, 0.98857576, -0.057681452), (-0.12682372, 0.98921907, -0.07322142), (-0.25697908, 0.9639609, -0.06885644), (-0.26376668, 0.96396124, -0.034724936), (-0.20462975, 0.9784686, -0.02693962), (-0.19968121, 0.97839904, -0.053504623), (-0.26376668, 0.96396124, -0.034724936), (-0.26604426, 0.96396077, 0), (-0.20672518, 0.97839904, -2.2874562e-9), (-0.20462975, 0.9784686, -0.02693962), (-0.20462975, 0.9784686, -0.02693962), (-0.20672518, 0.97839904, -2.2874562e-9), (-0.14644346, 0.98921907, 0.0000012615611), (-0.14943436, 0.9885759, -0.019673394), (-0.19968121, 0.97839904, -0.053504623), (-0.20462975, 0.9784686, -0.02693962), (-0.14943436, 0.9885759, -0.019673394), (-0.14145353, 0.98921895, -0.037904073), (-0.26604426, 0.96396077, 0), (-0.2637668, 0.96396124, 0.03472495), (-0.20462976, 0.97846866, 0.026939616), (-0.20672518, 0.97839904, -2.2874562e-9), (-0.2637668, 0.96396124, 0.03472495), (-0.2569792, 0.9639609, 0.068856455), (-0.19968118, 0.97839904, 0.053503696), (-0.20462976, 0.97846866, 0.026939616), (-0.20462976, 0.97846866, 0.026939616), (-0.19968118, 0.97839904, 0.053503696), (-0.14145349, 0.98921907, 0.037903678), (-0.1494343, 0.9885759, 0.019675057), (-0.20672518, 0.97839904, -2.2874562e-9), (-0.20462976, 0.97846866, 0.026939616), (-0.1494343, 0.9885759, 0.019675057), (-0.14644346, 0.98921907, 0.0000012615611), (-0.2569792, 0.9639609, 0.068856455), (-0.24579144, 0.9639612, 0.10181029), (-0.19068441, 0.97846866, 0.07898416), (-0.19968118, 0.97839904, 0.053503696), (-0.24579144, 0.9639612, 0.10181029), (-0.2304011, 0.96396077, 0.13302213), (-0.17902917, 0.97839904, 0.10336274), (-0.19068441, 0.97846866, 0.07898416), (-0.19068441, 0.97846866, 0.07898416), (-0.17902917, 0.97839904, 0.10336274), (-0.1268237, 0.989219, 0.07322139), (-0.1392505, 0.9885759, 0.057679754), (-0.19968118, 0.97839904, 0.053503696), (-0.19068441, 0.97846866, 0.07898416), (-0.1392505, 0.9885759, 0.057679754), (-0.14145349, 0.98921907, 0.037903678), (-0.2304011, 0.96396077, 0.13302213), (-0.21106595, 0.9639611, 0.16195661), (-0.1637445, 0.97846866, 0.12564535), (-0.17902917, 0.97839904, 0.10336274), (-0.21106595, 0.9639611, 0.16195661), (-0.1881217, 0.96396077, 0.18812189), (-0.14617671, 0.97839904, 0.1461767), (-0.1637445, 0.97846866, 0.12564535), (-0.1637445, 0.97846866, 0.12564535), (-0.14617671, 0.97839904, 0.1461767), (-0.10355117, 0.9892192, 0.10354981), (-0.11957726, 0.988576, 0.09175369), (-0.17902917, 0.97839904, 0.10336274), (-0.1637445, 0.97846866, 0.12564535), (-0.11957726, 0.988576, 0.09175369), (-0.1268237, 0.989219, 0.07322139), (-0.1881217, 0.96396077, 0.18812189), (-0.1619565, 0.9639611, 0.211066), (-0.12564553, 0.9784687, 0.16374384), (-0.14617671, 0.97839904, 0.1461767), (-0.1619565, 0.9639611, 0.211066), (-0.13302214, 0.9639609, 0.23040041), (-0.10336253, 0.9783994, 0.17902754), (-0.12564553, 0.9784687, 0.16374384), (-0.12564553, 0.9784687, 0.16374384), (-0.10336253, 0.9783994, 0.17902754), (-0.0732217, 0.9892192, 0.12682271), (-0.09175479, 0.988576, 0.11957657), (-0.14617671, 0.97839904, 0.1461767), (-0.12564553, 0.9784687, 0.16374384), (-0.09175479, 0.988576, 0.11957657), (-0.10355117, 0.9892192, 0.10354981), (-0.13302214, 0.9639609, 0.23040041), (-0.1018102, 0.9639615, 0.24579029), (-0.0789841, 0.97846895, 0.19068307), (-0.10336253, 0.9783994, 0.17902754), (-0.1018102, 0.9639615, 0.24579029), (-0.068857335, 0.963961, 0.25697836), (-0.05350449, 0.97839916, 0.19968042), (-0.0789841, 0.97846895, 0.19068307), (-0.0789841, 0.97846895, 0.19068307), (-0.05350449, 0.97839916, 0.19968042), (-0.037902437, 0.9892191, 0.14145298), (-0.057679463, 0.988576, 0.13924964), (-0.10336253, 0.9783994, 0.17902754), (-0.0789841, 0.97846895, 0.19068307), (-0.057679463, 0.988576, 0.13924964), (-0.0732217, 0.9892192, 0.12682271), (-0.068857335, 0.963961, 0.25697836), (-0.034725524, 0.9639613, 0.2637661), (-0.026940016, 0.9784688, 0.20462905), (-0.05350449, 0.97839916, 0.19968042), (-0.034725524, 0.9639613, 0.2637661), (-4.5432493e-8, 0.96396106, 0.2660433), (1.4757777e-10, 0.9783992, 0.20672451), (-0.026940016, 0.9784688, 0.20462905), (-0.026940016, 0.9784688, 0.20462905), (1.4757777e-10, 0.9783992, 0.20672451), (5.461299e-9, 0.9892192, 0.146443), (-0.019673495, 0.98857594, 0.1494339), (-0.05350449, 0.97839916, 0.19968042), (-0.026940016, 0.9784688, 0.20462905), (-0.019673495, 0.98857594, 0.1494339), (-0.037902437, 0.9892191, 0.14145298), (-4.5432493e-8, 0.96396106, 0.2660433), (0.034725472, 0.96396136, 0.2637659), (0.026940016, 0.9784688, 0.20462903), (1.4757777e-10, 0.9783992, 0.20672451), (0.034725472, 0.96396136, 0.2637659), (0.06885731, 0.96396095, 0.25697836), (0.053504422, 0.9783992, 0.19968048), (0.026940016, 0.9784688, 0.20462903), (0.026940016, 0.9784688, 0.20462903), (0.053504422, 0.9783992, 0.19968048), (0.03790234, 0.98921907, 0.14145318), (0.019673489, 0.9885759, 0.14943431), (1.4757777e-10, 0.9783992, 0.20672451), (0.026940016, 0.9784688, 0.20462903), (0.019673489, 0.9885759, 0.14943431), (5.461299e-9, 0.9892192, 0.146443), (0.06885731, 0.96396095, 0.25697836), (0.10181017, 0.9639613, 0.24579094), (0.07898411, 0.97846884, 0.19068384), (0.053504422, 0.9783992, 0.19968048), (0.10181017, 0.9639613, 0.24579094), (0.13302204, 0.9639609, 0.23040053), (0.103362575, 0.9783993, 0.17902829), (0.07898411, 0.97846884, 0.19068384), (0.07898411, 0.97846884, 0.19068384), (0.103362575, 0.9783993, 0.17902829), (0.07322171, 0.9892192, 0.12682305), (0.05767942, 0.988576, 0.13925008), (0.053504422, 0.9783992, 0.19968048), (0.07898411, 0.97846884, 0.19068384), (0.05767942, 0.988576, 0.13925008), (0.03790234, 0.98921907, 0.14145318), (0.13302204, 0.9639609, 0.23040053), (0.16195646, 0.96396136, 0.21106517), (0.12564549, 0.9784687, 0.16374432), (0.103362575, 0.9783993, 0.17902829), (0.16195646, 0.96396136, 0.21106517), (0.1881216, 0.9639609, 0.18812145), (0.1461767, 0.9783991, 0.14617717), (0.12564549, 0.9784687, 0.16374432), (0.12564549, 0.9784687, 0.16374432), (0.1461767, 0.9783991, 0.14617717), (0.10355111, 0.98921907, 0.10355053), (0.091754705, 0.9885759, 0.11957769), (0.103362575, 0.9783993, 0.17902829), (0.12564549, 0.9784687, 0.16374432), (0.091754705, 0.9885759, 0.11957769), (0.07322171, 0.9892192, 0.12682305), (0.1881216, 0.9639609, 0.18812145), (0.21106578, 0.96396124, 0.1619565), (0.16374451, 0.9784687, 0.12564537), (0.1461767, 0.9783991, 0.14617717), (0.21106578, 0.96396124, 0.1619565), (0.23040104, 0.9639609, 0.13302137), (0.17902917, 0.9783991, 0.10336174), (0.16374451, 0.9784687, 0.12564537), (0.16374451, 0.9784687, 0.12564537), (0.17902917, 0.9783991, 0.10336174), (0.12682371, 0.98921907, 0.07322159), (0.11957731, 0.98857605, 0.09175341), (0.1461767, 0.9783991, 0.14617717), (0.16374451, 0.9784687, 0.12564537), (0.11957731, 0.98857605, 0.09175341), (0.10355111, 0.98921907, 0.10355053), (0.23040104, 0.9639609, 0.13302137), (0.24579126, 0.9639611, 0.10181093), (0.1906844, 0.9784686, 0.07898415), (0.17902917, 0.9783991, 0.10336174), (0.24579126, 0.9639611, 0.10181093), (0.25697893, 0.9639608, 0.06885846), (0.19968106, 0.9783991, 0.053504724), (0.1906844, 0.9784686, 0.07898415), (0.1906844, 0.9784686, 0.07898415), (0.19968106, 0.9783991, 0.053504724), (0.1414534, 0.989219, 0.037901852), (0.13925049, 0.9885759, 0.057680313), (0.17902917, 0.9783991, 0.10336174), (0.1906844, 0.9784686, 0.07898415), (0.13925049, 0.9885759, 0.057680313), (0.12682371, 0.98921907, 0.07322159), (0.25697893, 0.9639608, 0.06885846), (0.2637667, 0.96396124, 0.034725614), (0.20462961, 0.9784686, 0.026939671), (0.19968106, 0.9783991, 0.053504724), (0.2637667, 0.96396124, 0.034725614), (0.26604432, 0.96396077, -3.2763825e-9), (0.20672512, 0.97839904, -9.1365405e-7), (0.20462961, 0.9784686, 0.026939671), (0.20462961, 0.9784686, 0.026939671), (0.20672512, 0.97839904, -9.1365405e-7), (0.14644338, 0.98921907, -0.0000012910037), (0.14943425, 0.988576, 0.019671569), (0.19968106, 0.9783991, 0.053504724), (0.20462961, 0.9784686, 0.026939671), (0.14943425, 0.988576, 0.019671569), (0.1414534, 0.989219, 0.037901852), (0.26604432, 0.96396077, -3.2763825e-9), (0.26376647, 0.96396124, -0.034727026), (0.20462994, 0.97846854, -0.026941594), (0.20672512, 0.97839904, -9.1365405e-7), (0.26376647, 0.96396124, -0.034727026), (0.256979, 0.9639608, -0.068857804), (0.1996817, 0.978399, -0.05350478), (0.20462994, 0.97846854, -0.026941594), (0.20462994, 0.97846854, -0.026941594), (0.1996817, 0.978399, -0.05350478), (0.1414534, 0.989219, -0.037901852), (0.14943455, 0.9885759, -0.019673506), (0.20672512, 0.97839904, -9.1365405e-7), (0.20462994, 0.97846854, -0.026941594), (0.14943455, 0.9885759, -0.019673506), (0.14644338, 0.98921907, -0.0000012910037), (0.12682347, -0.9892191, -0.073221445), (0.13925046, -0.98857576, -0.057682127), (0.08634649, -0.9956229, -0.035767604), (0.060907196, -0.99752384, -0.03516572), (0.14145312, -0.9892191, -0.03790345), (0.0679331, -0.9975239, -0.018199356), (0.08634649, -0.9956229, -0.035767604), (0.13925046, -0.98857576, -0.057682127), (3.0777672e-9, -1, 3.000823e-8), (0.060907196, -0.99752384, -0.03516572), (0.08634649, -0.9956229, -0.035767604), (0.0679331, -0.9975239, -0.018199356), (0.10355087, -0.9892191, -0.10355067), (0.11957715, -0.988576, -0.09175471), (0.0741475, -0.9956229, -0.056896303), (0.049730502, -0.9975236, -0.04973498), (0.12682347, -0.9892191, -0.073221445), (0.060907196, -0.99752384, -0.03516572), (0.0741475, -0.9956229, -0.056896303), (0.11957715, -0.988576, -0.09175471), (3.0777672e-9, -1, 3.000823e-8), (0.049730502, -0.9975236, -0.04973498), (0.0741475, -0.9956229, -0.056896303), (0.060907196, -0.99752384, -0.03516572), (0.07322159, -0.98921907, -0.12682322), (0.09175473, -0.9885761, -0.119576), (0.05689529, -0.99562275, -0.07415003), (0.035164766, -0.9975236, -0.060911067), (0.10355087, -0.9892191, -0.10355067), (0.049730502, -0.9975236, -0.04973498), (0.05689529, -0.99562275, -0.07415003), (0.09175473, -0.9885761, -0.119576), (3.0777672e-9, -1, 3.000823e-8), (0.035164766, -0.9975236, -0.060911067), (0.05689529, -0.99562275, -0.07415003), (0.049730502, -0.9975236, -0.04973498), (0.037902314, -0.98921907, -0.14145303), (0.057679433, -0.988576, -0.13925023), (0.035765894, -0.99562293, -0.0863461), (0.018202635, -0.99752367, -0.06793508), (0.07322159, -0.98921907, -0.12682322), (0.035164766, -0.9975236, -0.060911067), (0.035765894, -0.99562293, -0.0863461), (0.057679433, -0.988576, -0.13925023), (3.0777672e-9, -1, 3.000823e-8), (0.018202635, -0.99752367, -0.06793508), (0.035765894, -0.99562293, -0.0863461), (0.035164766, -0.9975236, -0.060911067), (5.2238548e-8, -0.98921907, -0.14644301), (0.019673424, -0.9885759, -0.14943397), (0.01219911, -0.99562293, -0.09266148), (1.937293e-8, -0.9975237, -0.07033104), (0.037902314, -0.98921907, -0.14145303), (0.018202635, -0.99752367, -0.06793508), (0.01219911, -0.99562293, -0.09266148), (0.019673424, -0.9885759, -0.14943397), (3.0777672e-9, -1, 3.000823e-8), (1.937293e-8, -0.9975237, -0.07033104), (0.01219911, -0.99562293, -0.09266148), (0.018202635, -0.99752367, -0.06793508), (-0.037902255, -0.98921907, -0.1414532), (-0.019673336, -0.9885759, -0.14943479), (-0.012199027, -0.99562293, -0.092661366), (-0.018202607, -0.99752367, -0.06793492), (5.2238548e-8, -0.98921907, -0.14644301), (1.937293e-8, -0.9975237, -0.07033104), (-0.012199027, -0.99562293, -0.092661366), (-0.019673336, -0.9885759, -0.14943479), (3.0777672e-9, -1, 3.000823e-8), (-0.018202607, -0.99752367, -0.06793492), (-0.012199027, -0.99562293, -0.092661366), (1.937293e-8, -0.9975237, -0.07033104), (-0.07322145, -0.989219, -0.12682351), (-0.057679348, -0.9885759, -0.13925052), (-0.03576587, -0.99562293, -0.086346865), (-0.03516475, -0.9975236, -0.060911056), (-0.037902255, -0.98921907, -0.1414532), (-0.018202607, -0.99752367, -0.06793492), (-0.03576587, -0.99562293, -0.086346865), (-0.057679348, -0.9885759, -0.13925052), (3.0777672e-9, -1, 3.000823e-8), (-0.03516475, -0.9975236, -0.060911056), (-0.03576587, -0.99562293, -0.086346865), (-0.018202607, -0.99752367, -0.06793492), (-0.1035509, -0.98921925, -0.10354912), (-0.0917547, -0.9885761, -0.11957535), (-0.05689527, -0.9956229, -0.07414848), (-0.049730487, -0.9975236, -0.04973448), (-0.07322145, -0.989219, -0.12682351), (-0.03516475, -0.9975236, -0.060911056), (-0.05689527, -0.9956229, -0.07414848), (-0.0917547, -0.9885761, -0.11957535), (3.0777672e-9, -1, 3.000823e-8), (-0.049730487, -0.9975236, -0.04973448), (-0.05689527, -0.9956229, -0.07414848), (-0.03516475, -0.9975236, -0.060911056), (-0.12682347, -0.9892193, -0.07321948), (-0.119577125, -0.9885761, -0.0917529), (-0.07414746, -0.99562293, -0.056895923), (-0.06090717, -0.99752367, -0.03516857), (-0.1035509, -0.98921925, -0.10354912), (-0.049730487, -0.9975236, -0.04973448), (-0.07414746, -0.99562293, -0.056895923), (-0.119577125, -0.9885761, -0.0917529), (3.0777672e-9, -1, 3.000823e-8), (-0.06090717, -0.99752367, -0.03516857), (-0.07414746, -0.99562293, -0.056895923), (-0.049730487, -0.9975236, -0.04973448), (-0.14145319, -0.98921895, -0.03790433), (-0.13925041, -0.9885759, -0.057679947), (-0.086346485, -0.9956229, -0.03576813), (-0.06793314, -0.99752384, -0.01820449), (-0.12682347, -0.9892193, -0.07321948), (-0.06090717, -0.99752367, -0.03516857), (-0.086346485, -0.9956229, -0.03576813), (-0.13925041, -0.9885759, -0.057679947), (3.0777672e-9, -1, 3.000823e-8), (-0.06793314, -0.99752384, -0.01820449), (-0.086346485, -0.9956229, -0.03576813), (-0.06090717, -0.99752367, -0.03516857), (-0.14644308, -0.98921907, 9.865963e-7), (-0.1494342, -0.988576, -0.019673198), (-0.09266127, -0.995623, -0.012199407), (-0.070329554, -0.99752384, 0.0000024505305), (-0.14145319, -0.98921895, -0.03790433), (-0.06793314, -0.99752384, -0.01820449), (-0.09266127, -0.995623, -0.012199407), (-0.1494342, -0.988576, -0.019673198), (3.0777672e-9, -1, 3.000823e-8), (-0.070329554, -0.99752384, 0.0000024505305), (-0.09266127, -0.995623, -0.012199407), (-0.06793314, -0.99752384, -0.01820449), (-0.14145316, -0.9892192, 0.037900373), (-0.14943413, -0.98857594, 0.019674415), (-0.09266125, -0.995623, 0.012200139), (-0.06793313, -0.99752384, 0.018201107), (-0.14644308, -0.98921907, 9.865963e-7), (-0.070329554, -0.99752384, 0.0000024505305), (-0.09266125, -0.995623, 0.012200139), (-0.14943413, -0.98857594, 0.019674415), (3.0777672e-9, -1, 3.000823e-8), (-0.06793313, -0.99752384, 0.018201107), (-0.09266125, -0.995623, 0.012200139), (-0.070329554, -0.99752384, 0.0000024505305), (-0.12682343, -0.989219, 0.073222846), (-0.13925038, -0.988576, 0.057679176), (-0.0863465, -0.9956231, 0.03576269), (-0.06090719, -0.99752384, 0.03516299), (-0.14145316, -0.9892192, 0.037900373), (-0.06793313, -0.99752384, 0.018201107), (-0.0863465, -0.9956231, 0.03576269), (-0.13925038, -0.988576, 0.057679176), (3.0777672e-9, -1, 3.000823e-8), (-0.06090719, -0.99752384, 0.03516299), (-0.0863465, -0.9956231, 0.03576269), (-0.06793313, -0.99752384, 0.018201107), (-0.1035509, -0.98921907, 0.10355061), (-0.119577214, -0.988576, 0.0917539), (-0.074147515, -0.9956229, 0.05689632), (-0.0497305, -0.9975236, 0.049734976), (-0.12682343, -0.989219, 0.073222846), (-0.06090719, -0.99752384, 0.03516299), (-0.074147515, -0.9956229, 0.05689632), (-0.119577214, -0.988576, 0.0917539), (3.0777672e-9, -1, 3.000823e-8), (-0.0497305, -0.9975236, 0.049734976), (-0.074147515, -0.9956229, 0.05689632), (-0.06090719, -0.99752384, 0.03516299), (-0.0732215, -0.98921907, 0.12682378), (-0.09175463, -0.98857594, 0.11957745), (-0.056895267, -0.99562275, 0.07414998), (-0.035164755, -0.9975235, 0.06091103), (-0.1035509, -0.98921907, 0.10355061), (-0.0497305, -0.9975236, 0.049734976), (-0.056895267, -0.99562275, 0.07414998), (-0.09175463, -0.98857594, 0.11957745), (3.0777672e-9, -1, 3.000823e-8), (-0.035164755, -0.9975235, 0.06091103), (-0.056895267, -0.99562275, 0.07414998), (-0.0497305, -0.9975236, 0.049734976), (-0.03790231, -0.98921907, 0.14145298), (-0.057679385, -0.988576, 0.13925019), (-0.035765886, -0.995623, 0.08634609), (-0.018202646, -0.9975237, 0.067935064), (-0.0732215, -0.98921907, 0.12682378), (-0.035164755, -0.9975235, 0.06091103), (-0.035765886, -0.995623, 0.08634609), (-0.057679385, -0.988576, 0.13925019), (3.0777672e-9, -1, 3.000823e-8), (-0.018202646, -0.9975237, 0.067935064), (-0.035765886, -0.995623, 0.08634609), (-0.035164755, -0.9975235, 0.06091103), (-4.274061e-9, -0.98921907, 0.14644295), (-0.019673426, -0.9885759, 0.14943391), (-0.012199133, -0.9956229, 0.092661455), (-8.385295e-9, -0.9975237, 0.070331335), (-0.03790231, -0.98921907, 0.14145298), (-0.018202646, -0.9975237, 0.067935064), (-0.012199133, -0.9956229, 0.092661455), (-0.019673426, -0.9885759, 0.14943391), (3.0777672e-9, -1, 3.000823e-8), (-8.385295e-9, -0.9975237, 0.070331335), (-0.012199133, -0.9956229, 0.092661455), (-0.018202646, -0.9975237, 0.067935064), (0.037902266, -0.98921907, 0.14145318), (0.019673329, -0.9885759, 0.14943473), (0.012199036, -0.99562293, 0.092661574), (0.018202625, -0.9975238, 0.067935236), (-4.274061e-9, -0.98921907, 0.14644295), (-8.385295e-9, -0.9975237, 0.070331335), (0.012199036, -0.99562293, 0.092661574), (0.019673329, -0.9885759, 0.14943473), (3.0777672e-9, -1, 3.000823e-8), (0.018202625, -0.9975238, 0.067935236), (0.012199036, -0.99562293, 0.092661574), (-8.385295e-9, -0.9975237, 0.070331335), (0.073221445, -0.9892191, 0.12682344), (0.05767943, -0.988576, 0.13924967), (0.035765935, -0.99562293, 0.08634685), (0.035164744, -0.99752355, 0.060911026), (0.037902266, -0.98921907, 0.14145318), (0.018202625, -0.9975238, 0.067935236), (0.035765935, -0.99562293, 0.08634685), (0.05767943, -0.988576, 0.13924967), (3.0777672e-9, -1, 3.000823e-8), (0.035164744, -0.99752355, 0.060911026), (0.035765935, -0.99562293, 0.08634685), (0.018202625, -0.9975238, 0.067935236), (0.10355087, -0.9892191, 0.103550605), (0.09175462, -0.9885759, 0.11957746), (0.056895237, -0.99562275, 0.074149996), (0.049730483, -0.9975236, 0.04973496), (0.073221445, -0.9892191, 0.12682344), (0.035164744, -0.99752355, 0.060911026), (0.056895237, -0.99562275, 0.074149996), (0.09175462, -0.9885759, 0.11957746), (3.0777672e-9, -1, 3.000823e-8), (0.049730483, -0.9975236, 0.04973496), (0.056895237, -0.99562275, 0.074149996), (0.035164744, -0.99752355, 0.060911026), (0.12682346, -0.9892191, 0.0732214), (0.11957714, -0.988576, 0.09175371), (0.07414749, -0.99562293, 0.05689591), (0.06090716, -0.99752367, 0.035168428), (0.10355087, -0.9892191, 0.103550605), (0.049730483, -0.9975236, 0.04973496), (0.07414749, -0.99562293, 0.05689591), (0.11957714, -0.988576, 0.09175371), (3.0777672e-9, -1, 3.000823e-8), (0.06090716, -0.99752367, 0.035168428), (0.07414749, -0.99562293, 0.05689591), (0.049730483, -0.9975236, 0.04973496), (0.14145306, -0.9892192, 0.037902616), (0.13925038, -0.9885759, 0.057680994), (0.08634643, -0.99562275, 0.035770807), (0.0679331, -0.9975238, 0.01820248), (0.12682346, -0.9892191, 0.0732214), (0.06090716, -0.99752367, 0.035168428), (0.08634643, -0.99562275, 0.035770807), (0.13925038, -0.9885759, 0.057680994), (3.0777672e-9, -1, 3.000823e-8), (0.0679331, -0.9975238, 0.01820248), (0.08634643, -0.99562275, 0.035770807), (0.06090716, -0.99752367, 0.035168428), (0.14644304, -0.9892191, -6.351729e-7), (0.1494341, -0.988576, 0.019671218), (0.092661195, -0.99562293, 0.012196826), (0.07032951, -0.99752384, 4.941539e-7), (0.14145306, -0.9892192, 0.037902616), (0.0679331, -0.9975238, 0.01820248), (0.092661195, -0.99562293, 0.012196826), (0.1494341, -0.988576, 0.019671218), (3.0777672e-9, -1, 3.000823e-8), (0.07032951, -0.99752384, 4.941539e-7), (0.092661195, -0.99562293, 0.012196826), (0.0679331, -0.9975238, 0.01820248), (0.14145312, -0.9892191, -0.03790345), (0.14943409, -0.988576, -0.019672496), (0.0926612, -0.99562305, -0.012195864), (0.0679331, -0.9975239, -0.018199356), (0.14644304, -0.9892191, -6.351729e-7), (0.07032951, -0.99752384, 4.941539e-7), (0.0926612, -0.99562305, -0.012195864), (0.14943409, -0.988576, -0.019672496), (3.0777672e-9, -1, 3.000823e-8), (0.0679331, -0.9975239, -0.018199356), (0.0926612, -0.99562305, -0.012195864), (0.07032951, -0.99752384, 4.941539e-7), (0.1414534, 0.989219, -0.037901852), (0.13925038, 0.988576, -0.05767817), (0.0863462, 0.99562293, -0.03576775), (0.06793308, 0.99752384, -0.018201992), (0.12682374, 0.98921907, -0.073221445), (0.06090737, 0.9975237, -0.03516845), (0.0863462, 0.99562293, -0.03576775), (0.13925038, 0.988576, -0.05767817), (1.1191881e-9, 1, -4.0780417e-8), (0.06793308, 0.99752384, -0.018201992), (0.0863462, 0.99562293, -0.03576775), (0.06090737, 0.9975237, -0.03516845), (0.12682374, 0.98921907, -0.073221445), (0.11957727, 0.9885758, -0.09175621), (0.074147806, 0.9956229, -0.056895945), (0.06090737, 0.9975237, -0.03516845), (0.10355117, 0.9892192, -0.10354989), (0.049730655, 0.9975236, -0.0497345), (0.074147806, 0.9956229, -0.056895945), (0.11957727, 0.9885758, -0.09175621), (1.1191881e-9, 1, -4.0780417e-8), (0.06090737, 0.9975237, -0.03516845), (0.074147806, 0.9956229, -0.056895945), (0.049730655, 0.9975236, -0.0497345), (0.10355117, 0.9892192, -0.10354989), (0.091754794, 0.9885761, -0.11957536), (0.056895506, 0.99562293, -0.07414849), (0.049730655, 0.9975236, -0.0497345), (0.07322174, 0.98921907, -0.12682322), (0.03516488, 0.9975236, -0.06091107), (0.056895506, 0.99562293, -0.07414849), (0.091754794, 0.9885761, -0.11957536), (1.1191881e-9, 1, -4.0780417e-8), (0.049730655, 0.9975236, -0.0497345), (0.056895506, 0.99562293, -0.07414849), (0.03516488, 0.9975236, -0.06091107), (0.07322174, 0.98921907, -0.12682322), (0.05767951, 0.988576, -0.13925052), (0.03576606, 0.99562293, -0.08634689), (0.03516488, 0.9975236, -0.06091107), (0.03790243, 0.98921907, -0.14145303), (0.018202703, 0.99752367, -0.06793526), (0.03576606, 0.99562293, -0.08634689), (0.05767951, 0.988576, -0.13925052), (1.1191881e-9, 1, -4.0780417e-8), (0.03516488, 0.9975236, -0.06091107), (0.03576606, 0.99562293, -0.08634689), (0.018202703, 0.99752367, -0.06793526), (0.03790243, 0.98921907, -0.14145303), (0.019673439, 0.9885759, -0.14943396), (0.012199161, 0.99562293, -0.0926616), (0.018202703, 0.99752367, -0.06793526), (5.128875e-8, 0.9892191, -0.14644302), (2.9493117e-8, 0.99752367, -0.070331365), (0.012199161, 0.99562293, -0.0926616), (0.019673439, 0.9885759, -0.14943396), (1.1191881e-9, 1, -4.0780417e-8), (0.018202703, 0.99752367, -0.06793526), (0.012199161, 0.99562293, -0.0926616), (2.9493117e-8, 0.99752367, -0.070331365), (5.128875e-8, 0.9892191, -0.14644302), (-0.019673368, 0.988576, -0.1494344), (-0.012199082, 0.99562293, -0.09266148), (2.9493117e-8, 0.99752367, -0.070331365), (-0.03790234, 0.989219, -0.14145319), (-0.018202659, 0.99752367, -0.06793509), (-0.012199082, 0.99562293, -0.09266148), (-0.019673368, 0.988576, -0.1494344), (1.1191881e-9, 1, -4.0780417e-8), (2.9493117e-8, 0.99752367, -0.070331365), (-0.012199082, 0.99562293, -0.09266148), (-0.018202659, 0.99752367, -0.06793509), (-0.03790234, 0.989219, -0.14145319), (-0.057679422, 0.988576, -0.13925011), (-0.035766035, 0.99562293, -0.08634689), (-0.018202659, 0.99752367, -0.06793509), (-0.07322166, 0.98921907, -0.12682316), (-0.035164863, 0.9975235, -0.0609108), (-0.035766035, 0.99562293, -0.08634689), (-0.057679422, 0.988576, -0.13925011), (1.1191881e-9, 1, -4.0780417e-8), (-0.018202659, 0.99752367, -0.06793509), (-0.035766035, 0.99562293, -0.08634689), (-0.035164863, 0.9975235, -0.0609108), (-0.07322166, 0.98921907, -0.12682316), (-0.09175474, 0.988576, -0.11957695), (-0.056895524, 0.99562293, -0.07414848), (-0.035164863, 0.9975235, -0.0609108), (-0.103551134, 0.9892189, -0.10355204), (-0.04973064, 0.9975236, -0.049734976), (-0.056895524, 0.99562293, -0.07414848), (-0.09175474, 0.988576, -0.11957695), (1.1191881e-9, 1, -4.0780417e-8), (-0.035164863, 0.9975235, -0.0609108), (-0.056895524, 0.99562293, -0.07414848), (-0.04973064, 0.9975236, -0.049734976), (-0.103551134, 0.9892189, -0.10355204), (-0.11957726, 0.9885759, -0.091755524), (-0.0741478, 0.9956229, -0.056896325), (-0.04973064, 0.9975236, -0.049734976), (-0.12682372, 0.98921907, -0.07322142), (-0.06090736, 0.9975237, -0.035165716), (-0.0741478, 0.9956229, -0.056896325), (-0.11957726, 0.9885759, -0.091755524), (1.1191881e-9, 1, -4.0780417e-8), (-0.04973064, 0.9975236, -0.049734976), (-0.0741478, 0.9956229, -0.056896325), (-0.06090736, 0.9975237, -0.035165716), (-0.12682372, 0.98921907, -0.07322142), (-0.13925055, 0.98857576, -0.057681452), (-0.08634685, 0.99562293, -0.035766035), (-0.06090736, 0.9975237, -0.035165716), (-0.14145353, 0.98921895, -0.037904073), (-0.06793335, 0.9975238, -0.018198874), (-0.08634685, 0.99562293, -0.035766035), (-0.13925055, 0.98857576, -0.057681452), (1.1191881e-9, 1, -4.0780417e-8), (-0.06090736, 0.9975237, -0.035165716), (-0.08634685, 0.99562293, -0.035766035), (-0.06793335, 0.9975238, -0.018198874), (-0.14145353, 0.98921895, -0.037904073), (-0.14943436, 0.9885759, -0.019673394), (-0.09266164, 0.9956229, -0.012198089), (-0.06793335, 0.9975238, -0.018198874), (-0.14644346, 0.98921907, 0.0000012615611), (-0.07032978, 0.9975238, 0.0000062343233), (-0.09266164, 0.9956229, -0.012198089), (-0.14943436, 0.9885759, -0.019673394), (1.1191881e-9, 1, -4.0780417e-8), (-0.06793335, 0.9975238, -0.018198874), (-0.09266164, 0.9956229, -0.012198089), (-0.07032978, 0.9975238, 0.0000062343233), (-0.14644346, 0.98921907, 0.0000012615611), (-0.1494343, 0.9885759, 0.019675057), (-0.09266163, 0.9956228, 0.012205859), (-0.07032978, 0.9975238, 0.0000062343233), (-0.14145349, 0.98921907, 0.037903678), (-0.06793334, 0.99752384, 0.018202255), (-0.09266163, 0.9956228, 0.012205859), (-0.1494343, 0.9885759, 0.019675057), (1.1191881e-9, 1, -4.0780417e-8), (-0.07032978, 0.9975238, 0.0000062343233), (-0.09266163, 0.9956228, 0.012205859), (-0.06793334, 0.99752384, 0.018202255), (-0.14145349, 0.98921907, 0.037903678), (-0.1392505, 0.9885759, 0.057679754), (-0.08634683, 0.995623, 0.035764124), (-0.06793334, 0.99752384, 0.018202255), (-0.1268237, 0.989219, 0.07322139), (-0.06090739, 0.99752384, 0.03516299), (-0.08634683, 0.995623, 0.035764124), (-0.1392505, 0.9885759, 0.057679754), (1.1191881e-9, 1, -4.0780417e-8), (-0.06793334, 0.99752384, 0.018202255), (-0.08634683, 0.995623, 0.035764124), (-0.06090739, 0.99752384, 0.03516299), (-0.1268237, 0.989219, 0.07322139), (-0.11957726, 0.988576, 0.09175369), (-0.07414779, 0.9956229, 0.056895923), (-0.06090739, 0.99752384, 0.03516299), (-0.10355117, 0.9892192, 0.10354981), (-0.04973065, 0.9975236, 0.049734477), (-0.07414779, 0.9956229, 0.056895923), (-0.11957726, 0.988576, 0.09175369), (1.1191881e-9, 1, -4.0780417e-8), (-0.06090739, 0.99752384, 0.03516299), (-0.07414779, 0.9956229, 0.056895923), (-0.04973065, 0.9975236, 0.049734477), (-0.10355117, 0.9892192, 0.10354981), (-0.09175479, 0.988576, 0.11957657), (-0.056895554, 0.9956229, 0.07414768), (-0.04973065, 0.9975236, 0.049734477), (-0.0732217, 0.9892192, 0.12682271), (-0.035164878, 0.9975236, 0.060910787), (-0.056895554, 0.9956229, 0.07414768), (-0.09175479, 0.988576, 0.11957657), (1.1191881e-9, 1, -4.0780417e-8), (-0.04973065, 0.9975236, 0.049734477), (-0.056895554, 0.9956229, 0.07414768), (-0.035164878, 0.9975236, 0.060910787), (-0.0732217, 0.9892192, 0.12682271), (-0.057679463, 0.988576, 0.13924964), (-0.035766054, 0.9956229, 0.08634685), (-0.035164878, 0.9975236, 0.060910787), (-0.037902437, 0.9892191, 0.14145298), (-0.018202722, 0.9975237, 0.06793489), (-0.035766054, 0.9956229, 0.08634685), (-0.057679463, 0.988576, 0.13924964), (1.1191881e-9, 1, -4.0780417e-8), (-0.035164878, 0.9975236, 0.060910787), (-0.035766054, 0.9956229, 0.08634685), (-0.018202722, 0.9975237, 0.06793489), (-0.037902437, 0.9892191, 0.14145298), (-0.019673495, 0.98857594, 0.1494339), (-0.0121991895, 0.99562293, 0.092661336), (-0.018202722, 0.9975237, 0.06793489), (5.461299e-9, 0.9892192, 0.146443), (-1.2433367e-8, 0.9975237, 0.070331), (-0.0121991895, 0.99562293, 0.092661336), (-0.019673495, 0.98857594, 0.1494339), (1.1191881e-9, 1, -4.0780417e-8), (-0.018202722, 0.9975237, 0.06793489), (-0.0121991895, 0.99562293, 0.092661336), (-1.2433367e-8, 0.9975237, 0.070331), (5.461299e-9, 0.9892192, 0.146443), (0.019673489, 0.9885759, 0.14943431), (0.012199162, 0.9956229, 0.09266145), (-1.2433367e-8, 0.9975237, 0.070331), (0.03790234, 0.98921907, 0.14145318), (0.018202683, 0.9975237, 0.067935064), (0.012199162, 0.9956229, 0.09266145), (0.019673489, 0.9885759, 0.14943431), (1.1191881e-9, 1, -4.0780417e-8), (-1.2433367e-8, 0.9975237, 0.070331), (0.012199162, 0.9956229, 0.09266145), (0.018202683, 0.9975237, 0.067935064), (0.03790234, 0.98921907, 0.14145318), (0.05767942, 0.988576, 0.13925008), (0.035766054, 0.99562293, 0.08634687), (0.018202683, 0.9975237, 0.067935064), (0.07322171, 0.9892192, 0.12682305), (0.035164863, 0.9975235, 0.06091078), (0.035766054, 0.99562293, 0.08634687), (0.05767942, 0.988576, 0.13925008), (1.1191881e-9, 1, -4.0780417e-8), (0.018202683, 0.9975237, 0.067935064), (0.035766054, 0.99562293, 0.08634687), (0.035164863, 0.9975235, 0.06091078), (0.07322171, 0.9892192, 0.12682305), (0.091754705, 0.9885759, 0.11957769), (0.056895465, 0.99562293, 0.07414846), (0.035164863, 0.9975235, 0.06091078), (0.10355111, 0.98921907, 0.10355053), (0.04973065, 0.9975236, 0.049734466), (0.056895465, 0.99562293, 0.07414846), (0.091754705, 0.9885759, 0.11957769), (1.1191881e-9, 1, -4.0780417e-8), (0.035164863, 0.9975235, 0.06091078), (0.056895465, 0.99562293, 0.07414846), (0.04973065, 0.9975236, 0.049734466), (0.10355111, 0.98921907, 0.10355053), (0.11957731, 0.98857605, 0.09175341), (0.07414784, 0.99562293, 0.056895148), (0.04973065, 0.9975236, 0.049734466), (0.12682371, 0.98921907, 0.07322159), (0.06090736, 0.9975238, 0.035165828), (0.07414784, 0.99562293, 0.056895148), (0.11957731, 0.98857605, 0.09175341), (1.1191881e-9, 1, -4.0780417e-8), (0.04973065, 0.9975236, 0.049734466), (0.07414784, 0.99562293, 0.056895148), (0.06090736, 0.9975238, 0.035165828), (0.12682371, 0.98921907, 0.07322159), (0.13925049, 0.9885759, 0.057680313), (0.086346805, 0.9956229, 0.035767365), (0.06090736, 0.9975238, 0.035165828), (0.1414534, 0.989219, 0.037901852), (0.06793331, 0.9975238, 0.018199285), (0.086346805, 0.9956229, 0.035767365), (0.13925049, 0.9885759, 0.057680313), (1.1191881e-9, 1, -4.0780417e-8), (0.06090736, 0.9975238, 0.035165828), (0.086346805, 0.9956229, 0.035767365), (0.06793331, 0.9975238, 0.018199285), (0.1414534, 0.989219, 0.037901852), (0.14943425, 0.988576, 0.019671569), (0.09266156, 0.995623, 0.0121976985), (0.06793331, 0.9975238, 0.018199285), (0.14644338, 0.98921907, -0.0000012910037), (0.07032973, 0.99752384, 9.16599e-8), (0.09266156, 0.995623, 0.0121976985), (0.14943425, 0.988576, 0.019671569), (1.1191881e-9, 1, -4.0780417e-8), (0.06793331, 0.9975238, 0.018199285), (0.09266156, 0.995623, 0.0121976985), (0.07032973, 0.99752384, 9.16599e-8), (0.14644338, 0.98921907, -0.0000012910037), (0.14943455, 0.9885759, -0.019673506), (0.09266152, 0.9956229, -0.012198387), (0.07032973, 0.99752384, 9.16599e-8), (0.1414534, 0.989219, -0.037901852), (0.06793308, 0.99752384, -0.018201992), (0.09266152, 0.9956229, -0.012198387), (0.14943455, 0.9885759, -0.019673506), (1.1191881e-9, 1, -4.0780417e-8), (0.07032973, 0.99752384, 9.16599e-8), (0.09266152, 0.9956229, -0.012198387), (0.06793308, 0.99752384, -0.018201992)] (
                    interpolation = "faceVarying"
                )
                point3f[] points = [(6.365957, -49.45731, -1.7057519), (5.7075596, -49.45731, -3.29526), (4.660204, -49.45731, -4.6602015), (3.295261, -49.45731, -5.7075577), (1.7057526, -49.45731, -6.365954), (0, -49.45731, -6.590521), (-1.7057526, -49.45731, -6.365955), (-3.295261, -49.45731, -5.7075596), (-4.660204, -49.45731, -4.6602035), (-5.7075596, -49.45731, -3.2952614), (-6.365957, -49.45731, -1.7057531), (-6.590522, -49.45731, -3.7252903e-7), (-6.3659573, -49.45731, 1.7057524), (-5.7075596, -49.45731, 3.2952611), (-4.660205, -49.45731, 4.660203), (-3.295261, -49.45731, 5.70756), (-1.7057526, -49.45731, 6.365956), (0, -49.45731, 6.5905232), (1.7057526, -49.45731, 6.365957), (3.295261, -49.45731, 5.707561), (4.6602044, -49.45731, 4.6602044), (5.7075596, -49.45731, 3.295262), (6.3659577, -49.45731, 1.7057532), (6.590527, -49.45731, 2.0116568e-7), (12.367006, -48.193, -3.3137276), (11.0879545, -48.193, -6.4016314), (9.053275, -48.193, -9.053275), (6.401634, -48.193, -11.087952), (3.3137302, -48.193, -12.367003), (0, -48.193, -12.803266), (-3.3137302, -48.193, -12.367006), (-6.4016333, -48.193, -11.087955), (-9.053275, -48.193, -9.053278), (-11.087955, -48.193, -6.401635), (-12.367006, -48.193, -3.3137302), (-12.803268, -48.193, -7.301569e-7), (-12.367011, -48.193, 3.313729), (-11.087956, -48.193, 6.401634), (-9.05328, -48.193, 9.053278), (-6.401635, -48.193, 11.087956), (-3.3137302, -48.193, 12.367008), (0, -48.193, 12.80327), (3.3137302, -48.193, 12.36701), (6.401635, -48.193, 11.087958), (9.05328, -48.193, 9.05328), (11.087957, -48.193, 6.4016366), (12.367012, -48.193, 3.313731), (12.803274, -48.193, 3.6507845e-7), (18.285551, -46.095177, -4.899596), (16.394377, -46.095177, -9.465294), (13.385952, -46.095177, -13.385948), (9.465299, -46.095177, -16.394371), (4.8995986, -46.095177, -18.285545), (1.1920929e-7, -46.095177, -18.930592), (-4.899597, -46.095177, -18.28555), (-9.465294, -46.095177, -16.394377), (-13.385952, -46.095177, -13.385954), (-16.394375, -46.095177, -9.4653), (-18.285551, -46.095177, -4.8995996), (-18.930595, -46.095177, -0.0000010952353), (-18.285551, -46.095177, 4.899598), (-16.394377, -46.095177, 9.465298), (-13.385953, -46.095177, 13.385954), (-9.4653, -46.095177, 16.394377), (-4.8995986, -46.095177, 18.285553), (0, -46.095177, 18.9306), (4.8995986, -46.095177, 18.285555), (9.4653, -46.095177, 16.39438), (13.385955, -46.095177, 13.385957), (16.394379, -46.095177, 9.465301), (18.285557, -46.095177, 4.8996), (18.930601, -46.095177, 5.736947e-7), (23.891224, -43.208664, -6.4016304), (21.420284, -43.208664, -12.367002), (17.48959, -43.208664, -17.489584), (12.367004, -43.208664, -21.420279), (6.4016337, -43.208664, -23.891216), (8.34465e-7, -43.208664, -24.734007), (-6.4016285, -43.208664, -23.89122), (-12.367003, -43.208664, -21.420284), (-17.489588, -43.208664, -17.48959), (-21.420282, -43.208664, -12.367008), (-23.891224, -43.208664, -6.4016347), (-24.734013, -43.208664, -0.0000014007092), (-23.891226, -43.208664, 6.4016333), (-21.420284, -43.208664, 12.367006), (-17.489592, -43.208664, 17.48959), (-12.36701, -43.208664, 21.420288), (-6.4016347, -43.208664, 23.891226), (0, -43.208664, 24.734016), (6.401634, -43.208664, 23.891228), (12.367009, -43.208664, 21.42029), (17.489592, -43.208664, 17.489595), (21.420286, -43.208664, 12.367011), (23.891228, -43.208664, 6.4016356), (24.734015, -43.208664, 7.674098e-7), (29.08811, -39.582825, -7.7941313), (26.079681, -39.582825, -15.05711), (21.293974, -39.582825, -21.293968), (15.057114, -39.582825, -26.079678), (7.794138, -39.582825, -29.088104), (0.00000166893, -39.582825, -30.114223), (-7.7941313, -39.582825, -29.088106), (-15.057108, -39.582825, -26.079685), (-21.293972, -39.582825, -21.293976), (-26.079685, -39.582825, -15.057115), (-29.088112, -39.582825, -7.794137), (-30.11423, -39.582825, -0.0000016093254), (-29.088118, -39.582825, 7.794135), (-26.079689, -39.582825, 15.057114), (-21.293978, -39.582825, 21.293978), (-15.057115, -39.582825, 26.079689), (-7.794138, -39.582825, 29.088114), (0, -39.582825, 30.114233), (7.794138, -39.582825, 29.088118), (15.057116, -39.582825, 26.079693), (21.293983, -39.582825, 21.293982), (26.079695, -39.582825, 15.057119), (29.088118, -39.582825, 7.794138), (30.114237, -39.582825, 8.493662e-7), (33.787292, -35.279724, -9.053271), (30.29286, -35.279728, -17.48958), (24.734013, -35.279728, -24.734007), (17.489592, -35.279728, -30.292849), (9.05328, -35.279728, -33.787285), (0.0000059604645, -35.279728, -34.97917), (-9.053272, -35.279728, -33.78729), (-17.489584, -35.279728, -30.292858), (-24.734013, -35.279728, -24.734016), (-30.29286, -35.279728, -17.489592), (-33.787296, -35.279728, -9.053278), (-34.979176, -35.279728, -0.0000018924475), (-33.787292, -35.279728, 9.053277), (-30.292864, -35.279728, 17.489588), (-24.734016, -35.279728, 24.734016), (-17.489592, -35.279728, 30.292862), (-9.05328, -35.279728, 33.787296), (0, -35.279728, 34.979183), (9.05328, -35.279728, 33.787296), (17.489592, -35.279728, 30.292866), (24.734018, -35.279728, 24.73402), (30.292864, -35.279728, 17.489595), (33.7873, -35.279728, 9.053281), (34.979187, -35.279728, 0.0000011026859), (37.90836, -30.372972, -10.15751), (33.987698, -30.372972, -19.622805), (27.750843, -30.372972, -27.75084), (19.622812, -30.372972, -33.987698), (10.157518, -30.372972, -37.908356), (0.00000667572, -30.372972, -39.245613), (-10.15751, -30.372972, -37.90836), (-19.622808, -30.372972, -33.98771), (-27.750845, -30.372972, -27.750847), (-33.98771, -30.372972, -19.622816), (-37.908367, -30.372972, -10.157517), (-39.245625, -30.372972, -0.0000022649765), (-37.90837, -30.372972, 10.157514), (-33.987713, -30.372972, 19.622814), (-27.75085, -30.372972, 27.75085), (-19.622816, -30.372972, 33.987713), (-10.157518, -30.372972, 37.908367), (0, -30.372972, 39.245636), (10.157518, -30.372972, 37.90837), (19.622818, -30.372972, 33.987717), (27.750856, -30.372972, 27.750856), (33.987717, -30.372972, 19.622818), (37.90838, -30.372972, 10.157518), (39.24564, -30.372972, 0.0000012367964), (41.38081, -24.946533, -11.08795), (37.101013, -24.946533, -21.420275), (30.292858, -24.946533, -30.292847), (21.420286, -24.946533, -37.10101), (11.087957, -24.946533, -41.3808), (0.00000667572, -24.946533, -42.840557), (-11.08795, -24.946533, -41.380802), (-21.42028, -24.946533, -37.101017), (-30.292849, -24.946533, -30.292856), (-37.101017, -24.946533, -21.420286), (-41.38081, -24.946533, -11.087957), (-42.84057, -24.946533, -0.0000023394823), (-41.380814, -24.946533, 11.087953), (-37.10103, -24.946533, 21.420284), (-30.292862, -24.946533, 30.292856), (-21.42029, -24.946533, 37.10103), (-11.087957, -24.946533, 41.380814), (0, -24.946533, 42.840572), (11.087957, -24.946533, 41.38082), (21.420288, -24.946533, 37.10103), (30.29286, -24.946533, 30.292866), (37.10103, -24.946533, 21.42029), (41.380825, -24.946533, 11.087959), (42.840572, -24.946533, 0.0000013709068), (44.145214, -19.093254, -11.8286705), (39.579517, -19.093252, -22.85124), (32.316544, -19.093252, -32.316536), (22.851246, -19.093252, -39.579517), (11.828679, -19.093252, -44.145206), (0.00000667572, -19.093252, -45.702484), (-11.828671, -19.093252, -44.145218), (-22.851248, -19.093252, -39.57952), (-32.31654, -19.093252, -32.316547), (-39.57952, -19.093252, -22.851248), (-44.14522, -19.093252, -11.828679), (-45.7025, -19.093252, -0.0000024735928), (-44.145233, -19.093252, 11.828674), (-39.579533, -19.093252, 22.85125), (-32.31655, -19.093252, 32.316547), (-22.851252, -19.093252, 39.57953), (-11.828679, -19.093252, 44.145233), (0, -19.093252, 45.70251), (11.828678, -19.093252, 44.145233), (22.851248, -19.093252, 39.579533), (32.31655, -19.093252, 32.316555), (39.579533, -19.093252, 22.851254), (44.14524, -19.093252, 11.82868), (45.702503, -19.093252, 0.0000013709068), (46.1543, -12.913281, -12.367001), (41.38081, -12.913281, -23.891214), (33.787292, -12.913281, -33.78728), (23.891224, -12.913281, -41.3808), (12.367012, -12.913281, -46.154285), (0.00000667572, -12.913281, -47.782436), (-12.3670025, -12.913281, -46.154297), (-23.891218, -12.913281, -41.38081), (-33.78729, -12.913281, -33.787296), (-41.380806, -12.913281, -23.891226), (-46.154297, -12.913281, -12.367009), (-47.782448, -12.913281, -0.0000026226044), (-46.154305, -12.913281, 12.367005), (-41.380817, -12.913281, 23.891222), (-33.787296, -12.913281, 33.787292), (-23.891226, -12.913281, 41.38082), (-12.367011, -12.913281, 46.154305), (0, -12.913281, 47.78245), (12.367011, -12.913281, 46.154305), (23.891226, -12.913281, 41.380825), (33.787296, -12.913281, 33.787304), (41.380825, -12.913281, 23.89123), (46.154312, -12.913281, 12.367011), (47.78245, -12.913281, 0.0000013709068), (47.373657, -6.512358, -12.6937275), (42.47406, -6.512358, -24.5224), (34.67992, -6.512358, -34.679916), (24.52241, -6.512358, -42.47404), (12.693737, -6.512358, -47.37365), (0.00000667572, -6.512358, -49.044807), (-12.693728, -6.512358, -47.373653), (-24.522408, -6.512358, -42.474064), (-34.67992, -6.512358, -34.67993), (-42.474064, -6.512358, -24.522413), (-47.37366, -6.512358, -12.693736), (-49.04483, -6.512358, -0.0000028461218), (-47.37366, -6.512358, 12.693733), (-42.474064, -6.512358, 24.522411), (-34.67993, -6.512358, 34.679928), (-24.522415, -6.512358, 42.474068), (-12.693736, -6.512358, 47.373665), (0, -6.512358, 49.044834), (12.693736, -6.512358, 47.373672), (24.522419, -6.512358, 42.47407), (34.679935, -6.512358, 34.67994), (42.47407, -6.512358, 24.522417), (47.37368, -6.512358, 12.693738), (49.044838, -6.512358, 0.0000016242266), (47.782448, 0, -12.803262), (42.840557, 7.450581e-9, -24.734007), (34.979176, 7.450581e-9, -34.979168), (24.734015, 7.450581e-9, -42.840553), (12.803269, 7.450581e-9, -47.78243), (0.00000667572, 7.450581e-9, -49.468018), (-12.803262, 7.450581e-9, -47.782444), (-24.734009, 7.450581e-9, -42.840572), (-34.97917, 7.450581e-9, -34.979183), (-42.84056, 7.450581e-9, -24.734016), (-47.78245, 7.450581e-9, -12.80327), (-49.468025, 7.450581e-9, -0.0000029802322), (-47.782455, 7.450581e-9, 12.803267), (-42.84058, 7.450581e-9, 24.73401), (-34.979187, 7.450581e-9, 34.979183), (-24.734015, 7.450581e-9, 42.840576), (-12.803269, 7.450581e-9, 47.782455), (0, 7.450581e-9, 49.46803), (12.803269, 7.450581e-9, 47.78246), (24.734018, 7.450581e-9, 42.840584), (34.979187, 7.450581e-9, 34.97919), (42.840576, 7.450581e-9, 24.734022), (47.78246, 7.450581e-9, 12.803272), (49.468037, 7.450581e-9, 0.0000014901161), (47.373657, 6.5123577, -12.6937275), (42.47406, 6.5123577, -24.522402), (34.67992, 6.5123577, -34.679916), (24.52241, 6.5123577, -42.47405), (12.693736, 6.5123577, -47.373646), (0.00000667572, 6.5123577, -49.044815), (-12.693728, 6.5123577, -47.373657), (-24.522408, 6.5123577, -42.47406), (-34.679924, 6.5123577, -34.679928), (-42.474064, 6.5123577, -24.522413), (-47.37366, 6.5123577, -12.693736), (-49.044827, 6.5123577, -0.0000028312206), (-47.373665, 6.5123577, 12.693733), (-42.474064, 6.5123577, 24.522411), (-34.67993, 6.5123577, 34.679928), (-24.522413, 6.5123577, 42.474068), (-12.693736, 6.5123577, 47.373665), (0, 6.5123577, 49.044834), (12.693737, 6.5123577, 47.373672), (24.522419, 6.5123577, 42.474068), (34.679935, 6.5123577, 34.67994), (42.474075, 6.5123577, 24.522419), (47.373684, 6.5123577, 12.693738), (49.044834, 6.5123577, 0.0000014901161), (46.154293, 12.913281, -12.367001), (41.380806, 12.913281, -23.891212), (33.787292, 12.913281, -33.787277), (23.891226, 12.913281, -41.380802), (12.367011, 12.913281, -46.15428), (0.00000667572, 12.913281, -47.782436), (-12.3670025, 12.913281, -46.15429), (-23.89122, 12.913281, -41.380814), (-33.78729, 12.913281, -33.787292), (-41.38081, 12.913281, -23.891226), (-46.154297, 12.913281, -12.36701), (-47.782448, 12.913281, -0.0000024586916), (-46.154305, 12.913281, 12.367005), (-41.380817, 12.913281, 23.891224), (-33.787296, 12.913281, 33.787292), (-23.891226, 12.913281, 41.380814), (-12.367011, 12.913281, 46.15431), (0, 12.913281, 47.78245), (12.367011, 12.913281, 46.15431), (23.891228, 12.913281, 41.380825), (33.787292, 12.913281, 33.787304), (41.380825, 12.913281, 23.891232), (46.154312, 12.913281, 12.367011), (47.78245, 12.913281, 0.0000013709068), (44.145218, 19.093254, -11.8286705), (39.579514, 19.093254, -22.851238), (32.31654, 19.093254, -32.316536), (22.851248, 19.093254, -39.57951), (11.82868, 19.093254, -44.145203), (0.00000667572, 19.093254, -45.702484), (-11.828671, 19.093254, -44.145214), (-22.851246, 19.093254, -39.57952), (-32.31654, 19.093254, -32.316547), (-39.57952, 19.093254, -22.85125), (-44.145226, 19.093254, -11.828678), (-45.7025, 19.093254, -0.0000025629997), (-44.145226, 19.093254, 11.828675), (-39.57953, 19.093254, 22.85125), (-32.31655, 19.093254, 32.316547), (-22.851252, 19.093254, 39.57953), (-11.82868, 19.093254, 44.145226), (0, 19.093254, 45.702507), (11.828679, 19.093254, 44.145233), (22.85125, 19.093254, 39.579533), (32.31655, 19.093254, 32.31655), (39.579533, 19.093254, 22.851254), (44.14524, 19.093254, 11.82868), (45.70251, 19.093254, 0.0000013560057), (41.380814, 24.946535, -11.087948), (37.101013, 24.946533, -21.420275), (30.292856, 24.946533, -30.292847), (21.420286, 24.946533, -37.101006), (11.087956, 24.946533, -41.3808), (0.00000667572, 24.946533, -42.840553), (-11.087948, 24.946533, -41.38081), (-21.420279, 24.946533, -37.101017), (-30.292849, 24.946533, -30.292856), (-37.101017, 24.946533, -21.420286), (-41.38081, 24.946533, -11.087956), (-42.840565, 24.946533, -0.0000024288893), (-41.380814, 24.946533, 11.087953), (-37.101025, 24.946533, 21.420282), (-30.292862, 24.946533, 30.292858), (-21.420292, 24.946533, 37.101025), (-11.087957, 24.946533, 41.380817), (0, 24.946533, 42.84057), (11.087955, 24.946533, 41.380825), (21.420286, 24.946533, 37.10103), (30.292862, 24.946533, 30.292864), (37.101025, 24.946533, 21.420292), (41.38083, 24.946533, 11.087959), (42.840576, 24.946533, 0.0000013411045), (37.90836, 30.372974, -10.15751), (33.9877, 30.372972, -19.622805), (27.750845, 30.372972, -27.75084), (19.62281, 30.372972, -33.9877), (10.157517, 30.372972, -37.90835), (0.00000667572, 30.372972, -39.245617), (-10.15751, 30.372972, -37.90836), (-19.622808, 30.372972, -33.98771), (-27.750845, 30.372972, -27.750849), (-33.98771, 30.372972, -19.622816), (-37.908363, 30.372972, -10.157517), (-39.245625, 30.372972, -0.0000022053719), (-37.908367, 30.372972, 10.157515), (-33.987717, 30.372972, 19.622814), (-27.750853, 30.372972, 27.750849), (-19.622818, 30.372972, 33.987713), (-10.157517, 30.372972, 37.908367), (0, 30.372972, 39.245632), (10.157517, 30.372972, 37.90837), (19.622818, 30.372972, 33.987717), (27.750858, 30.372972, 27.750856), (33.987717, 30.372972, 19.622818), (37.90838, 30.372972, 10.157518), (39.24564, 30.372972, 0.000001206994), (33.787292, 35.279724, -9.053273), (30.29286, 35.279728, -17.489582), (24.734015, 35.279728, -24.734005), (17.48959, 35.279728, -30.292847), (9.053281, 35.279728, -33.78728), (0.0000059604645, 35.279728, -34.97917), (-9.053272, 35.279728, -33.78729), (-17.489584, 35.279728, -30.292856), (-24.73401, 35.279728, -24.734016), (-30.29286, 35.279728, -17.48959), (-33.787292, 35.279728, -9.053279), (-34.979176, 35.279728, -0.000001937151), (-33.787292, 35.279728, 9.053277), (-30.292862, 35.279728, 17.489588), (-24.734016, 35.279728, 24.734013), (-17.48959, 35.279728, 30.292862), (-9.05328, 35.279728, 33.787292), (0, 35.279728, 34.979183), (9.05328, 35.279728, 33.787296), (17.489592, 35.279728, 30.292866), (24.734016, 35.279728, 24.734022), (30.292862, 35.279728, 17.489594), (33.7873, 35.279728, 9.053281), (34.97919, 35.279728, 0.000001065433), (29.088108, 39.582825, -7.7941318), (26.079683, 39.58283, -15.05711), (21.293972, 39.58283, -21.293968), (15.057114, 39.58283, -26.079676), (7.7941375, 39.58283, -29.088104), (0.00000166893, 39.58283, -30.11422), (-7.7941313, 39.58283, -29.088106), (-15.057109, 39.58283, -26.079687), (-21.293972, 39.58283, -21.293976), (-26.079683, 39.58283, -15.057115), (-29.08811, 39.58283, -7.7941375), (-30.114231, 39.58283, -0.0000016018748), (-29.088118, 39.58283, 7.794135), (-26.07969, 39.58283, 15.057114), (-21.29398, 39.58283, 21.293978), (-15.057115, 39.58283, 26.07969), (-7.7941375, 39.58283, 29.088112), (0, 39.58283, 30.114235), (7.7941375, 39.58283, 29.08812), (15.057116, 39.58283, 26.079693), (21.293985, 39.58283, 21.293982), (26.079695, 39.58283, 15.057118), (29.088116, 39.58283, 7.794138), (30.114237, 39.58283, 8.7171793e-7), (23.891224, 43.208664, -6.401631), (21.420284, 43.208664, -12.3670025), (17.48959, 43.208664, -17.489584), (12.367005, 43.208664, -21.420279), (6.4016337, 43.208664, -23.891216), (8.34465e-7, 43.208664, -24.734009), (-6.401629, 43.208664, -23.891218), (-12.367003, 43.208664, -21.420286), (-17.48959, 43.208664, -17.489592), (-21.420284, 43.208664, -12.367008), (-23.891226, 43.208664, -6.4016347), (-24.734013, 43.208664, -0.0000014454126), (-23.891224, 43.208664, 6.4016333), (-21.420286, 43.208664, 12.367006), (-17.489592, 43.208664, 17.489594), (-12.367009, 43.208664, 21.420286), (-6.4016347, 43.208664, 23.891226), (0, 43.208664, 24.734018), (6.401634, 43.208664, 23.891228), (12.36701, 43.208664, 21.42029), (17.489594, 43.208664, 17.489595), (21.420286, 43.208664, 12.367011), (23.891228, 43.208664, 6.401636), (24.734015, 43.208664, 7.8231096e-7), (18.285551, 46.09518, -4.8995957), (16.394375, 46.09518, -9.465294), (13.385953, 46.09518, -13.385947), (9.4653, 46.09518, -16.394373), (4.899598, 46.09518, -18.285545), (1.1920929e-7, 46.09518, -18.930592), (-4.899597, 46.09518, -18.28555), (-9.465294, 46.09518, -16.394377), (-13.385952, 46.09518, -13.385954), (-16.394375, 46.09518, -9.4653), (-18.28555, 46.09518, -4.8995996), (-18.930592, 46.09518, -0.0000010430813), (-18.28555, 46.09518, 4.899598), (-16.394375, 46.09518, 9.465298), (-13.385954, 46.09518, 13.385955), (-9.4653, 46.09518, 16.394377), (-4.899598, 46.09518, 18.285553), (0, 46.09518, 18.9306), (4.899598, 46.09518, 18.285555), (9.4653, 46.09518, 16.39438), (13.385955, 46.09518, 13.385957), (16.39438, 46.09518, 9.4653015), (18.285557, 46.09518, 4.8996005), (18.930601, 46.09518, 5.2526593e-7), (12.367007, 48.192997, -3.3137279), (11.087955, 48.193, -6.4016314), (9.053274, 48.193, -9.053273), (6.401634, 48.193, -11.087952), (3.3137302, 48.193, -12.367003), (0, 48.193, -12.803267), (-3.3137302, 48.193, -12.367006), (-6.4016333, 48.193, -11.087955), (-9.053274, 48.193, -9.053279), (-11.087955, 48.193, -6.4016356), (-12.367006, 48.193, -3.3137302), (-12.803268, 48.193, -7.3201954e-7), (-12.367011, 48.193, 3.313729), (-11.087957, 48.193, 6.401634), (-9.05328, 48.193, 9.05328), (-6.401635, 48.193, 11.087957), (-3.3137302, 48.193, 12.36701), (0, 48.193, 12.80327), (3.3137302, 48.193, 12.36701), (6.401635, 48.193, 11.087958), (9.05328, 48.193, 9.053281), (11.087957, 48.193, 6.4016366), (12.367012, 48.193, 3.3137307), (12.803274, 48.193, 3.5203993e-7), (6.3659573, 49.45731, -1.7057517), (5.707559, 49.457306, -3.2952597), (4.660204, 49.457306, -4.660201), (3.295261, 49.457306, -5.7075577), (1.7057526, 49.457306, -6.3659534), (0, 49.457306, -6.590521), (-1.7057526, 49.457306, -6.3659544), (-3.2952611, 49.457306, -5.7075596), (-4.660204, 49.457306, -4.660203), (-5.707559, 49.457306, -3.2952614), (-6.365957, 49.457306, -1.7057528), (-6.5905213, 49.457306, -3.7252903e-7), (-6.3659573, 49.457306, 1.7057525), (-5.707559, 49.457306, 3.2952611), (-4.660204, 49.457306, 4.660203), (-3.2952611, 49.457306, 5.70756), (-1.7057526, 49.457306, 6.3659563), (0, 49.457306, 6.5905237), (1.7057526, 49.457306, 6.3659563), (3.2952611, 49.457306, 5.707561), (4.6602044, 49.457306, 4.660205), (5.707559, 49.457306, 3.295262), (6.3659577, 49.457306, 1.7057532), (6.5905266, 49.457306, 1.937151e-7), (1.8626451e-8, -49.970257, 5.3085387e-8), (1.8626451e-8, 49.970257, 4.9825758e-8), (42.74874, 3.263159, -24.680992), (45.30983, 6.5123587, -18.76794), (47.680027, 3.263159, -12.775819), (34.9042, 3.263159, -34.904194), (38.908432, 6.5123587, -29.855482), (24.680998, 3.263159, -42.748734), (29.85549, 6.5123587, -38.90843), (12.7758255, 3.263159, -47.68002), (18.767948, 6.5123587, -45.309822), (0.00000667572, 3.263159, -49.361984), (6.4014025, 6.5123587, -48.62343), (-12.77582, 3.263159, -47.680027), (-6.401391, 6.5123587, -48.623436), (-24.680994, 3.263159, -42.74874), (-18.767944, 6.5123587, -45.309834), (-34.904198, 3.263159, -34.90421), (-29.855488, 6.5123587, -38.90844), (-42.748745, 3.263159, -24.681004), (-38.908432, 6.5123587, -29.8555), (-47.68003, 3.263159, -12.775828), (-45.309837, 6.5123587, -18.76795), (-49.362, 3.263159, -0.0000027418137), (-48.623444, 6.5123587, -6.4014), (-47.680035, 3.263159, 12.775824), (-48.623444, 6.5123587, 6.401396), (-42.74875, 3.263159, 24.681), (-45.309837, 6.5123587, 18.767948), (-34.90421, 3.263159, 34.904205), (-38.908443, 6.5123587, 29.855495), (-24.681004, 3.263159, 42.748753), (-29.8555, 6.5123587, 38.908443), (-12.775826, 3.263159, 47.68004), (-18.76795, 6.5123587, 45.309837), (0, 3.263159, 49.362007), (-6.4013987, 6.5123587, 48.623447), (12.775827, 3.263159, 47.68004), (6.4013987, 6.5123587, 48.62345), (24.681005, 3.263159, 42.748753), (18.767954, 6.5123587, 45.309845), (34.904217, 3.263159, 34.904213), (29.855503, 6.5123587, 38.908447), (42.748756, 3.263159, 24.681007), (38.90845, 6.5123587, 29.855503), (47.680046, 3.263159, 12.77583), (45.30985, 6.5123587, 18.767954), (49.362007, 3.263159, 0.0000014901161), (48.623455, 6.5123587, 6.4013996), (48.623444, 6.5123587, -6.401394), (42.0173, 9.73364, -24.258694), (44.143585, 12.913282, -18.284866), (46.864204, 9.73364, -12.55722), (34.306984, 9.73364, -34.306973), (37.906963, 12.913282, -29.087025), (24.258701, 9.73364, -42.01729), (29.087038, 12.913282, -37.90695), (12.55723, 9.73364, -46.864197), (18.284878, 12.913282, -44.14358), (0.00000667572, 9.73364, -48.517387), (6.236636, 12.913282, -47.3719), (-12.557222, 9.73364, -46.864204), (-6.2366247, 12.913282, -47.371906), (-24.258698, 9.73364, -42.017303), (-18.284872, 12.913282, -44.14359), (-34.30698, 9.73364, -34.306988), (-29.087032, 12.913282, -37.906967), (-42.017303, 9.73364, -24.258703), (-37.90696, 12.913282, -29.087038), (-46.86421, 9.73364, -12.55723), (-44.143593, 12.913282, -18.284878), (-48.517406, 9.73364, -0.0000027418137), (-47.371914, 12.913282, -6.2366323), (-46.864212, 9.73364, 12.557227), (-47.371914, 12.913282, 6.2366285), (-42.017307, 9.73364, 24.258701), (-44.143597, 12.913282, 18.284874), (-34.306988, 9.73364, 34.306988), (-37.906967, 12.913282, 29.087038), (-24.258703, 9.73364, 42.01731), (-29.08704, 12.913282, 37.906963), (-12.55723, 9.73364, 46.864212), (-18.284878, 12.913282, 44.143597), (0, 9.73364, 48.517414), (-6.2366323, 12.913282, 47.37192), (12.55723, 9.73364, 46.86422), (6.2366323, 12.913282, 47.371918), (24.258707, 9.73364, 42.017315), (18.28488, 12.913282, 44.143604), (34.30699, 9.73364, 34.30699), (29.08704, 12.913282, 37.906975), (42.01732, 9.73364, 24.258707), (37.90697, 12.913282, 29.087044), (46.864223, 9.73364, 12.557232), (44.143604, 12.913282, 18.28488), (48.517414, 9.73364, 0.0000014305115), (47.37192, 12.913282, 6.2366323), (47.371914, 12.913282, -6.236627), (40.56693, 16.037569, -23.42132), (42.22204, 19.093254, -17.488935), (45.246525, 16.037569, -12.123765), (33.122757, 16.037569, -33.122753), (36.256886, 19.093254, -27.82088), (23.42133, 16.037569, -40.56692), (27.820889, 19.093254, -36.25688), (12.1237755, 16.037569, -45.24652), (17.488943, 19.093254, -42.22203), (0.00000667572, 16.037569, -46.84265), (5.965158, 19.093254, -45.309822), (-12.123768, 16.037569, -45.24653), (-5.9651465, 19.093254, -45.30983), (-23.421326, 16.037569, -40.56693), (-17.48894, 19.093254, -42.22204), (-33.122757, 16.037569, -33.12276), (-27.820885, 19.093254, -36.25689), (-40.56693, 16.037569, -23.42133), (-36.256886, 19.093254, -27.820892), (-45.246532, 16.037569, -12.123774), (-42.222042, 19.093254, -17.488943), (-46.84266, 16.037569, -0.0000025629997), (-45.309837, 19.093254, -5.9651546), (-45.246536, 16.037569, 12.123771), (-45.309837, 19.093254, 5.965151), (-40.566936, 16.037569, 23.42133), (-42.22205, 19.093254, 17.488941), (-33.122765, 16.037569, 33.12276), (-36.256897, 19.093254, 27.820892), (-23.421333, 16.037569, 40.566936), (-27.820898, 19.093254, 36.256893), (-12.1237755, 16.037569, 45.246536), (-17.488947, 19.093254, 42.22205), (0, 16.037569, 46.842667), (-5.965154, 19.093254, 45.309837), (12.1237755, 16.037569, 45.246536), (5.965154, 19.093254, 45.309837), (23.42133, 16.037569, 40.56694), (17.488943, 19.093254, 42.22205), (33.122765, 16.037569, 33.122772), (27.820894, 19.093254, 36.256897), (40.56694, 16.037569, 23.421335), (36.256897, 19.093254, 27.820898), (45.24654, 16.037569, 12.123776), (42.222054, 19.093254, 17.488949), (46.84267, 16.037569, 0.0000013709068), (45.30985, 19.093254, 5.9651546), (45.309837, 19.093254, -5.965149), (38.42244, 22.067093, -22.183203), (39.578056, 24.946537, -16.393763), (42.854668, 22.067093, -11.482868), (31.371796, 22.067093, -31.37179), (33.98645, 24.946537, -26.078714), (22.18321, 22.067093, -38.42244), (26.078724, 24.946537, -33.986446), (11.482878, 22.067093, -42.854664), (16.393772, 24.946537, -39.578053), (0.00000667572, 22.067093, -44.366417), (5.5916147, 24.946537, -42.472485), (-11.482871, 22.067093, -42.854668), (-5.5916033, 24.946537, -42.47249), (-22.183208, 22.067093, -38.422443), (-16.393764, 24.946537, -39.578056), (-31.371796, 22.067093, -31.3718), (-26.078718, 24.946537, -33.98645), (-38.422443, 22.067093, -22.183212), (-33.98645, 24.946537, -26.078724), (-42.854675, 22.067093, -11.482878), (-39.578064, 24.946537, -16.393772), (-44.366425, 22.067093, -0.0000024437904), (-42.472496, 24.946537, -5.591612), (-42.854675, 22.067093, 11.482874), (-42.472496, 24.946537, 5.591608), (-38.42245, 22.067093, 22.183212), (-39.578068, 24.946537, 16.39377), (-31.371805, 22.067093, 31.371801), (-33.986458, 24.946537, 26.078722), (-22.183216, 22.067093, 38.42245), (-26.078728, 24.946537, 33.986454), (-11.482878, 22.067093, 42.85468), (-16.393776, 24.946537, 39.578068), (0, 22.067093, 44.366425), (-5.591611, 24.946537, 42.4725), (11.482878, 22.067093, 42.854683), (5.591611, 24.946537, 42.4725), (22.18321, 22.067093, 38.422455), (16.393772, 24.946537, 39.57807), (31.371805, 22.067093, 31.371807), (26.078726, 24.946537, 33.98646), (38.422455, 22.067093, 22.183216), (33.986458, 24.946537, 26.078732), (42.854687, 22.067093, 11.48288), (39.57807, 24.946537, 16.393778), (44.366432, 22.067093, 0.0000014305115), (42.472504, 24.946537, 5.591612), (42.472492, 24.946537, -5.5916066), (35.62054, 27.71904, -20.565525), (36.256886, 30.372974, -15.018089), (39.729557, 27.71904, -10.645497), (29.084055, 27.71904, -29.084047), (31.134495, 30.372974, -23.890331), (20.565533, 27.71904, -35.620537), (23.89034, 30.372974, -31.134487), (10.645506, 27.71904, -39.729553), (15.018097, 30.372974, -36.25688), (0.00000667572, 27.71904, -41.131058), (5.122398, 30.372974, -38.90843), (-10.645498, 27.71904, -39.729557), (-5.1223865, 30.372974, -38.908432), (-20.565525, 27.71904, -35.62055), (-15.018091, 30.372974, -36.25689), (-29.084053, 27.71904, -29.084059), (-23.890339, 30.372974, -31.134502), (-35.62055, 27.71904, -20.565535), (-31.134497, 30.372974, -23.890345), (-39.729565, 27.71904, -10.645506), (-36.256893, 30.372974, -15.018099), (-41.131073, 27.71904, -0.0000023841858), (-38.908443, 30.372974, -5.122395), (-39.729565, 27.71904, 10.645502), (-38.908443, 30.372974, 5.1223907), (-35.620552, 27.71904, 20.565535), (-36.256897, 30.372974, 15.018096), (-29.084063, 27.71904, 29.084059), (-31.134506, 30.372974, 23.890345), (-20.56554, 27.71904, 35.620552), (-23.890347, 30.372974, 31.134502), (-10.645506, 27.71904, 39.72957), (-15.018101, 30.372974, 36.256897), (0, 27.71904, 41.131073), (-5.122394, 30.372974, 38.908443), (10.645506, 27.71904, 39.72957), (5.122394, 30.372974, 38.908447), (20.565538, 27.71904, 35.620556), (15.018101, 30.372974, 36.256897), (29.084064, 27.71904, 29.084066), (23.890348, 30.372974, 31.134506), (35.62056, 27.71904, 20.56554), (31.134508, 30.372974, 23.890348), (39.729576, 27.71904, 10.645508), (36.256905, 30.372974, 15.018102), (41.131077, 27.71904, 0.0000013113022), (38.908455, 30.372974, 5.1223946), (38.908443, 30.372974, -5.12239), (32.209167, 32.89671, -18.595964), (32.315353, 35.279724, -13.385451), (35.924664, 32.89671, -9.625978), (26.298677, 32.89671, -26.298668), (27.749823, 35.279724, -21.29318), (18.595974, 32.89671, -32.209164), (21.293188, 35.279724, -27.749813), (9.625986, 32.89671, -35.924652), (13.38546, 35.279724, -32.315346), (0.00000667572, 32.89671, -37.19194), (4.565535, 35.279724, -34.678635), (-9.625979, 32.89671, -35.924656), (-4.5655246, 35.279724, -34.67864), (-18.59597, 32.89671, -32.20917), (-13.385453, 35.279724, -32.315353), (-26.298677, 32.89671, -26.29868), (-21.293186, 35.279724, -27.749823), (-32.20917, 32.89671, -18.595976), (-27.749823, 35.279724, -21.293188), (-35.924667, 32.89671, -9.625986), (-32.315353, 35.279724, -13.38546), (-37.191948, 32.89671, -0.0000021457672), (-34.67865, 35.279724, -4.565532), (-35.924664, 32.89671, 9.625983), (-34.678646, 35.279724, 4.5655293), (-32.209175, 32.89671, 18.595974), (-32.315357, 35.279724, 13.385456), (-26.298683, 32.89671, 26.298681), (-27.749826, 35.279724, 21.293186), (-18.595978, 32.89671, 32.20917), (-21.29319, 35.279724, 27.749825), (-9.625986, 32.89671, 35.924667), (-13.38546, 35.279724, 32.315357), (0, 32.89671, 37.19195), (-4.5655317, 35.279724, 34.678654), (9.625986, 32.89671, 35.924667), (4.5655317, 35.279724, 34.67865), (18.595978, 32.89671, 32.20918), (13.38546, 35.279724, 32.31536), (26.298685, 32.89671, 26.298687), (21.293192, 35.279724, 27.749834), (32.20918, 32.89671, 18.59598), (27.749828, 35.279724, 21.293196), (35.924675, 32.89671, 9.625988), (32.31536, 35.279724, 13.385463), (37.19196, 32.89671, 0.0000010728836), (34.678658, 35.279724, 4.5655317), (34.67865, 35.279724, -4.5655274), (28.246685, 37.511505, -16.308226), (27.820889, 39.58283, -11.523786), (31.505085, 37.511505, -8.441757), (23.063322, 37.511505, -23.063314), (23.89034, 39.58283, -18.3317), (16.308233, 37.511505, -28.246675), (18.331705, 39.58283, -23.890335), (8.441765, 37.511505, -31.505074), (11.523792, 39.58283, -27.820883), (0.0000038146973, 37.511505, -32.616455), (3.930552, 39.58283, -29.855488), (-8.441757, 37.511505, -31.50508), (-3.9305472, 39.58283, -29.855488), (-16.308226, 37.511505, -28.246683), (-11.523785, 39.58283, -27.82089), (-23.063322, 37.511505, -23.063322), (-18.331701, 39.58283, -23.890343), (-28.246685, 37.511505, -16.308233), (-23.89034, 39.58283, -18.331705), (-31.505085, 37.511505, -8.441763), (-27.82089, 39.58283, -11.523793), (-32.616463, 37.511505, -0.0000018775463), (-29.855495, 39.58283, -3.930552), (-31.505089, 37.511505, 8.441761), (-29.855497, 39.58283, 3.9305491), (-28.246689, 37.511505, 16.30823), (-27.820898, 39.58283, 11.52379), (-23.063326, 37.511505, 23.063322), (-23.890347, 39.58283, 18.331703), (-16.308233, 37.511505, 28.246687), (-18.331707, 39.58283, 23.890345), (-8.441764, 37.511505, 31.50509), (-11.523793, 39.58283, 27.820896), (0, 37.511505, 32.616467), (-3.9305515, 39.58283, 29.8555), (8.441764, 37.511505, 31.50509), (3.9305515, 39.58283, 29.8555), (16.308235, 37.511505, 28.246693), (11.523793, 39.58283, 27.820898), (23.063328, 37.511505, 23.06333), (18.33171, 39.58283, 23.890348), (28.246693, 37.511505, 16.308237), (23.890352, 39.58283, 18.33171), (31.50509, 37.511505, 8.441765), (27.8209, 39.58283, 11.523795), (32.61647, 37.511505, 9.834766e-7), (29.855503, 39.58283, 3.9305515), (29.855497, 39.58283, -3.9305482), (23.800888, 41.48447, -13.741446), (22.850407, 43.208656, -9.464944), (26.546444, 41.48447, -7.1130943), (19.433346, 41.48447, -19.433342), (19.62209, 43.208656, -15.056552), (13.74145, 41.48447, -23.800886), (15.056557, 43.208656, -19.622086), (7.113099, 41.48447, -26.546438), (9.464949, 43.208656, -22.8504), (9.536743e-7, 41.48447, -27.482895), (3.2283177, 43.208656, -24.5215), (-7.113093, 41.48447, -26.546442), (-3.2283144, 43.208656, -24.521502), (-13.741446, 41.48447, -23.80089), (-9.464943, 43.208656, -22.850405), (-19.433346, 41.48447, -19.433346), (-15.056557, 43.208656, -19.62209), (-23.800888, 41.48447, -13.741451), (-19.62209, 43.208656, -15.0565605), (-26.546448, 41.48447, -7.1130996), (-22.850407, 43.208656, -9.464949), (-27.482903, 41.48447, -0.0000015199184), (-24.521507, 43.208656, -3.2283187), (-26.54645, 41.48447, 7.113097), (-24.521505, 43.208656, 3.2283165), (-23.800892, 41.48447, 13.741449), (-22.850407, 43.208656, 9.464947), (-19.433348, 41.48447, 19.433346), (-19.62209, 43.208656, 15.056559), (-13.741454, 41.48447, 23.800892), (-15.0565605, 43.208656, 19.622091), (-7.1130996, 41.48447, 26.546448), (-9.464951, 43.208656, 22.850407), (0, 41.48447, 27.482903), (-3.2283177, 43.208656, 24.521507), (7.1130996, 41.48447, 26.54645), (3.2283177, 43.208656, 24.52151), (13.741453, 41.48447, 23.800896), (9.46495, 43.208656, 22.85041), (19.433352, 41.48447, 19.433352), (15.056562, 43.208656, 19.622095), (23.800896, 41.48447, 13.741454), (19.622091, 43.208656, 15.056563), (26.54645, 41.48447, 7.113101), (22.850407, 43.208656, 9.464952), (27.482904, 41.48447, 8.34465e-7), (24.521507, 43.208656, 3.2283187), (24.521507, 43.208656, -3.2283154), (18.947855, 44.74762, -10.939546), (17.488943, 46.095173, -7.244155), (21.13359, 44.74762, -5.6627245), (15.470861, 44.74762, -15.470854), (15.018097, 46.095173, -11.5237875), (10.93955, 44.74762, -18.947851), (11.523792, 46.095173, -15.018092), (5.6627274, 44.74762, -21.133583), (7.2441583, 46.095173, -17.48894), (4.7683716e-7, 44.74762, -21.879095), (2.4708471, 46.095173, -18.767946), (-5.662724, 44.74762, -21.133585), (-2.4708467, 46.095173, -18.767946), (-10.939547, 44.74762, -18.947857), (-7.244155, 46.095173, -17.488943), (-15.470861, 44.74762, -15.470861), (-11.523789, 46.095173, -15.018097), (-18.947855, 44.74762, -10.939552), (-15.018097, 46.095173, -11.523793), (-21.133589, 44.74762, -5.662729), (-17.488943, 46.095173, -7.2441587), (-21.879097, 44.74762, -0.0000012516975), (-18.767948, 46.095173, -2.4708483), (-21.133589, 44.74762, 5.662727), (-18.767948, 46.095173, 2.4708462), (-18.947855, 44.74762, 10.93955), (-17.488943, 46.095173, 7.2441573), (-15.470861, 44.74762, 15.470861), (-15.018097, 46.095173, 11.523791), (-10.939552, 44.74762, 18.947857), (-11.523793, 46.095173, 15.018099), (-5.662728, 44.74762, 21.133589), (-7.2441587, 46.095173, 17.488945), (0, 44.74762, 21.8791), (-2.4708471, 46.095173, 18.767952), (5.662728, 44.74762, 21.13359), (2.4708471, 46.095173, 18.767952), (10.939552, 44.74762, 18.94786), (7.2441587, 46.095173, 17.488947), (15.470861, 44.74762, 15.470864), (11.523793, 46.095173, 15.018102), (18.947857, 44.74762, 10.939554), (15.018099, 46.095173, 11.523795), (21.13359, 44.74762, 5.6627297), (17.488949, 46.095173, 7.24416), (21.8791, 44.74762, 6.2584877e-7), (18.767954, 46.095173, 2.470848), (18.76795, 46.095173, -2.470846), (13.770618, 47.24513, -7.9504676), (11.828239, 48.192997, -4.8994155), (15.359129, 47.24513, -4.115464), (11.243661, 47.24513, -11.243659), (10.157141, 48.192997, -7.793845), (7.950471, 47.24513, -13.770615), (7.7938466, 48.192997, -10.157137), (4.1154666, 47.24513, -15.359125), (4.8994184, 48.192997, -11.828237), (0, 47.24513, -15.900938), (1.6711006, 48.192997, -12.693262), (-4.115466, 47.24513, -15.359127), (-1.6711006, 48.192997, -12.693264), (-7.950468, 47.24513, -13.770618), (-4.899418, 48.192997, -11.828239), (-11.24366, 47.24513, -11.243663), (-7.793846, 48.192997, -10.15714), (-13.770618, 47.24513, -7.9504714), (-10.157141, 48.192997, -7.793849), (-15.359127, 47.24513, -4.115467), (-11.828239, 48.192997, -4.8994184), (-15.90094, 47.24513, -8.940697e-7), (-12.693264, 48.192997, -1.6711009), (-15.359131, 47.24513, 4.1154656), (-12.693266, 48.192997, 1.6710995), (-13.770618, 47.24513, 7.9504704), (-11.828243, 48.192997, 4.8994174), (-11.243663, 47.24513, 11.243663), (-10.157143, 48.192997, 7.7938485), (-7.9504714, 47.24513, 13.770619), (-7.7938495, 48.192997, 10.157142), (-4.1154666, 47.24513, 15.359131), (-4.8994184, 48.192997, 11.828242), (0, 47.24513, 15.900944), (-1.6711006, 48.192997, 12.693268), (4.1154666, 47.24513, 15.359133), (1.6711006, 48.192997, 12.693268), (7.9504714, 47.24513, 13.770623), (4.8994184, 48.192997, 11.828242), (11.243666, 47.24513, 11.243667), (7.7938495, 48.192997, 10.157144), (13.770621, 47.24513, 7.9504724), (10.157143, 48.192997, 7.7938504), (15.359135, 47.24513, 4.1154675), (11.828243, 48.192997, 4.899419), (15.900946, 47.24513, 4.4703484e-7), (12.693272, 48.192997, 1.6711006), (12.693268, 48.192997, -1.6710992), (8.357761, 48.934265, -4.8253536), (6.2142344, 49.448395, -2.5740187), (9.321871, 48.934265, -2.4977868), (6.824083, 48.934265, -6.8240814), (5.336284, 49.448395, -4.094673), (4.8253555, 48.934265, -8.3577585), (4.094675, 49.448395, -5.336282), (2.4977884, 48.934265, -9.321869), (2.57402, 49.448395, -6.214232), (0, 48.934265, -9.650709), (0.8779504, 49.448395, -6.668693), (-2.4977884, 48.934265, -9.321871), (-0.8779504, 49.448395, -6.6686935), (-4.8253555, 48.934265, -8.35776), (-2.57402, 49.448395, -6.2142334), (-6.824083, 48.934265, -6.824084), (-4.094675, 49.448395, -5.336284), (-8.357761, 48.934265, -4.8253565), (-5.336284, 49.448395, -4.094675), (-9.321871, 48.934265, -2.4977884), (-6.2142344, 49.448395, -2.5740206), (-9.650711, 48.934265, -5.438924e-7), (-6.668695, 49.448395, -0.8779507), (-9.321875, 48.934265, 2.4977877), (-6.6686954, 49.448395, 0.87794995), (-8.357763, 48.934265, 4.825356), (-6.214235, 49.448395, 2.57402), (-6.8240857, 48.934265, 6.824084), (-5.3362846, 49.448395, 4.0946746), (-4.825356, 48.934265, 8.357762), (-4.0946755, 49.448395, 5.336284), (-2.4977884, 48.934265, 9.321873), (-2.57402, 49.448395, 6.214235), (0, 48.934265, 9.650713), (-0.8779504, 49.448395, 6.6686954), (2.4977884, 48.934265, 9.321873), (0.8779504, 49.448395, 6.6686954), (4.825356, 48.934265, 8.357763), (2.57402, 49.448395, 6.214236), (6.8240857, 48.934265, 6.824085), (4.0946755, 49.448395, 5.336285), (8.357762, 48.934265, 4.8253574), (5.3362846, 49.448395, 4.094676), (9.321875, 48.934265, 2.497789), (6.214235, 49.448395, 2.5740209), (9.650717, 48.934265, 2.9802322e-7), (6.668699, 49.448395, 0.8779506), (6.6686983, 49.448395, -0.87794983), (3.6414938, -49.750473, -0.9757343), (3.2648723, -49.750473, -1.8849742), (2.6657584, -49.750473, -2.6657562), (1.8849748, -49.750473, -3.2648716), (0.9757348, -49.750473, -3.641491), (0, -49.750473, -3.7699492), (-0.9757348, -49.750473, -3.6414917), (-1.8849748, -49.750473, -3.264872), (-2.6657584, -49.750473, -2.6657572), (-3.2648723, -49.750473, -1.8849752), (-3.6414933, -49.750473, -0.9757351), (-3.7699497, -49.750473, -2.2351742e-7), (-3.641493, -49.750473, 0.9757347), (-3.2648723, -49.750473, 1.884975), (-2.6657584, -49.750473, 2.6657572), (-1.8849748, -49.750473, 3.2648726), (-0.9757348, -49.750473, 3.6414924), (0, -49.750473, 3.7699509), (0.9757348, -49.750473, 3.6414928), (1.8849748, -49.750473, 3.2648733), (2.6657584, -49.750473, 2.665758), (3.2648723, -49.750473, 1.8849757), (3.6414938, -49.750473, 0.9757352), (3.769953, -49.750473, 1.1920929e-7), (3.2648723, 49.750473, -1.8849742), (3.6414938, 49.750473, -0.9757343), (2.6657584, 49.750473, -2.6657562), (1.8849748, 49.750473, -3.2648716), (0.9757348, 49.750473, -3.641491), (0, 49.750473, -3.7699492), (-0.9757348, 49.750473, -3.6414917), (-1.8849748, 49.750473, -3.264872), (-2.6657584, 49.750473, -2.6657572), (-3.2648723, 49.750473, -1.8849752), (-3.6414933, 49.750473, -0.9757351), (-3.7699497, 49.750473, -2.2351742e-7), (-3.641493, 49.750473, 0.9757347), (-3.2648723, 49.750473, 1.884975), (-2.6657584, 49.750473, 2.6657572), (-1.8849748, 49.750473, 3.2648726), (-0.9757348, 49.750473, 3.6414924), (0, 49.750473, 3.7699509), (0.9757348, 49.750473, 3.6414928), (1.8849748, 49.750473, 3.2648733), (2.6657584, 49.750473, 2.665758), (3.2648723, 49.750473, 1.8849757), (3.6414938, 49.750473, 0.9757352), (3.769953, 49.750473, 1.1920929e-7), (6.2142344, -49.448395, -2.5740187), (8.357761, -48.934265, -4.8253536), (11.828239, -48.192997, -4.899416), (9.321871, -48.934265, -2.4977865), (5.336284, -49.448395, -4.094673), (6.824083, -48.934265, -6.8240814), (10.157141, -48.192997, -7.793845), (4.094675, -49.448395, -5.336282), (4.8253555, -48.934265, -8.3577585), (7.7938466, -48.192997, -10.157137), (2.57402, -49.448395, -6.214232), (2.4977884, -48.934265, -9.321869), (4.8994184, -48.192997, -11.828237), (0.8779504, -49.448395, -6.668693), (0, -48.934265, -9.650709), (1.6711006, -48.192997, -12.693262), (-0.8779504, -49.448395, -6.6686935), (-2.4977884, -48.934265, -9.32187), (-1.6711006, -48.192997, -12.693264), (-2.57402, -49.448395, -6.2142334), (-4.8253555, -48.934265, -8.357761), (-4.899418, -48.192997, -11.828239), (-4.094675, -49.448395, -5.336284), (-6.824083, -48.934265, -6.824084), (-7.793846, -48.192997, -10.157141), (-5.336284, -49.448395, -4.094675), (-8.357761, -48.934265, -4.8253565), (-10.157141, -48.192997, -7.793849), (-6.2142344, -49.448395, -2.5740204), (-9.321871, -48.934265, -2.4977884), (-11.828239, -48.192997, -4.8994184), (-6.668695, -49.448395, -0.8779507), (-9.650711, -48.934265, -5.364418e-7), (-12.693264, -48.192997, -1.6711009), (-6.6686954, -49.448395, 0.87794995), (-9.321875, -48.934265, 2.4977877), (-12.693266, -48.192997, 1.6710995), (-6.214235, -49.448395, 2.57402), (-8.357762, -48.934265, 4.825356), (-11.828243, -48.192997, 4.8994174), (-5.3362846, -49.448395, 4.0946746), (-6.8240857, -48.934265, 6.824084), (-10.157143, -48.192997, 7.7938485), (-4.0946755, -49.448395, 5.336284), (-4.825356, -48.934265, 8.357762), (-7.7938495, -48.192997, 10.157143), (-2.57402, -49.448395, 6.214235), (-2.4977884, -48.934265, 9.321872), (-4.8994184, -48.192997, 11.828242), (-0.8779504, -49.448395, 6.6686954), (0, -48.934265, 9.650713), (-1.6711006, -48.192997, 12.693268), (0.8779504, -49.448395, 6.6686954), (2.4977884, -48.934265, 9.321873), (1.6711006, -48.192997, 12.693268), (2.57402, -49.448395, 6.214236), (4.825356, -48.934265, 8.357763), (4.8994184, -48.192997, 11.828242), (4.0946755, -49.448395, 5.336285), (6.8240857, -48.934265, 6.824085), (7.7938495, -48.192997, 10.157144), (5.3362846, -49.448395, 4.094676), (8.357762, -48.934265, 4.8253574), (10.157143, -48.192997, 7.7938504), (6.214235, -49.448395, 2.5740209), (9.321875, -48.934265, 2.497789), (11.828244, -48.192997, 4.899419), (6.668699, -49.448395, 0.8779506), (9.650717, -48.934265, 2.9802322e-7), (12.693272, -48.192997, 1.6711006), (6.6686983, -49.448395, -0.87794983), (12.693267, -48.192997, -1.6710993), (13.770618, -47.24513, -7.9504676), (17.488943, -46.095173, -7.244155), (15.359128, -47.24513, -4.115464), (11.243662, -47.24513, -11.243659), (15.018097, -46.095173, -11.5237875), (7.950471, -47.24513, -13.770615), (11.523792, -46.095173, -15.018092), (4.1154666, -47.24513, -15.359125), (7.2441583, -46.095173, -17.48894), (0, -47.24513, -15.900938), (2.4708471, -46.095173, -18.767946), (-4.115466, -47.24513, -15.359127), (-2.4708467, -46.095173, -18.767948), (-7.950468, -47.24513, -13.770618), (-7.244155, -46.095173, -17.488943), (-11.243662, -47.24513, -11.243663), (-11.52379, -46.095173, -15.018097), (-13.770618, -47.24513, -7.9504714), (-15.018097, -46.095173, -11.523792), (-15.359127, -47.24513, -4.115467), (-17.488943, -46.095173, -7.2441587), (-15.900938, -47.24513, -8.940697e-7), (-18.767948, -46.095173, -2.4708483), (-15.359131, -47.24513, 4.1154656), (-18.767948, -46.095173, 2.4708467), (-13.770618, -47.24513, 7.9504704), (-17.488943, -46.095173, 7.2441573), (-11.243666, -47.24513, 11.243663), (-15.018097, -46.095173, 11.523792), (-7.9504714, -47.24513, 13.770619), (-11.523792, -46.095173, 15.018099), (-4.1154666, -47.24513, 15.359131), (-7.2441587, -46.095173, 17.488945), (0, -47.24513, 15.900944), (-2.4708471, -46.095173, 18.76795), (4.1154666, -47.24513, 15.359133), (2.4708471, -46.095173, 18.767952), (7.9504714, -47.24513, 13.770623), (7.2441587, -46.095173, 17.488949), (11.243664, -47.24513, 11.243667), (11.523792, -46.095173, 15.018102), (13.770621, -47.24513, 7.9504724), (15.018101, -46.095173, 11.523795), (15.359134, -47.24513, 4.1154675), (17.488949, -46.095173, 7.24416), (15.900946, -47.24513, 4.4703484e-7), (18.767954, -46.095173, 2.470848), (18.767952, -46.095173, -2.470846), (18.947855, -44.74762, -10.939546), (22.850407, -43.208656, -9.464944), (21.13359, -44.74762, -5.6627245), (15.470861, -44.74762, -15.470854), (19.62209, -43.208656, -15.056552), (10.93955, -44.74762, -18.94785), (15.056557, -43.208656, -19.622084), (5.6627274, -44.74762, -21.133583), (9.464947, -43.208656, -22.8504), (4.7683716e-7, -44.74762, -21.879095), (3.2283177, -43.208656, -24.5215), (-5.662724, -44.74762, -21.133587), (-3.2283144, -43.208656, -24.521502), (-10.939547, -44.74762, -18.947857), (-9.464943, -43.208656, -22.850405), (-15.470861, -44.74762, -15.470861), (-15.056557, -43.208656, -19.62209), (-18.947855, -44.74762, -10.939552), (-19.62209, -43.208656, -15.05656), (-21.133589, -44.74762, -5.662729), (-22.850407, -43.208656, -9.464949), (-21.879097, -44.74762, -0.0000012516975), (-24.521505, -43.208656, -3.2283187), (-21.133589, -44.74762, 5.662727), (-24.521507, -43.208656, 3.2283165), (-18.947855, -44.74762, 10.93955), (-22.850407, -43.208656, 9.464947), (-15.470861, -44.74762, 15.470861), (-19.622091, -43.208656, 15.056558), (-10.939552, -44.74762, 18.947857), (-15.05656, -43.208656, 19.62209), (-5.662728, -44.74762, 21.133589), (-9.464951, -43.208656, 22.850407), (0, -44.74762, 21.8791), (-3.2283177, -43.208656, 24.521507), (5.662728, -44.74762, 21.13359), (3.2283177, -43.208656, 24.52151), (10.939552, -44.74762, 18.94786), (9.464951, -43.208656, 22.85041), (15.470861, -44.74762, 15.470864), (15.056562, -43.208656, 19.622095), (18.947857, -44.74762, 10.939554), (19.622091, -43.208656, 15.056563), (21.13359, -44.74762, 5.6627297), (22.850407, -43.208656, 9.4649515), (21.8791, -44.74762, 6.2584877e-7), (24.521507, -43.208656, 3.2283187), (24.521507, -43.208656, -3.2283154), (23.800888, -41.484467, -13.741446), (27.820889, -39.58283, -11.523786), (26.546444, -41.484467, -7.1130943), (19.433346, -41.484467, -19.433342), (23.89034, -39.58283, -18.331696), (13.741449, -41.484467, -23.800886), (18.331705, -39.58283, -23.890333), (7.113099, -41.484467, -26.546438), (11.523792, -39.58283, -27.820883), (9.536743e-7, -41.484467, -27.482895), (3.930552, -39.58283, -29.855488), (-7.113093, -41.484467, -26.546442), (-3.9305472, -39.58283, -29.85549), (-13.741446, -41.484467, -23.80089), (-11.523785, -39.58283, -27.820889), (-19.433346, -41.484467, -19.433346), (-18.3317, -39.58283, -23.890343), (-23.800888, -41.484467, -13.741452), (-23.89034, -39.58283, -18.331705), (-26.546448, -41.484467, -7.1130996), (-27.82089, -39.58283, -11.523792), (-27.482903, -41.484467, -0.0000015199184), (-29.855495, -39.58283, -3.930552), (-26.54645, -41.484467, 7.113097), (-29.855497, -39.58283, 3.9305491), (-23.800892, -41.484467, 13.74145), (-27.820898, -39.58283, 11.52379), (-19.433348, -41.484467, 19.433348), (-23.890347, -39.58283, 18.331705), (-13.741453, -41.484467, 23.800892), (-18.331707, -39.58283, 23.890345), (-7.1130996, -41.484467, 26.546448), (-11.523792, -39.58283, 27.820896), (0, -41.484467, 27.482903), (-3.9305515, -39.58283, 29.8555), (7.1130996, -41.484467, 26.54645), (3.9305515, -39.58283, 29.8555), (13.741455, -41.484467, 23.800896), (11.523792, -39.58283, 27.820898), (19.433352, -41.484467, 19.433352), (18.33171, -39.58283, 23.890348), (23.800896, -41.484467, 13.741455), (23.890352, -39.58283, 18.33171), (26.54645, -41.484467, 7.113101), (27.8209, -39.58283, 11.523795), (27.482904, -41.484467, 8.34465e-7), (29.855503, -39.58283, 3.9305515), (29.855497, -39.58283, -3.9305482), (28.246685, -37.511505, -16.308224), (32.315353, -35.27972, -13.385451), (31.505085, -37.511505, -8.441757), (23.063322, -37.511505, -23.063314), (27.749823, -35.27972, -21.29318), (16.308233, -37.511505, -28.246675), (21.293188, -35.27972, -27.749813), (8.441765, -37.511505, -31.505074), (13.385462, -35.27972, -32.315346), (0.0000038146973, -37.511505, -32.616455), (4.565535, -35.27972, -34.678635), (-8.441757, -37.511505, -31.50508), (-4.5655246, -35.27972, -34.678642), (-16.308226, -37.511505, -28.246685), (-13.385453, -35.27972, -32.31535), (-23.06332, -37.511505, -23.063322), (-21.293186, -35.27972, -27.74982), (-28.246685, -37.511505, -16.308231), (-27.749825, -35.27972, -21.293188), (-31.505083, -37.511505, -8.441763), (-32.315357, -35.27972, -13.385458), (-32.616463, -37.511505, -0.0000017881393), (-34.67865, -35.27972, -4.565532), (-31.505087, -37.511505, 8.441761), (-34.678646, -35.27972, 4.565529), (-28.246689, -37.511505, 16.308231), (-32.315357, -35.27972, 13.385456), (-23.063326, -37.511505, 23.063322), (-27.749825, -35.27972, 21.293186), (-16.308233, -37.511505, 28.246687), (-21.29319, -35.27972, 27.749825), (-8.441764, -37.511505, 31.505089), (-13.385462, -35.27972, 32.315357), (0, -37.511505, 32.616467), (-4.5655317, -35.27972, 34.678654), (8.441764, -37.511505, 31.505089), (4.5655317, -35.27972, 34.678654), (16.308235, -37.511505, 28.246693), (13.38546, -35.27972, 32.31536), (23.063328, -37.511505, 23.06333), (21.293192, -35.27972, 27.749834), (28.246693, -37.511505, 16.308237), (27.749828, -35.27972, 21.293196), (31.50509, -37.511505, 8.441765), (32.315357, -35.27972, 13.385462), (32.61647, -37.511505, 0.000001013279), (34.678658, -35.27972, 4.5655317), (34.678654, -35.27972, -4.5655274), (32.20917, -32.89671, -18.595964), (36.256886, -30.372974, -15.018089), (35.92466, -32.89671, -9.625978), (26.298677, -32.89671, -26.298668), (31.134495, -30.372974, -23.890331), (18.595974, -32.89671, -32.20916), (23.89034, -30.372974, -31.134487), (9.625986, -32.89671, -35.924652), (15.018097, -30.372974, -36.25688), (0.00000667572, -32.89671, -37.191936), (5.122398, -30.372974, -38.90843), (-9.625978, -32.89671, -35.924656), (-5.1223865, -30.372974, -38.908432), (-18.595968, -32.89671, -32.20917), (-15.018091, -30.372974, -36.25689), (-26.29868, -32.89671, -26.298681), (-23.890339, -30.372974, -31.134502), (-32.209175, -32.89671, -18.595976), (-31.134495, -30.372974, -23.890345), (-35.924667, -32.89671, -9.625986), (-36.256893, -30.372974, -15.018099), (-37.19195, -32.89671, -0.0000021457672), (-38.908443, -30.372974, -5.122395), (-35.924667, -32.89671, 9.625983), (-38.90844, -30.372974, 5.1223907), (-32.209175, -32.89671, 18.595972), (-36.256897, -30.372974, 15.018095), (-26.298683, -32.89671, 26.298681), (-31.134506, -30.372974, 23.890345), (-18.595976, -32.89671, 32.209175), (-23.890347, -30.372974, 31.134502), (-9.625986, -32.89671, 35.924667), (-15.018099, -30.372974, 36.256897), (0, -32.89671, 37.191956), (-5.122394, -30.372974, 38.908443), (9.625986, -32.89671, 35.924667), (5.122394, -30.372974, 38.908443), (18.595978, -32.89671, 32.20918), (15.018099, -30.372974, 36.256897), (26.298685, -32.89671, 26.298687), (23.890348, -30.372974, 31.134506), (32.20918, -32.89671, 18.595982), (31.134508, -30.372974, 23.890348), (35.924675, -32.89671, 9.625987), (36.256905, -30.372974, 15.018102), (37.19196, -32.89671, 0.0000010728836), (38.908455, -30.372974, 5.1223946), (38.908443, -30.372974, -5.12239), (35.62054, -27.71904, -20.565525), (39.578056, -24.946537, -16.393763), (39.729557, -27.71904, -10.645497), (29.084055, -27.71904, -29.084045), (33.98645, -24.946537, -26.078716), (20.565533, -27.71904, -35.62054), (26.078724, -24.946537, -33.986443), (10.645506, -27.71904, -39.729553), (16.393772, -24.946537, -39.578053), (0.00000667572, -27.71904, -41.131058), (5.5916147, -24.946537, -42.472485), (-10.645499, -27.71904, -39.729557), (-5.5916033, -24.946537, -42.47249), (-20.565529, -27.71904, -35.62055), (-16.393764, -24.946537, -39.57806), (-29.084053, -27.71904, -29.084059), (-26.078718, -24.946537, -33.98645), (-35.62055, -27.71904, -20.565536), (-33.98645, -24.946537, -26.078724), (-39.729565, -27.71904, -10.645506), (-39.578064, -24.946537, -16.393772), (-41.131073, -27.71904, -0.0000023841858), (-42.472496, -24.946537, -5.591612), (-39.729565, -27.71904, 10.645502), (-42.472496, -24.946537, 5.591608), (-35.620552, -27.71904, 20.565533), (-39.578064, -24.946537, 16.39377), (-29.084063, -27.71904, 29.084059), (-33.986458, -24.946537, 26.078722), (-20.565538, -27.71904, 35.620552), (-26.078726, -24.946537, 33.986458), (-10.645506, -27.71904, 39.72957), (-16.393774, -24.946537, 39.578068), (0, -27.71904, 41.131073), (-5.591611, -24.946537, 42.4725), (10.645506, -27.71904, 39.72957), (5.591611, -24.946537, 42.4725), (20.565536, -27.71904, 35.620556), (16.393772, -24.946537, 39.57807), (29.084064, -27.71904, 29.084066), (26.078726, -24.946537, 33.98646), (35.620556, -27.71904, 20.56554), (33.98646, -24.946537, 26.078732), (39.729576, -27.71904, 10.645508), (39.57807, -24.946537, 16.393778), (41.131077, -27.71904, 0.0000013113022), (42.472504, -24.946537, 5.591612), (42.472492, -24.946537, -5.5916066), (38.42244, -22.067093, -22.183203), (42.22204, -19.093252, -17.488935), (42.854668, -22.067093, -11.482868), (31.371796, -22.067093, -31.37179), (36.256886, -19.093252, -27.820879), (22.18321, -22.067093, -38.42244), (27.820889, -19.093252, -36.25688), (11.482878, -22.067093, -42.854664), (17.488943, -19.093252, -42.22203), (0.00000667572, -22.067093, -44.366417), (5.965158, -19.093252, -45.309822), (-11.48287, -22.067093, -42.854668), (-5.9651465, -19.093252, -45.30983), (-22.183208, -22.067093, -38.422443), (-17.48894, -19.093252, -42.22204), (-31.371796, -22.067093, -31.3718), (-27.820885, -19.093252, -36.25689), (-38.422443, -22.067093, -22.183212), (-36.256886, -19.093252, -27.820892), (-42.854675, -22.067093, -11.482878), (-42.222042, -19.093252, -17.488943), (-44.366425, -22.067093, -0.0000024437904), (-45.309837, -19.093252, -5.9651546), (-42.854675, -22.067093, 11.482874), (-45.309837, -19.093252, 5.9651504), (-38.422455, -22.067093, 22.183212), (-42.22205, -19.093252, 17.488941), (-31.371805, -22.067093, 31.371801), (-36.256897, -19.093252, 27.820892), (-22.183216, -22.067093, 38.42245), (-27.820898, -19.093252, 36.256897), (-11.482878, -22.067093, 42.85468), (-17.488947, -19.093252, 42.22205), (0, -22.067093, 44.366425), (-5.965154, -19.093252, 45.309837), (11.482878, -22.067093, 42.854683), (5.965154, -19.093252, 45.309837), (22.18321, -22.067093, 38.422455), (17.488943, -19.093252, 42.22205), (31.371805, -22.067093, 31.371807), (27.820894, -19.093252, 36.256897), (38.422455, -22.067093, 22.183216), (36.2569, -19.093252, 27.820898), (42.854687, -22.067093, 11.48288), (42.222054, -19.093252, 17.488949), (44.366432, -22.067093, 0.0000014305115), (45.30985, -19.093252, 5.9651546), (45.309837, -19.093252, -5.965149), (40.56693, -16.037569, -23.42132), (44.143585, -12.913282, -18.284868), (45.246525, -16.037569, -12.123765), (33.12276, -16.037569, -33.122753), (37.90696, -12.913282, -29.087027), (23.42133, -16.037569, -40.566925), (29.087038, -12.913282, -37.90695), (12.123774, -16.037569, -45.24652), (18.284876, -12.913282, -44.14358), (0.00000667572, -16.037569, -46.842648), (6.236636, -12.913282, -47.3719), (-12.123768, -16.037569, -45.24653), (-6.2366247, -12.913282, -47.371906), (-23.421326, -16.037569, -40.56693), (-18.28487, -12.913282, -44.143593), (-33.122757, -16.037569, -33.12276), (-29.087032, -12.913282, -37.906963), (-40.56693, -16.037569, -23.42133), (-37.90696, -12.913282, -29.087038), (-45.246532, -16.037569, -12.123774), (-44.143593, -12.913282, -18.284876), (-46.84266, -16.037569, -0.0000025629997), (-47.371914, -12.913282, -6.2366323), (-45.246536, -16.037569, 12.123771), (-47.371914, -12.913282, 6.2366285), (-40.566936, -16.037569, 23.42133), (-44.143597, -12.913282, 18.284874), (-33.12277, -16.037569, 33.122765), (-37.906967, -12.913282, 29.087038), (-23.421333, -16.037569, 40.566936), (-29.08704, -12.913282, 37.906963), (-12.1237755, -16.037569, 45.246536), (-18.284878, -12.913282, 44.143597), (0, -16.037569, 46.842667), (-6.2366323, -12.913282, 47.37192), (12.123774, -16.037569, 45.246536), (6.2366323, -12.913282, 47.371918), (23.42133, -16.037569, 40.56694), (18.28488, -12.913282, 44.143604), (33.12277, -16.037569, 33.122772), (29.08704, -12.913282, 37.906975), (40.56694, -16.037569, 23.421335), (37.90697, -12.913282, 29.087044), (45.24654, -16.037569, 12.123776), (44.143604, -12.913282, 18.284882), (46.84267, -16.037569, 0.0000013709068), (47.37192, -12.913282, 6.2366323), (47.371914, -12.913282, -6.236627), (42.0173, -9.73364, -24.258694), (45.30983, -6.5123587, -18.767939), (46.864204, -9.73364, -12.55722), (34.306984, -9.73364, -34.306973), (38.908436, -6.5123587, -29.855482), (24.258701, -9.73364, -42.01729), (29.85549, -6.5123587, -38.908424), (12.55723, -9.73364, -46.864197), (18.767948, -6.5123587, -45.309822), (0.00000667572, -9.73364, -48.517387), (6.4014025, -6.5123587, -48.62343), (-12.557222, -9.73364, -46.864204), (-6.401391, -6.5123587, -48.623436), (-24.258698, -9.73364, -42.017303), (-18.767942, -6.5123587, -45.309834), (-34.30698, -9.73364, -34.30699), (-29.855488, -6.5123587, -38.90844), (-42.017303, -9.73364, -24.258703), (-38.908436, -6.5123587, -29.8555), (-46.86421, -9.73364, -12.557229), (-45.309837, -6.5123587, -18.76795), (-48.517406, -9.73364, -0.0000027418137), (-48.623444, -6.5123587, -6.4014), (-46.864212, -9.73364, 12.557227), (-48.623444, -6.5123587, 6.401396), (-42.017307, -9.73364, 24.258701), (-45.309837, -6.5123587, 18.767948), (-34.30699, -9.73364, 34.306988), (-38.908443, -6.5123587, 29.855495), (-24.258703, -9.73364, 42.017307), (-29.8555, -6.5123587, 38.908443), (-12.557231, -9.73364, 46.864212), (-18.767952, -6.5123587, 45.309837), (0, -9.73364, 48.517414), (-6.4013987, -6.5123587, 48.623447), (12.557232, -9.73364, 46.86422), (6.4013987, -6.5123587, 48.62345), (24.258707, -9.73364, 42.017315), (18.767954, -6.5123587, 45.309845), (34.30699, -9.73364, 34.306995), (29.855503, -6.5123587, 38.908447), (42.01732, -9.73364, 24.258707), (38.90845, -6.5123587, 29.855503), (46.864223, -9.73364, 12.557232), (45.30985, -6.5123587, 18.767954), (48.517414, -9.73364, 0.0000014305115), (48.623455, -6.5123587, 6.4013996), (48.623444, -6.5123587, -6.4013934), (42.74874, -3.263159, -24.680992), (45.7008, 0, -18.929888), (47.680027, -3.263159, -12.775819), (34.9042, -3.263159, -34.904194), (39.24417, 0, -30.113106), (24.680998, -3.263159, -42.748734), (30.113113, 0, -39.244167), (12.775827, -3.263159, -47.68002), (18.929895, 0, -45.700794), (0.00000667572, -3.263159, -49.361984), (6.4566393, 0, -49.042995), (-12.775819, -3.263159, -47.680027), (-6.456628, 0, -49.043003), (-24.680994, -3.263159, -42.74874), (-18.92989, 0, -45.700806), (-34.904198, -3.263159, -34.90421), (-30.11311, 0, -39.244175), (-42.748745, -3.263159, -24.681004), (-39.24417, 0, -30.113117), (-47.68003, -3.263159, -12.775828), (-45.700813, 0, -18.929897), (-49.362, -3.263159, -0.0000027418137), (-49.043015, 0, -6.4566374), (-47.680035, -3.263159, 12.775824), (-49.043015, 0, 6.4566326), (-42.74875, -3.263159, 24.681), (-45.700813, 0, 18.929893), (-34.90421, -3.263159, 34.90421), (-39.24418, 0, 30.113115), (-24.681004, -3.263159, 42.748753), (-30.113121, 0, 39.24418), (-12.775827, -3.263159, 47.68004), (-18.929897, 0, 45.700813), (0, -3.263159, 49.362007), (-6.4566355, 0, 49.04302), (12.775827, -3.263159, 47.68004), (6.4566355, 0, 49.043022), (24.681005, -3.263159, 42.748753), (18.9299, 0, 45.700825), (34.904217, -3.263159, 34.904213), (30.113123, 0, 39.244186), (42.748756, -3.263159, 24.681007), (39.244186, 0, 30.113125), (47.680046, -3.263159, 12.77583), (45.700825, 0, 18.929903), (49.362007, -3.263159, 0.0000014901161), (49.043026, 0, 6.456637), (49.043015, 0, -6.456631), (8.915766, -48.93427, -3.6930294), (7.6561413, -48.93427, -5.8747616), (5.8747635, -48.93427, -7.656139), (3.6930313, -48.93427, -8.915763), (1.2596245, -48.93427, -9.567793), (-1.2596245, -48.93427, -9.567794), (-3.6930313, -48.93427, -8.915766), (-5.8747635, -48.93427, -7.6561418), (-7.6561413, -48.93427, -5.8747644), (-8.915766, -48.93427, -3.6930318), (-9.567795, -48.93427, -1.2596247), (-9.567797, -48.93427, 1.2596236), (-8.915768, -48.93427, 3.6930308), (-7.656143, -48.93427, 5.8747644), (-5.8747654, -48.93427, 7.656142), (-3.6930313, -48.93427, 8.915767), (-1.2596245, -48.93427, 9.567797), (1.2596245, -48.93427, 9.567797), (3.6930313, -48.93427, 8.915768), (5.8747654, -48.93427, 7.656144), (7.656143, -48.93427, 5.874766), (8.915768, -48.93427, 3.6930323), (9.5678005, -48.93427, 1.2596246), (9.567799, -48.93427, -1.2596234), (14.69001, -47.245132, -6.0847993), (12.614597, -47.245132, -9.679518), (9.679522, -47.245132, -12.6145935), (6.0848026, -47.245132, -14.690008), (2.0754128, -47.245132, -15.76432), (-2.0754128, -47.245132, -15.764322), (-6.0848007, -47.245132, -14.69001), (-9.67952, -47.245132, -12.614599), (-12.614597, -47.245132, -9.6795225), (-14.69001, -47.245132, -6.0848026), (-15.764322, -47.245132, -2.0754135), (-15.764324, -47.245132, 2.0754118), (-14.690012, -47.245132, 6.0848017), (-12.614599, -47.245132, 9.6795225), (-9.679523, -47.245132, 12.614599), (-6.0848026, -47.245132, 14.690013), (-2.0754128, -47.245132, 15.764326), (2.0754128, -47.245132, 15.764326), (6.0848026, -47.245132, 14.690015), (9.679523, -47.245132, 12.614602), (12.614601, -47.245132, 9.679525), (14.690016, -47.245132, 6.0848036), (15.76433, -47.245132, 2.0754132), (15.764326, -47.245132, -2.0754113), (20.212906, -44.74762, -8.372457), (17.357216, -44.74762, -13.318656), (13.318661, -44.74762, -17.35721), (8.372459, -44.74762, -20.2129), (2.85569, -44.74762, -21.691114), (-2.855688, -44.74762, -21.691116), (-8.372456, -44.74762, -20.212904), (-13.318659, -44.74762, -17.357216), (-17.357216, -44.74762, -13.318662), (-20.212906, -44.74762, -8.372461), (-21.69112, -44.74762, -2.8556914), (-21.69112, -44.74762, 2.855689), (-20.212906, -44.74762, 8.372459), (-17.357216, -44.74762, 13.318661), (-13.318663, -44.74762, 17.357218), (-8.372461, -44.74762, 20.21291), (-2.85569, -44.74762, 21.691124), (2.85569, -44.74762, 21.691124), (8.372461, -44.74762, 20.21291), (13.318663, -44.74762, 17.357222), (17.357218, -44.74762, 13.318665), (20.21291, -44.74762, 8.372463), (21.691124, -44.74762, 2.855691), (21.691122, -44.74762, -2.8556886), (25.38995, -41.484467, -10.516858), (21.802845, -41.484467, -16.729908), (16.729912, -41.484467, -21.802837), (10.516863, -41.484467, -25.389946), (3.5871067, -41.484467, -27.246769), (-3.587103, -41.484467, -27.24677), (-10.516857, -41.484467, -25.38995), (-16.72991, -41.484467, -21.802847), (-21.802845, -41.484467, -16.729914), (-25.389952, -41.484467, -10.516864), (-27.246777, -41.484467, -3.5871077), (-27.246778, -41.484467, 3.5871048), (-25.389956, -41.484467, 10.516862), (-21.802849, -41.484467, 16.729914), (-16.729916, -41.484467, 21.802849), (-10.516865, -41.484467, 25.389956), (-3.5871067, -41.484467, 27.24678), (3.5871067, -41.484467, 27.24678), (10.516865, -41.484467, 25.38996), (16.729918, -41.484467, 21.802853), (21.802853, -41.484467, 16.729918), (25.389957, -41.484467, 10.516867), (27.24678, -41.484467, 3.5871072), (27.246777, -41.484467, -3.5871038), (30.132568, -37.511505, -12.481314), (25.875423, -37.511505, -19.854904), (19.854912, -37.511505, -25.875416), (12.481321, -37.511505, -30.13256), (4.2571487, -37.511505, -32.33622), (-4.257141, -37.511505, -32.336224), (-12.481314, -37.511505, -30.132568), (-19.854908, -37.511505, -25.875423), (-25.875423, -37.511505, -19.854912), (-30.13257, -37.511505, -12.481321), (-32.33623, -37.511505, -4.2571473), (-32.336235, -37.511505, 4.257144), (-30.132574, -37.511505, 12.481318), (-25.875427, -37.511505, 19.854912), (-19.854914, -37.511505, 25.875425), (-12.481321, -37.511505, 30.132574), (-4.257147, -37.511505, 32.336235), (4.257147, -37.511505, 32.336235), (12.481321, -37.511505, 30.132576), (19.854916, -37.511505, 25.875433), (25.875431, -37.511505, 19.85492), (30.132576, -37.511505, 12.481323), (32.33624, -37.511505, 4.257147), (32.336235, -37.511505, -4.257143), (34.359608, -32.89671, -14.23221), (29.505264, -32.89671, -22.640179), (22.640186, -32.89671, -29.505257), (14.232218, -32.89671, -34.3596), (4.854349, -32.89671, -36.8724), (-4.8543377, -32.89671, -36.8724), (-14.232212, -32.89671, -34.359608), (-22.640184, -32.89671, -29.505266), (-29.505266, -32.89671, -22.64019), (-34.35961, -32.89671, -14.23222), (-36.872406, -32.89671, -4.8543463), (-36.872406, -32.89671, 4.8543425), (-34.359615, -32.89671, 14.232216), (-29.50527, -32.89671, 22.640188), (-22.64019, -32.89671, 29.505268), (-14.23222, -32.89671, 34.359615), (-4.8543453, -32.89671, 36.872406), (4.8543453, -32.89671, 36.872414), (14.23222, -32.89671, 34.35962), (22.640192, -32.89671, 29.505276), (29.505272, -32.89671, 22.640196), (34.35962, -32.89671, 14.232222), (36.872417, -32.89671, 4.8543453), (36.87241, -32.89671, -4.854341), (37.99874, -27.71904, -15.739591), (32.63026, -27.71904, -25.038074), (25.038082, -27.71904, -32.630257), (15.739597, -27.71904, -37.99874), (5.3684883, -27.71904, -40.777668), (-5.368477, -27.71904, -40.77767), (-15.739592, -27.71904, -37.998745), (-25.038078, -27.71904, -32.630264), (-32.630264, -27.71904, -25.038086), (-37.99875, -27.71904, -15.739599), (-40.77768, -27.71904, -5.3684855), (-40.777683, -27.71904, 5.3684816), (-37.998753, -27.71904, 15.739596), (-32.630272, -27.71904, 25.038084), (-25.038088, -27.71904, 32.63027), (-15.739601, -27.71904, 37.998756), (-5.3684845, -27.71904, 40.777687), (5.3684845, -27.71904, 40.777687), (15.739599, -27.71904, 37.998756), (25.038088, -27.71904, 32.630276), (32.630272, -27.71904, 25.038092), (37.99876, -27.71904, 15.739603), (40.777695, -27.71904, 5.3684855), (40.777683, -27.71904, -5.36848), (40.98771, -22.067091, -16.977661), (35.196945, -22.067091, -27.00756), (27.007568, -22.067091, -35.196938), (16.977669, -22.067091, -40.9877), (5.7907715, -22.067091, -43.985226), (-5.79076, -22.067091, -43.985233), (-16.977663, -22.067091, -40.987713), (-27.007565, -22.067091, -35.19695), (-35.196945, -22.067091, -27.007572), (-40.987717, -22.067091, -16.977669), (-43.985237, -22.067091, -5.7907686), (-43.98524, -22.067091, 5.7907643), (-40.98772, -22.067091, 16.977667), (-35.196957, -22.067091, 27.00757), (-27.007576, -22.067091, 35.196953), (-16.977673, -22.067091, 40.98772), (-5.7907677, -22.067091, 43.985245), (5.7907677, -22.067091, 43.98525), (16.977669, -22.067091, 40.987724), (27.007572, -22.067091, 35.19696), (35.196957, -22.067091, 27.007578), (40.98773, -22.067091, 16.977673), (43.985252, -22.067091, 5.7907686), (43.985237, -22.067091, -5.790763), (43.275368, -16.037569, -17.92524), (37.161404, -16.037569, -28.514942), (28.51495, -16.037569, -37.161396), (17.92525, -16.037569, -43.275364), (6.1139736, -16.037569, -46.440186), (-6.113962, -16.037569, -46.44019), (-17.925243, -16.037569, -43.27537), (-28.514946, -16.037569, -37.161407), (-37.1614, -16.037569, -28.514952), (-43.275375, -16.037569, -17.92525), (-46.440197, -16.037569, -6.1139708), (-46.4402, -16.037569, 6.1139655), (-43.27538, -16.037569, 17.925245), (-37.161415, -16.037569, 28.51495), (-28.514956, -16.037569, 37.161407), (-17.925251, -16.037569, 43.275383), (-6.11397, -16.037569, 46.4402), (6.11397, -16.037569, 46.440205), (17.92525, -16.037569, 43.275383), (28.514954, -16.037569, 37.161415), (37.161415, -16.037569, 28.51496), (43.275383, -16.037569, 17.925253), (46.440216, -16.037569, 6.11397), (46.4402, -16.037569, -6.113964), (44.82258, -9.733639, -18.566113), (38.49002, -9.733639, -29.534422), (29.534431, -9.733639, -38.49001), (18.566122, -9.733639, -44.822563), (6.3325634, -9.733639, -48.10054), (-6.332552, -9.733639, -48.100548), (-18.566116, -9.733639, -44.82258), (-29.534428, -9.733639, -38.49002), (-38.49002, -9.733639, -29.534435), (-44.82258, -9.733639, -18.566124), (-48.100555, -9.733639, -6.3325605), (-48.100555, -9.733639, 6.332556), (-44.822582, -9.733639, 18.56612), (-38.49003, -9.733639, 29.534433), (-29.534437, -9.733639, 38.490025), (-18.566124, -9.733639, 44.822586), (-6.3325596, -9.733639, 48.100563), (6.3325596, -9.733639, 48.100563), (18.566126, -9.733639, 44.82259), (29.53444, -9.733639, 38.490032), (38.490032, -9.733639, 29.534443), (44.822594, -9.733639, 18.566128), (48.10057, -9.733639, 6.33256), (48.100555, -9.733639, -6.3325543), (45.60285, -3.263159, -18.889315), (39.160057, -3.263159, -30.048563), (30.048569, -3.263159, -39.16005), (18.889322, -3.263159, -45.602844), (6.4428005, -3.263159, -48.93788), (-6.442789, -3.263159, -48.937885), (-18.889317, -3.263159, -45.60285), (-30.048567, -3.263159, -39.160065), (-39.160057, -3.263159, -30.048574), (-45.60286, -3.263159, -18.889324), (-48.937897, -3.263159, -6.4427986), (-48.937897, -3.263159, 6.442794), (-45.602863, -3.263159, 18.889322), (-39.160065, -3.263159, 30.048574), (-30.048576, -3.263159, 39.160065), (-18.889324, -3.263159, 45.602867), (-6.4427967, -3.263159, 48.9379), (6.4427967, -3.263159, 48.937904), (18.889326, -3.263159, 45.602867), (30.04858, -3.263159, 39.160072), (39.160072, -3.263159, 30.048582), (45.602875, -3.263159, 18.889328), (48.937912, -3.263159, 6.442798), (48.937897, -3.263159, -6.442792), (45.60285, 3.263159, -18.889315), (39.160057, 3.263159, -30.048561), (30.048569, 3.263159, -39.16005), (18.889322, 3.263159, -45.602844), (6.4428005, 3.263159, -48.93788), (-6.442789, 3.263159, -48.937885), (-18.889317, 3.263159, -45.60285), (-30.048567, 3.263159, -39.16006), (-39.160057, 3.263159, -30.048576), (-45.60286, 3.263159, -18.889324), (-48.937897, 3.263159, -6.4427986), (-48.937897, 3.263159, 6.442794), (-45.602863, 3.263159, 18.88932), (-39.160065, 3.263159, 30.048574), (-30.048576, 3.263159, 39.160065), (-18.889324, 3.263159, 45.602863), (-6.4427967, 3.263159, 48.9379), (6.4427967, 3.263159, 48.937904), (18.889326, 3.263159, 45.602867), (30.04858, 3.263159, 39.160072), (39.160072, 3.263159, 30.048584), (45.602867, 3.263159, 18.889328), (48.937912, 3.263159, 6.442798), (48.937897, 3.263159, -6.442792), (44.82257, 9.733639, -18.566113), (38.49002, 9.733639, -29.534424), (29.534431, 9.733639, -38.490013), (18.566122, 9.733639, -44.822567), (6.3325634, 9.733639, -48.10054), (-6.332552, 9.733639, -48.100548), (-18.566116, 9.733639, -44.82258), (-29.534428, 9.733639, -38.490025), (-38.49002, 9.733639, -29.534435), (-44.82258, 9.733639, -18.566124), (-48.100555, 9.733639, -6.3325605), (-48.100555, 9.733639, 6.332556), (-44.822582, 9.733639, 18.56612), (-38.49003, 9.733639, 29.534435), (-29.534437, 9.733639, 38.49003), (-18.566124, 9.733639, 44.822586), (-6.3325596, 9.733639, 48.100563), (6.3325596, 9.733639, 48.10056), (18.566126, 9.733639, 44.822594), (29.53444, 9.733639, 38.490036), (38.490032, 9.733639, 29.534443), (44.822594, 9.733639, 18.566128), (48.10057, 9.733639, 6.33256), (48.100555, 9.733639, -6.3325543), (43.275368, 16.037569, -17.92524), (37.161404, 16.037569, -28.51494), (28.51495, 16.037569, -37.161396), (17.92525, 16.037569, -43.27536), (6.1139736, 16.037569, -46.440186), (-6.113962, 16.037569, -46.440193), (-17.925243, 16.037569, -43.27537), (-28.514946, 16.037569, -37.161407), (-37.1614, 16.037569, -28.514954), (-43.275375, 16.037569, -17.925251), (-46.440197, 16.037569, -6.1139708), (-46.440197, 16.037569, 6.113966), (-43.275375, 16.037569, 17.925245), (-37.161415, 16.037569, 28.514952), (-28.514956, 16.037569, 37.16141), (-17.925251, 16.037569, 43.27538), (-6.11397, 16.037569, 46.44021), (6.11397, 16.037569, 46.44021), (17.92525, 16.037569, 43.275387), (28.514954, 16.037569, 37.161415), (37.161415, 16.037569, 28.51496), (43.27539, 16.037569, 17.925253), (46.440216, 16.037569, 6.11397), (46.4402, 16.037569, -6.113964), (40.98771, 22.067091, -16.97766), (35.196945, 22.067091, -27.00756), (27.007568, 22.067091, -35.19694), (16.977669, 22.067091, -40.9877), (5.7907715, 22.067091, -43.985226), (-5.79076, 22.067091, -43.98523), (-16.977663, 22.067091, -40.987713), (-27.007565, 22.067091, -35.196953), (-35.196945, 22.067091, -27.007572), (-40.987717, 22.067091, -16.97767), (-43.985237, 22.067091, -5.7907686), (-43.98524, 22.067091, 5.7907643), (-40.98772, 22.067091, 16.977667), (-35.196957, 22.067091, 27.00757), (-27.007576, 22.067091, 35.196953), (-16.977673, 22.067091, 40.987724), (-5.7907677, 22.067091, 43.985245), (5.7907677, 22.067091, 43.985245), (16.977669, 22.067091, 40.987724), (27.007572, 22.067091, 35.19696), (35.196957, 22.067091, 27.007578), (40.98773, 22.067091, 16.977674), (43.985252, 22.067091, 5.7907686), (43.985245, 22.067091, -5.790763), (37.99874, 27.719038, -15.739591), (32.63026, 27.719038, -25.038074), (25.038082, 27.719038, -32.630257), (15.739597, 27.719038, -37.998737), (5.3684883, 27.719038, -40.77767), (-5.368477, 27.719038, -40.777676), (-15.739592, 27.719038, -37.998745), (-25.038078, 27.719038, -32.630264), (-32.630264, 27.719038, -25.038086), (-37.99875, 27.719038, -15.739599), (-40.777683, 27.719038, -5.3684855), (-40.777683, 27.719038, 5.368481), (-37.998753, 27.719038, 15.739596), (-32.630272, 27.719038, 25.038084), (-25.038088, 27.719038, 32.63027), (-15.739601, 27.719038, 37.998753), (-5.3684845, 27.719038, 40.777687), (5.3684845, 27.719038, 40.77769), (15.739599, 27.719038, 37.998756), (25.038088, 27.719038, 32.630272), (32.630272, 27.719038, 25.038092), (37.99876, 27.719038, 15.739601), (40.777695, 27.719038, 5.3684855), (40.777683, 27.719038, -5.36848), (34.359608, 32.89671, -14.23221), (29.505264, 32.89671, -22.64018), (22.640186, 32.89671, -29.505257), (14.232218, 32.89671, -34.3596), (4.854349, 32.89671, -36.87239), (-4.8543377, 32.89671, -36.8724), (-14.232212, 32.89671, -34.359608), (-22.640184, 32.89671, -29.505268), (-29.505266, 32.89671, -22.640188), (-34.35961, 32.89671, -14.232219), (-36.872406, 32.89671, -4.8543463), (-36.872406, 32.89671, 4.8543425), (-34.359615, 32.89671, 14.232216), (-29.50527, 32.89671, 22.640188), (-22.64019, 32.89671, 29.505268), (-14.23222, 32.89671, 34.359615), (-4.8543453, 32.89671, 36.872406), (4.8543453, 32.89671, 36.87241), (14.23222, 32.89671, 34.35962), (22.640192, 32.89671, 29.505276), (29.505272, 32.89671, 22.640194), (34.35962, 32.89671, 14.232222), (36.872417, 32.89671, 4.8543453), (36.87241, 32.89671, -4.854341), (30.132568, 37.511505, -12.481313), (25.875423, 37.511505, -19.854904), (19.854912, 37.511505, -25.875416), (12.481321, 37.511505, -30.13256), (4.2571487, 37.511505, -32.336224), (-4.257141, 37.511505, -32.336224), (-12.481314, 37.511505, -30.132568), (-19.854908, 37.511505, -25.875423), (-25.875423, 37.511505, -19.854912), (-30.13257, 37.511505, -12.481321), (-32.33623, 37.511505, -4.2571473), (-32.336235, 37.511505, 4.257144), (-30.132574, 37.511505, 12.481318), (-25.875427, 37.511505, 19.854914), (-19.854914, 37.511505, 25.875427), (-12.481321, 37.511505, 30.132572), (-4.257147, 37.511505, 32.336235), (4.257147, 37.511505, 32.33624), (12.481321, 37.511505, 30.132578), (19.854916, 37.511505, 25.875431), (25.875431, 37.511505, 19.854918), (30.132576, 37.511505, 12.481323), (32.33624, 37.511505, 4.257147), (32.336235, 37.511505, -4.257143), (25.38995, 41.484467, -10.516858), (21.802845, 41.484467, -16.729906), (16.729912, 41.484467, -21.80284), (10.516863, 41.484467, -25.389944), (3.5871067, 41.484467, -27.246769), (-3.587103, 41.484467, -27.24677), (-10.516857, 41.484467, -25.38995), (-16.72991, 41.484467, -21.802847), (-21.802845, 41.484467, -16.729914), (-25.389952, 41.484467, -10.516864), (-27.246777, 41.484467, -3.5871077), (-27.246778, 41.484467, 3.5871048), (-25.389956, 41.484467, 10.516862), (-21.802849, 41.484467, 16.729912), (-16.729916, 41.484467, 21.802849), (-10.516865, 41.484467, 25.389957), (-3.5871067, 41.484467, 27.246778), (3.5871067, 41.484467, 27.24678), (10.516865, 41.484467, 25.389957), (16.729918, 41.484467, 21.802853), (21.802853, 41.484467, 16.72992), (25.389957, 41.484467, 10.516867), (27.24678, 41.484467, 3.5871072), (27.246777, 41.484467, -3.5871038), (20.212906, 44.74762, -8.372456), (17.357216, 44.74762, -13.318655), (13.318661, 44.74762, -17.35721), (8.372459, 44.74762, -20.2129), (2.85569, 44.74762, -21.691114), (-2.855688, 44.74762, -21.691116), (-8.372456, 44.74762, -20.212904), (-13.318659, 44.74762, -17.357216), (-17.357216, 44.74762, -13.318662), (-20.212906, 44.74762, -8.372461), (-21.69112, 44.74762, -2.8556914), (-21.69112, 44.74762, 2.8556893), (-20.212906, 44.74762, 8.372459), (-17.357216, 44.74762, 13.318661), (-13.318663, 44.74762, 17.357218), (-8.372461, 44.74762, 20.21291), (-2.85569, 44.74762, 21.691122), (2.85569, 44.74762, 21.691124), (8.372461, 44.74762, 20.21291), (13.318663, 44.74762, 17.35722), (17.357218, 44.74762, 13.318665), (20.21291, 44.74762, 8.372462), (21.691124, 44.74762, 2.855691), (21.691122, 44.74762, -2.8556886), (14.69001, 47.245132, -6.084799), (12.614597, 47.245132, -9.679519), (9.679522, 47.245132, -12.614595), (6.0848026, 47.245132, -14.690007), (2.0754128, 47.245132, -15.764319), (-2.0754128, 47.245132, -15.764321), (-6.0848007, 47.245132, -14.69001), (-9.67952, 47.245132, -12.614599), (-12.614597, 47.245132, -9.679523), (-14.69001, 47.245132, -6.0848026), (-15.764322, 47.245132, -2.0754135), (-15.764324, 47.245132, 2.0754118), (-14.690012, 47.245132, 6.084801), (-12.614599, 47.245132, 9.679522), (-9.679523, 47.245132, 12.614599), (-6.0848026, 47.245132, 14.690013), (-2.0754128, 47.245132, 15.764325), (2.0754128, 47.245132, 15.764326), (6.0848026, 47.245132, 14.690014), (9.679523, 47.245132, 12.614602), (12.614601, 47.245132, 9.679525), (14.690016, 47.245132, 6.084804), (15.76433, 47.245132, 2.0754132), (15.764326, 47.245132, -2.0754113), (8.915766, 48.934265, -3.6930296), (7.6561413, 48.934265, -5.874762), (5.8747635, 48.934265, -7.6561394), (3.6930313, 48.934265, -8.915764), (1.2596245, 48.934265, -9.567793), (-1.2596245, 48.934265, -9.567794), (-3.6930313, 48.934265, -8.915765), (-5.8747635, 48.934265, -7.6561413), (-7.6561413, 48.934265, -5.8747644), (-8.915766, 48.934265, -3.6930315), (-9.567795, 48.934265, -1.2596247), (-9.567797, 48.934265, 1.2596236), (-8.915768, 48.934265, 3.693031), (-7.656143, 48.934265, 5.8747644), (-5.8747654, 48.934265, 7.656142), (-3.6930313, 48.934265, 8.915767), (-1.2596245, 48.934265, 9.567797), (1.2596245, 48.934265, 9.567797), (3.6930313, 48.934265, 8.915768), (5.8747654, 48.934265, 7.656143), (7.656143, 48.934265, 5.874766), (8.915768, 48.934265, 3.6930325), (9.5678005, 48.934265, 1.2596246), (9.567799, 48.934265, -1.2596234), (3.9852931, -49.714832, -1.6507615), (3.4222488, -49.714832, -2.6259825), (2.6259842, -49.714832, -3.4222472), (1.6507621, -49.714832, -3.9852915), (0.56304425, -49.714832, -4.276745), (-0.56304425, -49.714832, -4.276745), (-1.6507621, -49.714832, -3.9852922), (-2.6259842, -49.714832, -3.4222484), (-3.4222488, -49.714832, -2.6259837), (-3.9852931, -49.714832, -1.6507626), (-4.2767463, -49.714832, -0.56304455), (-4.2767463, -49.714832, 0.5630441), (-3.9852931, -49.714832, 1.6507622), (-3.4222488, -49.714832, 2.6259837), (-2.6259842, -49.714832, 3.4222486), (-1.6507621, -49.714832, 3.9852934), (-0.56304425, -49.714832, 4.2767467), (0.56304425, -49.714832, 4.2767467), (1.6507621, -49.714832, 3.9852936), (2.6259842, -49.714832, 3.4222493), (3.4222488, -49.714832, 2.6259844), (3.9852931, -49.714832, 1.6507628), (4.2767487, -49.714832, 0.5630444), (4.2767487, -49.714832, -0.56304395), (3.9852931, 49.714832, -1.6507615), (3.4222488, 49.714832, -2.6259825), (2.6259842, 49.714832, -3.4222472), (1.6507621, 49.714832, -3.9852915), (0.56304425, 49.714832, -4.276745), (-0.56304425, 49.714832, -4.276745), (-1.6507621, 49.714832, -3.9852922), (-2.6259842, 49.714832, -3.4222484), (-3.4222488, 49.714832, -2.6259837), (-3.9852931, 49.714832, -1.6507626), (-4.2767463, 49.714832, -0.56304455), (-4.2767463, 49.714832, 0.5630441), (-3.9852931, 49.714832, 1.6507622), (-3.4222488, 49.714832, 2.6259837), (-2.6259842, 49.714832, 3.4222486), (-1.6507621, 49.714832, 3.9852934), (-0.56304425, 49.714832, 4.2767467), (0.56304425, 49.714832, 4.2767467), (1.6507621, 49.714832, 3.9852936), (2.6259842, 49.714832, 3.4222493), (3.4222488, 49.714832, 2.6259844), (3.9852931, 49.714832, 1.6507628), (4.2767487, 49.714832, 0.5630444), (4.2767487, 49.714832, -0.56304395)]
                color3f[] primvars:displayColor = [(1, 1, 1)] (
                    customData = {
                        dictionary Maya = {
                            bool generated = 1
                        }
                    }
                )
                bool primvars:doNotCastShadows = 0
                texCoord2f[] primvars:st = [(0.40896523, 0.51879317), (0.41647142, 0.5375706), (0.42858166, 0.5537654), (0.44447094, 0.56627405), (0.46305615, 0.57424414), (0.4830709, 0.5771323), (0.5031512, 0.5747419), (0.52192855, 0.5672358), (0.5381235, 0.5551255), (0.55063206, 0.5392362), (0.5586022, 0.520651), (0.5614903, 0.5006362), (0.5590998, 0.48055583), (0.5515937, 0.4617784), (0.53948355, 0.44558358), (0.5235944, 0.43307495), (0.50500906, 0.42510498), (0.48499432, 0.4222167), (0.46491396, 0.4246071), (0.44613665, 0.4321132), (0.4299417, 0.44422346), (0.41743305, 0.46011275), (0.40946317, 0.47869805), (0.40657485, 0.49871284), (0.33698696, 0.53723395), (0.35171863, 0.57401234), (0.37546712, 0.6057247), (0.40661412, 0.63020986), (0.44303715, 0.6457994), (0.4822539, 0.6514307), (0.5215918, 0.64672005), (0.5583701, 0.6319885), (0.5900825, 0.60824), (0.6145679, 0.5770929), (0.63015735, 0.5406698), (0.63578856, 0.50145316), (0.631078, 0.4621151), (0.6163465, 0.42533663), (0.5925979, 0.39362425), (0.56145096, 0.36913902), (0.5250278, 0.35354954), (0.4858112, 0.34791836), (0.44647315, 0.3526289), (0.40969485, 0.36736038), (0.3779824, 0.39110893), (0.3534972, 0.42225605), (0.33790782, 0.4586791), (0.33227634, 0.49789596), (0.2634917, 0.5561968), (0.2856355, 0.611351), (0.32129973, 0.65889466), (0.3680539, 0.6955877), (0.42271185, 0.71892965), (0.48154858, 0.7273297), (0.54055464, 0.72021526), (0.59570885, 0.6980715), (0.64325255, 0.6624074), (0.6799456, 0.6156532), (0.70328754, 0.56099516), (0.7116875, 0.5021583), (0.7045733, 0.44315213), (0.68242955, 0.38799787), (0.64676523, 0.34045422), (0.6000111, 0.30376115), (0.5453531, 0.2804193), (0.48651618, 0.27201933), (0.4275102, 0.27913368), (0.37235606, 0.30127755), (0.32481235, 0.33694178), (0.28811944, 0.38369602), (0.26477757, 0.4383539), (0.25637752, 0.4971908), (0.18995011, 0.575308), (0.21954611, 0.64884496), (0.26716635, 0.712216), (0.3295656, 0.7611029), (0.4024917, 0.792174), (0.4809745, 0.80331165), (0.5596657, 0.79375696), (0.6332027, 0.764161), (0.696574, 0.7165407), (0.74546087, 0.65414137), (0.77653193, 0.58121526), (0.78766966, 0.50273234), (0.77811486, 0.42404097), (0.7485189, 0.35050392), (0.7008985, 0.28713262), (0.63849914, 0.23824573), (0.5655731, 0.20717478), (0.48709017, 0.19603723), (0.40839896, 0.20559207), (0.334862, 0.23518816), (0.27149063, 0.28280854), (0.22260393, 0.345208), (0.19153309, 0.4181339), (0.1803953, 0.49661678), (0.11631194, 0.5945728), (0.15340304, 0.6865121), (0.21302614, 0.7657189), (0.2911176, 0.8267952), (0.3823561, 0.8655788), (0.48052368, 0.8794267), (0.5789302, 0.8673952), (0.6708697, 0.8303041), (0.75007653, 0.77068114), (0.811153, 0.6925893), (0.84993684, 0.60135067), (0.8637847, 0.503183), (0.851753, 0.40477625), (0.81466186, 0.3128366), (0.75503874, 0.2336297), (0.676947, 0.17255339), (0.5857084, 0.13376981), (0.48754072, 0.11992209), (0.389134, 0.13195387), (0.29719448, 0.16904522), (0.2179877, 0.22866839), (0.1569115, 0.30676013), (0.11812803, 0.39799857), (0.10428019, 0.4961662), (0.042514313, 0.61399436), (0.08714667, 0.72437215), (0.15882623, 0.81943715), (0.25266784, 0.89271104), (0.36227658, 0.9392002), (0.48018295, 0.9557364), (0.5983516, 0.94119275), (0.7087295, 0.89656043), (0.80379486, 0.82488096), (0.8770689, 0.731039), (0.923558, 0.62142986), (0.9400942, 0.50352347), (0.9255506, 0.38535467), (0.880918, 0.27497652), (0.8092384, 0.17991126), (0.7153964, 0.1066374), (0.60578746, 0.060148425), (0.48788098, 0.043612458), (0.36971223, 0.05815639), (0.2593344, 0.102789074), (0.16426928, 0.17446876), (0.09099555, 0.2683106), (0.04450676, 0.37791955), (0.027970638, 0.49582592), (-0.031527307, 0.6335777), (0.020696567, 0.76245165), (0.10449595, 0.8734176), (0.21415992, 0.9589138), (0.34221524, 1.0131136), (0.47993535, 1.0323237), (0.6179346, 1.0152346), (0.74680865, 0.96301067), (0.8577751, 0.87921137), (0.9432715, 0.769547), (0.9974716, 0.64149123), (1.0166814, 0.50377095), (0.99959207, 0.36577135), (0.94736814, 0.23689711), (0.8635686, 0.12593068), (0.7539042, 0.04043454), (0.62584853, -0.013765178), (0.4881282, -0.032974765), (0.35012883, -0.015885133), (0.22125489, 0.03633899), (0.11028868, 0.1201386), (0.02479273, 0.2298029), (-0.029407077, 0.35785848), (-0.048616737, 0.4955786), (-0.10593277, 0.6533328), (-0.04606061, 0.80079097), (0.04993634, 0.9277286), (0.17551625, 1.0254953), (0.3221209, 1.0874283), (0.4797594, 1.1093068), (0.63768935, 1.08964), (0.7851479, 1.029768), (0.912086, 0.93377084), (1.0098529, 0.8081906), (1.0717859, 0.6615856), (1.0936644, 0.50394654), (1.0739975, 0.34601626), (1.0141251, 0.1985576), (0.9181279, 0.071619585), (0.79254764, -0.026147073), (0.6459425, -0.088079706), (0.4883036, -0.109957784), (0.33037347, -0.09029049), (0.18291518, -0.030418035), (0.055977486, 0.06557932), (-0.04178898, 0.19115946), (-0.103721626, 0.3377643), (-0.12559992, 0.49540305), (-0.18087575, 0.67328024), (-0.1132873, 0.83945537), (-0.0049925474, 0.98247504), (0.13662827, 1.0925927), (0.30192405, 1.1623043), (0.47963005, 1.1868589), (0.6576365, 1.164583), (0.82381207, 1.0969946), (0.9668323, 0.9886998), (1.0769502, 0.8470786), (1.146662, 0.6817823), (1.1712165, 0.5040756), (1.1489403, 0.32606888), (1.0813518, 0.15989326), (0.97305655, 0.016873112), (0.8314352, -0.0932448), (0.66613877, -0.16295595), (0.48843223, -0.1875099), (0.3104257, -0.1652334), (0.14425054, -0.09764443), (0.0012308136, 0.010650759), (-0.1088869, 0.15227193), (-0.17859793, 0.31756797), (-0.20315194, 0.4952742), (-0.25661248, 0.69345856), (-0.18122102, 0.8785481), (-0.060493566, 1.0378182), (0.09734221, 1.1604149), (0.2815302, 1.2379833), (0.47951844, 1.2652376), (0.6778145, 1.2403198), (0.8629046, 1.1649284), (1.0221753, 1.0442008), (1.1447723, 0.88636446), (1.222341, 0.702176), (1.2495949, 0.5041871), (1.224677, 0.30589074), (1.1492851, 0.120800406), (1.0285572, -0.038470257), (0.8707206, -0.16106707), (0.6865319, -0.23863512), (0.48854315, -0.26588854), (0.29024705, -0.24097002), (0.10515736, -0.1655778), (-0.05411271, -0.044849858), (-0.1767093, 0.112986356), (-0.25427723, 0.29717463), (-0.28153068, 0.49516287), (-0.33352435, 0.7139354), (-0.25021234, 0.9182334), (-0.11686292, 1.0940075), (0.057436354, 1.2292788), (0.26080742, 1.3148292), (0.4793909, 1.3448284), (0.6982909, 1.3172317), (0.90258956, 1.2339197), (1.0783643, 1.1005704), (1.2136362, 0.9262705), (1.2991867, 0.7228987), (1.3291858, 0.50431454), (1.3015888, 0.2854141), (1.2182764, 0.0811151), (1.0849261, -0.09465961), (0.910626, -0.22993131), (0.70725393, -0.31548122), (0.48866993, -0.34547943), (0.2697699, -0.3178817), (0.06547165, -0.23456891), (-0.110302374, -0.10121883), (-0.2455734, 0.07308106), (-0.33112326, 0.27645236), (-0.36112154, 0.49503583), (-0.41218364, 0.7348244), (-0.32078496, 0.9587692), (-0.17453958, 1.1514275), (0.016586378, 1.2996702), (0.23956794, 1.3933947), (0.47920918, 1.426214), (0.7191795, 1.395891), (0.943125, 1.3044925), (1.135784, 1.1582468), (1.2840272, 0.96712035), (1.3777521, 0.7441381), (1.4105713, 0.50449586), (1.3802481, 0.26452506), (1.2888488, 0.0405793), (1.1426024, -0.15207984), (0.9514754, -0.3003227), (0.72849274, -0.39404666), (0.48885077, -0.4268648), (0.24888028, -0.3965408), (0.024935348, -0.30514124), (-0.16772282, -0.15889487), (-0.31596497, 0.03223162), (-0.40968883, 0.25521347), (-0.442507, 0.4948548), (-0.4934577, 0.75631297), (-0.39372802, 1.0005605), (-0.23418082, 1.2106739), (-0.025688587, 1.372334), (0.21754014, 1.4745243), (0.47892982, 1.5102801), (0.7406676, 1.4771651), (0.98491615, 1.3774357), (1.1950302, 1.2178882), (1.3566911, 1.0093954), (1.4588815, 0.7661658), (1.4946374, 0.50477505), (1.4615219, 0.24303667), (1.3617916, -0.0012122449), (1.2022433, -0.21132645), (0.9937498, -0.37298685), (0.75051963, -0.47517633), (0.48912913, -0.5109311), (0.22739117, -0.47781464), (-0.016856674, -0.37808388), (-0.22696969, -0.21853563), (-0.3886293, -0.01004266), (-0.49081823, 0.23318648), (-0.5265734, 0.49457604), (-0.57867956, 0.77870536), (-0.47025073, 1.0442468), (-0.2967894, 1.2726768), (-0.070116386, 1.4484286), (0.19432095, 1.5595247), (0.4785015, 1.5983938), (0.76305926, 1.5623872), (1.0286019, 1.4539585), (1.2570331, 1.2804967), (1.4327855, 1.053823), (1.5438819, 0.7893848), (1.582751, 0.5052031), (1.5467439, 0.22064453), (1.4383142, -0.044898577), (1.2648515, -0.27332985), (1.0381768, -0.4490818), (0.77373797, -0.560177), (0.48955625, -0.5990447), (0.20499817, -0.56303644), (-0.060543552, -0.45460624), (-0.28897333, -0.28114358), (-0.46472418, -0.054469585), (-0.5758189, 0.20996806), (-0.61468697, 0.4941485), (-0.6787039, 0.8048271), (3.2931252, 0.74481124), (-0.5601053, 1.0953665), (3.2040634, 0.94062847), (-0.37035167, 1.3453104), (3.0673556, 1.1067226), (-0.1223734, 1.5376264), (2.892317, 1.2317741), (0.1669305, 1.6592082), (2.6908774, 1.3072615), (0.47784418, 1.7017701), (2.4767642, 1.3280404), (0.78918004, 1.6624111), (2.2645688, 1.2926944), (1.079721, 1.5438136), (2.0687516, 1.2036328), (1.3296664, 1.3540597), (1.9026583, 1.066925), (1.5219836, 1.1060803), (1.7776067, 0.891887), (1.6435657, 0.816775), (1.7021188, 0.69044757), (1.6861273, 0.50586), (1.6813394, 0.4763345), (1.6467679, 0.19452313), (1.7166853, 0.2641391), (1.528169, -0.096018255), (1.8057466, 0.06832212), (1.3384137, -0.34596384), (1.9424543, -0.09777182), (1.090433, -0.53828037), (2.1174922, -0.22282374), (0.80112684, -0.6598612), (2.3189316, -0.29831153), (0.4902119, -0.70242095), (2.5330443, -0.31909072), (0.17887583, -0.66305983), (2.7452407, -0.2837453), (-0.11166382, -0.5444604), (2.9410582, -0.19468391), (-0.3616078, -0.35470515), (3.107152, -0.057975948), (-0.5539229, -0.10672575), (3.2322035, 0.11706209), (-0.6755029, 0.18257865), (3.307692, 0.3185019), (-0.718063, 0.49349228), (3.3284712, 0.5326155), (3.195076, 0.715301), (3.1169934, 0.8867467), (2.9971976, 1.0321412), (2.8438528, 1.1415759), (2.6674094, 1.2075932), (2.479892, 1.2256942), (2.294079, 1.1946453), (2.1226335, 1.1165625), (1.9772394, 0.99676704), (1.8678045, 0.8434227), (1.801787, 0.6669796), (1.7836859, 0.47946215), (1.8147347, 0.2936492), (1.8928173, 0.1222037), (2.0126123, -0.023190739), (2.165957, -0.1326257), (2.3424, -0.19864328), (2.5299172, -0.21674457), (2.7157302, -0.18569598), (2.8871765, -0.10761331), (3.0325713, 0.012182182), (3.1420064, 0.16552666), (3.2080243, 0.34197003), (3.2261252, 0.52948785), (3.1053877, 0.68828833), (3.037352, 0.83744127), (2.9330316, 0.963903), (2.7995346, 1.0590556), (2.6459591, 1.1164143), (2.4827714, 1.1320703), (2.3210921, 1.1049567), (2.171939, 1.0369215), (2.0454774, 0.9326008), (1.9503249, 0.79910415), (1.8929658, 0.64552903), (1.87731, 0.48234123), (1.9044232, 0.32066187), (1.9724584, 0.171509), (2.076779, 0.045047145), (2.2102757, -0.0501055), (2.3638508, -0.1074644), (2.5270386, -0.123120666), (2.688718, -0.096007355), (2.837871, -0.027972108), (2.9643335, 0.07634853), (3.0594864, 0.20984533), (3.1168456, 0.36342072), (3.1325011, 0.52660877), (3.0172203, 0.6616583), (2.9590816, 0.7888993), (2.8699913, 0.8967571), (2.7560215, 0.97788155), (2.624938, 1.0267441), (2.4856749, 1.040015), (2.347722, 1.0167896), (2.2204814, 0.95865077), (2.1126232, 0.8695607), (2.0314987, 0.7555907), (1.982636, 0.62450755), (1.9693652, 0.4852444), (1.9925908, 0.34729177), (2.050729, 0.22005086), (2.1398191, 0.112192936), (2.2537892, 0.031068372), (2.3848724, -0.01779433), (2.5241356, -0.031065255), (2.6620884, -0.007840017), (2.789329, 0.05029866), (2.8971877, 0.13938871), (2.9783123, 0.25335884), (3.027175, 0.38444218), (3.0404458, 0.5237056), (2.9302356, 0.63528776), (2.881886, 0.740914), (2.8078456, 0.8304273), (2.7131605, 0.8977274), (2.6042829, 0.938228), (2.4886332, 0.9491691), (2.3740923, 0.929805), (2.268467, 0.88145536), (2.1789527, 0.8074151), (2.1116529, 0.71273005), (2.0711522, 0.60385275), (2.0602112, 0.48820305), (2.0795753, 0.37366217), (2.1279244, 0.268036), (2.2019649, 0.1785227), (2.29665, 0.11122249), (2.405527, 0.070721775), (2.5211768, 0.059780627), (2.6357179, 0.07914463), (2.7413445, 0.1274942), (2.830858, 0.20153442), (2.8981583, 0.2962196), (2.9386587, 0.405097), (2.9495997, 0.5207469), (2.8441648, 0.6090788), (2.8055315, 0.69332135), (2.7464108, 0.7646942), (2.6708314, 0.81833357), (2.5839453, 0.850584), (2.4916725, 0.8592476), (2.4003015, 0.8437341), (2.316059, 0.8051007), (2.244686, 0.7459801), (2.1910467, 0.67040133), (2.1587963, 0.5835149), (2.1501327, 0.4912421), (2.165646, 0.3998711), (2.2042794, 0.31562865), (2.2634, 0.24425572), (2.3389788, 0.1906163), (2.4258652, 0.15836579), (2.518138, 0.14970207), (2.609509, 0.16521555), (2.6937518, 0.20384899), (2.7651248, 0.26296955), (2.8187642, 0.3385484), (2.8510146, 0.4254349), (2.8596785, 0.51770777), (2.7587852, 0.5829518), (2.7298234, 0.64598674), (2.6855335, 0.69937783), (2.6289341, 0.73948663), (2.5638824, 0.7635798), (2.4948115, 0.7700154), (2.4264288, 0.75835484), (2.3633938, 0.72939277), (2.3100023, 0.6851029), (2.2698934, 0.62850356), (2.2458003, 0.5634519), (2.239365, 0.49438107), (2.2510254, 0.4259981), (2.2799873, 0.36296314), (2.3242774, 0.309572), (2.3808765, 0.26946318), (2.4459286, 0.24537), (2.5149994, 0.23893437), (2.5833817, 0.2505949), (2.6464171, 0.279557), (2.6998081, 0.32384682), (2.7399173, 0.3804462), (2.7640104, 0.44549793), (2.7704463, 0.5145688), (2.6739047, 0.5568411), (2.6545925, 0.59879696), (2.6250799, 0.63432485), (2.587377, 0.6610037), (2.5440545, 0.6770154), (2.4980638, 0.6812688), (2.452539, 0.6734739), (2.4105835, 0.65416205), (2.3750553, 0.6246493), (2.3483763, 0.58694685), (2.3323646, 0.54362404), (2.3281116, 0.49763334), (2.3359065, 0.4521088), (2.3552182, 0.41015297), (2.3847313, 0.37462497), (2.4224339, 0.3479461), (2.4657564, 0.3319344), (2.511747, 0.32768106), (2.5572715, 0.33547586), (2.5992274, 0.3547877), (2.6347551, 0.38430053), (2.6614344, 0.422003), (2.6774464, 0.46532583), (2.6816998, 0.5113166), (2.591084, 0.53123367), (2.5812216, 0.5526265), (2.5661588, 0.57073784), (2.5469213, 0.58433354), (2.5248208, 0.592487), (2.5013633, 0.5946425), (2.4781468, 0.5906533), (2.456754, 0.5807912), (2.4386425, 0.56572825), (2.425047, 0.546491), (2.4168935, 0.52439046), (2.414738, 0.5009327), (2.418727, 0.47771624), (2.4285893, 0.45632342), (2.4436522, 0.438212), (2.4628894, 0.42461634), (2.48499, 0.4164629), (2.5084472, 0.4143073), (2.5316641, 0.41829652), (2.5530572, 0.42815864), (2.5711684, 0.44322157), (2.5847642, 0.46245885), (2.5929177, 0.48455945), (2.5950732, 0.50801724), (0.48403263, 0.4996745), (2.5049052, 0.50447494), (0.3783509, 0.54196), (0.39289626, 0.56787163), (0.4136523, 0.58913565), (0.4392047, 0.6043031), (0.467812, 0.61234033), (0.4975247, 0.6126995), (0.52631795, 0.6053563), (0.5522295, 0.59081095), (0.5734936, 0.5700548), (0.58866113, 0.5445024), (0.5966983, 0.51589507), (0.59705734, 0.48618233), (0.58971417, 0.45738897), (0.57516885, 0.43147737), (0.55441284, 0.4102133), (0.52886045, 0.39504588), (0.5002531, 0.38700873), (0.4705404, 0.3866495), (0.44174713, 0.39399272), (0.41583556, 0.40853798), (0.39457142, 0.4292941), (0.37940407, 0.45484656), (0.3713669, 0.48345396), (0.37100756, 0.5131667), (0.30795884, 0.570282), (0.33223298, 0.6134473), (0.36685193, 0.64885914), (0.4094566, 0.6741044), (0.4571435, 0.68746257), (0.5066627, 0.6880232), (0.55463976, 0.67574817), (0.59780514, 0.6514741), (0.6332171, 0.6168552), (0.65846235, 0.5742504), (0.6718204, 0.5265635), (0.6723811, 0.4770442), (0.6601062, 0.42906702), (0.635832, 0.38590163), (0.60121304, 0.3504897), (0.5586084, 0.3252445), (0.5109215, 0.31188643), (0.46140218, 0.31132582), (0.41342512, 0.32360077), (0.37025982, 0.34787488), (0.3348479, 0.3824939), (0.30960277, 0.4250986), (0.29624462, 0.47278553), (0.29568386, 0.5223049), (0.23756249, 0.59874946), (0.27160323, 0.6591646), (0.3201206, 0.7087108), (0.37980837, 0.74401164), (0.44659883, 0.7626613), (0.5159401, 0.76338875), (0.5831072, 0.74614453), (0.6435225, 0.7121038), (0.69306874, 0.6635865), (0.7283696, 0.6038987), (0.7470192, 0.5371081), (0.7477466, 0.46776658), (0.7305025, 0.40059948), (0.69646174, 0.3401842), (0.64794433, 0.29063794), (0.58825654, 0.25533718), (0.521466, 0.23668763), (0.4521245, 0.23596022), (0.3849576, 0.25320452), (0.3245423, 0.28724533), (0.2749961, 0.3357628), (0.23969547, 0.39545053), (0.22104587, 0.462241), (0.22031829, 0.5315825), (0.1671161, 0.6273762), (0.21096636, 0.70504874), (0.27342552, 0.7687254), (0.35023725, 0.81406677), (0.43616694, 0.83798283), (0.5253585, 0.8388439), (0.6117338, 0.816591), (0.6894064, 0.77274084), (0.7530833, 0.71028155), (0.7984247, 0.6334697), (0.8223409, 0.5475399), (0.82320184, 0.45834813), (0.80094886, 0.37197274), (0.75709856, 0.29429996), (0.6946392, 0.2306232), (0.6178274, 0.18528184), (0.53189766, 0.16136585), (0.44270596, 0.16050504), (0.35633063, 0.1827581), (0.27865794, 0.22660848), (0.21498126, 0.28906786), (0.16964008, 0.36587963), (0.14572401, 0.4518093), (0.14486311, 0.54100096), (0.09656511, 0.6561733), (0.15027253, 0.75112444), (0.2267251, 0.8289398), (0.3207126, 0.88431644), (0.42583025, 0.9134803), (0.53491426, 0.9144441), (0.64053065, 0.887142), (0.73548204, 0.83343464), (0.8132976, 0.75698197), (0.8686743, 0.6629941), (0.89783823, 0.5578763), (0.8988019, 0.44879222), (0.87149966, 0.3431756), (0.8177922, 0.24822411), (0.7413395, 0.17040864), (0.64735174, 0.11503214), (0.542234, 0.085868396), (0.4331498, 0.08490489), (0.32753333, 0.11220726), (0.23258208, 0.1659149), (0.15476671, 0.2423676), (0.09939036, 0.3363553), (0.07022664, 0.441473), (0.06926298, 0.550557), (0.025838405, 0.6851538), (0.08945647, 0.7974229), (0.17996413, 0.88940096), (0.29119337, 0.95482), (0.41556442, 0.9892217), (0.54460156, 0.99026155), (0.66951084, 0.95786875), (0.78178024, 0.89425075), (0.87375873, 0.8037429), (0.9391779, 0.6925132), (0.97357947, 0.56814194), (0.97461927, 0.43910468), (0.94222635, 0.3141951), (0.87860817, 0.20192564), (0.78810024, 0.10994737), (0.67687064, 0.04452847), (0.55249935, 0.01012703), (0.42346212, 0.009087503), (0.2985528, 0.04148069), (0.18628356, 0.10509897), (0.09430547, 0.19560684), (0.02888669, 0.3068364), (-0.0055147707, 0.4312076), (-0.0065544844, 0.56024456), (-0.045162544, 0.7143376), (0.028428093, 0.84398866), (0.13306731, 0.9501753), (0.26162413, 1.0256612), (0.4053377, 1.0653021), (0.5544142, 1.0663967), (0.6986944, 1.0288699), (0.8283458, 0.95527923), (0.9345328, 0.85063976), (1.0100191, 0.7220825), (1.04966, 0.57836866), (1.0507543, 0.42929173), (1.0132272, 0.28501126), (0.93963647, 0.15535979), (0.83499694, 0.049172893), (0.7064396, -0.02631291), (0.5627257, -0.06595349), (0.41364896, -0.06704742), (0.2693688, -0.029520199), (0.13971761, 0.044070728), (0.03353098, 0.14871025), (-0.04195477, 0.27726734), (-0.081595495, 0.4209811), (-0.08268957, 0.57005763), (-0.116578564, 0.74375784), (-0.03294, 0.8908902), (0.08592929, 1.011362), (0.23192859, 1.0969632), (0.39510813, 1.1418604), (0.56434786, 1.1429937), (0.7281145, 1.1002859), (0.87524724, 1.0166473), (0.9957194, 0.8977778), (1.0813208, 0.7517781), (1.1262181, 0.58859795), (1.1273513, 0.41935772), (1.0846431, 0.25559098), (1.0010043, 0.10845817), (0.8821346, -0.0120138675), (0.7361348, -0.09761499), (0.5729547, -0.14251165), (0.40371463, -0.14364442), (0.23994818, -0.10093607), (0.0928158, -0.017297067), (-0.027655944, 0.10157258), (-0.11325693, 0.24757211), (-0.15815365, 0.41075197), (-0.15928662, 0.57999164), (-0.18861473, 0.7734703), (-0.09483151, 0.93823457), (0.038400248, 1.0731118), (0.20200093, 1.1689101), (0.3848215, 1.2191017), (0.57440335, 1.2202654), (0.75782675, 1.172322), (0.9225914, 1.0785389), (1.057469, 0.9453068), (1.1532679, 0.7817056), (1.2034593, 0.5988844), (1.2046227, 0.4093021), (1.1566792, 0.22587855), (1.0628955, 0.061113782), (0.92966324, -0.07376376), (0.7660619, -0.16956216), (0.5832407, -0.21975301), (0.39365852, -0.22091606), (0.21023537, -0.17297201), (0.04547119, -0.07918821), (-0.08940601, 0.054043956), (-0.18520427, 0.21764499), (-0.23539504, 0.4004658), (-0.23655826, 0.5900475), (-0.26157373, 0.8035666), (-0.1575151, 0.9861884), (-0.0097361505, 1.1356552), (0.17169215, 1.2417811), (0.37440592, 1.2973341), (0.5845907, 1.298528), (0.7879227, 1.2452811), (0.97054505, 1.1412225), (1.1200124, 0.9934432), (1.2261387, 0.81201434), (1.2816916, 0.6092999), (1.2828852, 0.3991146), (1.2296381, 0.19578229), (1.1255789, 0.013159752), (0.9777992, -0.1363075), (0.79637, -0.24243335), (0.5936555, -0.29798555), (0.38347045, -0.29917848), (0.18013869, -0.24593079), (-0.0024831444, -0.14187147), (-0.15194984, 0.00590802), (-0.25807545, 0.18733673), (-0.31362763, 0.39005065), (-0.31482074, 0.60023516), (-0.33590665, 0.8341949), (-0.22138809, 1.0350119), (-0.058796436, 1.1993465), (0.14078806, 1.3159999), (0.363764, 1.3770223), (0.59493613, 1.3782551), (0.8185506, 1.319614), (1.0193682, 1.2050955), (1.1837034, 1.0425036), (1.3003573, 0.8429184), (1.3613799, 0.6199417), (1.3626125, 0.38876885), (1.3039709, 0.16515402), (1.1894516, -0.03566374), (1.026859, -0.19999894), (0.8272735, -0.31665224), (0.6042967, -0.37767386), (0.37312415, -0.3789056), (0.1495099, -0.3202635), (-0.051307023, -0.20574409), (-0.2156414, -0.043151714), (-0.33229432, 0.1564332), (-0.39331597, 0.3794093), (-0.39454797, 0.61058116), (-0.41229168, 0.8655919), (-0.2870443, 1.0851088), (-0.10924949, 1.2647295), (0.10897648, 1.3922132), (0.35276172, 1.4588722), (0.60549295, 1.4601635), (0.8499472, 1.3959992), (1.0694648, 1.2707517), (1.2490861, 1.0929565), (1.3765705, 0.87472993), (1.4432296, 0.6309438), (1.4445207, 0.37821168), (1.3803557, 0.13375705), (1.2551076, -0.08576084), (1.0773115, -0.2653821), (0.85908437, -0.3928657), (0.6152981, -0.45952368), (0.3625663, -0.46081385), (0.11811235, -0.3966483), (-0.10140447, -0.27139986), (-0.2810248, -0.093604185), (-0.4085078, 0.124622256), (-0.47516578, 0.3684077), (-0.47645643, 0.6211386), (-0.49176082, 0.89813423), (-0.3553832, 1.1371102), (-0.1618009, 1.3326463), (0.07579384, 1.4714172), (0.34120923, 1.5439656), (0.6163579, 1.5453475), (0.8824891, 1.4754686), (1.1214659, 1.3390908), (1.317003, 1.1455079), (1.4557743, 0.9079125), (1.5283229, 0.64249605), (1.5297045, 0.36734644), (1.4598248, 0.10121475), (1.3234462, -0.13776253), (1.1298625, -0.33329934), (0.8922662, -0.47206992), (0.6268496, -0.5446173), (0.35170022, -0.5459976), (0.08556937, -0.47611716), (-0.15340652, -0.33973825), (-0.34894216, -0.14615493), (-0.48771197, 0.09144043), (-0.5602593, 0.35685596), (-0.56164026, 0.6320041), (-0.57591355, 0.93242323), (-0.42779383, 1.1920109), (-0.21753503, 1.4044173), (0.0405344, 1.5551677), (0.32882738, 1.6339883), (0.62769747, 1.6355073), (0.9167773, 1.5596215), (1.1763663, 1.4115016), (1.3887739, 1.2012422), (1.5395249, 0.9431718), (1.6183455, 0.6548776), (1.6198643, 0.35600644), (1.5439775, 0.066925935), (1.3958566, -0.19266342), (1.185596, -0.40507087), (0.9275247, -0.5558209), (0.63923013, -0.63464004), (0.34035927, -0.6361573), (0.051279843, -0.5602695), (-0.20830788, -0.4121484), (-0.42071387, -0.2018883), (-0.571463, 0.056181855), (-0.650282, 0.34447503), (-0.65180004, 0.6433446), (3.2049956, 0.82309663), (3.0986753, 0.99343675), (2.9518905, 1.1304548), (2.774644, 1.2248131), (2.5790157, 1.2700816), (2.378337, 1.2631752), (2.1862836, 1.2045649), (2.0159438, 1.0982447), (1.878926, 0.95146), (1.7845674, 0.774214), (1.7392986, 0.57858586), (1.7462046, 0.3779071), (1.8048149, 0.18585375), (1.911135, 0.015513837), (2.0579195, -0.12150426), (2.2351654, -0.21586296), (2.4307935, -0.26113182), (2.631472, -0.2542259), (2.823526, -0.19561575), (2.9938667, -0.08929552), (3.1308846, 0.05748921), (3.2252436, 0.23473537), (3.2705126, 0.43036395), (3.263606, 0.631043), (3.1187265, 0.78424335), (3.0254016, 0.9335791), (2.8966055, 1.053672), (2.741116, 1.136338), (2.569529, 1.1759436), (2.3935382, 1.1697897), (2.2251368, 1.1182957), (2.0758011, 1.0249709), (1.9557084, 0.89617527), (1.8730422, 0.7406858), (1.8334366, 0.569099), (1.8395905, 0.39310825), (1.8910842, 0.22470687), (1.9844089, 0.075371206), (2.1132045, -0.044721834), (2.268694, -0.12738803), (2.4402807, -0.16699381), (2.6162715, -0.16084017), (2.784673, -0.109346375), (2.9340093, -0.016021617), (3.0541027, 0.11277413), (3.1367693, 0.26826373), (3.1763747, 0.4398508), (3.1702204, 0.61584187), (3.0341089, 0.74606913), (2.9535475, 0.874805), (2.842412, 0.97830325), (2.7082758, 1.049511), (2.56028, 1.0835754), (2.4085112, 1.0781751), (2.2633114, 1.0336779), (2.1345754, 0.95311666), (2.0310771, 0.8419812), (1.9598691, 0.7078453), (1.9258047, 0.55985), (1.9312053, 0.40808094), (1.975702, 0.262881), (2.0562632, 0.13414526), (2.1673987, 0.030646808), (2.3015347, -0.040561054), (2.4495301, -0.07462562), (2.601299, -0.06922546), (2.746499, -0.024728555), (2.8752353, 0.05583272), (2.9787338, 0.16696823), (3.0499418, 0.30110437), (3.0840063, 0.4490999), (3.0786057, 0.6008691), (2.9507794, 0.70838445), (2.882811, 0.81683713), (2.7890887, 0.9040028), (2.676, 0.9639412), (2.5512514, 0.9925678), (2.4233444, 0.9879317), (2.300996, 0.9503488), (2.1925435, 0.8823804), (2.1053772, 0.7886583), (2.0454388, 0.6755696), (2.0168123, 0.5508212), (2.0214486, 0.42291424), (2.0590312, 0.30056557), (2.1269994, 0.19211294), (2.2207217, 0.10494721), (2.3338103, 0.04500863), (2.4585588, 0.01638192), (2.5864658, 0.021017924), (2.7088146, 0.058600716), (2.8172677, 0.12656912), (2.9044337, 0.22029123), (2.9643717, 0.33338004), (2.9929986, 0.4581287), (2.9883623, 0.5860357), (2.8684554, 0.6710418), (2.812957, 0.7594598), (2.7364652, 0.83050096), (2.6441932, 0.8793239), (2.542429, 0.9026016), (2.4381075, 0.89874756), (2.3383389, 0.8680246), (2.2499206, 0.81252635), (2.1788793, 0.73603475), (2.1300564, 0.6437629), (2.1067786, 0.54199874), (2.1106327, 0.43767738), (2.1413555, 0.3379082), (2.1968536, 0.24949022), (2.2733455, 0.178449), (2.3656173, 0.12962592), (2.4673812, 0.10634815), (2.5717025, 0.110202074), (2.671472, 0.14092503), (2.7598906, 0.19642332), (2.8309314, 0.27291486), (2.8797545, 0.36518687), (2.9030323, 0.46695113), (2.8991785, 0.57127255), (2.7869067, 0.6339219), (2.7437942, 0.7024984), (2.684402, 0.7575798), (2.612777, 0.79541254), (2.5338013, 0.8134184), (2.4528565, 0.8103702), (2.3754587, 0.78647584), (2.306882, 0.7433635), (2.2518003, 0.6839714), (2.2139676, 0.61234677), (2.195962, 0.53337103), (2.1990101, 0.452426), (2.2229042, 0.37502795), (2.2660167, 0.30645156), (2.3254087, 0.25137007), (2.3970335, 0.21353728), (2.4760094, 0.19553137), (2.5569541, 0.19857949), (2.6343522, 0.22247389), (2.702929, 0.26558617), (2.7580104, 0.32497835), (2.7958431, 0.39660293), (2.813849, 0.47557884), (2.810801, 0.5565239), (2.7059383, 0.5969266), (2.6751604, 0.6458076), (2.6327794, 0.6850569), (2.581684, 0.712), (2.5253563, 0.7248006), (2.4676352, 0.7225863), (2.4124537, 0.70550805), (2.3635726, 0.67472976), (2.3243232, 0.6323489), (2.29738, 0.58125365), (2.2845798, 0.524926), (2.2867942, 0.4672047), (2.303872, 0.41202325), (2.3346505, 0.36314225), (2.3770316, 0.32389283), (2.4281268, 0.2969498), (2.4844544, 0.28414923), (2.5421753, 0.28636348), (2.5973568, 0.3034417), (2.6462379, 0.33422), (2.6854875, 0.3766009), (2.7124305, 0.42769623), (2.7252312, 0.48402387), (2.7230172, 0.5417452), (2.6253772, 0.5599723), (2.6069083, 0.5892616), (2.5814881, 0.6127728), (2.550849, 0.62890375), (2.517079, 0.636555), (2.4824796, 0.63520527), (2.449408, 0.6249465), (2.4201188, 0.60647774), (2.3966074, 0.58105767), (2.3804765, 0.5504187), (2.3728254, 0.51664865), (2.374175, 0.482049), (2.3844337, 0.44897762), (2.4029026, 0.41968828), (2.4283228, 0.39617702), (2.4589617, 0.38004613), (2.4927316, 0.3723948), (2.527331, 0.37374455), (2.5604029, 0.3840033), (2.589692, 0.40247205), (2.6132035, 0.42789215), (2.6293344, 0.45853117), (2.6369858, 0.49230126), (2.635636, 0.5269009), (0.4370451, 0.5184471), (0.44350487, 0.52996874), (0.45272654, 0.53942585), (0.46408165, 0.54617405), (0.4767964, 0.5497533), (0.49000424, 0.5499197), (0.5028052, 0.54666215), (0.5143268, 0.5402024), (0.52378386, 0.5309807), (0.53053206, 0.51962554), (0.5341114, 0.5069108), (0.53427774, 0.49370286), (0.53102005, 0.4809019), (0.5245604, 0.4693803), (0.51533884, 0.4599232), (0.5039837, 0.4531751), (0.49126893, 0.4495958), (0.47806102, 0.4494293), (0.4652601, 0.45268694), (0.4537385, 0.45914665), (0.44428128, 0.46836832), (0.43753326, 0.47972348), (0.433954, 0.4924383), (0.4337874, 0.50564617), (2.5584197, 0.5291555), (2.5502083, 0.5421649), (2.5389097, 0.552606), (2.5252938, 0.5597669), (2.5102887, 0.5631598), (2.4949164, 0.5625534), (2.480225, 0.5579891), (2.4672155, 0.54977787), (2.4567745, 0.5384793), (2.4496136, 0.5248635), (2.4462206, 0.50985813), (2.446827, 0.49448594), (2.4513912, 0.47979447), (2.4596026, 0.46678495), (2.470901, 0.45634395), (2.4845169, 0.449183), (2.499522, 0.44579008), (2.5148942, 0.44639644), (2.5295858, 0.45096076), (2.5425954, 0.45917198), (2.5530367, 0.47047052), (2.5601976, 0.48408642), (2.5635905, 0.49909177), (2.562984, 0.514464), (0.41062462, 0.52901846), (0.3847708, 0.55539453), (0.3431527, 0.5561038), (0.37373152, 0.52780503), (0.42072076, 0.547018), (0.4025744, 0.5791868), (0.3625581, 0.5906434), (0.43513143, 0.5617911), (0.4259293, 0.5975604), (0.39024165, 0.6189836), (0.45287466, 0.5723312), (0.45324385, 0.6092633), (0.42431694, 0.6391931), (0.4727412, 0.5779197), (0.48265654, 0.61349785), (0.46246177, 0.6498947), (0.49337727, 0.578176), (0.51216304, 0.6099756), (0.50207657, 0.65035903), (0.5133765, 0.57308257), (0.5397525, 0.59893644), (0.54046166, 0.64055437), (0.531376, 0.5629865), (0.56354475, 0.58113277), (0.57500124, 0.62114906), (0.5461491, 0.54857576), (0.58191836, 0.55777776), (0.6033416, 0.59346545), (0.5566892, 0.5308325), (0.5936213, 0.5304632), (0.62355113, 0.55939), (0.5622778, 0.51096594), (0.59785575, 0.5010506), (0.6342526, 0.52124524), (0.56253386, 0.4903298), (0.5943334, 0.47154394), (0.63471687, 0.48163044), (0.5574404, 0.47033054), (0.5832944, 0.4439544), (0.6249124, 0.44324517), (0.54734445, 0.45233098), (0.5654907, 0.4201622), (0.60550696, 0.40870553), (0.5329339, 0.43755788), (0.5421359, 0.40178856), (0.57782334, 0.38036528), (0.5151906, 0.42701793), (0.5148213, 0.39008576), (0.5437481, 0.36015576), (0.49532402, 0.42142937), (0.48540863, 0.38585117), (0.50560325, 0.3494543), (0.47468793, 0.42117304), (0.45590204, 0.38937342), (0.46598846, 0.34899002), (0.45468867, 0.42626646), (0.42831266, 0.40041253), (0.42760327, 0.35879454), (0.4366892, 0.4363625), (0.40452036, 0.41821617), (0.39306372, 0.37819988), (0.421916, 0.4507732), (0.38614672, 0.44157112), (0.36472344, 0.4058835), (0.4113761, 0.46851647), (0.37444398, 0.46888572), (0.34451404, 0.43995887), (0.40578756, 0.48838314), (0.37020925, 0.49829853), (0.33381245, 0.47810376), (0.4055311, 0.50901926), (0.33334804, 0.5177187), (0.31867522, 0.5926636), (0.2727639, 0.5844965), (0.30024225, 0.5466974), (0.34837693, 0.6322926), (0.30191624, 0.63628656), (0.38732335, 0.662884), (0.34347948, 0.6787667), (0.43286043, 0.682353), (0.39462125, 0.7090422), (0.48188463, 0.6893728), (0.45185614, 0.72504956), (0.5310552, 0.6834647), (0.5112837, 0.7256979), (0.57702136, 0.6650318), (0.5688543, 0.71094304), (0.6166505, 0.6353302), (0.62064445, 0.6817908), (0.64724195, 0.5963837), (0.6631247, 0.6402277), (0.6667109, 0.5508466), (0.6934, 0.5890859), (0.6737306, 0.50182235), (0.7094073, 0.5318508), (0.6678227, 0.4526516), (0.7100557, 0.47242308), (0.6493898, 0.40668535), (0.69530106, 0.41485244), (0.61968803, 0.36705625), (0.6661487, 0.3630623), (0.58074164, 0.33646482), (0.6245855, 0.3205821), (0.5352045, 0.31699592), (0.5734438, 0.29030672), (0.4861803, 0.3099763), (0.51620877, 0.27429944), (0.4370096, 0.3158842), (0.456781, 0.27365112), (0.39104354, 0.33431712), (0.39921057, 0.28840593), (0.35141444, 0.36401892), (0.34742045, 0.3175583), (0.32082307, 0.40296537), (0.30494028, 0.35912156), (0.3013542, 0.44850236), (0.27466497, 0.4102633), (0.2943344, 0.4975268), (0.2586577, 0.46749824), (0.25800923, 0.526926), (0.2525944, 0.6300774), (0.20234857, 0.61304224), (0.22672969, 0.56573343), (0.29423118, 0.6855346), (0.24128842, 0.6820844), (0.34880263, 0.7283257), (0.29677075, 0.7386956), (0.4125898, 0.7555347), (0.36501482, 0.77901804), (0.48124552, 0.7653073), (0.4413697, 0.8003037), (0.5500912, 0.75697726), (0.5206318, 0.80110204), (0.6144352, 0.7311126), (0.59739995, 0.78135854), (0.6698925, 0.6894759), (0.66644216, 0.74241865), (0.7126837, 0.63490444), (0.7230536, 0.6869363), (0.7398927, 0.5711172), (0.763376, 0.6186923), (0.74966514, 0.50246125), (0.78466177, 0.54233724), (0.7413353, 0.4336155), (0.78545994, 0.4630749), (0.71547055, 0.36927146), (0.7657164, 0.3863067), (0.6738337, 0.31381422), (0.7267765, 0.3172644), (0.6192623, 0.27102304), (0.67129403, 0.26065308), (0.5554751, 0.24381414), (0.60305, 0.22033066), (0.48681918, 0.23404169), (0.5266951, 0.19904509), (0.41797352, 0.2423717), (0.4474328, 0.19824693), (0.3536296, 0.26823646), (0.37066478, 0.21799058), (0.2981723, 0.30987334), (0.30162242, 0.25693053), (0.2553813, 0.36444485), (0.24501115, 0.31241307), (0.22817242, 0.4282319), (0.20468894, 0.3806571), (0.21839982, 0.49688783), (0.18340327, 0.4570119), (0.18260497, 0.5362742), (0.18648477, 0.6676557), (0.13185748, 0.6417528), (0.15314676, 0.584921), (0.24010018, 0.7389428), (0.18063006, 0.728061), (0.31033903, 0.7939242), (0.25007895, 0.79880524), (0.392415, 0.8288531), (0.3354713, 0.8491641), (0.4807344, 0.8413489), (0.43098804, 0.87570596), (0.5692785, 0.8305604), (0.53011954, 0.87662196), (0.6520133, 0.7972224), (0.6261102, 0.8518497), (0.7233006, 0.743607), (0.7124186, 0.80307716), (0.7782821, 0.673368), (0.78316295, 0.73362815), (0.8132111, 0.5912919), (0.833522, 0.6482355), (0.82570696, 0.5029723), (0.860064, 0.5527187), (0.8149182, 0.414428), (0.8609799, 0.45358703), (0.7815802, 0.33169308), (0.8362074, 0.35759616), (0.72796464, 0.26040584), (0.78743476, 0.27128762), (0.65772563, 0.2054244), (0.71798575, 0.20054337), (0.57564974, 0.17049563), (0.6325932, 0.15018445), (0.48733014, 0.15799987), (0.5370764, 0.123642705), (0.39878586, 0.16878869), (0.43794474, 0.122726925), (0.31605107, 0.20212686), (0.34195393, 0.14749953), (0.24476384, 0.25574237), (0.25564557, 0.19627227), (0.18978256, 0.32598147), (0.18490145, 0.26572135), (0.15485387, 0.40805727), (0.13454264, 0.35111383), (0.14235795, 0.4963768), (0.10800087, 0.44663054), (0.107085034, 0.5457621), (0.12029365, 0.7054165), (0.061228815, 0.67063963), (0.07943791, 0.6042638), (0.18593772, 0.7925484), (0.11988445, 0.7742436), (0.2718962, 0.85972154), (0.2033561, 0.8591361), (0.37231153, 0.9023581), (0.30595523, 0.9195322), (0.48034054, 0.9175525), (0.42069018, 0.95131564), (0.588621, 0.90426916), (0.5397419, 0.95232046), (0.689774, 0.86341345), (0.6549969, 0.92247826), (0.77690613, 0.79776955), (0.7586011, 0.8638227), (0.8440794, 0.71181065), (0.84349406, 0.7803509), (0.886716, 0.61139506), (0.90389, 0.67775136), (0.9019103, 0.503366), (0.9356734, 0.56301624), (0.88862693, 0.39508533), (0.9366783, 0.4439645), (0.8477711, 0.29393217), (0.9068359, 0.32870924), (0.78212696, 0.20680007), (0.8481802, 0.22510496), (0.69616824, 0.13962695), (0.76470834, 0.14021222), (0.5957527, 0.0969905), (0.6621089, 0.07981633), (0.48772362, 0.08179634), (0.5473738, 0.04803311), (0.37944296, 0.0950799), (0.42832202, 0.047028534), (0.27829003, 0.13593593), (0.31306696, 0.07687107), (0.19115809, 0.2015801), (0.20946291, 0.13552693), (0.12398508, 0.28753886), (0.12457031, 0.21899873), (0.08134879, 0.38795426), (0.06417459, 0.3215981), (0.0661545, 0.4959833), (0.0323914, 0.43633318), (0.0313866, 0.55538476), (0.05395229, 0.7433822), (-0.009620566, 0.6997188), (0.005530812, 0.62376535), (0.13168305, 0.84639084), (0.05897541, 0.82066905), (0.2334256, 0.9257713), (0.15653819, 0.9197441), (0.35224658, 0.9761143), (0.27641898, 0.9901922), (0.48004878, 0.99398863), (0.41044846, 1.0272124), (0.60812235, 0.97817636), (0.5494926, 1.0282822), (0.7277394, 0.92975485), (0.68407565, 0.99332786), (0.8307484, 0.8520242), (0.80502623, 0.92473197), (0.9101292, 0.7502812), (0.90410167, 0.82716894), (0.9604721, 0.63145983), (0.97455007, 0.70728767), (0.97834635, 0.5036576), (1.0115703, 0.5732579), (0.962534, 0.37558377), (1.0126398, 0.43421352), (0.9141124, 0.25596648), (0.97768533, 0.29963014), (0.83638155, 0.15295757), (0.90908927, 0.17867948), (0.7346386, 0.07357701), (0.8115261, 0.07960421), (0.61581725, 0.023234295), (0.6916449, 0.009156181), (0.48801494, 0.005360244), (0.55761516, -0.02786384), (0.3599413, 0.02117294), (0.41857088, -0.028932914), (0.24032435, 0.06959471), (0.2839878, 0.0060217343), (0.13731559, 0.14732562), (0.16303736, 0.07461794), (0.057935186, 0.24906847), (0.063962325, 0.172181), (0.0075925253, 0.36788976), (-0.006485656, 0.29206213), (-0.01028163, 0.4956919), (-0.04350577, 0.42609173), (-0.044574972, 0.56513584), (-0.012634434, 0.7815852), (-0.08080829, 0.72901547), (-0.06867475, 0.64343274), (0.07725276, 0.900526), (-0.0022041537, 0.8673922), (0.19486123, 0.9921495), (0.109536126, 0.9807097), (0.3321762, 1.0502118), (0.24679768, 1.0612454), (0.47983992, 1.070756), (0.4002262, 1.1035113), (0.62778944, 1.052382), (0.5593661, 1.1046267), (0.76594216, 0.9963417), (0.71337223, 1.0645156), (0.88488334, 0.9064545), (0.85174936, 0.9859115), (0.9765071, 0.78884566), (0.96506715, 0.8741709), (1.0345696, 0.65153027), (1.0456032, 0.73690903), (1.0551138, 0.5038662), (1.087869, 0.58348), (1.0367395, 0.35591635), (1.0889843, 0.42433965), (0.98069906, 0.21776344), (1.048873, 0.2703333), (0.8908116, 0.09882228), (0.9702686, 0.13195616), (0.7732028, 0.0071987715), (0.85852796, 0.018638507), (0.6358874, -0.05086329), (0.721266, -0.061897177), (0.48822334, -0.071407035), (0.56783694, -0.10416256), (0.3402737, -0.053032514), (0.40869677, -0.10527744), (0.20212111, 0.0030080434), (0.25469065, -0.06516588), (0.08318025, 0.09289556), (0.116313905, 0.013438627), (-0.008443069, 0.21050432), (0.0029965304, 0.12517925), (-0.066505216, 0.3478195), (-0.07753906, 0.26244098), (-0.08704911, 0.49548337), (-0.119804576, 0.4158698), (-0.12091966, 0.57500964), (-0.07960186, 0.8200768), (-0.15250388, 0.7585733), (-0.14332265, 0.6632804), (0.022529539, 0.9550384), (-0.0638067, 0.9144989), (0.15611154, 1.0589678), (0.062224694, 1.042155), (0.3120407, 1.1247826), (0.21700145, 1.1328422), (0.47969064, 1.1479971), (0.3899758, 1.1803801), (0.64763683, 1.1270299), (0.56936014, 1.1815293), (0.80443364, 1.0633092), (0.74292976, 1.1362112), (0.9393957, 0.96117765), (0.89885587, 1.0475141), (1.0433254, 0.82759535), (1.0265124, 0.9214824), (1.1091402, 0.6716657), (1.1171998, 0.7667052), (1.132355, 0.50401515), (1.1647379, 0.59373015), (1.1113873, 0.33606863), (1.1658869, 0.41434535), (1.0476664, 0.17927176), (1.1205684, 0.24077563), (0.94553465, 0.04430976), (1.0318708, 0.08484948), (0.8119521, -0.05961977), (0.905839, -0.042807024), (0.6560224, -0.1254341), (0.7510617, -0.13349408), (0.48837203, -0.14864823), (0.57808673, -0.18103155), (0.3204257, -0.12768033), (0.39870206, -0.18218005), (0.16362919, -0.06395915), (0.22513264, -0.13686128), (0.02866757, 0.038172677), (0.069207, -0.0481636), (-0.07526177, 0.17175496), (-0.058449205, 0.07786818), (-0.14107603, 0.32768434), (-0.1491361, 0.23264526), (-0.16429034, 0.4953345), (-0.19667354, 0.40561986), (-0.19782223, 0.5850041), (-0.14714606, 0.8589391), (-0.22495629, 0.78846335), (-0.21862347, 0.68333685), (-0.03265483, 1.0100582), (-0.12605435, 0.96212256), (0.11704755, 1.1263956), (0.014423963, 1.1042668), (0.29175928, 1.2000229), (0.18690512, 1.2052091), (0.47957408, 1.2259233), (0.37963498, 1.2580708), (0.667693, 1.2023308), (0.5794795, 1.2592492), (0.84329575, 1.1308534), (0.77281964, 1.2086636), (0.9944153, 1.0163621), (0.9464793, 1.1097617), (1.110753, 0.8666592), (1.088624, 0.96928304), (1.1843808, 0.691947), (1.1895669, 0.7968014), (1.2102808, 0.5041315), (1.2424284, 0.6040709), (1.186688, 0.31601232), (1.2436064, 0.40422583), (1.1152103, 0.14040947), (1.1930206, 0.21088551), (1.0007186, -0.010710096), (1.0941181, 0.03722567), (0.85101557, -0.12704763), (0.95363927, -0.10491896), (0.6763032, -0.2006748), (0.7811574, -0.20586126), (0.48848787, -0.22657427), (0.5884268, -0.25872228), (0.3003689, -0.20298107), (0.38858196, -0.25989977), (0.12476659, -0.13150302), (0.19524212, -0.20931345), (-0.026352465, -0.017011324), (0.021582957, -0.110410854), (-0.14268982, 0.13269144), (-0.12056126, 0.030067902), (-0.21631685, 0.30740345), (-0.2215034, 0.20254944), (-0.24221636, 0.49521837), (-0.27436435, 0.39527947), (-0.275542, 0.5951238), (-0.2155551, 0.8983024), (-0.29853466, 0.81880283), (-0.29488945, 0.7036534), (-0.08854502, 1.0657856), (-0.18927321, 1.0104717), (0.077485055, 1.1946895), (-0.034127235, 1.1673306), (0.27122062, 1.2762295), (0.15633035, 1.2786901), (0.479459, 1.3048489), (0.3691203, 1.3369613), (0.6880092, 1.2785968), (0.58974135, 1.3381729), (0.8826587, 1.1992625), (0.8031587, 1.2822421), (1.0501426, 1.0722523), (0.99482816, 1.1729807), (1.1790469, 0.9062217), (1.1516876, 1.0178344), (1.2605871, 0.7124856), (1.2630476, 0.8273761), (1.2892063, 0.50424653), (1.3213189, 0.6145855), (1.262954, 0.29569593), (1.32253, 0.3939638), (1.1836191, 0.1010461), (1.2665989, 0.18054608), (1.0566084, -0.066437766), (1.1573368, -0.011123534), (0.89057755, -0.19534187), (1.0021901, -0.16798297), (0.6968412, -0.27688143), (0.81173146, -0.27934238), (0.48860225, -0.30549988), (0.5989408, -0.3376128), (0.280052, -0.27924693), (0.37831935, -0.33882338), (0.085402876, -0.19991176), (0.16490224, -0.28289163), (-0.08208037, -0.07290113), (-0.026766632, -0.17362942), (-0.21098402, 0.09312947), (-0.18362534, -0.018482812), (-0.2925235, 0.2868653), (-0.29498443, 0.17197523), (-0.321142, 0.49510366), (-0.35325485, 0.38476527), (-0.35446566, 0.6053861), (-0.28525686, 0.9383725), (-0.37379166, 0.8497791), (-0.3725871, 0.7243181), (-0.14550105, 1.1225306), (-0.25394878, 1.0598704), (0.037156377, 1.2642422), (-0.08381383, 1.2317853), (0.25026762, 1.3538499), (0.12501891, 1.3538084), (0.47930944, 1.3852472), (0.35831767, 1.4176239), (0.7086734, 1.3562945), (0.6001837, 1.4188827), (0.92272854, 1.2689643), (0.83413464, 1.3574991), (1.1068872, 1.1292083), (1.0442265, 1.2376561), (1.2485993, 0.94655037), (1.2161422, 1.0675209), (1.3382075, 0.7334385), (1.3381656, 0.85868746), (1.3696048, 0.50439584), (1.4019814, 0.6253879), (1.3406516, 0.27503136), (1.40324, 0.38352102), (1.2533208, 0.06097595), (1.3418559, 0.1495698), (1.113564, -0.12318278), (1.2220123, -0.060522348), (0.9309057, -0.2648946), (1.0518761, -0.23243786), (0.71779346, -0.35450193), (0.8430423, -0.35446072), (0.48875096, -0.38589835), (0.60974264, -0.41827533), (0.2593869, -0.35694438), (0.36787605, -0.4195331), (0.045332253, -0.2696133), (0.13392538, -0.35814843), (-0.13882565, -0.12985665), (-0.07616581, -0.23830454), (-0.28053677, 0.05280135), (-0.2480804, -0.0681688), (-0.37014407, 0.26591283), (-0.37010288, 0.14066431), (-0.40154046, 0.4949547), (-0.43391746, 0.3739633), (-0.43517557, 0.6158291), (-0.3568929, 0.9794726), (-0.4515627, 0.881691), (-0.45241976, 0.7454771), (-0.2040588, 1.1807709), (-0.32081047, 1.1108233), (-0.004332382, 1.3356539), (-0.13520974, 1.2983071), (0.22867516, 1.4335665), (0.09259129, 1.4313657), (0.47908476, 1.467836), (0.34706825, 1.5009315), (0.7298319, 1.4361272), (0.6108792, 1.5022631), (0.9638283, 1.3406005), (0.8660461, 1.4352703), (1.1651273, 1.1877661), (1.0951791, 1.304518), (1.3200109, 0.98803914), (1.2826638, 1.1189169), (1.4179237, 0.7550308), (1.4157228, 0.8911151), (1.4521933, 0.5046202), (1.4852886, 0.63663715), (1.4204841, 0.2538725), (1.4866203, 0.3728253), (1.3249567, 0.0198758), (1.4196267, 0.11765799), (1.1721215, -0.18142332), (1.2888737, -0.11147548), (0.9723939, -0.33630648), (1.1032717, -0.2989599), (0.73938507, -0.43421847), (0.8754692, -0.43201834), (0.4889747, -0.46848696), (0.62099105, -0.501583), (0.23822737, -0.4367768), (0.3571795, -0.5029135), (0.0042316113, -0.34124902), (0.10201296, -0.43591917), (-0.19706644, -0.18841386), (-0.12711929, -0.30516583), (-0.35194886, 0.011313176), (-0.3146027, -0.11956413), (-0.4498605, 0.24432108), (-0.4476604, 0.108237475), (-0.48412925, 0.49473068), (-0.517225, 0.3627146), (-0.5185561, 0.62652504), (-0.43143743, 1.0221108), (-0.5331298, 0.91501415), (-0.53545964, 0.7673691), (-0.26502776, 1.2412496), (-0.39097384, 1.1641219), (-0.04757092, 1.4098518), (-0.18918775, 1.367949), (0.20611376, 1.516427), (0.058477186, 1.5126053), (0.47873804, 1.5537124), (0.3351429, 1.5882322), (0.7517234, 1.5191672), (0.6219553, 1.5896759), (1.0064662, 1.4151453), (0.8993687, 1.5168377), (1.2256058, 1.2487351), (1.1484776, 1.3746815), (1.3942087, 1.0312777), (1.3523057, 1.1728947), (1.5007844, 0.7775921), (1.4969624, 0.925229), (1.5380698, 0.50496674), (1.5725894, 0.6485623), (1.5035238, 0.23198065), (1.5740328, 0.36174887), (1.3995011, -0.022762537), (1.5011938, 0.084334895), (1.2330902, -0.24190241), (1.3590367, -0.16477439), (1.0156317, -0.4105047), (1.157249, -0.36860237), (0.76194566, -0.51707935), (0.9095825, -0.5132582), (0.48932037, -0.5543635), (0.6329154, -0.5888838), (0.2163347, -0.5198166), (0.34610218, -0.5903258), (-0.03840723, -0.41579312), (0.06868914, -0.51748604), (-0.25754574, -0.24938229), (-0.18041857, -0.37532863), (-0.4261471, -0.03192456), (-0.38424522, -0.17354137), (-0.5327212, 0.22176045), (-0.52890027, 0.0741242), (-0.5700058, 0.4943846), (-0.6045258, 0.35079005), (-0.6059684, 0.63760185), (-0.5103975, 1.0670922), (-0.6194046, 0.9500968), (3.2485943, 0.84271985), (-0.6233713, 0.7903815), (-0.3296554, 1.3051343), (-0.4652285, 1.2203385), (3.1357095, 1.0236756), (-0.093462, 1.4882864), (-0.24636254, 1.4414685), (2.9798365, 1.1692483), (0.18208669, 1.6040666), (0.022278547, 1.5984173), (2.7915974, 1.2695178), (0.47821236, 1.6445847), (0.32238734, 1.6804891), (2.5838208, 1.3176509), (0.77473503, 1.6070789), (0.63351214, 1.6820905), (2.3706665, 1.3103673), (1.0514469, 1.4941053), (0.9344505, 1.6031123), (2.1666603, 1.2481637), (1.2894905, 1.3133631), (1.2046937, 1.4489367), (1.9857049, 1.1352789), (1.4726434, 1.0771687), (1.425825, 1.23007), (1.8401325, 0.979406), (1.588424, 0.80161893), (1.5827746, 0.9614277), (1.7398627, 0.79116726), (1.6289418, 0.50549203), (1.6648464, 0.66131747), (1.6917291, 0.5833911), (1.5914354, 0.20896854), (1.6664476, 0.35019153), (1.6990123, 0.3702368), (1.478461, -0.06774387), (1.5874684, 0.049252436), (1.7612159, 0.1662306), (1.2977173, -0.3057875), (1.4332914, -0.22099105), (1.8741004, -0.014724851), (1.061522, -0.48893988), (1.2144234, -0.4421221), (2.0299733, -0.16029778), (0.7859715, -0.60471916), (0.9457799, -0.5990708), (2.218212, -0.26056764), (0.48984462, -0.6452354), (0.64566934, -0.6811411), (2.425988, -0.30870113), (0.19332175, -0.6077279), (0.33454388, -0.6827404), (2.6391425, -0.301418), (-0.08338913, -0.49475273), (0.033606008, -0.6037601), (2.8431494, -0.2392146), (-0.3214312, -0.31400928), (-0.2366358, -0.4495828), (3.024105, -0.12632993), (-0.50458235, -0.07781481), (-0.45776534, -0.23071545), (3.1696777, 0.029543072), (-0.6203611, 0.19773427), (-0.6147129, 0.03792645), (3.2699478, 0.21778199), (-0.6608777, 0.4938599), (-0.69678295, 0.33803546), (3.3180816, 0.4255587), (-0.69838345, 0.64915967), (3.3107982, 0.63871336), (3.1574416, 0.91176605), (3.1616292, 0.80357176), (3.2406218, 0.7289989), (3.0297928, 1.066777), (3.0618396, 0.9633529), (2.8663728, 1.1834676), (2.9240959, 1.0918622), (2.6783197, 1.2538861), (2.7577853, 1.180342), (2.4784489, 1.2732334), (2.5742414, 1.2227626), (2.2803812, 1.2401911), (2.3859725, 1.2162329), (2.0976143, 1.1570112), (2.2058084, 1.1611983), (1.9426038, 1.029362), (2.0460274, 1.0614091), (1.8259131, 0.86594266), (1.9175184, 0.92366576), (1.7554941, 0.6778899), (1.8290384, 0.75735533), (1.7361465, 0.47801918), (1.7866176, 0.57381153), (1.7691888, 0.2799514), (1.7931472, 0.38554254), (1.8523686, 0.09718447), (1.8481816, 0.20537859), (1.9800174, -0.057826344), (1.9479706, 0.045597523), (2.143437, -0.17451733), (2.0857139, -0.082911894), (2.3314896, -0.24493612), (2.2520244, -0.17139187), (2.5313601, -0.26428384), (2.435568, -0.21381268), (2.7294283, -0.23124193), (2.623837, -0.20728342), (2.912196, -0.14806207), (2.804001, -0.152249), (3.0672069, -0.020412853), (2.963783, -0.052459843), (3.1838977, 0.14300662), (3.0922925, 0.08528351), (3.254317, 0.3310597), (3.180773, 0.25159416), (3.2736642, 0.53093076), (3.2231936, 0.4351383), (3.2166636, 0.62340754), (3.0769792, 0.8619828), (3.076237, 0.7650848), (3.150016, 0.7017374), (2.964956, 0.9978646), (2.9893184, 0.9040762), (2.8215814, 1.1001227), (2.8693879, 1.0158354), (2.6566257, 1.1617882), (2.7246187, 1.092746), (2.481331, 1.1786591), (2.564876, 1.1295671), (2.3076427, 1.1495852), (2.401047, 1.1237892), (2.1473973, 1.0765483), (2.2442956, 1.075806), (2.0115159, 0.9645257), (2.1053042, 0.9888876), (1.9092577, 0.8211514), (1.993545, 0.86895734), (1.8475919, 0.65619594), (1.9166341, 0.7241882), (1.8307213, 0.4809011), (1.879813, 0.564446), (1.8597947, 0.30721274), (1.885591, 0.40061682), (1.9328314, 0.14696744), (1.933574, 0.2438654), (2.044854, 0.011085624), (2.020492, 0.10487406), (2.1882286, -0.09117258), (2.1404226, -0.0068852194), (2.3531837, -0.15283838), (2.2851915, -0.083796166), (2.5284786, -0.16970938), (2.444934, -0.120617405), (2.7021668, -0.14063591), (2.608763, -0.114839666), (2.862413, -0.0675991), (2.7655146, -0.06685665), (2.998295, 0.044423617), (2.9045067, 0.020061716), (3.1005535, 0.18779811), (3.0162659, 0.13999206), (3.1622195, 0.35275373), (3.0931773, 0.28476137), (3.17909, 0.5280489), (3.1299982, 0.44450387), (3.12422, 0.6083333), (2.9980652, 0.8130886), (2.992303, 0.7271759), (3.0611362, 0.6749337), (2.901386, 0.9302119), (2.918056, 0.84573525), (2.7776875, 1.018322), (2.8156533, 0.94103825), (2.635399, 1.0714141), (2.6920743, 1.0065901), (2.484218, 1.0858704), (2.5557392, 1.0379238), (2.334447, 1.0607055), (2.4159405, 1.0329037), (2.196292, 0.99763435), (2.2822046, 0.9918721), (2.0791683, 0.9009554), (2.1636453, 0.9176252), (1.9910583, 0.77725685), (2.068342, 0.8152228), (1.9379659, 0.63496876), (2.00279, 0.6916435), (1.9235098, 0.48378772), (1.9714563, 0.55530906), (1.9486747, 0.33401644), (1.9764766, 0.41551024), (2.0117455, 0.19586162), (2.017508, 0.28177422), (2.1084244, 0.07873822), (2.0917544, 0.16321486), (2.232123, -0.009371958), (2.1941571, 0.067911774), (2.374411, -0.062464327), (2.3177364, 0.002359732), (2.5255923, -0.07692073), (2.454071, -0.028973997), (2.6753635, -0.051756002), (2.59387, -0.023954082), (2.8135188, 0.011314985), (2.7276058, 0.017077401), (2.9306426, 0.10799401), (2.8461657, 0.09132424), (3.0187526, 0.23169261), (2.9414692, 0.19372666), (3.071845, 0.37398097), (3.0070207, 0.3173061), (3.0863013, 0.5251623), (3.0383544, 0.45364085), (3.0333345, 0.5934398), (2.9203649, 0.7648479), (2.9095078, 0.68967855), (2.9735978, 0.6484471), (2.838819, 0.86350465), (2.8477867, 0.7880866), (2.734517, 0.9376941), (2.7626991, 0.867167), (2.6145678, 0.98236036), (2.6600432, 0.9215304), (2.4871454, 0.9944596), (2.5468152, 0.9474722), (2.360933, 0.9731672), (2.4307308, 0.94322455), (2.244533, 0.91993415), (2.319702, 0.9090768), (2.1458755, 0.83838826), (2.221294, 0.8473562), (2.071686, 0.7340867), (2.142213, 0.76226866), (2.0270197, 0.61413765), (2.0878499, 0.65961295), (2.0149207, 0.48671514), (2.0619078, 0.54638493), (2.0362132, 0.36050296), (2.0661557, 0.43030074), (2.0894456, 0.24410221), (2.1003032, 0.31927145), (2.1709917, 0.14544539), (2.1620235, 0.2208634), (2.2752934, 0.07125582), (2.2471116, 0.141783), (2.3952425, 0.026589409), (2.3497672, 0.08741943), (2.5226648, 0.014490109), (2.462995, 0.061477512), (2.6488771, 0.035782434), (2.5790792, 0.06572512), (2.765278, 0.0890154), (2.6901088, 0.0998728), (2.8639355, 0.17056128), (2.7885172, 0.16159347), (2.938125, 0.2748629), (2.8675978, 0.24668097), (2.982791, 0.39481217), (2.9219613, 0.34933674), (2.9948905, 0.5222348), (2.947903, 0.46256495), (2.9436553, 0.5786492), (2.8436162, 0.7170774), (2.8275971, 0.6524607), (2.8871005, 0.62216836), (2.7770493, 0.797498), (2.7783, 0.73093694), (2.691936, 0.8579494), (2.7103715, 0.7939801), (2.594077, 0.89431214), (2.6284406, 0.8372939), (2.4901414, 0.90410817), (2.5380914, 0.8579267), (2.3872118, 0.8866698), (2.4454808, 0.85447234), (2.2923033, 0.84318554), (2.3569198, 0.82716626), (2.211882, 0.7766187), (2.2784433, 0.77786934), (2.151431, 0.69150573), (2.2154002, 0.70994097), (2.115068, 0.593647), (2.1720865, 0.6280104), (2.105272, 0.48971123), (2.1514535, 0.53766125), (2.1227105, 0.38678163), (2.154908, 0.4450504), (2.1661944, 0.2918726), (2.1822138, 0.35648924), (2.2327614, 0.21145204), (2.2315109, 0.27801305), (2.3178744, 0.1510005), (2.2994392, 0.21496984), (2.415733, 0.11463765), (2.3813696, 0.17165592), (2.5196686, 0.104841575), (2.471719, 0.15102303), (2.6225984, 0.12227984), (2.5643296, 0.15447734), (2.717508, 0.16576406), (2.6528912, 0.18178341), (2.7979286, 0.23233089), (2.7313676, 0.23108035), (2.8583798, 0.31744397), (2.7944107, 0.29900873), (2.8947427, 0.41530287), (2.8377244, 0.3809393), (2.9045389, 0.5192387), (2.8583574, 0.47128862), (2.8549032, 0.5638995), (2.7676075, 0.66962916), (2.7463613, 0.6154143), (2.8014011, 0.5960094), (2.715911, 0.73199385), (2.7094207, 0.67412746), (2.6498346, 0.77885354), (2.6585424, 0.7212791), (2.5738816, 0.8070148), (2.5971942, 0.7536559), (2.4932284, 0.81455845), (2.5295568, 0.76905143), (2.413371, 0.80097044), (2.4602394, 0.76641643), (2.3397515, 0.76717675), (2.3939662, 0.7459306), (2.2773862, 0.7154803), (2.3352528, 0.70899), (2.2305264, 0.6494043), (2.2881007, 0.65811205), (2.2023654, 0.5734515), (2.255724, 0.5967639), (2.1948218, 0.49279815), (2.2403288, 0.52912647), (2.2084098, 0.4129405), (2.2429638, 0.45980906), (2.2422035, 0.33932078), (2.2634494, 0.39353555), (2.2939, 0.27695602), (2.3003902, 0.3348224), (2.3599758, 0.2300963), (2.3512683, 0.28767073), (2.4359288, 0.201935), (2.4126163, 0.25529394), (2.5165823, 0.19439127), (2.480254, 0.23989837), (2.5964394, 0.20797926), (2.549571, 0.24253328), (2.6700597, 0.24177295), (2.6158442, 0.26301908), (2.7324243, 0.29346934), (2.6745582, 0.29995972), (2.779284, 0.3595454), (2.7217097, 0.35083774), (2.8074455, 0.43549824), (2.7540865, 0.4121859), (2.814989, 0.51615167), (2.7694821, 0.47982335), (2.7668471, 0.5491408), (2.6921582, 0.62238014), (2.6656175, 0.5784492), (2.7162938, 0.569898), (2.6552618, 0.6668272), (2.6409955, 0.6175239), (2.6081185, 0.7002102), (2.607099, 0.64889455), (2.5539415, 0.7202542), (2.5662384, 0.67042327), (2.4964228, 0.7255932), (2.5211978, 0.6806428), (2.4394822, 0.7158633), (2.475047, 0.67885685), (2.3870003, 0.69172776), (2.430931, 0.665187), (2.342553, 0.6548312), (2.3918562, 0.640565), (2.3091698, 0.60768807), (2.3604856, 0.6066686), (2.289126, 0.55351114), (2.3389568, 0.56580794), (2.2837873, 0.49599248), (2.3287375, 0.52076745), (2.293517, 0.43905187), (2.3305235, 0.4746167), (2.3176522, 0.38656974), (2.3441932, 0.43050072), (2.3545492, 0.34212267), (2.3688154, 0.39142597), (2.4016924, 0.3087396), (2.4027119, 0.3600553), (2.4558694, 0.2886956), (2.4435725, 0.3385266), (2.513388, 0.28335658), (2.4886127, 0.32830703), (2.570328, 0.2930864), (2.5347633, 0.33009297), (2.6228104, 0.31722203), (2.5788796, 0.34376276), (2.6672575, 0.35411862), (2.6179543, 0.36838484), (2.7006407, 0.40126178), (2.6493254, 0.40228122), (2.720685, 0.45543873), (2.6708539, 0.44314194), (2.7260242, 0.5129574), (2.6810737, 0.48818243), (2.6792877, 0.5343332), (2.6171067, 0.5752248), (2.5885377, 0.5430298), (2.6315951, 0.54377425), (2.5949721, 0.60185385), (2.575709, 0.56336164), (2.5666995, 0.6218467), (2.5580554, 0.57968044), (2.534216, 0.63384086), (2.5367796, 0.5908741), (2.4997349, 0.6370189), (2.513332, 0.59617984), (2.4656062, 0.6311643), (2.48931, 0.595236), (2.4341555, 0.6166761), (2.4663506, 0.588107), (2.4075265, 0.59454155), (2.4460187, 0.5752785), (2.3875337, 0.5662691), (2.4297, 0.557625), (2.3755393, 0.53378546), (2.4185061, 0.53634936), (2.3723617, 0.4993044), (2.4132006, 0.51290154), (2.3782158, 0.46517566), (2.4141443, 0.48887944), (2.3927042, 0.43372512), (2.4212732, 0.46592015), (2.4148388, 0.40709603), (2.4341018, 0.4455883), (2.4431114, 0.38710317), (2.4517555, 0.42926943), (2.475595, 0.375109), (2.473031, 0.41807577), (2.5100756, 0.3719309), (2.4964786, 0.41277003), (2.5442047, 0.3777854), (2.5205007, 0.41371384), (2.5756555, 0.39227366), (2.5434604, 0.42084283), (2.6022844, 0.41440827), (2.5637922, 0.43367127), (2.6222775, 0.44268072), (2.580111, 0.45132485), (2.6342716, 0.47516438), (2.5913048, 0.47260046), (2.6374497, 0.50964546), (2.5966105, 0.49604833), (2.595667, 0.52007043), (0.4411773, 0.51058054), (0.44546026, 0.5213007), (0.45237184, 0.5305471), (0.4614411, 0.53768957), (0.47204986, 0.54224133), (0.4834752, 0.54389226), (0.4949386, 0.5425299), (0.50565875, 0.5382469), (0.51490515, 0.53133535), (0.5220476, 0.5222661), (0.5265995, 0.51165736), (0.52825034, 0.50023186), (0.5268878, 0.48876846), (0.52260494, 0.4780483), (0.5156934, 0.46880198), (0.5066243, 0.4616595), (0.49601543, 0.45710772), (0.48459, 0.45545673), (0.4731266, 0.45681915), (0.46240652, 0.46110207), (0.4531601, 0.46801364), (0.4460176, 0.47708288), (0.4414659, 0.48769173), (0.43981487, 0.49911714), (2.548459, 0.5319648), (2.55409, 0.5197556), (2.53986, 0.5423005), (2.5288787, 0.5500586), (2.5162642, 0.5547102), (2.5028753, 0.55593836), (2.489625, 0.5536594), (2.4774156, 0.5480286), (2.4670799, 0.53942966), (2.4593217, 0.5284486), (2.4546702, 0.51583385), (2.453442, 0.5024449), (2.455721, 0.4891944), (2.4613519, 0.4769852), (2.4699507, 0.46664935), (2.4809318, 0.45889127), (2.4935465, 0.45423967), (2.5069351, 0.4530115), (2.520186, 0.45529047), (2.5323951, 0.46092132), (2.542731, 0.46952024), (2.5504892, 0.48050126), (2.555141, 0.49311605), (2.5563688, 0.50650495)] (
                    customData = {
                        dictionary Maya = {
                            int UVSetIndex = 0
                        }
                    }
                    interpolation = "faceVarying"
                )
                int[] primvars:st:indices = [0, 1154, 578, 1157, 1154, 1, 1155, 578, 578, 1155, 25, 1156, 1157, 578, 1156, 24, 1, 1158, 579, 1155, 1158, 2, 1159, 579, 579, 1159, 26, 1160, 1155, 579, 1160, 25, 2, 1161, 580, 1159, 1161, 3, 1162, 580, 580, 1162, 27, 1163, 1159, 580, 1163, 26, 3, 1164, 581, 1162, 1164, 4, 1165, 581, 581, 1165, 28, 1166, 1162, 581, 1166, 27, 4, 1167, 582, 1165, 1167, 5, 1168, 582, 582, 1168, 29, 1169, 1165, 582, 1169, 28, 5, 1170, 583, 1168, 1170, 6, 1171, 583, 583, 1171, 30, 1172, 1168, 583, 1172, 29, 6, 1173, 584, 1171, 1173, 7, 1174, 584, 584, 1174, 31, 1175, 1171, 584, 1175, 30, 7, 1176, 585, 1174, 1176, 8, 1177, 585, 585, 1177, 32, 1178, 1174, 585, 1178, 31, 8, 1179, 586, 1177, 1179, 9, 1180, 586, 586, 1180, 33, 1181, 1177, 586, 1181, 32, 9, 1182, 587, 1180, 1182, 10, 1183, 587, 587, 1183, 34, 1184, 1180, 587, 1184, 33, 10, 1185, 588, 1183, 1185, 11, 1186, 588, 588, 1186, 35, 1187, 1183, 588, 1187, 34, 11, 1188, 589, 1186, 1188, 12, 1189, 589, 589, 1189, 36, 1190, 1186, 589, 1190, 35, 12, 1191, 590, 1189, 1191, 13, 1192, 590, 590, 1192, 37, 1193, 1189, 590, 1193, 36, 13, 1194, 591, 1192, 1194, 14, 1195, 591, 591, 1195, 38, 1196, 1192, 591, 1196, 37, 14, 1197, 592, 1195, 1197, 15, 1198, 592, 592, 1198, 39, 1199, 1195, 592, 1199, 38, 15, 1200, 593, 1198, 1200, 16, 1201, 593, 593, 1201, 40, 1202, 1198, 593, 1202, 39, 16, 1203, 594, 1201, 1203, 17, 1204, 594, 594, 1204, 41, 1205, 1201, 594, 1205, 40, 17, 1206, 595, 1204, 1206, 18, 1207, 595, 595, 1207, 42, 1208, 1204, 595, 1208, 41, 18, 1209, 596, 1207, 1209, 19, 1210, 596, 596, 1210, 43, 1211, 1207, 596, 1211, 42, 19, 1212, 597, 1210, 1212, 20, 1213, 597, 597, 1213, 44, 1214, 1210, 597, 1214, 43, 20, 1215, 598, 1213, 1215, 21, 1216, 598, 598, 1216, 45, 1217, 1213, 598, 1217, 44, 21, 1218, 599, 1216, 1218, 22, 1219, 599, 599, 1219, 46, 1220, 1216, 599, 1220, 45, 22, 1221, 600, 1219, 1221, 23, 1222, 600, 600, 1222, 47, 1223, 1219, 600, 1223, 46, 23, 1224, 601, 1222, 1224, 0, 1157, 601, 601, 1157, 24, 1225, 1222, 601, 1225, 47, 24, 1156, 602, 1228, 1156, 25, 1226, 602, 602, 1226, 49, 1227, 1228, 602, 1227, 48, 25, 1160, 603, 1226, 1160, 26, 1229, 603, 603, 1229, 50, 1230, 1226, 603, 1230, 49, 26, 1163, 604, 1229, 1163, 27, 1231, 604, 604, 1231, 51, 1232, 1229, 604, 1232, 50, 27, 1166, 605, 1231, 1166, 28, 1233, 605, 605, 1233, 52, 1234, 1231, 605, 1234, 51, 28, 1169, 606, 1233, 1169, 29, 1235, 606, 606, 1235, 53, 1236, 1233, 606, 1236, 52, 29, 1172, 607, 1235, 1172, 30, 1237, 607, 607, 1237, 54, 1238, 1235, 607, 1238, 53, 30, 1175, 608, 1237, 1175, 31, 1239, 608, 608, 1239, 55, 1240, 1237, 608, 1240, 54, 31, 1178, 609, 1239, 1178, 32, 1241, 609, 609, 1241, 56, 1242, 1239, 609, 1242, 55, 32, 1181, 610, 1241, 1181, 33, 1243, 610, 610, 1243, 57, 1244, 1241, 610, 1244, 56, 33, 1184, 611, 1243, 1184, 34, 1245, 611, 611, 1245, 58, 1246, 1243, 611, 1246, 57, 34, 1187, 612, 1245, 1187, 35, 1247, 612, 612, 1247, 59, 1248, 1245, 612, 1248, 58, 35, 1190, 613, 1247, 1190, 36, 1249, 613, 613, 1249, 60, 1250, 1247, 613, 1250, 59, 36, 1193, 614, 1249, 1193, 37, 1251, 614, 614, 1251, 61, 1252, 1249, 614, 1252, 60, 37, 1196, 615, 1251, 1196, 38, 1253, 615, 615, 1253, 62, 1254, 1251, 615, 1254, 61, 38, 1199, 616, 1253, 1199, 39, 1255, 616, 616, 1255, 63, 1256, 1253, 616, 1256, 62, 39, 1202, 617, 1255, 1202, 40, 1257, 617, 617, 1257, 64, 1258, 1255, 617, 1258, 63, 40, 1205, 618, 1257, 1205, 41, 1259, 618, 618, 1259, 65, 1260, 1257, 618, 1260, 64, 41, 1208, 619, 1259, 1208, 42, 1261, 619, 619, 1261, 66, 1262, 1259, 619, 1262, 65, 42, 1211, 620, 1261, 1211, 43, 1263, 620, 620, 1263, 67, 1264, 1261, 620, 1264, 66, 43, 1214, 621, 1263, 1214, 44, 1265, 621, 621, 1265, 68, 1266, 1263, 621, 1266, 67, 44, 1217, 622, 1265, 1217, 45, 1267, 622, 622, 1267, 69, 1268, 1265, 622, 1268, 68, 45, 1220, 623, 1267, 1220, 46, 1269, 623, 623, 1269, 70, 1270, 1267, 623, 1270, 69, 46, 1223, 624, 1269, 1223, 47, 1271, 624, 624, 1271, 71, 1272, 1269, 624, 1272, 70, 47, 1225, 625, 1271, 1225, 24, 1228, 625, 625, 1228, 48, 1273, 1271, 625, 1273, 71, 48, 1227, 626, 1276, 1227, 49, 1274, 626, 626, 1274, 73, 1275, 1276, 626, 1275, 72, 49, 1230, 627, 1274, 1230, 50, 1277, 627, 627, 1277, 74, 1278, 1274, 627, 1278, 73, 50, 1232, 628, 1277, 1232, 51, 1279, 628, 628, 1279, 75, 1280, 1277, 628, 1280, 74, 51, 1234, 629, 1279, 1234, 52, 1281, 629, 629, 1281, 76, 1282, 1279, 629, 1282, 75, 52, 1236, 630, 1281, 1236, 53, 1283, 630, 630, 1283, 77, 1284, 1281, 630, 1284, 76, 53, 1238, 631, 1283, 1238, 54, 1285, 631, 631, 1285, 78, 1286, 1283, 631, 1286, 77, 54, 1240, 632, 1285, 1240, 55, 1287, 632, 632, 1287, 79, 1288, 1285, 632, 1288, 78, 55, 1242, 633, 1287, 1242, 56, 1289, 633, 633, 1289, 80, 1290, 1287, 633, 1290, 79, 56, 1244, 634, 1289, 1244, 57, 1291, 634, 634, 1291, 81, 1292, 1289, 634, 1292, 80, 57, 1246, 635, 1291, 1246, 58, 1293, 635, 635, 1293, 82, 1294, 1291, 635, 1294, 81, 58, 1248, 636, 1293, 1248, 59, 1295, 636, 636, 1295, 83, 1296, 1293, 636, 1296, 82, 59, 1250, 637, 1295, 1250, 60, 1297, 637, 637, 1297, 84, 1298, 1295, 637, 1298, 83, 60, 1252, 638, 1297, 1252, 61, 1299, 638, 638, 1299, 85, 1300, 1297, 638, 1300, 84, 61, 1254, 639, 1299, 1254, 62, 1301, 639, 639, 1301, 86, 1302, 1299, 639, 1302, 85, 62, 1256, 640, 1301, 1256, 63, 1303, 640, 640, 1303, 87, 1304, 1301, 640, 1304, 86, 63, 1258, 641, 1303, 1258, 64, 1305, 641, 641, 1305, 88, 1306, 1303, 641, 1306, 87, 64, 1260, 642, 1305, 1260, 65, 1307, 642, 642, 1307, 89, 1308, 1305, 642, 1308, 88, 65, 1262, 643, 1307, 1262, 66, 1309, 643, 643, 1309, 90, 1310, 1307, 643, 1310, 89, 66, 1264, 644, 1309, 1264, 67, 1311, 644, 644, 1311, 91, 1312, 1309, 644, 1312, 90, 67, 1266, 645, 1311, 1266, 68, 1313, 645, 645, 1313, 92, 1314, 1311, 645, 1314, 91, 68, 1268, 646, 1313, 1268, 69, 1315, 646, 646, 1315, 93, 1316, 1313, 646, 1316, 92, 69, 1270, 647, 1315, 1270, 70, 1317, 647, 647, 1317, 94, 1318, 1315, 647, 1318, 93, 70, 1272, 648, 1317, 1272, 71, 1319, 648, 648, 1319, 95, 1320, 1317, 648, 1320, 94, 71, 1273, 649, 1319, 1273, 48, 1276, 649, 649, 1276, 72, 1321, 1319, 649, 1321, 95, 72, 1275, 650, 1324, 1275, 73, 1322, 650, 650, 1322, 97, 1323, 1324, 650, 1323, 96, 73, 1278, 651, 1322, 1278, 74, 1325, 651, 651, 1325, 98, 1326, 1322, 651, 1326, 97, 74, 1280, 652, 1325, 1280, 75, 1327, 652, 652, 1327, 99, 1328, 1325, 652, 1328, 98, 75, 1282, 653, 1327, 1282, 76, 1329, 653, 653, 1329, 100, 1330, 1327, 653, 1330, 99, 76, 1284, 654, 1329, 1284, 77, 1331, 654, 654, 1331, 101, 1332, 1329, 654, 1332, 100, 77, 1286, 655, 1331, 1286, 78, 1333, 655, 655, 1333, 102, 1334, 1331, 655, 1334, 101, 78, 1288, 656, 1333, 1288, 79, 1335, 656, 656, 1335, 103, 1336, 1333, 656, 1336, 102, 79, 1290, 657, 1335, 1290, 80, 1337, 657, 657, 1337, 104, 1338, 1335, 657, 1338, 103, 80, 1292, 658, 1337, 1292, 81, 1339, 658, 658, 1339, 105, 1340, 1337, 658, 1340, 104, 81, 1294, 659, 1339, 1294, 82, 1341, 659, 659, 1341, 106, 1342, 1339, 659, 1342, 105, 82, 1296, 660, 1341, 1296, 83, 1343, 660, 660, 1343, 107, 1344, 1341, 660, 1344, 106, 83, 1298, 661, 1343, 1298, 84, 1345, 661, 661, 1345, 108, 1346, 1343, 661, 1346, 107, 84, 1300, 662, 1345, 1300, 85, 1347, 662, 662, 1347, 109, 1348, 1345, 662, 1348, 108, 85, 1302, 663, 1347, 1302, 86, 1349, 663, 663, 1349, 110, 1350, 1347, 663, 1350, 109, 86, 1304, 664, 1349, 1304, 87, 1351, 664, 664, 1351, 111, 1352, 1349, 664, 1352, 110, 87, 1306, 665, 1351, 1306, 88, 1353, 665, 665, 1353, 112, 1354, 1351, 665, 1354, 111, 88, 1308, 666, 1353, 1308, 89, 1355, 666, 666, 1355, 113, 1356, 1353, 666, 1356, 112, 89, 1310, 667, 1355, 1310, 90, 1357, 667, 667, 1357, 114, 1358, 1355, 667, 1358, 113, 90, 1312, 668, 1357, 1312, 91, 1359, 668, 668, 1359, 115, 1360, 1357, 668, 1360, 114, 91, 1314, 669, 1359, 1314, 92, 1361, 669, 669, 1361, 116, 1362, 1359, 669, 1362, 115, 92, 1316, 670, 1361, 1316, 93, 1363, 670, 670, 1363, 117, 1364, 1361, 670, 1364, 116, 93, 1318, 671, 1363, 1318, 94, 1365, 671, 671, 1365, 118, 1366, 1363, 671, 1366, 117, 94, 1320, 672, 1365, 1320, 95, 1367, 672, 672, 1367, 119, 1368, 1365, 672, 1368, 118, 95, 1321, 673, 1367, 1321, 72, 1324, 673, 673, 1324, 96, 1369, 1367, 673, 1369, 119, 96, 1323, 674, 1372, 1323, 97, 1370, 674, 674, 1370, 121, 1371, 1372, 674, 1371, 120, 97, 1326, 675, 1370, 1326, 98, 1373, 675, 675, 1373, 122, 1374, 1370, 675, 1374, 121, 98, 1328, 676, 1373, 1328, 99, 1375, 676, 676, 1375, 123, 1376, 1373, 676, 1376, 122, 99, 1330, 677, 1375, 1330, 100, 1377, 677, 677, 1377, 124, 1378, 1375, 677, 1378, 123, 100, 1332, 678, 1377, 1332, 101, 1379, 678, 678, 1379, 125, 1380, 1377, 678, 1380, 124, 101, 1334, 679, 1379, 1334, 102, 1381, 679, 679, 1381, 126, 1382, 1379, 679, 1382, 125, 102, 1336, 680, 1381, 1336, 103, 1383, 680, 680, 1383, 127, 1384, 1381, 680, 1384, 126, 103, 1338, 681, 1383, 1338, 104, 1385, 681, 681, 1385, 128, 1386, 1383, 681, 1386, 127, 104, 1340, 682, 1385, 1340, 105, 1387, 682, 682, 1387, 129, 1388, 1385, 682, 1388, 128, 105, 1342, 683, 1387, 1342, 106, 1389, 683, 683, 1389, 130, 1390, 1387, 683, 1390, 129, 106, 1344, 684, 1389, 1344, 107, 1391, 684, 684, 1391, 131, 1392, 1389, 684, 1392, 130, 107, 1346, 685, 1391, 1346, 108, 1393, 685, 685, 1393, 132, 1394, 1391, 685, 1394, 131, 108, 1348, 686, 1393, 1348, 109, 1395, 686, 686, 1395, 133, 1396, 1393, 686, 1396, 132, 109, 1350, 687, 1395, 1350, 110, 1397, 687, 687, 1397, 134, 1398, 1395, 687, 1398, 133, 110, 1352, 688, 1397, 1352, 111, 1399, 688, 688, 1399, 135, 1400, 1397, 688, 1400, 134, 111, 1354, 689, 1399, 1354, 112, 1401, 689, 689, 1401, 136, 1402, 1399, 689, 1402, 135, 112, 1356, 690, 1401, 1356, 113, 1403, 690, 690, 1403, 137, 1404, 1401, 690, 1404, 136, 113, 1358, 691, 1403, 1358, 114, 1405, 691, 691, 1405, 138, 1406, 1403, 691, 1406, 137, 114, 1360, 692, 1405, 1360, 115, 1407, 692, 692, 1407, 139, 1408, 1405, 692, 1408, 138, 115, 1362, 693, 1407, 1362, 116, 1409, 693, 693, 1409, 140, 1410, 1407, 693, 1410, 139, 116, 1364, 694, 1409, 1364, 117, 1411, 694, 694, 1411, 141, 1412, 1409, 694, 1412, 140, 117, 1366, 695, 1411, 1366, 118, 1413, 695, 695, 1413, 142, 1414, 1411, 695, 1414, 141, 118, 1368, 696, 1413, 1368, 119, 1415, 696, 696, 1415, 143, 1416, 1413, 696, 1416, 142, 119, 1369, 697, 1415, 1369, 96, 1372, 697, 697, 1372, 120, 1417, 1415, 697, 1417, 143, 120, 1371, 698, 1420, 1371, 121, 1418, 698, 698, 1418, 145, 1419, 1420, 698, 1419, 144, 121, 1374, 699, 1418, 1374, 122, 1421, 699, 699, 1421, 146, 1422, 1418, 699, 1422, 145, 122, 1376, 700, 1421, 1376, 123, 1423, 700, 700, 1423, 147, 1424, 1421, 700, 1424, 146, 123, 1378, 701, 1423, 1378, 124, 1425, 701, 701, 1425, 148, 1426, 1423, 701, 1426, 147, 124, 1380, 702, 1425, 1380, 125, 1427, 702, 702, 1427, 149, 1428, 1425, 702, 1428, 148, 125, 1382, 703, 1427, 1382, 126, 1429, 703, 703, 1429, 150, 1430, 1427, 703, 1430, 149, 126, 1384, 704, 1429, 1384, 127, 1431, 704, 704, 1431, 151, 1432, 1429, 704, 1432, 150, 127, 1386, 705, 1431, 1386, 128, 1433, 705, 705, 1433, 152, 1434, 1431, 705, 1434, 151, 128, 1388, 706, 1433, 1388, 129, 1435, 706, 706, 1435, 153, 1436, 1433, 706, 1436, 152, 129, 1390, 707, 1435, 1390, 130, 1437, 707, 707, 1437, 154, 1438, 1435, 707, 1438, 153, 130, 1392, 708, 1437, 1392, 131, 1439, 708, 708, 1439, 155, 1440, 1437, 708, 1440, 154, 131, 1394, 709, 1439, 1394, 132, 1441, 709, 709, 1441, 156, 1442, 1439, 709, 1442, 155, 132, 1396, 710, 1441, 1396, 133, 1443, 710, 710, 1443, 157, 1444, 1441, 710, 1444, 156, 133, 1398, 711, 1443, 1398, 134, 1445, 711, 711, 1445, 158, 1446, 1443, 711, 1446, 157, 134, 1400, 712, 1445, 1400, 135, 1447, 712, 712, 1447, 159, 1448, 1445, 712, 1448, 158, 135, 1402, 713, 1447, 1402, 136, 1449, 713, 713, 1449, 160, 1450, 1447, 713, 1450, 159, 136, 1404, 714, 1449, 1404, 137, 1451, 714, 714, 1451, 161, 1452, 1449, 714, 1452, 160, 137, 1406, 715, 1451, 1406, 138, 1453, 715, 715, 1453, 162, 1454, 1451, 715, 1454, 161, 138, 1408, 716, 1453, 1408, 139, 1455, 716, 716, 1455, 163, 1456, 1453, 716, 1456, 162, 139, 1410, 717, 1455, 1410, 140, 1457, 717, 717, 1457, 164, 1458, 1455, 717, 1458, 163, 140, 1412, 718, 1457, 1412, 141, 1459, 718, 718, 1459, 165, 1460, 1457, 718, 1460, 164, 141, 1414, 719, 1459, 1414, 142, 1461, 719, 719, 1461, 166, 1462, 1459, 719, 1462, 165, 142, 1416, 720, 1461, 1416, 143, 1463, 720, 720, 1463, 167, 1464, 1461, 720, 1464, 166, 143, 1417, 721, 1463, 1417, 120, 1420, 721, 721, 1420, 144, 1465, 1463, 721, 1465, 167, 144, 1419, 722, 1468, 1419, 145, 1466, 722, 722, 1466, 169, 1467, 1468, 722, 1467, 168, 145, 1422, 723, 1466, 1422, 146, 1469, 723, 723, 1469, 170, 1470, 1466, 723, 1470, 169, 146, 1424, 724, 1469, 1424, 147, 1471, 724, 724, 1471, 171, 1472, 1469, 724, 1472, 170, 147, 1426, 725, 1471, 1426, 148, 1473, 725, 725, 1473, 172, 1474, 1471, 725, 1474, 171, 148, 1428, 726, 1473, 1428, 149, 1475, 726, 726, 1475, 173, 1476, 1473, 726, 1476, 172, 149, 1430, 727, 1475, 1430, 150, 1477, 727, 727, 1477, 174, 1478, 1475, 727, 1478, 173, 150, 1432, 728, 1477, 1432, 151, 1479, 728, 728, 1479, 175, 1480, 1477, 728, 1480, 174, 151, 1434, 729, 1479, 1434, 152, 1481, 729, 729, 1481, 176, 1482, 1479, 729, 1482, 175, 152, 1436, 730, 1481, 1436, 153, 1483, 730, 730, 1483, 177, 1484, 1481, 730, 1484, 176, 153, 1438, 731, 1483, 1438, 154, 1485, 731, 731, 1485, 178, 1486, 1483, 731, 1486, 177, 154, 1440, 732, 1485, 1440, 155, 1487, 732, 732, 1487, 179, 1488, 1485, 732, 1488, 178, 155, 1442, 733, 1487, 1442, 156, 1489, 733, 733, 1489, 180, 1490, 1487, 733, 1490, 179, 156, 1444, 734, 1489, 1444, 157, 1491, 734, 734, 1491, 181, 1492, 1489, 734, 1492, 180, 157, 1446, 735, 1491, 1446, 158, 1493, 735, 735, 1493, 182, 1494, 1491, 735, 1494, 181, 158, 1448, 736, 1493, 1448, 159, 1495, 736, 736, 1495, 183, 1496, 1493, 736, 1496, 182, 159, 1450, 737, 1495, 1450, 160, 1497, 737, 737, 1497, 184, 1498, 1495, 737, 1498, 183, 160, 1452, 738, 1497, 1452, 161, 1499, 738, 738, 1499, 185, 1500, 1497, 738, 1500, 184, 161, 1454, 739, 1499, 1454, 162, 1501, 739, 739, 1501, 186, 1502, 1499, 739, 1502, 185, 162, 1456, 740, 1501, 1456, 163, 1503, 740, 740, 1503, 187, 1504, 1501, 740, 1504, 186, 163, 1458, 741, 1503, 1458, 164, 1505, 741, 741, 1505, 188, 1506, 1503, 741, 1506, 187, 164, 1460, 742, 1505, 1460, 165, 1507, 742, 742, 1507, 189, 1508, 1505, 742, 1508, 188, 165, 1462, 743, 1507, 1462, 166, 1509, 743, 743, 1509, 190, 1510, 1507, 743, 1510, 189, 166, 1464, 744, 1509, 1464, 167, 1511, 744, 744, 1511, 191, 1512, 1509, 744, 1512, 190, 167, 1465, 745, 1511, 1465, 144, 1468, 745, 745, 1468, 168, 1513, 1511, 745, 1513, 191, 168, 1467, 746, 1516, 1467, 169, 1514, 746, 746, 1514, 193, 1515, 1516, 746, 1515, 192, 169, 1470, 747, 1514, 1470, 170, 1517, 747, 747, 1517, 194, 1518, 1514, 747, 1518, 193, 170, 1472, 748, 1517, 1472, 171, 1519, 748, 748, 1519, 195, 1520, 1517, 748, 1520, 194, 171, 1474, 749, 1519, 1474, 172, 1521, 749, 749, 1521, 196, 1522, 1519, 749, 1522, 195, 172, 1476, 750, 1521, 1476, 173, 1523, 750, 750, 1523, 197, 1524, 1521, 750, 1524, 196, 173, 1478, 751, 1523, 1478, 174, 1525, 751, 751, 1525, 198, 1526, 1523, 751, 1526, 197, 174, 1480, 752, 1525, 1480, 175, 1527, 752, 752, 1527, 199, 1528, 1525, 752, 1528, 198, 175, 1482, 753, 1527, 1482, 176, 1529, 753, 753, 1529, 200, 1530, 1527, 753, 1530, 199, 176, 1484, 754, 1529, 1484, 177, 1531, 754, 754, 1531, 201, 1532, 1529, 754, 1532, 200, 177, 1486, 755, 1531, 1486, 178, 1533, 755, 755, 1533, 202, 1534, 1531, 755, 1534, 201, 178, 1488, 756, 1533, 1488, 179, 1535, 756, 756, 1535, 203, 1536, 1533, 756, 1536, 202, 179, 1490, 757, 1535, 1490, 180, 1537, 757, 757, 1537, 204, 1538, 1535, 757, 1538, 203, 180, 1492, 758, 1537, 1492, 181, 1539, 758, 758, 1539, 205, 1540, 1537, 758, 1540, 204, 181, 1494, 759, 1539, 1494, 182, 1541, 759, 759, 1541, 206, 1542, 1539, 759, 1542, 205, 182, 1496, 760, 1541, 1496, 183, 1543, 760, 760, 1543, 207, 1544, 1541, 760, 1544, 206, 183, 1498, 761, 1543, 1498, 184, 1545, 761, 761, 1545, 208, 1546, 1543, 761, 1546, 207, 184, 1500, 762, 1545, 1500, 185, 1547, 762, 762, 1547, 209, 1548, 1545, 762, 1548, 208, 185, 1502, 763, 1547, 1502, 186, 1549, 763, 763, 1549, 210, 1550, 1547, 763, 1550, 209, 186, 1504, 764, 1549, 1504, 187, 1551, 764, 764, 1551, 211, 1552, 1549, 764, 1552, 210, 187, 1506, 765, 1551, 1506, 188, 1553, 765, 765, 1553, 212, 1554, 1551, 765, 1554, 211, 188, 1508, 766, 1553, 1508, 189, 1555, 766, 766, 1555, 213, 1556, 1553, 766, 1556, 212, 189, 1510, 767, 1555, 1510, 190, 1557, 767, 767, 1557, 214, 1558, 1555, 767, 1558, 213, 190, 1512, 768, 1557, 1512, 191, 1559, 768, 768, 1559, 215, 1560, 1557, 768, 1560, 214, 191, 1513, 769, 1559, 1513, 168, 1516, 769, 769, 1516, 192, 1561, 1559, 769, 1561, 215, 192, 1515, 770, 1564, 1515, 193, 1562, 770, 770, 1562, 217, 1563, 1564, 770, 1563, 216, 193, 1518, 771, 1562, 1518, 194, 1565, 771, 771, 1565, 218, 1566, 1562, 771, 1566, 217, 194, 1520, 772, 1565, 1520, 195, 1567, 772, 772, 1567, 219, 1568, 1565, 772, 1568, 218, 195, 1522, 773, 1567, 1522, 196, 1569, 773, 773, 1569, 220, 1570, 1567, 773, 1570, 219, 196, 1524, 774, 1569, 1524, 197, 1571, 774, 774, 1571, 221, 1572, 1569, 774, 1572, 220, 197, 1526, 775, 1571, 1526, 198, 1573, 775, 775, 1573, 222, 1574, 1571, 775, 1574, 221, 198, 1528, 776, 1573, 1528, 199, 1575, 776, 776, 1575, 223, 1576, 1573, 776, 1576, 222, 199, 1530, 777, 1575, 1530, 200, 1577, 777, 777, 1577, 224, 1578, 1575, 777, 1578, 223, 200, 1532, 778, 1577, 1532, 201, 1579, 778, 778, 1579, 225, 1580, 1577, 778, 1580, 224, 201, 1534, 779, 1579, 1534, 202, 1581, 779, 779, 1581, 226, 1582, 1579, 779, 1582, 225, 202, 1536, 780, 1581, 1536, 203, 1583, 780, 780, 1583, 227, 1584, 1581, 780, 1584, 226, 203, 1538, 781, 1583, 1538, 204, 1585, 781, 781, 1585, 228, 1586, 1583, 781, 1586, 227, 204, 1540, 782, 1585, 1540, 205, 1587, 782, 782, 1587, 229, 1588, 1585, 782, 1588, 228, 205, 1542, 783, 1587, 1542, 206, 1589, 783, 783, 1589, 230, 1590, 1587, 783, 1590, 229, 206, 1544, 784, 1589, 1544, 207, 1591, 784, 784, 1591, 231, 1592, 1589, 784, 1592, 230, 207, 1546, 785, 1591, 1546, 208, 1593, 785, 785, 1593, 232, 1594, 1591, 785, 1594, 231, 208, 1548, 786, 1593, 1548, 209, 1595, 786, 786, 1595, 233, 1596, 1593, 786, 1596, 232, 209, 1550, 787, 1595, 1550, 210, 1597, 787, 787, 1597, 234, 1598, 1595, 787, 1598, 233, 210, 1552, 788, 1597, 1552, 211, 1599, 788, 788, 1599, 235, 1600, 1597, 788, 1600, 234, 211, 1554, 789, 1599, 1554, 212, 1601, 789, 789, 1601, 236, 1602, 1599, 789, 1602, 235, 212, 1556, 790, 1601, 1556, 213, 1603, 790, 790, 1603, 237, 1604, 1601, 790, 1604, 236, 213, 1558, 791, 1603, 1558, 214, 1605, 791, 791, 1605, 238, 1606, 1603, 791, 1606, 237, 214, 1560, 792, 1605, 1560, 215, 1607, 792, 792, 1607, 239, 1608, 1605, 792, 1608, 238, 215, 1561, 793, 1607, 1561, 192, 1564, 793, 793, 1564, 216, 1609, 1607, 793, 1609, 239, 216, 1563, 794, 1612, 1563, 217, 1610, 794, 794, 1610, 241, 1611, 1612, 794, 1611, 240, 217, 1566, 795, 1610, 1566, 218, 1613, 795, 795, 1613, 242, 1614, 1610, 795, 1614, 241, 218, 1568, 796, 1613, 1568, 219, 1615, 796, 796, 1615, 243, 1616, 1613, 796, 1616, 242, 219, 1570, 797, 1615, 1570, 220, 1617, 797, 797, 1617, 244, 1618, 1615, 797, 1618, 243, 220, 1572, 798, 1617, 1572, 221, 1619, 798, 798, 1619, 245, 1620, 1617, 798, 1620, 244, 221, 1574, 799, 1619, 1574, 222, 1621, 799, 799, 1621, 246, 1622, 1619, 799, 1622, 245, 222, 1576, 800, 1621, 1576, 223, 1623, 800, 800, 1623, 247, 1624, 1621, 800, 1624, 246, 223, 1578, 801, 1623, 1578, 224, 1625, 801, 801, 1625, 248, 1626, 1623, 801, 1626, 247, 224, 1580, 802, 1625, 1580, 225, 1627, 802, 802, 1627, 249, 1628, 1625, 802, 1628, 248, 225, 1582, 803, 1627, 1582, 226, 1629, 803, 803, 1629, 250, 1630, 1627, 803, 1630, 249, 226, 1584, 804, 1629, 1584, 227, 1631, 804, 804, 1631, 251, 1632, 1629, 804, 1632, 250, 227, 1586, 805, 1631, 1586, 228, 1633, 805, 805, 1633, 252, 1634, 1631, 805, 1634, 251, 228, 1588, 806, 1633, 1588, 229, 1635, 806, 806, 1635, 253, 1636, 1633, 806, 1636, 252, 229, 1590, 807, 1635, 1590, 230, 1637, 807, 807, 1637, 254, 1638, 1635, 807, 1638, 253, 230, 1592, 808, 1637, 1592, 231, 1639, 808, 808, 1639, 255, 1640, 1637, 808, 1640, 254, 231, 1594, 809, 1639, 1594, 232, 1641, 809, 809, 1641, 256, 1642, 1639, 809, 1642, 255, 232, 1596, 810, 1641, 1596, 233, 1643, 810, 810, 1643, 257, 1644, 1641, 810, 1644, 256, 233, 1598, 811, 1643, 1598, 234, 1645, 811, 811, 1645, 258, 1646, 1643, 811, 1646, 257, 234, 1600, 812, 1645, 1600, 235, 1647, 812, 812, 1647, 259, 1648, 1645, 812, 1648, 258, 235, 1602, 813, 1647, 1602, 236, 1649, 813, 813, 1649, 260, 1650, 1647, 813, 1650, 259, 236, 1604, 814, 1649, 1604, 237, 1651, 814, 814, 1651, 261, 1652, 1649, 814, 1652, 260, 237, 1606, 815, 1651, 1606, 238, 1653, 815, 815, 1653, 262, 1654, 1651, 815, 1654, 261, 238, 1608, 816, 1653, 1608, 239, 1655, 816, 816, 1655, 263, 1656, 1653, 816, 1656, 262, 239, 1609, 817, 1655, 1609, 216, 1612, 817, 817, 1612, 240, 1657, 1655, 817, 1657, 263, 240, 1611, 818, 1660, 1611, 241, 1658, 818, 818, 1658, 265, 1659, 1660, 818, 1659, 264, 241, 1614, 819, 1658, 1614, 242, 1661, 819, 819, 1661, 266, 1662, 1658, 819, 1662, 265, 242, 1616, 820, 1661, 1616, 243, 1663, 820, 820, 1663, 267, 1664, 1661, 820, 1664, 266, 243, 1618, 821, 1663, 1618, 244, 1665, 821, 821, 1665, 268, 1666, 1663, 821, 1666, 267, 244, 1620, 822, 1665, 1620, 245, 1667, 822, 822, 1667, 269, 1668, 1665, 822, 1668, 268, 245, 1622, 823, 1667, 1622, 246, 1669, 823, 823, 1669, 270, 1670, 1667, 823, 1670, 269, 246, 1624, 824, 1669, 1624, 247, 1671, 824, 824, 1671, 271, 1672, 1669, 824, 1672, 270, 247, 1626, 825, 1671, 1626, 248, 1673, 825, 825, 1673, 272, 1674, 1671, 825, 1674, 271, 248, 1628, 826, 1673, 1628, 249, 1675, 826, 826, 1675, 273, 1676, 1673, 826, 1676, 272, 249, 1630, 827, 1675, 1630, 250, 1677, 827, 827, 1677, 274, 1678, 1675, 827, 1678, 273, 250, 1632, 828, 1677, 1632, 251, 1679, 828, 828, 1679, 275, 1680, 1677, 828, 1680, 274, 251, 1634, 829, 1679, 1634, 252, 1681, 829, 829, 1681, 276, 1682, 1679, 829, 1682, 275, 252, 1636, 830, 1681, 1636, 253, 1683, 830, 830, 1683, 277, 1684, 1681, 830, 1684, 276, 253, 1638, 831, 1683, 1638, 254, 1685, 831, 831, 1685, 278, 1686, 1683, 831, 1686, 277, 254, 1640, 832, 1685, 1640, 255, 1687, 832, 832, 1687, 279, 1688, 1685, 832, 1688, 278, 255, 1642, 833, 1687, 1642, 256, 1689, 833, 833, 1689, 280, 1690, 1687, 833, 1690, 279, 256, 1644, 834, 1689, 1644, 257, 1691, 834, 834, 1691, 281, 1692, 1689, 834, 1692, 280, 257, 1646, 835, 1691, 1646, 258, 1693, 835, 835, 1693, 282, 1694, 1691, 835, 1694, 281, 258, 1648, 836, 1693, 1648, 259, 1695, 836, 836, 1695, 283, 1696, 1693, 836, 1696, 282, 259, 1650, 837, 1695, 1650, 260, 1697, 837, 837, 1697, 284, 1698, 1695, 837, 1698, 283, 260, 1652, 838, 1697, 1652, 261, 1699, 838, 838, 1699, 285, 1700, 1697, 838, 1700, 284, 261, 1654, 839, 1699, 1654, 262, 1701, 839, 839, 1701, 286, 1702, 1699, 839, 1702, 285, 262, 1656, 840, 1701, 1656, 263, 1703, 840, 840, 1703, 287, 1704, 1701, 840, 1704, 286, 263, 1657, 841, 1703, 1657, 240, 1660, 841, 841, 1660, 264, 1705, 1703, 841, 1705, 287, 264, 1659, 842, 1708, 1659, 265, 1706, 842, 842, 1706, 289, 1707, 1708, 842, 1707, 288, 265, 1662, 843, 1706, 1662, 266, 1709, 843, 843, 1709, 290, 1710, 1706, 843, 1710, 289, 266, 1664, 844, 1709, 1664, 267, 1711, 844, 844, 1711, 291, 1712, 1709, 844, 1712, 290, 267, 1666, 845, 1711, 1666, 268, 1713, 845, 845, 1713, 292, 1714, 1711, 845, 1714, 291, 268, 1668, 846, 1713, 1668, 269, 1715, 846, 846, 1715, 293, 1716, 1713, 846, 1716, 292, 269, 1670, 847, 1715, 1670, 270, 1717, 847, 847, 1717, 294, 1718, 1715, 847, 1718, 293, 270, 1672, 848, 1717, 1672, 271, 1719, 848, 848, 1719, 295, 1720, 1717, 848, 1720, 294, 271, 1674, 849, 1719, 1674, 272, 1721, 849, 849, 1721, 296, 1722, 1719, 849, 1722, 295, 272, 1676, 850, 1721, 1676, 273, 1723, 850, 850, 1723, 297, 1724, 1721, 850, 1724, 296, 273, 1678, 851, 1723, 1678, 274, 1725, 851, 851, 1725, 298, 1726, 1723, 851, 1726, 297, 274, 1680, 852, 1725, 1680, 275, 1727, 852, 852, 1727, 299, 1728, 1725, 852, 1728, 298, 275, 1682, 853, 1727, 1682, 276, 1729, 853, 853, 1729, 300, 1730, 1727, 853, 1730, 299, 276, 1684, 854, 1729, 1684, 277, 1731, 854, 854, 1731, 301, 1732, 1729, 854, 1732, 300, 277, 1686, 855, 1731, 1686, 278, 1733, 855, 855, 1733, 302, 1734, 1731, 855, 1734, 301, 278, 1688, 856, 1733, 1688, 279, 1735, 856, 856, 1735, 303, 1736, 1733, 856, 1736, 302, 279, 1690, 857, 1735, 1690, 280, 1737, 857, 857, 1737, 304, 1738, 1735, 857, 1738, 303, 280, 1692, 858, 1737, 1692, 281, 1739, 858, 858, 1739, 305, 1740, 1737, 858, 1740, 304, 281, 1694, 859, 1739, 1694, 282, 1741, 859, 859, 1741, 306, 1742, 1739, 859, 1742, 305, 282, 1696, 860, 1741, 1696, 283, 1743, 860, 860, 1743, 307, 1744, 1741, 860, 1744, 306, 283, 1698, 861, 1743, 1698, 284, 1745, 861, 861, 1745, 308, 1746, 1743, 861, 1746, 307, 284, 1700, 862, 1745, 1700, 285, 1747, 862, 862, 1747, 309, 1748, 1745, 862, 1748, 308, 285, 1702, 863, 1747, 1702, 286, 1749, 863, 863, 1749, 310, 1750, 1747, 863, 1750, 309, 286, 1704, 864, 1749, 1704, 287, 1751, 864, 864, 1751, 311, 1752, 1749, 864, 1752, 310, 287, 1705, 865, 1751, 1705, 264, 1708, 865, 865, 1708, 288, 1753, 1751, 865, 1753, 311, 288, 1707, 866, 1756, 1707, 289, 1754, 866, 866, 1754, 313, 1755, 1756, 866, 1755, 312, 289, 1710, 867, 1754, 1710, 290, 1757, 867, 867, 1757, 314, 1758, 1754, 867, 1758, 313, 290, 1712, 868, 1757, 1712, 291, 1759, 868, 868, 1759, 315, 1760, 1757, 868, 1760, 314, 291, 1714, 869, 1759, 1714, 292, 1761, 869, 869, 1761, 316, 1762, 1759, 869, 1762, 315, 292, 1716, 870, 1761, 1716, 293, 1763, 870, 870, 1763, 317, 1764, 1761, 870, 1764, 316, 293, 1718, 871, 1763, 1718, 294, 1765, 871, 871, 1765, 318, 1766, 1763, 871, 1766, 317, 294, 1720, 872, 1765, 1720, 295, 1767, 872, 872, 1767, 319, 1768, 1765, 872, 1768, 318, 295, 1722, 873, 1767, 1722, 296, 1769, 873, 873, 1769, 320, 1770, 1767, 873, 1770, 319, 296, 1724, 874, 1769, 1724, 297, 1771, 874, 874, 1771, 321, 1772, 1769, 874, 1772, 320, 297, 1726, 875, 1771, 1726, 298, 1773, 875, 875, 1773, 322, 1774, 1771, 875, 1774, 321, 298, 1728, 876, 1773, 1728, 299, 1775, 876, 876, 1775, 323, 1776, 1773, 876, 1776, 322, 299, 1730, 877, 1775, 1730, 300, 1777, 877, 877, 1777, 324, 1778, 1775, 877, 1778, 323, 300, 1732, 878, 1777, 1732, 301, 1779, 878, 878, 1779, 325, 1780, 1777, 878, 1780, 324, 301, 1734, 879, 1779, 1734, 302, 1781, 879, 879, 1781, 326, 1782, 1779, 879, 1782, 325, 302, 1736, 880, 1781, 1736, 303, 1783, 880, 880, 1783, 327, 1784, 1781, 880, 1784, 326, 303, 1738, 881, 1783, 1738, 304, 1785, 881, 881, 1785, 328, 1786, 1783, 881, 1786, 327, 304, 1740, 882, 1785, 1740, 305, 1787, 882, 882, 1787, 329, 1788, 1785, 882, 1788, 328, 305, 1742, 883, 1787, 1742, 306, 1789, 883, 883, 1789, 330, 1790, 1787, 883, 1790, 329, 306, 1744, 884, 1789, 1744, 307, 1791, 884, 884, 1791, 331, 1792, 1789, 884, 1792, 330, 307, 1746, 885, 1791, 1746, 308, 1793, 885, 885, 1793, 332, 1794, 1791, 885, 1794, 331, 308, 1748, 886, 1793, 1748, 309, 1795, 886, 886, 1795, 333, 1796, 1793, 886, 1796, 332, 309, 1750, 887, 1795, 1750, 310, 1797, 887, 887, 1797, 334, 1798, 1795, 887, 1798, 333, 310, 1752, 888, 1797, 1752, 311, 1799, 888, 888, 1799, 335, 1800, 1797, 888, 1800, 334, 311, 1753, 889, 1799, 1753, 288, 1756, 889, 889, 1756, 312, 1801, 1799, 889, 1801, 335, 312, 1755, 890, 1805, 1755, 313, 1802, 890, 890, 1802, 338, 1803, 1805, 890, 1803, 336, 313, 1758, 891, 1802, 1758, 314, 1806, 891, 891, 1806, 340, 1807, 1802, 891, 1807, 338, 314, 1760, 892, 1806, 1760, 315, 1809, 892, 892, 1809, 342, 1810, 1806, 892, 1810, 340, 315, 1762, 893, 1809, 1762, 316, 1812, 893, 893, 1812, 344, 1813, 1809, 893, 1813, 342, 316, 1764, 894, 1812, 1764, 317, 1815, 894, 894, 1815, 346, 1816, 1812, 894, 1816, 344, 317, 1766, 895, 1815, 1766, 318, 1818, 895, 895, 1818, 348, 1819, 1815, 895, 1819, 346, 318, 1768, 896, 1818, 1768, 319, 1821, 896, 896, 1821, 350, 1822, 1818, 896, 1822, 348, 319, 1770, 897, 1821, 1770, 320, 1824, 897, 897, 1824, 352, 1825, 1821, 897, 1825, 350, 320, 1772, 898, 1824, 1772, 321, 1827, 898, 898, 1827, 354, 1828, 1824, 898, 1828, 352, 321, 1774, 899, 1827, 1774, 322, 1830, 899, 899, 1830, 356, 1831, 1827, 899, 1831, 354, 322, 1776, 900, 1830, 1776, 323, 1833, 900, 900, 1833, 358, 1834, 1830, 900, 1834, 356, 323, 1778, 901, 1833, 1778, 324, 1836, 901, 901, 1836, 360, 1837, 1833, 901, 1837, 358, 324, 1780, 902, 1836, 1780, 325, 1839, 902, 902, 1839, 362, 1840, 1836, 902, 1840, 360, 325, 1782, 903, 1839, 1782, 326, 1842, 903, 903, 1842, 364, 1843, 1839, 903, 1843, 362, 326, 1784, 904, 1842, 1784, 327, 1845, 904, 904, 1845, 366, 1846, 1842, 904, 1846, 364, 327, 1786, 905, 1845, 1786, 328, 1848, 905, 905, 1848, 368, 1849, 1845, 905, 1849, 366, 328, 1788, 906, 1848, 1788, 329, 1851, 906, 906, 1851, 370, 1852, 1848, 906, 1852, 368, 329, 1790, 907, 1851, 1790, 330, 1854, 907, 907, 1854, 372, 1855, 1851, 907, 1855, 370, 330, 1792, 908, 1854, 1792, 331, 1857, 908, 908, 1857, 374, 1858, 1854, 908, 1858, 372, 331, 1794, 909, 1857, 1794, 332, 1860, 909, 909, 1860, 376, 1861, 1857, 909, 1861, 374, 332, 1796, 910, 1860, 1796, 333, 1863, 910, 910, 1863, 378, 1864, 1860, 910, 1864, 376, 333, 1798, 911, 1863, 1798, 334, 1866, 911, 911, 1866, 380, 1867, 1863, 911, 1867, 378, 334, 1800, 912, 1866, 1800, 335, 1869, 912, 912, 1869, 382, 1870, 1866, 912, 1870, 380, 335, 1801, 913, 1869, 1801, 312, 1805, 913, 913, 1805, 336, 1872, 1869, 913, 1872, 382, 337, 1804, 914, 1876, 1804, 339, 1874, 914, 914, 1874, 385, 1875, 1876, 914, 1875, 384, 339, 1808, 915, 1874, 1808, 341, 1877, 915, 915, 1877, 386, 1878, 1874, 915, 1878, 385, 341, 1811, 916, 1877, 1811, 343, 1879, 916, 916, 1879, 387, 1880, 1877, 916, 1880, 386, 343, 1814, 917, 1879, 1814, 345, 1881, 917, 917, 1881, 388, 1882, 1879, 917, 1882, 387, 345, 1817, 918, 1881, 1817, 347, 1883, 918, 918, 1883, 389, 1884, 1881, 918, 1884, 388, 347, 1820, 919, 1883, 1820, 349, 1885, 919, 919, 1885, 390, 1886, 1883, 919, 1886, 389, 349, 1823, 920, 1885, 1823, 351, 1887, 920, 920, 1887, 391, 1888, 1885, 920, 1888, 390, 351, 1826, 921, 1887, 1826, 353, 1889, 921, 921, 1889, 392, 1890, 1887, 921, 1890, 391, 353, 1829, 922, 1889, 1829, 355, 1891, 922, 922, 1891, 393, 1892, 1889, 922, 1892, 392, 355, 1832, 923, 1891, 1832, 357, 1893, 923, 923, 1893, 394, 1894, 1891, 923, 1894, 393, 357, 1835, 924, 1893, 1835, 359, 1895, 924, 924, 1895, 395, 1896, 1893, 924, 1896, 394, 359, 1838, 925, 1895, 1838, 361, 1897, 925, 925, 1897, 396, 1898, 1895, 925, 1898, 395, 361, 1841, 926, 1897, 1841, 363, 1899, 926, 926, 1899, 397, 1900, 1897, 926, 1900, 396, 363, 1844, 927, 1899, 1844, 365, 1901, 927, 927, 1901, 398, 1902, 1899, 927, 1902, 397, 365, 1847, 928, 1901, 1847, 367, 1903, 928, 928, 1903, 399, 1904, 1901, 928, 1904, 398, 367, 1850, 929, 1903, 1850, 369, 1905, 929, 929, 1905, 400, 1906, 1903, 929, 1906, 399, 369, 1853, 930, 1905, 1853, 371, 1907, 930, 930, 1907, 401, 1908, 1905, 930, 1908, 400, 371, 1856, 931, 1907, 1856, 373, 1909, 931, 931, 1909, 402, 1910, 1907, 931, 1910, 401, 373, 1859, 932, 1909, 1859, 375, 1911, 932, 932, 1911, 403, 1912, 1909, 932, 1912, 402, 375, 1862, 933, 1911, 1862, 377, 1913, 933, 933, 1913, 404, 1914, 1911, 933, 1914, 403, 377, 1865, 934, 1913, 1865, 379, 1915, 934, 934, 1915, 405, 1916, 1913, 934, 1916, 404, 379, 1868, 935, 1915, 1868, 381, 1917, 935, 935, 1917, 406, 1918, 1915, 935, 1918, 405, 381, 1871, 936, 1917, 1871, 383, 1919, 936, 936, 1919, 407, 1920, 1917, 936, 1920, 406, 383, 1873, 937, 1919, 1873, 337, 1876, 937, 937, 1876, 384, 1921, 1919, 937, 1921, 407, 384, 1875, 938, 1924, 1875, 385, 1922, 938, 938, 1922, 409, 1923, 1924, 938, 1923, 408, 385, 1878, 939, 1922, 1878, 386, 1925, 939, 939, 1925, 410, 1926, 1922, 939, 1926, 409, 386, 1880, 940, 1925, 1880, 387, 1927, 940, 940, 1927, 411, 1928, 1925, 940, 1928, 410, 387, 1882, 941, 1927, 1882, 388, 1929, 941, 941, 1929, 412, 1930, 1927, 941, 1930, 411, 388, 1884, 942, 1929, 1884, 389, 1931, 942, 942, 1931, 413, 1932, 1929, 942, 1932, 412, 389, 1886, 943, 1931, 1886, 390, 1933, 943, 943, 1933, 414, 1934, 1931, 943, 1934, 413, 390, 1888, 944, 1933, 1888, 391, 1935, 944, 944, 1935, 415, 1936, 1933, 944, 1936, 414, 391, 1890, 945, 1935, 1890, 392, 1937, 945, 945, 1937, 416, 1938, 1935, 945, 1938, 415, 392, 1892, 946, 1937, 1892, 393, 1939, 946, 946, 1939, 417, 1940, 1937, 946, 1940, 416, 393, 1894, 947, 1939, 1894, 394, 1941, 947, 947, 1941, 418, 1942, 1939, 947, 1942, 417, 394, 1896, 948, 1941, 1896, 395, 1943, 948, 948, 1943, 419, 1944, 1941, 948, 1944, 418, 395, 1898, 949, 1943, 1898, 396, 1945, 949, 949, 1945, 420, 1946, 1943, 949, 1946, 419, 396, 1900, 950, 1945, 1900, 397, 1947, 950, 950, 1947, 421, 1948, 1945, 950, 1948, 420, 397, 1902, 951, 1947, 1902, 398, 1949, 951, 951, 1949, 422, 1950, 1947, 951, 1950, 421, 398, 1904, 952, 1949, 1904, 399, 1951, 952, 952, 1951, 423, 1952, 1949, 952, 1952, 422, 399, 1906, 953, 1951, 1906, 400, 1953, 953, 953, 1953, 424, 1954, 1951, 953, 1954, 423, 400, 1908, 954, 1953, 1908, 401, 1955, 954, 954, 1955, 425, 1956, 1953, 954, 1956, 424, 401, 1910, 955, 1955, 1910, 402, 1957, 955, 955, 1957, 426, 1958, 1955, 955, 1958, 425, 402, 1912, 956, 1957, 1912, 403, 1959, 956, 956, 1959, 427, 1960, 1957, 956, 1960, 426, 403, 1914, 957, 1959, 1914, 404, 1961, 957, 957, 1961, 428, 1962, 1959, 957, 1962, 427, 404, 1916, 958, 1961, 1916, 405, 1963, 958, 958, 1963, 429, 1964, 1961, 958, 1964, 428, 405, 1918, 959, 1963, 1918, 406, 1965, 959, 959, 1965, 430, 1966, 1963, 959, 1966, 429, 406, 1920, 960, 1965, 1920, 407, 1967, 960, 960, 1967, 431, 1968, 1965, 960, 1968, 430, 407, 1921, 961, 1967, 1921, 384, 1924, 961, 961, 1924, 408, 1969, 1967, 961, 1969, 431, 408, 1923, 962, 1972, 1923, 409, 1970, 962, 962, 1970, 433, 1971, 1972, 962, 1971, 432, 409, 1926, 963, 1970, 1926, 410, 1973, 963, 963, 1973, 434, 1974, 1970, 963, 1974, 433, 410, 1928, 964, 1973, 1928, 411, 1975, 964, 964, 1975, 435, 1976, 1973, 964, 1976, 434, 411, 1930, 965, 1975, 1930, 412, 1977, 965, 965, 1977, 436, 1978, 1975, 965, 1978, 435, 412, 1932, 966, 1977, 1932, 413, 1979, 966, 966, 1979, 437, 1980, 1977, 966, 1980, 436, 413, 1934, 967, 1979, 1934, 414, 1981, 967, 967, 1981, 438, 1982, 1979, 967, 1982, 437, 414, 1936, 968, 1981, 1936, 415, 1983, 968, 968, 1983, 439, 1984, 1981, 968, 1984, 438, 415, 1938, 969, 1983, 1938, 416, 1985, 969, 969, 1985, 440, 1986, 1983, 969, 1986, 439, 416, 1940, 970, 1985, 1940, 417, 1987, 970, 970, 1987, 441, 1988, 1985, 970, 1988, 440, 417, 1942, 971, 1987, 1942, 418, 1989, 971, 971, 1989, 442, 1990, 1987, 971, 1990, 441, 418, 1944, 972, 1989, 1944, 419, 1991, 972, 972, 1991, 443, 1992, 1989, 972, 1992, 442, 419, 1946, 973, 1991, 1946, 420, 1993, 973, 973, 1993, 444, 1994, 1991, 973, 1994, 443, 420, 1948, 974, 1993, 1948, 421, 1995, 974, 974, 1995, 445, 1996, 1993, 974, 1996, 444, 421, 1950, 975, 1995, 1950, 422, 1997, 975, 975, 1997, 446, 1998, 1995, 975, 1998, 445, 422, 1952, 976, 1997, 1952, 423, 1999, 976, 976, 1999, 447, 2000, 1997, 976, 2000, 446, 423, 1954, 977, 1999, 1954, 424, 2001, 977, 977, 2001, 448, 2002, 1999, 977, 2002, 447, 424, 1956, 978, 2001, 1956, 425, 2003, 978, 978, 2003, 449, 2004, 2001, 978, 2004, 448, 425, 1958, 979, 2003, 1958, 426, 2005, 979, 979, 2005, 450, 2006, 2003, 979, 2006, 449, 426, 1960, 980, 2005, 1960, 427, 2007, 980, 980, 2007, 451, 2008, 2005, 980, 2008, 450, 427, 1962, 981, 2007, 1962, 428, 2009, 981, 981, 2009, 452, 2010, 2007, 981, 2010, 451, 428, 1964, 982, 2009, 1964, 429, 2011, 982, 982, 2011, 453, 2012, 2009, 982, 2012, 452, 429, 1966, 983, 2011, 1966, 430, 2013, 983, 983, 2013, 454, 2014, 2011, 983, 2014, 453, 430, 1968, 984, 2013, 1968, 431, 2015, 984, 984, 2015, 455, 2016, 2013, 984, 2016, 454, 431, 1969, 985, 2015, 1969, 408, 1972, 985, 985, 1972, 432, 2017, 2015, 985, 2017, 455, 432, 1971, 986, 2020, 1971, 433, 2018, 986, 986, 2018, 457, 2019, 2020, 986, 2019, 456, 433, 1974, 987, 2018, 1974, 434, 2021, 987, 987, 2021, 458, 2022, 2018, 987, 2022, 457, 434, 1976, 988, 2021, 1976, 435, 2023, 988, 988, 2023, 459, 2024, 2021, 988, 2024, 458, 435, 1978, 989, 2023, 1978, 436, 2025, 989, 989, 2025, 460, 2026, 2023, 989, 2026, 459, 436, 1980, 990, 2025, 1980, 437, 2027, 990, 990, 2027, 461, 2028, 2025, 990, 2028, 460, 437, 1982, 991, 2027, 1982, 438, 2029, 991, 991, 2029, 462, 2030, 2027, 991, 2030, 461, 438, 1984, 992, 2029, 1984, 439, 2031, 992, 992, 2031, 463, 2032, 2029, 992, 2032, 462, 439, 1986, 993, 2031, 1986, 440, 2033, 993, 993, 2033, 464, 2034, 2031, 993, 2034, 463, 440, 1988, 994, 2033, 1988, 441, 2035, 994, 994, 2035, 465, 2036, 2033, 994, 2036, 464, 441, 1990, 995, 2035, 1990, 442, 2037, 995, 995, 2037, 466, 2038, 2035, 995, 2038, 465, 442, 1992, 996, 2037, 1992, 443, 2039, 996, 996, 2039, 467, 2040, 2037, 996, 2040, 466, 443, 1994, 997, 2039, 1994, 444, 2041, 997, 997, 2041, 468, 2042, 2039, 997, 2042, 467, 444, 1996, 998, 2041, 1996, 445, 2043, 998, 998, 2043, 469, 2044, 2041, 998, 2044, 468, 445, 1998, 999, 2043, 1998, 446, 2045, 999, 999, 2045, 470, 2046, 2043, 999, 2046, 469, 446, 2000, 1000, 2045, 2000, 447, 2047, 1000, 1000, 2047, 471, 2048, 2045, 1000, 2048, 470, 447, 2002, 1001, 2047, 2002, 448, 2049, 1001, 1001, 2049, 472, 2050, 2047, 1001, 2050, 471, 448, 2004, 1002, 2049, 2004, 449, 2051, 1002, 1002, 2051, 473, 2052, 2049, 1002, 2052, 472, 449, 2006, 1003, 2051, 2006, 450, 2053, 1003, 1003, 2053, 474, 2054, 2051, 1003, 2054, 473, 450, 2008, 1004, 2053, 2008, 451, 2055, 1004, 1004, 2055, 475, 2056, 2053, 1004, 2056, 474, 451, 2010, 1005, 2055, 2010, 452, 2057, 1005, 1005, 2057, 476, 2058, 2055, 1005, 2058, 475, 452, 2012, 1006, 2057, 2012, 453, 2059, 1006, 1006, 2059, 477, 2060, 2057, 1006, 2060, 476, 453, 2014, 1007, 2059, 2014, 454, 2061, 1007, 1007, 2061, 478, 2062, 2059, 1007, 2062, 477, 454, 2016, 1008, 2061, 2016, 455, 2063, 1008, 1008, 2063, 479, 2064, 2061, 1008, 2064, 478, 455, 2017, 1009, 2063, 2017, 432, 2020, 1009, 1009, 2020, 456, 2065, 2063, 1009, 2065, 479, 456, 2019, 1010, 2068, 2019, 457, 2066, 1010, 1010, 2066, 481, 2067, 2068, 1010, 2067, 480, 457, 2022, 1011, 2066, 2022, 458, 2069, 1011, 1011, 2069, 482, 2070, 2066, 1011, 2070, 481, 458, 2024, 1012, 2069, 2024, 459, 2071, 1012, 1012, 2071, 483, 2072, 2069, 1012, 2072, 482, 459, 2026, 1013, 2071, 2026, 460, 2073, 1013, 1013, 2073, 484, 2074, 2071, 1013, 2074, 483, 460, 2028, 1014, 2073, 2028, 461, 2075, 1014, 1014, 2075, 485, 2076, 2073, 1014, 2076, 484, 461, 2030, 1015, 2075, 2030, 462, 2077, 1015, 1015, 2077, 486, 2078, 2075, 1015, 2078, 485, 462, 2032, 1016, 2077, 2032, 463, 2079, 1016, 1016, 2079, 487, 2080, 2077, 1016, 2080, 486, 463, 2034, 1017, 2079, 2034, 464, 2081, 1017, 1017, 2081, 488, 2082, 2079, 1017, 2082, 487, 464, 2036, 1018, 2081, 2036, 465, 2083, 1018, 1018, 2083, 489, 2084, 2081, 1018, 2084, 488, 465, 2038, 1019, 2083, 2038, 466, 2085, 1019, 1019, 2085, 490, 2086, 2083, 1019, 2086, 489, 466, 2040, 1020, 2085, 2040, 467, 2087, 1020, 1020, 2087, 491, 2088, 2085, 1020, 2088, 490, 467, 2042, 1021, 2087, 2042, 468, 2089, 1021, 1021, 2089, 492, 2090, 2087, 1021, 2090, 491, 468, 2044, 1022, 2089, 2044, 469, 2091, 1022, 1022, 2091, 493, 2092, 2089, 1022, 2092, 492, 469, 2046, 1023, 2091, 2046, 470, 2093, 1023, 1023, 2093, 494, 2094, 2091, 1023, 2094, 493, 470, 2048, 1024, 2093, 2048, 471, 2095, 1024, 1024, 2095, 495, 2096, 2093, 1024, 2096, 494, 471, 2050, 1025, 2095, 2050, 472, 2097, 1025, 1025, 2097, 496, 2098, 2095, 1025, 2098, 495, 472, 2052, 1026, 2097, 2052, 473, 2099, 1026, 1026, 2099, 497, 2100, 2097, 1026, 2100, 496, 473, 2054, 1027, 2099, 2054, 474, 2101, 1027, 1027, 2101, 498, 2102, 2099, 1027, 2102, 497, 474, 2056, 1028, 2101, 2056, 475, 2103, 1028, 1028, 2103, 499, 2104, 2101, 1028, 2104, 498, 475, 2058, 1029, 2103, 2058, 476, 2105, 1029, 1029, 2105, 500, 2106, 2103, 1029, 2106, 499, 476, 2060, 1030, 2105, 2060, 477, 2107, 1030, 1030, 2107, 501, 2108, 2105, 1030, 2108, 500, 477, 2062, 1031, 2107, 2062, 478, 2109, 1031, 1031, 2109, 502, 2110, 2107, 1031, 2110, 501, 478, 2064, 1032, 2109, 2064, 479, 2111, 1032, 1032, 2111, 503, 2112, 2109, 1032, 2112, 502, 479, 2065, 1033, 2111, 2065, 456, 2068, 1033, 1033, 2068, 480, 2113, 2111, 1033, 2113, 503, 480, 2067, 1034, 2116, 2067, 481, 2114, 1034, 1034, 2114, 505, 2115, 2116, 1034, 2115, 504, 481, 2070, 1035, 2114, 2070, 482, 2117, 1035, 1035, 2117, 506, 2118, 2114, 1035, 2118, 505, 482, 2072, 1036, 2117, 2072, 483, 2119, 1036, 1036, 2119, 507, 2120, 2117, 1036, 2120, 506, 483, 2074, 1037, 2119, 2074, 484, 2121, 1037, 1037, 2121, 508, 2122, 2119, 1037, 2122, 507, 484, 2076, 1038, 2121, 2076, 485, 2123, 1038, 1038, 2123, 509, 2124, 2121, 1038, 2124, 508, 485, 2078, 1039, 2123, 2078, 486, 2125, 1039, 1039, 2125, 510, 2126, 2123, 1039, 2126, 509, 486, 2080, 1040, 2125, 2080, 487, 2127, 1040, 1040, 2127, 511, 2128, 2125, 1040, 2128, 510, 487, 2082, 1041, 2127, 2082, 488, 2129, 1041, 1041, 2129, 512, 2130, 2127, 1041, 2130, 511, 488, 2084, 1042, 2129, 2084, 489, 2131, 1042, 1042, 2131, 513, 2132, 2129, 1042, 2132, 512, 489, 2086, 1043, 2131, 2086, 490, 2133, 1043, 1043, 2133, 514, 2134, 2131, 1043, 2134, 513, 490, 2088, 1044, 2133, 2088, 491, 2135, 1044, 1044, 2135, 515, 2136, 2133, 1044, 2136, 514, 491, 2090, 1045, 2135, 2090, 492, 2137, 1045, 1045, 2137, 516, 2138, 2135, 1045, 2138, 515, 492, 2092, 1046, 2137, 2092, 493, 2139, 1046, 1046, 2139, 517, 2140, 2137, 1046, 2140, 516, 493, 2094, 1047, 2139, 2094, 494, 2141, 1047, 1047, 2141, 518, 2142, 2139, 1047, 2142, 517, 494, 2096, 1048, 2141, 2096, 495, 2143, 1048, 1048, 2143, 519, 2144, 2141, 1048, 2144, 518, 495, 2098, 1049, 2143, 2098, 496, 2145, 1049, 1049, 2145, 520, 2146, 2143, 1049, 2146, 519, 496, 2100, 1050, 2145, 2100, 497, 2147, 1050, 1050, 2147, 521, 2148, 2145, 1050, 2148, 520, 497, 2102, 1051, 2147, 2102, 498, 2149, 1051, 1051, 2149, 522, 2150, 2147, 1051, 2150, 521, 498, 2104, 1052, 2149, 2104, 499, 2151, 1052, 1052, 2151, 523, 2152, 2149, 1052, 2152, 522, 499, 2106, 1053, 2151, 2106, 500, 2153, 1053, 1053, 2153, 524, 2154, 2151, 1053, 2154, 523, 500, 2108, 1054, 2153, 2108, 501, 2155, 1054, 1054, 2155, 525, 2156, 2153, 1054, 2156, 524, 501, 2110, 1055, 2155, 2110, 502, 2157, 1055, 1055, 2157, 526, 2158, 2155, 1055, 2158, 525, 502, 2112, 1056, 2157, 2112, 503, 2159, 1056, 1056, 2159, 527, 2160, 2157, 1056, 2160, 526, 503, 2113, 1057, 2159, 2113, 480, 2116, 1057, 1057, 2116, 504, 2161, 2159, 1057, 2161, 527, 504, 2115, 1058, 2164, 2115, 505, 2162, 1058, 1058, 2162, 529, 2163, 2164, 1058, 2163, 528, 505, 2118, 1059, 2162, 2118, 506, 2165, 1059, 1059, 2165, 530, 2166, 2162, 1059, 2166, 529, 506, 2120, 1060, 2165, 2120, 507, 2167, 1060, 1060, 2167, 531, 2168, 2165, 1060, 2168, 530, 507, 2122, 1061, 2167, 2122, 508, 2169, 1061, 1061, 2169, 532, 2170, 2167, 1061, 2170, 531, 508, 2124, 1062, 2169, 2124, 509, 2171, 1062, 1062, 2171, 533, 2172, 2169, 1062, 2172, 532, 509, 2126, 1063, 2171, 2126, 510, 2173, 1063, 1063, 2173, 534, 2174, 2171, 1063, 2174, 533, 510, 2128, 1064, 2173, 2128, 511, 2175, 1064, 1064, 2175, 535, 2176, 2173, 1064, 2176, 534, 511, 2130, 1065, 2175, 2130, 512, 2177, 1065, 1065, 2177, 536, 2178, 2175, 1065, 2178, 535, 512, 2132, 1066, 2177, 2132, 513, 2179, 1066, 1066, 2179, 537, 2180, 2177, 1066, 2180, 536, 513, 2134, 1067, 2179, 2134, 514, 2181, 1067, 1067, 2181, 538, 2182, 2179, 1067, 2182, 537, 514, 2136, 1068, 2181, 2136, 515, 2183, 1068, 1068, 2183, 539, 2184, 2181, 1068, 2184, 538, 515, 2138, 1069, 2183, 2138, 516, 2185, 1069, 1069, 2185, 540, 2186, 2183, 1069, 2186, 539, 516, 2140, 1070, 2185, 2140, 517, 2187, 1070, 1070, 2187, 541, 2188, 2185, 1070, 2188, 540, 517, 2142, 1071, 2187, 2142, 518, 2189, 1071, 1071, 2189, 542, 2190, 2187, 1071, 2190, 541, 518, 2144, 1072, 2189, 2144, 519, 2191, 1072, 1072, 2191, 543, 2192, 2189, 1072, 2192, 542, 519, 2146, 1073, 2191, 2146, 520, 2193, 1073, 1073, 2193, 544, 2194, 2191, 1073, 2194, 543, 520, 2148, 1074, 2193, 2148, 521, 2195, 1074, 1074, 2195, 545, 2196, 2193, 1074, 2196, 544, 521, 2150, 1075, 2195, 2150, 522, 2197, 1075, 1075, 2197, 546, 2198, 2195, 1075, 2198, 545, 522, 2152, 1076, 2197, 2152, 523, 2199, 1076, 1076, 2199, 547, 2200, 2197, 1076, 2200, 546, 523, 2154, 1077, 2199, 2154, 524, 2201, 1077, 1077, 2201, 548, 2202, 2199, 1077, 2202, 547, 524, 2156, 1078, 2201, 2156, 525, 2203, 1078, 1078, 2203, 549, 2204, 2201, 1078, 2204, 548, 525, 2158, 1079, 2203, 2158, 526, 2205, 1079, 1079, 2205, 550, 2206, 2203, 1079, 2206, 549, 526, 2160, 1080, 2205, 2160, 527, 2207, 1080, 1080, 2207, 551, 2208, 2205, 1080, 2208, 550, 527, 2161, 1081, 2207, 2161, 504, 2164, 1081, 1081, 2164, 528, 2209, 2207, 1081, 2209, 551, 528, 2163, 1082, 2212, 2163, 529, 2210, 1082, 1082, 2210, 553, 2211, 2212, 1082, 2211, 552, 529, 2166, 1083, 2210, 2166, 530, 2213, 1083, 1083, 2213, 554, 2214, 2210, 1083, 2214, 553, 530, 2168, 1084, 2213, 2168, 531, 2215, 1084, 1084, 2215, 555, 2216, 2213, 1084, 2216, 554, 531, 2170, 1085, 2215, 2170, 532, 2217, 1085, 1085, 2217, 556, 2218, 2215, 1085, 2218, 555, 532, 2172, 1086, 2217, 2172, 533, 2219, 1086, 1086, 2219, 557, 2220, 2217, 1086, 2220, 556, 533, 2174, 1087, 2219, 2174, 534, 2221, 1087, 1087, 2221, 558, 2222, 2219, 1087, 2222, 557, 534, 2176, 1088, 2221, 2176, 535, 2223, 1088, 1088, 2223, 559, 2224, 2221, 1088, 2224, 558, 535, 2178, 1089, 2223, 2178, 536, 2225, 1089, 1089, 2225, 560, 2226, 2223, 1089, 2226, 559, 536, 2180, 1090, 2225, 2180, 537, 2227, 1090, 1090, 2227, 561, 2228, 2225, 1090, 2228, 560, 537, 2182, 1091, 2227, 2182, 538, 2229, 1091, 1091, 2229, 562, 2230, 2227, 1091, 2230, 561, 538, 2184, 1092, 2229, 2184, 539, 2231, 1092, 1092, 2231, 563, 2232, 2229, 1092, 2232, 562, 539, 2186, 1093, 2231, 2186, 540, 2233, 1093, 1093, 2233, 564, 2234, 2231, 1093, 2234, 563, 540, 2188, 1094, 2233, 2188, 541, 2235, 1094, 1094, 2235, 565, 2236, 2233, 1094, 2236, 564, 541, 2190, 1095, 2235, 2190, 542, 2237, 1095, 1095, 2237, 566, 2238, 2235, 1095, 2238, 565, 542, 2192, 1096, 2237, 2192, 543, 2239, 1096, 1096, 2239, 567, 2240, 2237, 1096, 2240, 566, 543, 2194, 1097, 2239, 2194, 544, 2241, 1097, 1097, 2241, 568, 2242, 2239, 1097, 2242, 567, 544, 2196, 1098, 2241, 2196, 545, 2243, 1098, 1098, 2243, 569, 2244, 2241, 1098, 2244, 568, 545, 2198, 1099, 2243, 2198, 546, 2245, 1099, 1099, 2245, 570, 2246, 2243, 1099, 2246, 569, 546, 2200, 1100, 2245, 2200, 547, 2247, 1100, 1100, 2247, 571, 2248, 2245, 1100, 2248, 570, 547, 2202, 1101, 2247, 2202, 548, 2249, 1101, 1101, 2249, 572, 2250, 2247, 1101, 2250, 571, 548, 2204, 1102, 2249, 2204, 549, 2251, 1102, 1102, 2251, 573, 2252, 2249, 1102, 2252, 572, 549, 2206, 1103, 2251, 2206, 550, 2253, 1103, 1103, 2253, 574, 2254, 2251, 1103, 2254, 573, 550, 2208, 1104, 2253, 2208, 551, 2255, 1104, 1104, 2255, 575, 2256, 2253, 1104, 2256, 574, 551, 2209, 1105, 2255, 2209, 528, 2212, 1105, 1105, 2212, 552, 2257, 2255, 1105, 2257, 575, 1, 1154, 1106, 2259, 0, 2258, 1106, 1154, 576, 2259, 1106, 2258, 2, 1158, 1107, 2260, 1, 2259, 1107, 1158, 576, 2260, 1107, 2259, 3, 1161, 1108, 2261, 2, 2260, 1108, 1161, 576, 2261, 1108, 2260, 4, 1164, 1109, 2262, 3, 2261, 1109, 1164, 576, 2262, 1109, 2261, 5, 1167, 1110, 2263, 4, 2262, 1110, 1167, 576, 2263, 1110, 2262, 6, 1170, 1111, 2264, 5, 2263, 1111, 1170, 576, 2264, 1111, 2263, 7, 1173, 1112, 2265, 6, 2264, 1112, 1173, 576, 2265, 1112, 2264, 8, 1176, 1113, 2266, 7, 2265, 1113, 1176, 576, 2266, 1113, 2265, 9, 1179, 1114, 2267, 8, 2266, 1114, 1179, 576, 2267, 1114, 2266, 10, 1182, 1115, 2268, 9, 2267, 1115, 1182, 576, 2268, 1115, 2267, 11, 1185, 1116, 2269, 10, 2268, 1116, 1185, 576, 2269, 1116, 2268, 12, 1188, 1117, 2270, 11, 2269, 1117, 1188, 576, 2270, 1117, 2269, 13, 1191, 1118, 2271, 12, 2270, 1118, 1191, 576, 2271, 1118, 2270, 14, 1194, 1119, 2272, 13, 2271, 1119, 1194, 576, 2272, 1119, 2271, 15, 1197, 1120, 2273, 14, 2272, 1120, 1197, 576, 2273, 1120, 2272, 16, 1200, 1121, 2274, 15, 2273, 1121, 1200, 576, 2274, 1121, 2273, 17, 1203, 1122, 2275, 16, 2274, 1122, 1203, 576, 2275, 1122, 2274, 18, 1206, 1123, 2276, 17, 2275, 1123, 1206, 576, 2276, 1123, 2275, 19, 1209, 1124, 2277, 18, 2276, 1124, 1209, 576, 2277, 1124, 2276, 20, 1212, 1125, 2278, 19, 2277, 1125, 1212, 576, 2278, 1125, 2277, 21, 1215, 1126, 2279, 20, 2278, 1126, 1215, 576, 2279, 1126, 2278, 22, 1218, 1127, 2280, 21, 2279, 1127, 1218, 576, 2280, 1127, 2279, 23, 1221, 1128, 2281, 22, 2280, 1128, 1221, 576, 2281, 1128, 2280, 0, 1224, 1129, 2258, 23, 2281, 1129, 1224, 576, 2258, 1129, 2281, 552, 2211, 1130, 2283, 553, 2282, 1130, 2211, 577, 2283, 1130, 2282, 553, 2214, 1131, 2282, 554, 2284, 1131, 2214, 577, 2282, 1131, 2284, 554, 2216, 1132, 2284, 555, 2285, 1132, 2216, 577, 2284, 1132, 2285, 555, 2218, 1133, 2285, 556, 2286, 1133, 2218, 577, 2285, 1133, 2286, 556, 2220, 1134, 2286, 557, 2287, 1134, 2220, 577, 2286, 1134, 2287, 557, 2222, 1135, 2287, 558, 2288, 1135, 2222, 577, 2287, 1135, 2288, 558, 2224, 1136, 2288, 559, 2289, 1136, 2224, 577, 2288, 1136, 2289, 559, 2226, 1137, 2289, 560, 2290, 1137, 2226, 577, 2289, 1137, 2290, 560, 2228, 1138, 2290, 561, 2291, 1138, 2228, 577, 2290, 1138, 2291, 561, 2230, 1139, 2291, 562, 2292, 1139, 2230, 577, 2291, 1139, 2292, 562, 2232, 1140, 2292, 563, 2293, 1140, 2232, 577, 2292, 1140, 2293, 563, 2234, 1141, 2293, 564, 2294, 1141, 2234, 577, 2293, 1141, 2294, 564, 2236, 1142, 2294, 565, 2295, 1142, 2236, 577, 2294, 1142, 2295, 565, 2238, 1143, 2295, 566, 2296, 1143, 2238, 577, 2295, 1143, 2296, 566, 2240, 1144, 2296, 567, 2297, 1144, 2240, 577, 2296, 1144, 2297, 567, 2242, 1145, 2297, 568, 2298, 1145, 2242, 577, 2297, 1145, 2298, 568, 2244, 1146, 2298, 569, 2299, 1146, 2244, 577, 2298, 1146, 2299, 569, 2246, 1147, 2299, 570, 2300, 1147, 2246, 577, 2299, 1147, 2300, 570, 2248, 1148, 2300, 571, 2301, 1148, 2248, 577, 2300, 1148, 2301, 571, 2250, 1149, 2301, 572, 2302, 1149, 2250, 577, 2301, 1149, 2302, 572, 2252, 1150, 2302, 573, 2303, 1150, 2252, 577, 2302, 1150, 2303, 573, 2254, 1151, 2303, 574, 2304, 1151, 2254, 577, 2303, 1151, 2304, 574, 2256, 1152, 2304, 575, 2305, 1152, 2256, 577, 2304, 1152, 2305, 575, 2257, 1153, 2305, 552, 2283, 1153, 2257, 577, 2305, 1153, 2283]
                bool shadow:enable = 1
                uniform token subdivisionScheme = "none"
                float3 xformOp:rotateXYZ = (90, 0, 0)
                uniform token[] xformOpOrder = ["xformOp:rotateXYZ"]
            }

            def Scope "Looks"
            {
                def Material "standardSurface2"
                {
                    token outputs:mdl:surface.connect = </Root/Material_Standin/materialBall_projectedUnfold_02/Looks/standardSurface2/Shader.outputs:out>

                    def Shader "Shader" (
                        kind = "Material"
                    )
                    {
                        uniform token info:implementationSource = "sourceAsset"
                        uniform asset info:mdl:sourceAsset = @OmniPBR.mdl@
                        uniform token info:mdl:sourceAsset:subIdentifier = "OmniPBR"
                        color3f inputs:diffuse_color_constant = (0.5, 0.5, 0.5)
                        color3f inputs:emissive_color = (1, 1, 1)
                        float inputs:emissive_intensity = 0
                        float inputs:enable_emission = 0
                        bool inputs:enable_opacity = 0
                        bool inputs:enable_opacity_texture = 0
                        float inputs:metallic_constant = 0
                        float inputs:metallic_texture_influence = 0
                        float inputs:opacity_constant = 0
                        float inputs:reflection_roughness_constant = 0
                        float inputs:reflection_roughness_texture_influence = 0
                        token outputs:out
                    }
                }
            }
        }
    }
}

def Xform "Lights"
{
    float3 xformOp:rotateXYZ = (0, 0, 0)
    float3 xformOp:scale = (1, 1, 1)
    double3 xformOp:translate = (0, 0, 0)
    uniform token[] xformOpOrder = ["xformOp:translate", "xformOp:rotateXYZ", "xformOp:scale"]

    def DomeLight "domeLight" (
        apiSchemas = ["ShapingAPI"]
        kind = "model"
    )
    {
        float exposure = 1
        float intensity = 150
        float shaping:cone:angle = 180
        float shaping:cone:softness
        float shaping:focus = 0
        color3f shaping:focusTint = (0, 0, 0)
        asset shaping:ies:file
        float specular = 1
        asset texture:file = @./photo_studio_01_4k.hdr@
        token texture:format = "latlong"
        token visibility = "inherited"
        bool visibleInPrimaryRay = 0
        float3 xformOp:rotateXYZ = (0, 0, -197)
        float3 xformOp:scale = (1, 1, 1.0014275)
        double3 xformOp:translate = (0, 0, 0)
        uniform token[] xformOpOrder = ["xformOp:translate", "xformOp:rotateXYZ", "xformOp:scale"]
    }

    def RectLight "Fill_Light" (
        apiSchemas = ["ShapingAPI", "ShadowAPI"]
    )
    {
        color3f color = (1, 1, 1)
        float colorTemperature = 6500
        float diffuse = 1
        bool enableColorTemperature = 0
        float exposure = 6.1
        float height = 1
        float intensity = 248.2
        bool normalize = 1
        float specular = 1
        token visibility = "inherited"
        bool visibleInPrimaryRay = 0
        float3 xformOp:rotateXYZ = (18.109089, -63.894596, -89.22844)
        float3 xformOp:scale = (89.53079, 89.53079, 11.754513)
        double3 xformOp:translate = (-79.992349, 269.504964, 101.455073)
        uniform token[] xformOpOrder = ["xformOp:translate", "xformOp:rotateXYZ", "xformOp:scale"]
    }

    def RectLight "Rim_Light" (
        apiSchemas = ["ShapingAPI", "ShadowAPI"]
    )
    {
        color3f color = (1, 1, 1)
        float colorTemperature = 6500
        float diffuse = 1
        bool enableColorTemperature = 0
        float exposure = 5
        float intensity = 250
        bool normalize = 1
        float specular = 1
        token visibility = "inherited"
        bool visibleInPrimaryRay = 0
        float3 xformOp:rotateXYZ = (-2.1621063, -50.604958, 95)
        float3 xformOp:scale = (511.5, 141.37971, 250)
        double3 xformOp:translate = (182, -182, 166)
        uniform token[] xformOpOrder = ["xformOp:translate", "xformOp:rotateXYZ", "xformOp:scale"]
    }

    def RectLight "Under_Light" (
        apiSchemas = ["ShapingAPI", "ShadowAPI"]
    )
    {
        color3f color = (1, 1, 1)
        float colorTemperature = 6500
        float diffuse = 1
        bool enableColorTemperature = 0
        float exposure = 2.1000001
        float intensity = 250
        bool normalize = 1
        float shadow:falloffGamma = 1
        float specular = 1
        token visibility = "inherited"
        bool visibleInPrimaryRay = 1
        float3 xformOp:rotateXYZ = (180.15729, -20.183765, -104.495674)
        float3 xformOp:scale = (1811.5281, 254, 254)
        double3 xformOp:translate = (-7, -100, -655.732475)
        uniform token[] xformOpOrder = ["xformOp:translate", "xformOp:rotateXYZ", "xformOp:scale"]
    }
}

