#usda 1.0
(
    customLayerData = {
        dictionary cameraSettings = {
            dictionary Front = {
                double3 position = (1000.000000000002, -2.220446049250317e-13, 0)
                double radius = 500
                double3 target = (0, 0, 0)
            }
            dictionary Perspective = {
                double3 position = (-151.14188041045355, 88.64757682021656, 77.09104638747057)
                double radius = 479.5440609856241
                double3 target = (29.19242832950072, -8.417794328493834, 1.990397281095983)
            }
            dictionary Right = {
                double3 position = (0, -1000, -2.220446049250313e-13)
                double radius = 500
                double3 target = (0, 0, 0)
            }
            dictionary Top = {
                double3 position = (0, 0, 1000)
                double radius = 500
                double3 target = (0, 0, 0)
            }
            string boundCamera = "/Root/thumbnail_CAM"
        }
        dictionary omni_layer = {
            dictionary muteness = {
            }
        }
        dictionary renderSettings = {
            # bool "rtx:hydra:subdivision:adaptiveRefinement" = 1
            # int "rtx:hydra:subdivision:refinementLevel" = 3
            float "rtx:post:dof:fNumber" = 5.6
            float "rtx:post:dof:focalLength" = 35
            float "rtx:post:dof:subjectDistance" = 5
            token "rtx:rendermode" = "PathTracing"
        }
    }
    defaultPrim = "Root"
    metersPerUnit = 0.01
    upAxis = "Z"
)

def "Root" (
    kind = "component"
)
{
    rel material:binding = </Root/Looks/OmniPBR> (
        bindMaterialAs = "weakerThanDescendants"
    )

    def Camera "thumbnail_CAM"
    {
        float2 clippingRange = (0.1, 10000)
        custom bool depthOfField = 0
        float focalLength = 50
        float focusDistance = 5
        float fStop = 0
        float horizontalAperture = 23.999952
        float verticalAperture = 23.999952
        float3 xformOp:rotateXYZ = (90, -6.3611094e-15, -90)
        float3 xformOp:scale = (1.000003, 1.000002, 1)
        double3 xformOp:translate = (-246.597483, -3.832894848176949e-13, 3.285338441294527e-13)
        uniform token[] xformOpOrder = ["xformOp:translate", "xformOp:rotateXYZ", "xformOp:scale"]
    }

    def Scope "Looks"
    {
        def Material "OmniPBR"
        {
            token outputs:mdl:displacement.connect = </Root/Looks/OmniPBR/Shader.outputs:out>
            token outputs:mdl:surface.connect = </Root/Looks/OmniPBR/Shader.outputs:out>
            token outputs:mdl:volume.connect = </Root/Looks/OmniPBR/Shader.outputs:out>

            def Shader "Shader"
            {
                uniform token info:implementationSource = "sourceAsset"
                uniform asset info:mdl:sourceAsset = @OmniPBR.mdl@
                uniform token info:mdl:sourceAsset:subIdentifier = "OmniPBR"
                color3f inputs:diffuse_color_constant = (0.08016878, 0.08016798, 0.08016798) (
                    customData = {
                        float3 default = (0.2, 0.2, 0.2)
                    }
                    displayGroup = "Albedo"
                    displayName = "Base Color"
                    doc = "This is the base color"
                )
                token outputs:out
            }
        }
    }

    def Xform "Material_Standin" (
        kind = "model"
    )
    {
        float3 xformOp:rotateXYZ = (0, 0, 0)
        float3 xformOp:scale = (1, 1, 1)
        double3 xformOp:translate = (0, 0, 0)
        uniform token[] xformOpOrder = ["xformOp:translate", "xformOp:rotateXYZ", "xformOp:scale"]

        def Xform "materialBall_projectedUnfold_02" (
            instanceable = false
            kind = "component"
        )
        {
            token visibility = "inherited"
            float3 xformOp:rotateXYZ = (90, 0, 90)
            float3 xformOp:scale = (1, 1, 1)
            double3 xformOp:translate = (0, 0, 0)
            uniform token[] xformOpOrder = ["xformOp:translate", "xformOp:rotateXYZ", "xformOp:scale"]

            def Mesh "materialball_projectedUnfold_02" (
                apiSchemas = ["ShadowAPI"]
            )
            {
                uniform bool doubleSided = 1
                float3[] extent = [(-49.999985, -50, -49.999973), (49.999992, 50, 49.999992)]
                int[] faceVertexCounts = [4, 4, 4, 4, 4, 4, 4, 4, 4, 4, 4, 4, 4, 4, 4, 4, 4, 4, 4, 4, 4, 4, 4, 4, 4, 4, 4, 4, 4, 4, 4, 4, 4, 4, 4, 4, 4, 4, 4, 4, 4, 4, 4, 4, 4, 4, 4, 4, 4, 4, 4, 4, 4, 4, 4, 4, 4, 4, 4, 4, 4, 4, 4, 4, 4, 4, 4, 4, 4, 4, 4, 4, 4, 4, 4, 4, 4, 4, 4, 4, 4, 4, 4, 4, 4, 4, 4, 4, 4, 4, 4, 4, 4, 4, 4, 4, 4, 4, 4, 4, 4, 4, 4, 4, 4, 4, 4, 4, 4, 4, 4, 4, 4, 4, 4, 4, 4, 4, 4, 4, 4, 4, 4, 4, 4, 4, 4, 4, 4, 4, 4, 4, 4, 4, 4, 4, 4, 4, 4, 4, 4, 4, 4, 4, 4, 4, 4, 4, 4, 4, 4, 4, 4, 4, 4, 4, 4, 4, 4, 4, 4, 4, 4, 4, 4, 4, 4, 4, 4, 4, 4, 4, 4, 4, 4, 4, 4, 4, 4, 4, 4, 4, 4, 4, 4, 4, 4, 4, 4, 4, 4, 4, 4, 4, 4, 4, 4, 4, 4, 4, 4, 4, 4, 4, 4, 4, 4, 4, 4, 4, 4, 4, 4, 4, 4, 4, 4, 4, 4, 4, 4, 4, 4, 4, 4, 4, 4, 4, 4, 4, 4, 4, 4, 4, 4, 4, 4, 4, 4, 4, 4, 4, 4, 4, 4, 4, 4, 4, 4, 4, 4, 4, 4, 4, 4, 4, 4, 4, 4, 4, 4, 4, 4, 4, 4, 4, 4, 4, 4, 4, 4, 4, 4, 4, 4, 4, 4, 4, 4, 4, 4, 4, 4, 4, 4, 4, 4, 4, 4, 4, 4, 4, 4, 4, 4, 4, 4, 4, 4, 4, 4, 4, 4, 4, 4, 4, 4, 4, 4, 4, 4, 4, 4, 4, 4, 4, 4, 4, 4, 4, 4, 4, 4, 4, 4, 4, 4, 4, 4, 4, 4, 4, 4, 4, 4, 4, 4, 4, 4, 4, 4, 4, 4, 4, 4, 4, 4, 4, 4, 4, 4, 4, 4, 4, 4, 4, 4, 4, 4, 4, 4, 4, 4, 4, 4, 4, 4, 4, 4, 4, 4, 4, 4, 4, 4, 4, 4, 4, 4, 4, 4, 4, 4, 4, 4, 4, 4, 4, 4, 4, 4, 4, 4, 4, 4, 4, 4, 4, 4, 4, 4, 4, 4, 4, 4, 4, 4, 4, 4, 4, 4, 4, 4, 4, 4, 4, 4, 4, 4, 4, 4, 4, 4, 4, 4, 4, 4, 4, 4, 4, 4, 4, 4, 4, 4, 4, 4, 4, 4, 4, 4, 4, 4, 4, 4, 4, 4, 4, 4, 4, 4, 4, 4, 4, 4, 4, 4, 4, 4, 4, 4, 4, 4, 4, 4, 4, 4, 4, 4, 4, 4, 4, 4, 4, 4, 4, 4, 4, 4, 4, 4, 4, 4, 4, 4, 4, 4, 4, 4, 4, 4, 4, 4, 4, 4, 4, 4, 4, 4, 4, 4, 4, 4, 4, 4, 4, 4, 4, 4, 4, 4, 4, 4, 4, 4, 4, 4, 4, 4, 4, 4, 4, 4, 4, 4, 4, 4, 4, 3, 3, 3, 3, 3, 3, 3, 3, 3, 3, 3, 3, 3, 3, 3, 3, 3, 3, 3, 3, 3, 3, 3, 3, 3, 3, 3, 3, 3, 3, 3, 3, 3, 3, 3, 3, 3, 3, 3, 3, 3, 3, 3, 3, 3, 3, 3, 3]
                int[] faceVertexIndices = [0, 1, 25, 24, 1, 2, 26, 25, 2, 3, 27, 26, 3, 4, 28, 27, 4, 5, 29, 28, 5, 6, 30, 29, 6, 7, 31, 30, 7, 8, 32, 31, 8, 9, 33, 32, 9, 10, 34, 33, 10, 11, 35, 34, 11, 12, 36, 35, 12, 13, 37, 36, 13, 14, 38, 37, 14, 15, 39, 38, 15, 16, 40, 39, 16, 17, 41, 40, 17, 18, 42, 41, 18, 19, 43, 42, 19, 20, 44, 43, 20, 21, 45, 44, 21, 22, 46, 45, 22, 23, 47, 46, 23, 0, 24, 47, 24, 25, 49, 48, 25, 26, 50, 49, 26, 27, 51, 50, 27, 28, 52, 51, 28, 29, 53, 52, 29, 30, 54, 53, 30, 31, 55, 54, 31, 32, 56, 55, 32, 33, 57, 56, 33, 34, 58, 57, 34, 35, 59, 58, 35, 36, 60, 59, 36, 37, 61, 60, 37, 38, 62, 61, 38, 39, 63, 62, 39, 40, 64, 63, 40, 41, 65, 64, 41, 42, 66, 65, 42, 43, 67, 66, 43, 44, 68, 67, 44, 45, 69, 68, 45, 46, 70, 69, 46, 47, 71, 70, 47, 24, 48, 71, 48, 49, 73, 72, 49, 50, 74, 73, 50, 51, 75, 74, 51, 52, 76, 75, 52, 53, 77, 76, 53, 54, 78, 77, 54, 55, 79, 78, 55, 56, 80, 79, 56, 57, 81, 80, 57, 58, 82, 81, 58, 59, 83, 82, 59, 60, 84, 83, 60, 61, 85, 84, 61, 62, 86, 85, 62, 63, 87, 86, 63, 64, 88, 87, 64, 65, 89, 88, 65, 66, 90, 89, 66, 67, 91, 90, 67, 68, 92, 91, 68, 69, 93, 92, 69, 70, 94, 93, 70, 71, 95, 94, 71, 48, 72, 95, 72, 73, 97, 96, 73, 74, 98, 97, 74, 75, 99, 98, 75, 76, 100, 99, 76, 77, 101, 100, 77, 78, 102, 101, 78, 79, 103, 102, 79, 80, 104, 103, 80, 81, 105, 104, 81, 82, 106, 105, 82, 83, 107, 106, 83, 84, 108, 107, 84, 85, 109, 108, 85, 86, 110, 109, 86, 87, 111, 110, 87, 88, 112, 111, 88, 89, 113, 112, 89, 90, 114, 113, 90, 91, 115, 114, 91, 92, 116, 115, 92, 93, 117, 116, 93, 94, 118, 117, 94, 95, 119, 118, 95, 72, 96, 119, 96, 97, 121, 120, 97, 98, 122, 121, 98, 99, 123, 122, 99, 100, 124, 123, 100, 101, 125, 124, 101, 102, 126, 125, 102, 103, 127, 126, 103, 104, 128, 127, 104, 105, 129, 128, 105, 106, 130, 129, 106, 107, 131, 130, 107, 108, 132, 131, 108, 109, 133, 132, 109, 110, 134, 133, 110, 111, 135, 134, 111, 112, 136, 135, 112, 113, 137, 136, 113, 114, 138, 137, 114, 115, 139, 138, 115, 116, 140, 139, 116, 117, 141, 140, 117, 118, 142, 141, 118, 119, 143, 142, 119, 96, 120, 143, 120, 121, 145, 144, 121, 122, 146, 145, 122, 123, 147, 146, 123, 124, 148, 147, 124, 125, 149, 148, 125, 126, 150, 149, 126, 127, 151, 150, 127, 128, 152, 151, 128, 129, 153, 152, 129, 130, 154, 153, 130, 131, 155, 154, 131, 132, 156, 155, 132, 133, 157, 156, 133, 134, 158, 157, 134, 135, 159, 158, 135, 136, 160, 159, 136, 137, 161, 160, 137, 138, 162, 161, 138, 139, 163, 162, 139, 140, 164, 163, 140, 141, 165, 164, 141, 142, 166, 165, 142, 143, 167, 166, 143, 120, 144, 167, 144, 145, 169, 168, 145, 146, 170, 169, 146, 147, 171, 170, 147, 148, 172, 171, 148, 149, 173, 172, 149, 150, 174, 173, 150, 151, 175, 174, 151, 152, 176, 175, 152, 153, 177, 176, 153, 154, 178, 177, 154, 155, 179, 178, 155, 156, 180, 179, 156, 157, 181, 180, 157, 158, 182, 181, 158, 159, 183, 182, 159, 160, 184, 183, 160, 161, 185, 184, 161, 162, 186, 185, 162, 163, 187, 186, 163, 164, 188, 187, 164, 165, 189, 188, 165, 166, 190, 189, 166, 167, 191, 190, 167, 144, 168, 191, 168, 169, 193, 192, 169, 170, 194, 193, 170, 171, 195, 194, 171, 172, 196, 195, 172, 173, 197, 196, 173, 174, 198, 197, 174, 175, 199, 198, 175, 176, 200, 199, 176, 177, 201, 200, 177, 178, 202, 201, 178, 179, 203, 202, 179, 180, 204, 203, 180, 181, 205, 204, 181, 182, 206, 205, 182, 183, 207, 206, 183, 184, 208, 207, 184, 185, 209, 208, 185, 186, 210, 209, 186, 187, 211, 210, 187, 188, 212, 211, 188, 189, 213, 212, 189, 190, 214, 213, 190, 191, 215, 214, 191, 168, 192, 215, 192, 193, 217, 216, 193, 194, 218, 217, 194, 195, 219, 218, 195, 196, 220, 219, 196, 197, 221, 220, 197, 198, 222, 221, 198, 199, 223, 222, 199, 200, 224, 223, 200, 201, 225, 224, 201, 202, 226, 225, 202, 203, 227, 226, 203, 204, 228, 227, 204, 205, 229, 228, 205, 206, 230, 229, 206, 207, 231, 230, 207, 208, 232, 231, 208, 209, 233, 232, 209, 210, 234, 233, 210, 211, 235, 234, 211, 212, 236, 235, 212, 213, 237, 236, 213, 214, 238, 237, 214, 215, 239, 238, 215, 192, 216, 239, 216, 217, 241, 240, 217, 218, 242, 241, 218, 219, 243, 242, 219, 220, 244, 243, 220, 221, 245, 244, 221, 222, 246, 245, 222, 223, 247, 246, 223, 224, 248, 247, 224, 225, 249, 248, 225, 226, 250, 249, 226, 227, 251, 250, 227, 228, 252, 251, 228, 229, 253, 252, 229, 230, 254, 253, 230, 231, 255, 254, 231, 232, 256, 255, 232, 233, 257, 256, 233, 234, 258, 257, 234, 235, 259, 258, 235, 236, 260, 259, 236, 237, 261, 260, 237, 238, 262, 261, 238, 239, 263, 262, 239, 216, 240, 263, 240, 241, 265, 264, 241, 242, 266, 265, 242, 243, 267, 266, 243, 244, 268, 267, 244, 245, 269, 268, 245, 246, 270, 269, 246, 247, 271, 270, 247, 248, 272, 271, 248, 249, 273, 272, 249, 250, 274, 273, 250, 251, 275, 274, 251, 252, 276, 275, 252, 253, 277, 276, 253, 254, 278, 277, 254, 255, 279, 278, 255, 256, 280, 279, 256, 257, 281, 280, 257, 258, 282, 281, 258, 259, 283, 282, 259, 260, 284, 283, 260, 261, 285, 284, 261, 262, 286, 285, 262, 263, 287, 286, 263, 240, 264, 287, 264, 265, 289, 288, 265, 266, 290, 289, 266, 267, 291, 290, 267, 268, 292, 291, 268, 269, 293, 292, 269, 270, 294, 293, 270, 271, 295, 294, 271, 272, 296, 295, 272, 273, 297, 296, 273, 274, 298, 297, 274, 275, 299, 298, 275, 276, 300, 299, 276, 277, 301, 300, 277, 278, 302, 301, 278, 279, 303, 302, 279, 280, 304, 303, 280, 281, 305, 304, 281, 282, 306, 305, 282, 283, 307, 306, 283, 284, 308, 307, 284, 285, 309, 308, 285, 286, 310, 309, 286, 287, 311, 310, 287, 264, 288, 311, 288, 289, 313, 312, 289, 290, 314, 313, 290, 291, 315, 314, 291, 292, 316, 315, 292, 293, 317, 316, 293, 294, 318, 317, 294, 295, 319, 318, 295, 296, 320, 319, 296, 297, 321, 320, 297, 298, 322, 321, 298, 299, 323, 322, 299, 300, 324, 323, 300, 301, 325, 324, 301, 302, 326, 325, 302, 303, 327, 326, 303, 304, 328, 327, 304, 305, 329, 328, 305, 306, 330, 329, 306, 307, 331, 330, 307, 308, 332, 331, 308, 309, 333, 332, 309, 310, 334, 333, 310, 311, 335, 334, 311, 288, 312, 335, 312, 313, 337, 336, 313, 314, 338, 337, 314, 315, 339, 338, 315, 316, 340, 339, 316, 317, 341, 340, 317, 318, 342, 341, 318, 319, 343, 342, 319, 320, 344, 343, 320, 321, 345, 344, 321, 322, 346, 345, 322, 323, 347, 346, 323, 324, 348, 347, 324, 325, 349, 348, 325, 326, 350, 349, 326, 327, 351, 350, 327, 328, 352, 351, 328, 329, 353, 352, 329, 330, 354, 353, 330, 331, 355, 354, 331, 332, 356, 355, 332, 333, 357, 356, 333, 334, 358, 357, 334, 335, 359, 358, 335, 312, 336, 359, 336, 337, 361, 360, 337, 338, 362, 361, 338, 339, 363, 362, 339, 340, 364, 363, 340, 341, 365, 364, 341, 342, 366, 365, 342, 343, 367, 366, 343, 344, 368, 367, 344, 345, 369, 368, 345, 346, 370, 369, 346, 347, 371, 370, 347, 348, 372, 371, 348, 349, 373, 372, 349, 350, 374, 373, 350, 351, 375, 374, 351, 352, 376, 375, 352, 353, 377, 376, 353, 354, 378, 377, 354, 355, 379, 378, 355, 356, 380, 379, 356, 357, 381, 380, 357, 358, 382, 381, 358, 359, 383, 382, 359, 336, 360, 383, 360, 361, 385, 384, 361, 362, 386, 385, 362, 363, 387, 386, 363, 364, 388, 387, 364, 365, 389, 388, 365, 366, 390, 389, 366, 367, 391, 390, 367, 368, 392, 391, 368, 369, 393, 392, 369, 370, 394, 393, 370, 371, 395, 394, 371, 372, 396, 395, 372, 373, 397, 396, 373, 374, 398, 397, 374, 375, 399, 398, 375, 376, 400, 399, 376, 377, 401, 400, 377, 378, 402, 401, 378, 379, 403, 402, 379, 380, 404, 403, 380, 381, 405, 404, 381, 382, 406, 405, 382, 383, 407, 406, 383, 360, 384, 407, 384, 385, 409, 408, 385, 386, 410, 409, 386, 387, 411, 410, 387, 388, 412, 411, 388, 389, 413, 412, 389, 390, 414, 413, 390, 391, 415, 414, 391, 392, 416, 415, 392, 393, 417, 416, 393, 394, 418, 417, 394, 395, 419, 418, 395, 396, 420, 419, 396, 397, 421, 420, 397, 398, 422, 421, 398, 399, 423, 422, 399, 400, 424, 423, 400, 401, 425, 424, 401, 402, 426, 425, 402, 403, 427, 426, 403, 404, 428, 427, 404, 405, 429, 428, 405, 406, 430, 429, 406, 407, 431, 430, 407, 384, 408, 431, 408, 409, 433, 432, 409, 410, 434, 433, 410, 411, 435, 434, 411, 412, 436, 435, 412, 413, 437, 436, 413, 414, 438, 437, 414, 415, 439, 438, 415, 416, 440, 439, 416, 417, 441, 440, 417, 418, 442, 441, 418, 419, 443, 442, 419, 420, 444, 443, 420, 421, 445, 444, 421, 422, 446, 445, 422, 423, 447, 446, 423, 424, 448, 447, 424, 425, 449, 448, 425, 426, 450, 449, 426, 427, 451, 450, 427, 428, 452, 451, 428, 429, 453, 452, 429, 430, 454, 453, 430, 431, 455, 454, 431, 408, 432, 455, 432, 433, 457, 456, 433, 434, 458, 457, 434, 435, 459, 458, 435, 436, 460, 459, 436, 437, 461, 460, 437, 438, 462, 461, 438, 439, 463, 462, 439, 440, 464, 463, 440, 441, 465, 464, 441, 442, 466, 465, 442, 443, 467, 466, 443, 444, 468, 467, 444, 445, 469, 468, 445, 446, 470, 469, 446, 447, 471, 470, 447, 448, 472, 471, 448, 449, 473, 472, 449, 450, 474, 473, 450, 451, 475, 474, 451, 452, 476, 475, 452, 453, 477, 476, 453, 454, 478, 477, 454, 455, 479, 478, 455, 432, 456, 479, 456, 457, 481, 480, 457, 458, 482, 481, 458, 459, 483, 482, 459, 460, 484, 483, 460, 461, 485, 484, 461, 462, 486, 485, 462, 463, 487, 486, 463, 464, 488, 487, 464, 465, 489, 488, 465, 466, 490, 489, 466, 467, 491, 490, 467, 468, 492, 491, 468, 469, 493, 492, 469, 470, 494, 493, 470, 471, 495, 494, 471, 472, 496, 495, 472, 473, 497, 496, 473, 474, 498, 497, 474, 475, 499, 498, 475, 476, 500, 499, 476, 477, 501, 500, 477, 478, 502, 501, 478, 479, 503, 502, 479, 456, 480, 503, 480, 481, 505, 504, 481, 482, 506, 505, 482, 483, 507, 506, 483, 484, 508, 507, 484, 485, 509, 508, 485, 486, 510, 509, 486, 487, 511, 510, 487, 488, 512, 511, 488, 489, 513, 512, 489, 490, 514, 513, 490, 491, 515, 514, 491, 492, 516, 515, 492, 493, 517, 516, 493, 494, 518, 517, 494, 495, 519, 518, 495, 496, 520, 519, 496, 497, 521, 520, 497, 498, 522, 521, 498, 499, 523, 522, 499, 500, 524, 523, 500, 501, 525, 524, 501, 502, 526, 525, 502, 503, 527, 526, 503, 480, 504, 527, 504, 505, 529, 528, 505, 506, 530, 529, 506, 507, 531, 530, 507, 508, 532, 531, 508, 509, 533, 532, 509, 510, 534, 533, 510, 511, 535, 534, 511, 512, 536, 535, 512, 513, 537, 536, 513, 514, 538, 537, 514, 515, 539, 538, 515, 516, 540, 539, 516, 517, 541, 540, 517, 518, 542, 541, 518, 519, 543, 542, 519, 520, 544, 543, 520, 521, 545, 544, 521, 522, 546, 545, 522, 523, 547, 546, 523, 524, 548, 547, 524, 525, 549, 548, 525, 526, 550, 549, 526, 527, 551, 550, 527, 504, 528, 551, 1, 0, 552, 2, 1, 552, 3, 2, 552, 4, 3, 552, 5, 4, 552, 6, 5, 552, 7, 6, 552, 8, 7, 552, 9, 8, 552, 10, 9, 552, 11, 10, 552, 12, 11, 552, 13, 12, 552, 14, 13, 552, 15, 14, 552, 16, 15, 552, 17, 16, 552, 18, 17, 552, 19, 18, 552, 20, 19, 552, 21, 20, 552, 22, 21, 552, 23, 22, 552, 0, 23, 552, 528, 529, 553, 529, 530, 553, 530, 531, 553, 531, 532, 553, 532, 533, 553, 533, 534, 553, 534, 535, 553, 535, 536, 553, 536, 537, 553, 537, 538, 553, 538, 539, 553, 539, 540, 553, 540, 541, 553, 541, 542, 553, 542, 543, 553, 543, 544, 553, 544, 545, 553, 545, 546, 553, 546, 547, 553, 547, 548, 553, 548, 549, 553, 549, 550, 553, 550, 551, 553, 551, 528, 553]
                normal3f[] normals = [(0.16096176, -0.9860177, -0.043130297), (0.14431436, -0.9860178, -0.0833191), (0.24156858, -0.9603088, -0.13946922), (0.2694346, -0.9603088, -0.07219504), (0.14431436, -0.9860178, -0.0833191), (0.11783228, -0.9860178, -0.11783172), (0.19723979, -0.9603088, -0.1972395), (0.24156858, -0.9603088, -0.13946922), (0.11783228, -0.9860178, -0.11783172), (0.08332001, -0.9860178, -0.14431432), (0.13946965, -0.9603087, -0.24156854), (0.19723979, -0.9603088, -0.1972395), (0.08332001, -0.9860178, -0.14431432), (0.043129615, -0.9860179, -0.16096164), (0.07219483, -0.9603087, -0.26943472), (0.13946965, -0.9603087, -0.24156854), (0.043129615, -0.9860179, -0.16096164), (2.7810959e-8, -0.9860178, -0.1666398), (1.06131644e-7, -0.9603089, -0.278939), (0.07219483, -0.9603087, -0.26943472), (2.7810959e-8, -0.9860178, -0.1666398), (-0.043129537, -0.9860179, -0.16096164), (-0.07219473, -0.9603089, -0.26943436), (1.06131644e-7, -0.9603089, -0.278939), (-0.043129537, -0.9860179, -0.16096164), (-0.08331992, -0.9860178, -0.14431463), (-0.13946965, -0.9603088, -0.24156852), (-0.07219473, -0.9603089, -0.26943436), (-0.08331992, -0.9860178, -0.14431463), (-0.11783226, -0.98601776, -0.11783239), (-0.19723979, -0.9603088, -0.19723965), (-0.13946965, -0.9603088, -0.24156852), (-0.11783226, -0.98601776, -0.11783239), (-0.14431441, -0.98601794, -0.083319396), (-0.24156855, -0.9603088, -0.13946918), (-0.19723979, -0.9603088, -0.19723965), (-0.14431441, -0.98601794, -0.083319396), (-0.16096188, -0.9860178, -0.04312967), (-0.26943463, -0.96030873, -0.07219519), (-0.24156855, -0.9603088, -0.13946918), (-0.16096188, -0.9860178, -0.04312967), (-0.16663986, -0.9860178, -8.3017865e-10), (-0.2789394, -0.96030873, -3.765962e-7), (-0.26943463, -0.96030873, -0.07219519), (-0.16663986, -0.9860178, -8.3017865e-10), (-0.1609618, -0.9860179, 0.043129656), (-0.2694347, -0.96030873, 0.072195016), (-0.2789394, -0.96030873, -3.765962e-7), (-0.1609618, -0.9860179, 0.043129656), (-0.14431435, -0.98601794, 0.08331905), (-0.24156852, -0.9603088, 0.13946955), (-0.2694347, -0.96030873, 0.072195016), (-0.14431435, -0.98601794, 0.08331905), (-0.11783221, -0.9860179, 0.11783165), (-0.19723992, -0.9603088, 0.1972395), (-0.24156852, -0.9603088, 0.13946955), (-0.11783221, -0.9860179, 0.11783165), (-0.08331995, -0.9860178, 0.14431417), (-0.13946964, -0.9603088, 0.24156836), (-0.19723992, -0.9603088, 0.1972395), (-0.08331995, -0.9860178, 0.14431417), (-0.043129627, -0.9860178, 0.16096163), (-0.07219482, -0.9603088, 0.26943466), (-0.13946964, -0.9603088, 0.24156836), (-0.043129627, -0.9860178, 0.16096163), (0, -0.9860178, 0.16663978), (-4.793041e-8, -0.96030885, 0.27893898), (-0.07219482, -0.9603088, 0.26943466), (0, -0.9860178, 0.16663978), (0.04312955, -0.9860178, 0.16096157), (0.07219475, -0.9603088, 0.26943436), (-4.793041e-8, -0.96030885, 0.27893898), (0.04312955, -0.9860178, 0.16096157), (0.083319895, -0.9860178, 0.14431453), (0.13946958, -0.9603088, 0.24156824), (0.07219475, -0.9603088, 0.26943436), (0.083319895, -0.9860178, 0.14431453), (0.1178322, -0.98601776, 0.11783232), (0.19723977, -0.9603088, 0.19723956), (0.13946958, -0.9603088, 0.24156824), (0.1178322, -0.98601776, 0.11783232), (0.14431432, -0.9860178, 0.08331933), (0.2415684, -0.9603088, 0.13946927), (0.19723977, -0.9603088, 0.19723956), (0.14431432, -0.9860178, 0.08331933), (0.16096169, -0.9860178, 0.043130245), (0.26943454, -0.9603087, 0.07219514), (0.2415684, -0.9603088, 0.13946927), (0.16096169, -0.9860178, 0.043130245), (0.16663992, -0.9860178, 1.03772164e-10), (0.27893928, -0.9603087, -1.3694399e-8), (0.26943454, -0.9603087, 0.07219514), (0.16663992, -0.9860178, 1.03772164e-10), (0.16096176, -0.9860177, -0.043130297), (0.2694346, -0.9603088, -0.07219504), (0.27893928, -0.9603087, -1.3694399e-8), (0.2694346, -0.9603088, -0.07219504), (0.24156858, -0.9603088, -0.13946922), (0.3435591, -0.917945, -0.19835384), (0.38319036, -0.9179449, -0.102675624), (0.24156858, -0.9603088, -0.13946922), (0.19723979, -0.9603088, -0.1972395), (0.2805149, -0.91794497, -0.28051487), (0.3435591, -0.917945, -0.19835384), (0.19723979, -0.9603088, -0.1972395), (0.13946965, -0.9603087, -0.24156854), (0.198354, -0.91794485, -0.3435593), (0.2805149, -0.91794497, -0.28051487), (0.13946965, -0.9603087, -0.24156854), (0.07219483, -0.9603087, -0.26943472), (0.10267558, -0.91794485, -0.3831906), (0.198354, -0.91794485, -0.3435593), (0.07219483, -0.9603087, -0.26943472), (1.06131644e-7, -0.9603089, -0.278939), (1.5407309e-7, -0.91794485, -0.396708), (0.10267558, -0.91794485, -0.3831906), (1.06131644e-7, -0.9603089, -0.278939), (-0.07219473, -0.9603089, -0.26943436), (-0.102675505, -0.9179449, -0.38319027), (1.5407309e-7, -0.91794485, -0.396708), (-0.07219473, -0.9603089, -0.26943436), (-0.13946965, -0.9603088, -0.24156852), (-0.19835389, -0.9179449, -0.3435589), (-0.102675505, -0.9179449, -0.38319027), (-0.13946965, -0.9603088, -0.24156852), (-0.19723979, -0.9603088, -0.19723965), (-0.28051478, -0.9179449, -0.28051466), (-0.19835389, -0.9179449, -0.3435589), (-0.19723979, -0.9603088, -0.19723965), (-0.24156855, -0.9603088, -0.13946918), (-0.34355906, -0.9179449, -0.19835351), (-0.28051478, -0.9179449, -0.28051466), (-0.24156855, -0.9603088, -0.13946918), (-0.26943463, -0.96030873, -0.07219519), (-0.38319036, -0.9179449, -0.10267544), (-0.34355906, -0.9179449, -0.19835351), (-0.26943463, -0.96030873, -0.07219519), (-0.2789394, -0.96030873, -3.765962e-7), (-0.39670786, -0.91794497, -8.7541494e-8), (-0.38319036, -0.9179449, -0.10267544), (-0.2789394, -0.96030873, -3.765962e-7), (-0.2694347, -0.96030873, 0.072195016), (-0.38319033, -0.91794485, 0.10267558), (-0.39670786, -0.91794497, -8.7541494e-8), (-0.2694347, -0.96030873, 0.072195016), (-0.24156852, -0.9603088, 0.13946955), (-0.3435591, -0.9179449, 0.19835396), (-0.38319033, -0.91794485, 0.10267558), (-0.24156852, -0.9603088, 0.13946955), (-0.19723992, -0.9603088, 0.1972395), (-0.2805149, -0.9179449, 0.28051475), (-0.3435591, -0.9179449, 0.19835396), (-0.19723992, -0.9603088, 0.1972395), (-0.13946964, -0.9603088, 0.24156836), (-0.19835389, -0.91794497, 0.34355906), (-0.2805149, -0.9179449, 0.28051475), (-0.13946964, -0.9603088, 0.24156836), (-0.07219482, -0.9603088, 0.26943466), (-0.10267551, -0.9179449, 0.38319033), (-0.19835389, -0.91794497, 0.34355906), (-0.07219482, -0.9603088, 0.26943466), (-4.793041e-8, -0.96030885, 0.27893898), (-1.2255808e-7, -0.91794497, 0.39670777), (-0.10267551, -0.9179449, 0.38319033), (-4.793041e-8, -0.96030885, 0.27893898), (0.07219475, -0.9603088, 0.26943436), (0.1026754, -0.9179449, 0.38319024), (-1.2255808e-7, -0.91794497, 0.39670777), (0.07219475, -0.9603088, 0.26943436), (0.13946958, -0.9603088, 0.24156824), (0.1983539, -0.91794497, 0.343559), (0.1026754, -0.9179449, 0.38319024), (0.13946958, -0.9603088, 0.24156824), (0.19723977, -0.9603088, 0.19723956), (0.2805149, -0.91794497, 0.28051463), (0.1983539, -0.91794497, 0.343559), (0.19723977, -0.9603088, 0.19723956), (0.2415684, -0.9603088, 0.13946927), (0.34355915, -0.9179449, 0.19835372), (0.2805149, -0.91794497, 0.28051463), (0.2415684, -0.9603088, 0.13946927), (0.26943454, -0.9603087, 0.07219514), (0.38319054, -0.9179449, 0.10267558), (0.34355915, -0.9179449, 0.19835372), (0.26943454, -0.9603087, 0.07219514), (0.27893928, -0.9603087, -1.3694399e-8), (0.39670804, -0.91794485, -1.3306311e-7), (0.38319054, -0.9179449, 0.10267558), (0.27893928, -0.9603087, -1.3694399e-8), (0.2694346, -0.9603088, -0.07219504), (0.38319036, -0.9179449, -0.102675624), (0.39670804, -0.91794485, -1.3306311e-7), (0.38319036, -0.9179449, -0.102675624), (0.3435591, -0.917945, -0.19835384), (0.44203424, -0.8599269, -0.25520846), (0.49302495, -0.8599269, -0.13210581), (0.3435591, -0.917945, -0.19835384), (0.2805149, -0.91794497, -0.28051487), (0.36091945, -0.8599269, -0.36091942), (0.44203424, -0.8599269, -0.25520846), (0.2805149, -0.91794497, -0.28051487), (0.198354, -0.91794485, -0.3435593), (0.25520852, -0.85992706, -0.4420341), (0.36091945, -0.8599269, -0.36091942), (0.198354, -0.91794485, -0.3435593), (0.10267558, -0.91794485, -0.3831906), (0.13210568, -0.85992706, -0.49302492), (0.25520852, -0.85992706, -0.4420341), (0.10267558, -0.91794485, -0.3831906), (1.5407309e-7, -0.91794485, -0.396708), (1.6154947e-7, -0.8599269, -0.5104171), (0.13210568, -0.85992706, -0.49302492), (1.5407309e-7, -0.91794485, -0.396708), (-0.102675505, -0.9179449, -0.38319027), (-0.13210547, -0.859927, -0.49302483), (1.6154947e-7, -0.8599269, -0.5104171), (-0.102675505, -0.9179449, -0.38319027), (-0.19835389, -0.9179449, -0.3435589), (-0.25520837, -0.85992724, -0.44203383), (-0.13210547, -0.859927, -0.49302483), (-0.19835389, -0.9179449, -0.3435589), (-0.28051478, -0.9179449, -0.28051466), (-0.36091936, -0.8599271, -0.36091927), (-0.25520837, -0.85992724, -0.44203383), (-0.28051478, -0.9179449, -0.28051466), (-0.34355906, -0.9179449, -0.19835351), (-0.4420342, -0.859927, -0.2552086), (-0.36091936, -0.8599271, -0.36091927), (-0.34355906, -0.9179449, -0.19835351), (-0.38319036, -0.9179449, -0.10267544), (-0.49302498, -0.859927, -0.13210571), (-0.4420342, -0.859927, -0.2552086), (-0.38319036, -0.9179449, -0.10267544), (-0.39670786, -0.91794497, -8.7541494e-8), (-0.51041687, -0.85992706, -1.6154935e-8), (-0.49302498, -0.859927, -0.13210571), (-0.39670786, -0.91794497, -8.7541494e-8), (-0.38319033, -0.91794485, 0.10267558), (-0.49302477, -0.8599272, 0.13210563), (-0.51041687, -0.85992706, -1.6154935e-8), (-0.38319033, -0.91794485, 0.10267558), (-0.3435591, -0.9179449, 0.19835396), (-0.44203398, -0.8599272, 0.2552083), (-0.49302477, -0.8599272, 0.13210563), (-0.3435591, -0.9179449, 0.19835396), (-0.2805149, -0.9179449, 0.28051475), (-0.36091936, -0.85992706, 0.360919), (-0.44203398, -0.8599272, 0.2552083), (-0.2805149, -0.9179449, 0.28051475), (-0.19835389, -0.91794497, 0.34355906), (-0.25520843, -0.8599271, 0.44203386), (-0.36091936, -0.85992706, 0.360919), (-0.19835389, -0.91794497, 0.34355906), (-0.10267551, -0.9179449, 0.38319033), (-0.13210563, -0.85992706, 0.4930248), (-0.25520843, -0.8599271, 0.44203386), (-0.10267551, -0.9179449, 0.38319033), (-1.2255808e-7, -0.91794497, 0.39670777), (-1.13084546e-7, -0.85992706, 0.510417), (-0.13210563, -0.85992706, 0.4930248), (-1.2255808e-7, -0.91794497, 0.39670777), (0.1026754, -0.9179449, 0.38319024), (0.13210556, -0.8599271, 0.49302486), (-1.13084546e-7, -0.85992706, 0.510417), (0.1026754, -0.9179449, 0.38319024), (0.1983539, -0.91794497, 0.343559), (0.25520843, -0.8599272, 0.44203386), (0.13210556, -0.8599271, 0.49302486), (0.1983539, -0.91794497, 0.343559), (0.2805149, -0.91794497, 0.28051463), (0.3609192, -0.8599273, 0.36091894), (0.25520843, -0.8599272, 0.44203386), (0.2805149, -0.91794497, 0.28051463), (0.34355915, -0.9179449, 0.19835372), (0.44203386, -0.8599273, 0.25520816), (0.3609192, -0.8599273, 0.36091894), (0.34355915, -0.9179449, 0.19835372), (0.38319054, -0.9179449, 0.10267558), (0.4930248, -0.8599271, 0.13210544), (0.44203386, -0.8599273, 0.25520816), (0.38319054, -0.9179449, 0.10267558), (0.39670804, -0.91794485, -1.3306311e-7), (0.5104169, -0.85992706, -3.751536e-7), (0.4930248, -0.8599271, 0.13210544), (0.39670804, -0.91794485, -1.3306311e-7), (0.38319036, -0.9179449, -0.102675624), (0.49302495, -0.8599269, -0.13210581), (0.5104169, -0.85992706, -3.751536e-7), (0.49302495, -0.8599269, -0.13210581), (0.44203424, -0.8599269, -0.25520846), (0.5339626, -0.7873025, -0.3082835), (0.5955577, -0.78730255, -0.15957975), (0.44203424, -0.8599269, -0.25520846), (0.36091945, -0.8599269, -0.36091942), (0.4359787, -0.78730243, -0.43597877), (0.5339626, -0.7873025, -0.3082835), (0.36091945, -0.8599269, -0.36091942), (0.25520852, -0.85992706, -0.4420341), (0.30828348, -0.78730243, -0.5339626), (0.4359787, -0.78730243, -0.43597877), (0.25520852, -0.85992706, -0.4420341), (0.13210568, -0.85992706, -0.49302492), (0.1595793, -0.7873024, -0.595558), (0.30828348, -0.78730243, -0.5339626), (0.13210568, -0.85992706, -0.49302492), (1.6154947e-7, -0.8599269, -0.5104171), (2.0409402e-7, -0.78730243, -0.616567), (0.1595793, -0.7873024, -0.595558), (1.6154947e-7, -0.8599269, -0.5104171), (-0.13210547, -0.859927, -0.49302483), (-0.1595791, -0.78730243, -0.59555805), (2.0409402e-7, -0.78730243, -0.616567), (-0.13210547, -0.859927, -0.49302483), (-0.25520837, -0.85992724, -0.44203383), (-0.30828324, -0.7873025, -0.5339628), (-0.1595791, -0.78730243, -0.59555805), (-0.25520837, -0.85992724, -0.44203383), (-0.36091936, -0.8599271, -0.36091927), (-0.43597853, -0.7873025, -0.43597865), (-0.30828324, -0.7873025, -0.5339628), (-0.36091936, -0.8599271, -0.36091927), (-0.4420342, -0.859927, -0.2552086), (-0.5339625, -0.7873025, -0.30828366), (-0.43597853, -0.7873025, -0.43597865), (-0.4420342, -0.859927, -0.2552086), (-0.49302498, -0.859927, -0.13210571), (-0.5955578, -0.7873025, -0.15957938), (-0.5339625, -0.7873025, -0.30828366), (-0.49302498, -0.859927, -0.13210571), (-0.51041687, -0.85992706, -1.6154935e-8), (-0.61656696, -0.7873025, -1.5380995e-7), (-0.5955578, -0.7873025, -0.15957938), (-0.51041687, -0.85992706, -1.6154935e-8), (-0.49302477, -0.8599272, 0.13210563), (-0.5955579, -0.7873025, 0.15957917), (-0.61656696, -0.7873025, -1.5380995e-7), (-0.49302477, -0.8599272, 0.13210563), (-0.44203398, -0.8599272, 0.2552083), (-0.53396255, -0.7873025, 0.30828348), (-0.5955579, -0.7873025, 0.15957917), (-0.44203398, -0.8599272, 0.2552083), (-0.36091936, -0.85992706, 0.360919), (-0.43597877, -0.7873025, 0.43597853), (-0.53396255, -0.7873025, 0.30828348), (-0.36091936, -0.85992706, 0.360919), (-0.25520843, -0.8599271, 0.44203386), (-0.30828354, -0.7873025, 0.5339626), (-0.43597877, -0.7873025, 0.43597853), (-0.25520843, -0.8599271, 0.44203386), (-0.13210563, -0.85992706, 0.4930248), (-0.15957928, -0.7873025, 0.59555787), (-0.30828354, -0.7873025, 0.5339626), (-0.13210563, -0.85992706, 0.4930248), (-1.13084546e-7, -0.85992706, 0.510417), (-3.5494587e-8, -0.78730255, 0.61656684), (-0.15957928, -0.7873025, 0.59555787), (-1.13084546e-7, -0.85992706, 0.510417), (0.13210556, -0.8599271, 0.49302486), (0.15957916, -0.78730255, 0.5955579), (-3.5494587e-8, -0.78730255, 0.61656684), (0.13210556, -0.8599271, 0.49302486), (0.25520843, -0.8599272, 0.44203386), (0.3082833, -0.78730255, 0.53396267), (0.15957916, -0.78730255, 0.5955579), (0.25520843, -0.8599272, 0.44203386), (0.3609192, -0.8599273, 0.36091894), (0.43597868, -0.7873025, 0.4359786), (0.3082833, -0.78730255, 0.53396267), (0.3609192, -0.8599273, 0.36091894), (0.44203386, -0.8599273, 0.25520816), (0.5339626, -0.78730243, 0.30828348), (0.43597868, -0.7873025, 0.4359786), (0.44203386, -0.8599273, 0.25520816), (0.4930248, -0.8599271, 0.13210544), (0.5955578, -0.78730255, 0.15957935), (0.5339626, -0.78730243, 0.30828348), (0.4930248, -0.8599271, 0.13210544), (0.5104169, -0.85992706, -3.751536e-7), (0.6165667, -0.7873027, -4.5255607e-7), (0.5955578, -0.78730255, 0.15957935), (0.5104169, -0.85992706, -3.751536e-7), (0.49302495, -0.8599269, -0.13210581), (0.5955577, -0.78730255, -0.15957975), (0.6165667, -0.7873027, -4.5255607e-7), (0.5955577, -0.78730255, -0.15957975), (0.5339626, -0.7873025, -0.3082835), (0.6173296, -0.70133597, -0.3564155), (0.68854153, -0.701336, -0.18449487), (0.5339626, -0.7873025, -0.3082835), (0.4359787, -0.78730243, -0.43597877), (0.50404745, -0.7013361, -0.5040475), (0.6173296, -0.70133597, -0.3564155), (0.4359787, -0.78730243, -0.43597877), (0.30828348, -0.78730243, -0.5339626), (0.35641542, -0.70133615, -0.6173295), (0.50404745, -0.7013361, -0.5040475), (0.30828348, -0.78730243, -0.5339626), (0.1595793, -0.7873024, -0.595558), (0.18449424, -0.7013361, -0.68854153), (0.35641542, -0.70133615, -0.6173295), (0.1595793, -0.7873024, -0.595558), (2.0409402e-7, -0.78730243, -0.616567), (2.935294e-7, -0.7013362, -0.7128307), (0.18449424, -0.7013361, -0.68854153), (2.0409402e-7, -0.78730243, -0.616567), (-0.1595791, -0.78730243, -0.59555805), (-0.18449391, -0.70133615, -0.68854165), (2.935294e-7, -0.7013362, -0.7128307), (-0.1595791, -0.78730243, -0.59555805), (-0.30828324, -0.7873025, -0.5339628), (-0.35641506, -0.7013362, -0.6173296), (-0.18449391, -0.70133615, -0.68854165), (-0.30828324, -0.7873025, -0.5339628), (-0.43597853, -0.7873025, -0.43597865), (-0.50404716, -0.70133626, -0.5040474), (-0.35641506, -0.7013362, -0.6173296), (-0.43597853, -0.7873025, -0.43597865), (-0.5339625, -0.7873025, -0.30828366), (-0.61732924, -0.70133626, -0.35641536), (-0.50404716, -0.70133626, -0.5040474), (-0.5339625, -0.7873025, -0.30828366), (-0.5955578, -0.7873025, -0.15957938), (-0.68854123, -0.7013364, -0.18449405), (-0.61732924, -0.70133626, -0.35641536), (-0.5955578, -0.7873025, -0.15957938), (-0.61656696, -0.7873025, -1.5380995e-7), (-0.71283054, -0.70133626, -6.125829e-8), (-0.68854123, -0.7013364, -0.18449405), (-0.61656696, -0.7873025, -1.5380995e-7), (-0.5955579, -0.7873025, 0.15957917), (-0.6885415, -0.7013363, 0.18449399), (-0.71283054, -0.70133626, -6.125829e-8), (-0.5955579, -0.7873025, 0.15957917), (-0.53396255, -0.7873025, 0.30828348), (-0.61732936, -0.7013363, 0.35641536), (-0.6885415, -0.7013363, 0.18449399), (-0.53396255, -0.7873025, 0.30828348), (-0.43597877, -0.7873025, 0.43597853), (-0.5040474, -0.7013362, 0.5040472), (-0.61732936, -0.7013363, 0.35641536), (-0.43597877, -0.7873025, 0.43597853), (-0.30828354, -0.7873025, 0.5339626), (-0.3564153, -0.70133626, 0.6173294), (-0.5040474, -0.7013362, 0.5040472), (-0.30828354, -0.7873025, 0.5339626), (-0.15957928, -0.7873025, 0.59555787), (-0.18449411, -0.7013363, 0.6885414), (-0.3564153, -0.70133626, 0.6173294), (-0.15957928, -0.7873025, 0.59555787), (-3.5494587e-8, -0.78730255, 0.61656684), (-1.352787e-7, -0.7013365, 0.7128304), (-0.18449411, -0.7013363, 0.6885414), (-3.5494587e-8, -0.78730255, 0.61656684), (0.15957916, -0.78730255, 0.5955579), (0.18449399, -0.70133626, 0.68854135), (-1.352787e-7, -0.7013365, 0.7128304), (0.15957916, -0.78730255, 0.5955579), (0.3082833, -0.78730255, 0.53396267), (0.35641515, -0.70133626, 0.61732936), (0.18449399, -0.70133626, 0.68854135), (0.3082833, -0.78730255, 0.53396267), (0.43597868, -0.7873025, 0.4359786), (0.5040472, -0.7013363, 0.50404733), (0.35641515, -0.70133626, 0.61732936), (0.43597868, -0.7873025, 0.4359786), (0.5339626, -0.78730243, 0.30828348), (0.61732924, -0.7013364, 0.35641536), (0.5040472, -0.7013363, 0.50404733), (0.5339626, -0.78730243, 0.30828348), (0.5955578, -0.78730255, 0.15957935), (0.6885411, -0.70133656, 0.18449439), (0.61732924, -0.7013364, 0.35641536), (0.5955578, -0.78730255, 0.15957935), (0.6165667, -0.7873027, -4.5255607e-7), (0.7128303, -0.70133656, -4.568847e-7), (0.6885411, -0.70133656, 0.18449439), (0.6165667, -0.7873027, -4.5255607e-7), (0.5955577, -0.78730255, -0.15957975), (0.68854153, -0.701336, -0.18449487), (0.7128303, -0.70133656, -4.568847e-7), (0.68854153, -0.701336, -0.18449487), (0.6173296, -0.70133597, -0.3564155), (0.690532, -0.603507, -0.39867884), (0.7701882, -0.6035069, -0.20637222), (0.6173296, -0.70133597, -0.3564155), (0.50404745, -0.7013361, -0.5040475), (0.56381696, -0.6035073, -0.5638169), (0.690532, -0.603507, -0.39867884), (0.50404745, -0.7013361, -0.5040475), (0.35641542, -0.70133615, -0.6173295), (0.3986787, -0.6035072, -0.6905319), (0.56381696, -0.6035073, -0.5638169), (0.35641542, -0.70133615, -0.6173295), (0.18449424, -0.7013361, -0.68854153), (0.20637141, -0.60350716, -0.7701883), (0.3986787, -0.6035072, -0.6905319), (0.18449424, -0.7013361, -0.68854153), (2.935294e-7, -0.7013362, -0.7128307), (2.9627225e-7, -0.6035072, -0.7973575), (0.20637141, -0.60350716, -0.7701883), (2.935294e-7, -0.7013362, -0.7128307), (-0.18449391, -0.70133615, -0.68854165), (-0.20637098, -0.6035072, -0.7701883), (2.9627225e-7, -0.6035072, -0.7973575), (-0.18449391, -0.70133615, -0.68854165), (-0.35641506, -0.7013362, -0.6173296), (-0.39867863, -0.60350716, -0.6905321), (-0.20637098, -0.6035072, -0.7701883), (-0.35641506, -0.7013362, -0.6173296), (-0.50404716, -0.70133626, -0.5040474), (-0.56381685, -0.6035072, -0.5638171), (-0.39867863, -0.60350716, -0.6905321), (-0.50404716, -0.70133626, -0.5040474), (-0.61732924, -0.70133626, -0.35641536), (-0.6905319, -0.60350704, -0.3986789), (-0.56381685, -0.6035072, -0.5638171), (-0.61732924, -0.70133626, -0.35641536), (-0.68854123, -0.7013364, -0.18449405), (-0.77018833, -0.6035071, -0.20637135), (-0.6905319, -0.60350704, -0.3986789), (-0.68854123, -0.7013364, -0.18449405), (-0.71283054, -0.70133626, -6.125829e-8), (-0.79735744, -0.60350734, 2.9627214e-8), (-0.77018833, -0.6035071, -0.20637135), (-0.71283054, -0.70133626, -6.125829e-8), (-0.6885415, -0.7013363, 0.18449399), (-0.77018815, -0.6035073, 0.20637113), (-0.79735744, -0.60350734, 2.9627214e-8), (-0.6885415, -0.7013363, 0.18449399), (-0.61732936, -0.7013363, 0.35641536), (-0.69053185, -0.6035073, 0.39867866), (-0.77018815, -0.6035073, 0.20637113), (-0.61732936, -0.7013363, 0.35641536), (-0.5040474, -0.7013362, 0.5040472), (-0.56381696, -0.6035074, 0.56381667), (-0.69053185, -0.6035073, 0.39867866), (-0.5040474, -0.7013362, 0.5040472), (-0.3564153, -0.70133626, 0.6173294), (-0.39867875, -0.6035074, 0.6905317), (-0.56381696, -0.6035074, 0.56381667), (-0.3564153, -0.70133626, 0.6173294), (-0.18449411, -0.7013363, 0.6885414), (-0.20637122, -0.6035074, 0.77018803), (-0.39867875, -0.6035074, 0.6905317), (-0.18449411, -0.7013363, 0.6885414), (-1.352787e-7, -0.7013365, 0.7128304), (-1.7320524e-7, -0.6035074, 0.7973574), (-0.20637122, -0.6035074, 0.77018803), (-1.352787e-7, -0.7013365, 0.7128304), (0.18449399, -0.70133626, 0.68854135), (0.20637116, -0.60350734, 0.77018815), (-1.7320524e-7, -0.6035074, 0.7973574), (0.18449399, -0.70133626, 0.68854135), (0.35641515, -0.70133626, 0.61732936), (0.39867872, -0.60350734, 0.6905318), (0.20637116, -0.60350734, 0.77018815), (0.35641515, -0.70133626, 0.61732936), (0.5040472, -0.7013363, 0.50404733), (0.5638169, -0.60350746, 0.5638167), (0.39867872, -0.60350734, 0.6905318), (0.5040472, -0.7013363, 0.50404733), (0.61732924, -0.7013364, 0.35641536), (0.6905317, -0.60350746, 0.39867872), (0.5638169, -0.60350746, 0.5638167), (0.61732924, -0.7013364, 0.35641536), (0.6885411, -0.70133656, 0.18449439), (0.770188, -0.6035074, 0.20637152), (0.6905317, -0.60350746, 0.39867872), (0.6885411, -0.70133656, 0.18449439), (0.7128303, -0.70133656, -4.568847e-7), (0.7973576, -0.6035072, -6.9737945e-7), (0.770188, -0.6035074, 0.20637152), (0.7128303, -0.70133656, -4.568847e-7), (0.68854153, -0.701336, -0.18449487), (0.7701882, -0.6035069, -0.20637222), (0.7973576, -0.6035072, -6.9737945e-7), (0.7701882, -0.6035069, -0.20637222), (0.690532, -0.603507, -0.39867884), (0.7522436, -0.49548593, -0.4343078), (0.8390184, -0.49548602, -0.22481523), (0.690532, -0.603507, -0.39867884), (0.56381696, -0.6035073, -0.5638169), (0.61420435, -0.49548605, -0.614204), (0.7522436, -0.49548593, -0.4343078), (0.56381696, -0.6035073, -0.5638169), (0.3986787, -0.6035072, -0.6905319), (0.43430784, -0.49548596, -0.75224346), (0.61420435, -0.49548605, -0.614204), (0.3986787, -0.6035072, -0.6905319), (0.20637141, -0.60350716, -0.7701883), (0.22481439, -0.49548593, -0.8390186), (0.43430784, -0.49548596, -0.75224346), (0.20637141, -0.60350716, -0.7701883), (2.9627225e-7, -0.6035072, -0.7973575), (3.1568766e-7, -0.49548602, -0.868616), (0.22481439, -0.49548593, -0.8390186), (2.9627225e-7, -0.6035072, -0.7973575), (-0.20637098, -0.6035072, -0.7701883), (-0.22481398, -0.49548605, -0.8390187), (3.1568766e-7, -0.49548602, -0.868616), (-0.20637098, -0.6035072, -0.7701883), (-0.39867863, -0.60350716, -0.6905321), (-0.43430772, -0.49548596, -0.7522435), (-0.22481398, -0.49548605, -0.8390187), (-0.39867863, -0.60350716, -0.6905321), (-0.56381685, -0.6035072, -0.5638171), (-0.61420417, -0.49548593, -0.61420435), (-0.43430772, -0.49548596, -0.7522435), (-0.56381685, -0.6035072, -0.5638171), (-0.6905319, -0.60350704, -0.3986789), (-0.7522435, -0.49548578, -0.43430817), (-0.61420417, -0.49548593, -0.61420435), (-0.6905319, -0.60350704, -0.3986789), (-0.77018833, -0.6035071, -0.20637135), (-0.8390186, -0.49548572, -0.22481458), (-0.7522435, -0.49548578, -0.43430817), (-0.77018833, -0.6035071, -0.20637135), (-0.79735744, -0.60350734, 2.9627214e-8), (-0.86861587, -0.495486, -4.5994213e-8), (-0.8390186, -0.49548572, -0.22481458), (-0.79735744, -0.60350734, 2.9627214e-8), (-0.77018815, -0.6035073, 0.20637113), (-0.83901846, -0.49548623, 0.22481415), (-0.86861587, -0.495486, -4.5994213e-8), (-0.77018815, -0.6035073, 0.20637113), (-0.69053185, -0.6035073, 0.39867866), (-0.75224346, -0.49548623, 0.4343078), (-0.83901846, -0.49548623, 0.22481415), (-0.69053185, -0.6035073, 0.39867866), (-0.56381696, -0.6035074, 0.56381667), (-0.6142043, -0.49548617, 0.614204), (-0.75224346, -0.49548623, 0.4343078), (-0.56381696, -0.6035074, 0.56381667), (-0.39867875, -0.6035074, 0.6905317), (-0.43430802, -0.49548614, 0.7522433), (-0.6142043, -0.49548617, 0.614204), (-0.39867875, -0.6035074, 0.6905317), (-0.20637122, -0.6035074, 0.77018803), (-0.22481419, -0.4954861, 0.8390185), (-0.43430802, -0.49548614, 0.7522433), (-0.20637122, -0.6035074, 0.77018803), (-1.7320524e-7, -0.6035074, 0.7973574), (-1.0871357e-7, -0.49548602, 0.86861587), (-0.22481419, -0.4954861, 0.8390185), (-1.7320524e-7, -0.6035074, 0.7973574), (0.20637116, -0.60350734, 0.77018815), (0.2248142, -0.49548602, 0.8390186), (-1.0871357e-7, -0.49548602, 0.86861587), (0.20637116, -0.60350734, 0.77018815), (0.39867872, -0.60350734, 0.6905318), (0.43430787, -0.49548593, 0.7522436), (0.2248142, -0.49548602, 0.8390186), (0.39867872, -0.60350734, 0.6905318), (0.5638169, -0.60350746, 0.5638167), (0.61420405, -0.49548605, 0.61420417), (0.43430787, -0.49548593, 0.7522436), (0.5638169, -0.60350746, 0.5638167), (0.6905317, -0.60350746, 0.39867872), (0.75224334, -0.49548617, 0.4343081), (0.61420405, -0.49548605, 0.61420417), (0.6905317, -0.60350746, 0.39867872), (0.770188, -0.6035074, 0.20637152), (0.83901846, -0.49548623, 0.22481456), (0.75224334, -0.49548617, 0.4343081), (0.770188, -0.6035074, 0.20637152), (0.7973576, -0.6035072, -6.9737945e-7), (0.8686158, -0.4954861, -8.8643407e-7), (0.83901846, -0.49548623, 0.22481456), (0.7973576, -0.6035072, -6.9737945e-7), (0.7701882, -0.6035069, -0.20637222), (0.8390184, -0.49548602, -0.22481523), (0.8686158, -0.4954861, -8.8643407e-7), (0.8390184, -0.49548602, -0.22481523), (0.7522436, -0.49548593, -0.4343078), (0.8013789, -0.3791078, -0.46267608), (0.89382166, -0.3791077, -0.23949972), (0.7522436, -0.49548593, -0.4343078), (0.61420435, -0.49548605, -0.614204), (0.654323, -0.37910783, -0.654323), (0.8013789, -0.3791078, -0.46267608), (0.61420435, -0.49548605, -0.614204), (0.43430784, -0.49548596, -0.75224346), (0.46267605, -0.37910774, -0.8013789), (0.654323, -0.37910783, -0.654323), (0.43430784, -0.49548596, -0.75224346), (0.22481439, -0.49548593, -0.8390186), (0.23949902, -0.37910768, -0.8938219), (0.46267605, -0.37910774, -0.8013789), (0.22481439, -0.49548593, -0.8390186), (3.1568766e-7, -0.49548602, -0.868616), (4.5120134e-7, -0.37910768, -0.9253526), (0.23949902, -0.37910768, -0.8938219), (3.1568766e-7, -0.49548602, -0.868616), (-0.22481398, -0.49548605, -0.8390187), (-0.23949851, -0.37910783, -0.893822), (4.5120134e-7, -0.37910768, -0.9253526), (-0.22481398, -0.49548605, -0.8390187), (-0.43430772, -0.49548596, -0.7522435), (-0.46267614, -0.3791079, -0.8013788), (-0.23949851, -0.37910783, -0.893822), (-0.43430772, -0.49548596, -0.7522435), (-0.61420417, -0.49548593, -0.61420435), (-0.654323, -0.3791078, -0.65432304), (-0.46267614, -0.3791079, -0.8013788), (-0.61420417, -0.49548593, -0.61420435), (-0.7522435, -0.49548578, -0.43430817), (-0.8013788, -0.37910768, -0.46267653), (-0.654323, -0.3791078, -0.65432304), (-0.7522435, -0.49548578, -0.43430817), (-0.8390186, -0.49548572, -0.22481458), (-0.89382184, -0.3791077, -0.23949909), (-0.8013788, -0.37910768, -0.46267653), (-0.8390186, -0.49548572, -0.22481458), (-0.86861587, -0.495486, -4.5994213e-8), (-0.9253525, -0.37910777, -1.451691e-7), (-0.89382184, -0.3791077, -0.23949909), (-0.86861587, -0.495486, -4.5994213e-8), (-0.83901846, -0.49548623, 0.22481415), (-0.893822, -0.37910762, 0.23949862), (-0.9253525, -0.37910777, -1.451691e-7), (-0.83901846, -0.49548623, 0.22481415), (-0.75224346, -0.49548623, 0.4343078), (-0.80137897, -0.3791077, 0.4626761), (-0.893822, -0.37910762, 0.23949862), (-0.75224346, -0.49548623, 0.4343078), (-0.6142043, -0.49548617, 0.614204), (-0.65432316, -0.37910774, 0.654323), (-0.80137897, -0.3791077, 0.4626761), (-0.6142043, -0.49548617, 0.614204), (-0.43430802, -0.49548614, 0.7522433), (-0.4626763, -0.37910768, 0.8013788), (-0.65432316, -0.37910774, 0.654323), (-0.43430802, -0.49548614, 0.7522433), (-0.22481419, -0.4954861, 0.8390185), (-0.23949888, -0.37910777, 0.89382184), (-0.4626763, -0.37910768, 0.8013788), (-0.22481419, -0.4954861, 0.8390185), (-1.0871357e-7, -0.49548602, 0.86861587), (-5.100534e-8, -0.37910774, 0.9253525), (-0.23949888, -0.37910777, 0.89382184), (-1.0871357e-7, -0.49548602, 0.86861587), (0.2248142, -0.49548602, 0.8390186), (0.23949872, -0.37910777, 0.893822), (-5.100534e-8, -0.37910774, 0.9253525), (0.2248142, -0.49548602, 0.8390186), (0.43430787, -0.49548593, 0.7522436), (0.46267605, -0.3791078, 0.80137885), (0.23949872, -0.37910777, 0.893822), (0.43430787, -0.49548593, 0.7522436), (0.61420405, -0.49548605, 0.61420417), (0.65432286, -0.37910786, 0.65432304), (0.46267605, -0.3791078, 0.80137885), (0.61420405, -0.49548605, 0.61420417), (0.75224334, -0.49548617, 0.4343081), (0.80137867, -0.37910777, 0.4626765), (0.65432286, -0.37910786, 0.65432304), (0.75224334, -0.49548617, 0.4343081), (0.83901846, -0.49548623, 0.22481456), (0.8938219, -0.37910765, 0.23949899), (0.80137867, -0.37910777, 0.4626765), (0.83901846, -0.49548623, 0.22481456), (0.8686158, -0.4954861, -8.8643407e-7), (0.9253526, -0.37910774, -8.7886195e-7), (0.8938219, -0.37910765, 0.23949899), (0.8686158, -0.4954861, -8.8643407e-7), (0.8390184, -0.49548602, -0.22481523), (0.89382166, -0.3791077, -0.23949972), (0.9253526, -0.37910774, -8.7886195e-7), (0.89382166, -0.3791077, -0.23949972), (0.8013789, -0.3791078, -0.46267608), (0.8370884, -0.2563414, -0.483293), (0.93365055, -0.25634104, -0.25017166), (0.8013789, -0.3791078, -0.46267608), (0.654323, -0.37910783, -0.654323), (0.6834797, -0.25634116, -0.6834797), (0.8370884, -0.2563414, -0.483293), (0.654323, -0.37910783, -0.654323), (0.46267605, -0.37910774, -0.8013789), (0.4832931, -0.25634107, -0.8370884), (0.6834797, -0.25634116, -0.6834797), (0.46267605, -0.37910774, -0.8013789), (0.23949902, -0.37910768, -0.8938219), (0.25017124, -0.25634116, -0.93365055), (0.4832931, -0.25634107, -0.8370884), (0.23949902, -0.37910768, -0.8938219), (4.5120134e-7, -0.37910768, -0.9253526), (4.6566893e-7, -0.25634113, -0.9665863), (0.25017124, -0.25634116, -0.93365055), (4.5120134e-7, -0.37910768, -0.9253526), (-0.23949851, -0.37910783, -0.893822), (-0.25017062, -0.25634122, -0.93365085), (4.6566893e-7, -0.25634113, -0.9665863), (-0.23949851, -0.37910783, -0.893822), (-0.46267614, -0.3791079, -0.8013788), (-0.4832929, -0.25634125, -0.83708847), (-0.25017062, -0.25634122, -0.93365085), (-0.46267614, -0.3791079, -0.8013788), (-0.654323, -0.3791078, -0.65432304), (-0.68347967, -0.2563413, -0.6834797), (-0.4832929, -0.25634125, -0.83708847), (-0.654323, -0.3791078, -0.65432304), (-0.8013788, -0.37910768, -0.46267653), (-0.83708817, -0.25634143, -0.48329332), (-0.68347967, -0.2563413, -0.6834797), (-0.8013788, -0.37910768, -0.46267653), (-0.89382184, -0.3791077, -0.23949909), (-0.9336506, -0.2563414, -0.25017107), (-0.83708817, -0.25634143, -0.48329332), (-0.89382184, -0.3791077, -0.23949909), (-0.9253525, -0.37910777, -1.451691e-7), (-0.9665863, -0.2563411, -1.5772657e-7), (-0.9336506, -0.2563414, -0.25017107), (-0.9253525, -0.37910777, -1.451691e-7), (-0.893822, -0.37910762, 0.23949862), (-0.93365085, -0.2563408, 0.25017083), (-0.9665863, -0.2563411, -1.5772657e-7), (-0.893822, -0.37910762, 0.23949862), (-0.80137897, -0.3791077, 0.4626761), (-0.8370885, -0.25634095, 0.4832931), (-0.93365085, -0.2563408, 0.25017083), (-0.80137897, -0.3791077, 0.4626761), (-0.65432316, -0.37910774, 0.654323), (-0.6834797, -0.2563412, 0.6834798), (-0.8370885, -0.25634095, 0.4832931), (-0.65432316, -0.37910774, 0.654323), (-0.4626763, -0.37910768, 0.8013788), (-0.48329315, -0.25634128, 0.83708835), (-0.6834797, -0.2563412, 0.6834798), (-0.4626763, -0.37910768, 0.8013788), (-0.23949888, -0.37910777, 0.89382184), (-0.25017104, -0.25634125, 0.93365073), (-0.48329315, -0.25634128, 0.83708835), (-0.23949888, -0.37910777, 0.89382184), (-5.100534e-8, -0.37910774, 0.9253525), (-9.764024e-8, -0.2563413, 0.96658635), (-0.25017104, -0.25634125, 0.93365073), (-5.100534e-8, -0.37910774, 0.9253525), (0.23949872, -0.37910777, 0.893822), (0.25017074, -0.25634137, 0.93365073), (-9.764024e-8, -0.2563413, 0.96658635), (0.23949872, -0.37910777, 0.893822), (0.46267605, -0.3791078, 0.80137885), (0.48329297, -0.25634155, 0.8370884), (0.25017074, -0.25634137, 0.93365073), (0.46267605, -0.3791078, 0.80137885), (0.65432286, -0.37910786, 0.65432304), (0.68347955, -0.2563415, 0.68347985), (0.48329297, -0.25634155, 0.8370884), (0.65432286, -0.37910786, 0.65432304), (0.80137867, -0.37910777, 0.4626765), (0.83708817, -0.25634146, 0.48329327), (0.68347955, -0.2563415, 0.68347985), (0.80137867, -0.37910777, 0.4626765), (0.8938219, -0.37910765, 0.23949899), (0.9336507, -0.2563414, 0.250171), (0.83708817, -0.25634146, 0.48329327), (0.8938219, -0.37910765, 0.23949899), (0.9253526, -0.37910774, -8.7886195e-7), (0.9665864, -0.25634092, -8.9002873e-7), (0.9336507, -0.2563414, 0.250171), (0.9253526, -0.37910774, -8.7886195e-7), (0.89382166, -0.3791077, -0.23949972), (0.93365055, -0.25634104, -0.25017166), (0.9665864, -0.25634092, -8.9002873e-7), (0.93365055, -0.25634104, -0.25017166), (0.8370884, -0.2563414, -0.483293), (0.8587604, -0.1292579, -0.49580544), (0.9578225, -0.129258, -0.25664848), (0.8370884, -0.2563414, -0.483293), (0.6834797, -0.25634116, -0.6834797), (0.70117474, -0.12925789, -0.701175), (0.8587604, -0.1292579, -0.49580544), (0.6834797, -0.25634116, -0.6834797), (0.4832931, -0.25634107, -0.8370884), (0.49580547, -0.12925807, -0.85876036), (0.70117474, -0.12925789, -0.701175), (0.4832931, -0.25634107, -0.8370884), (0.25017124, -0.25634116, -0.93365055), (0.256648, -0.12925816, -0.9578226), (0.49580547, -0.12925807, -0.85876036), (0.25017124, -0.25634116, -0.93365055), (4.6566893e-7, -0.25634113, -0.9665863), (2.7086116e-7, -0.12925816, -0.99161094), (0.256648, -0.12925816, -0.9578226), (4.6566893e-7, -0.25634113, -0.9665863), (-0.25017062, -0.25634122, -0.93365085), (-0.2566475, -0.129258, -0.95782274), (2.7086116e-7, -0.12925816, -0.99161094), (-0.25017062, -0.25634122, -0.93365085), (-0.4832929, -0.25634125, -0.83708847), (-0.4958052, -0.12925802, -0.8587605), (-0.2566475, -0.129258, -0.95782274), (-0.4832929, -0.25634125, -0.83708847), (-0.68347967, -0.2563413, -0.6834797), (-0.7011747, -0.12925816, -0.7011751), (-0.4958052, -0.12925802, -0.8587605), (-0.68347967, -0.2563413, -0.6834797), (-0.83708817, -0.25634143, -0.48329332), (-0.8587602, -0.12925838, -0.49580565), (-0.7011747, -0.12925816, -0.7011751), (-0.83708817, -0.25634143, -0.48329332), (-0.9336506, -0.2563414, -0.25017107), (-0.9578226, -0.12925829, -0.25664786), (-0.8587602, -0.12925838, -0.49580565), (-0.9336506, -0.2563414, -0.25017107), (-0.9665863, -0.2563411, -1.5772657e-7), (-0.99161094, -0.12925816, -1.5373197e-7), (-0.9578226, -0.12925829, -0.25664786), (-0.9665863, -0.2563411, -1.5772657e-7), (-0.93365085, -0.2563408, 0.25017083), (-0.9578226, -0.12925829, 0.25664765), (-0.99161094, -0.12925816, -1.5373197e-7), (-0.93365085, -0.2563408, 0.25017083), (-0.8370885, -0.25634095, 0.4832931), (-0.8587603, -0.12925828, 0.4958054), (-0.9578226, -0.12925829, 0.25664765), (-0.8370885, -0.25634095, 0.4832931), (-0.6834797, -0.2563412, 0.6834798), (-0.7011749, -0.12925829, 0.70117474), (-0.8587603, -0.12925828, 0.4958054), (-0.6834797, -0.2563412, 0.6834798), (-0.48329315, -0.25634128, 0.83708835), (-0.49580553, -0.12925816, 0.85876024), (-0.7011749, -0.12925829, 0.70117474), (-0.48329315, -0.25634128, 0.83708835), (-0.25017104, -0.25634125, 0.93365073), (-0.25664786, -0.12925805, 0.9578226), (-0.49580553, -0.12925816, 0.85876024), (-0.25017104, -0.25634125, 0.93365073), (-9.764024e-8, -0.2563413, 0.96658635), (-8.4186546e-8, -0.12925814, 0.99161094), (-0.25664786, -0.12925805, 0.9578226), (-9.764024e-8, -0.2563413, 0.96658635), (0.25017074, -0.25634137, 0.93365073), (0.25664762, -0.12925816, 0.95782274), (-8.4186546e-8, -0.12925814, 0.99161094), (0.25017074, -0.25634137, 0.93365073), (0.48329297, -0.25634155, 0.8370884), (0.4958054, -0.1292582, 0.8587603), (0.25664762, -0.12925816, 0.95782274), (0.48329297, -0.25634155, 0.8370884), (0.68347955, -0.2563415, 0.68347985), (0.70117474, -0.12925829, 0.7011749), (0.4958054, -0.1292582, 0.8587603), (0.68347955, -0.2563415, 0.68347985), (0.83708817, -0.25634146, 0.48329327), (0.8587602, -0.12925826, 0.49580547), (0.70117474, -0.12925829, 0.7011749), (0.83708817, -0.25634146, 0.48329327), (0.9336507, -0.2563414, 0.250171), (0.9578226, -0.12925828, 0.25664768), (0.8587602, -0.12925826, 0.49580547), (0.9336507, -0.2563414, 0.250171), (0.9665864, -0.25634092, -8.9002873e-7), (0.99161094, -0.12925816, -8.931099e-7), (0.9578226, -0.12925828, 0.25664768), (0.9665864, -0.25634092, -8.9002873e-7), (0.93365055, -0.25634104, -0.25017166), (0.9578225, -0.129258, -0.25664848), (0.99161094, -0.12925816, -8.931099e-7), (0.9578225, -0.129258, -0.25664848), (0.8587604, -0.1292579, -0.49580544), (0.8660254, 0, -0.50000006), (0.96592563, 3.6294803e-9, -0.25881964), (0.8587604, -0.1292579, -0.49580544), (0.70117474, -0.12925789, -0.701175), (0.70710677, 0, -0.70710677), (0.8660254, 0, -0.50000006), (0.70117474, -0.12925789, -0.701175), (0.49580547, -0.12925807, -0.85876036), (0.5000001, 1.8147401e-9, -0.86602527), (0.70710677, 0, -0.70710677), (0.49580547, -0.12925807, -0.85876036), (0.256648, -0.12925816, -0.9578226), (0.2588192, 3.6294803e-9, -0.96592575), (0.5000001, 1.8147401e-9, -0.86602527), (0.256648, -0.12925816, -0.9578226), (2.7086116e-7, -0.12925816, -0.99161094), (1.8147398e-7, 0, -1), (0.2588192, 3.6294803e-9, -0.96592575), (2.7086116e-7, -0.12925816, -0.99161094), (-0.2566475, -0.129258, -0.95782274), (-0.25881875, 0, -0.9659259), (1.8147398e-7, 0, -1), (-0.2566475, -0.129258, -0.95782274), (-0.4958052, -0.12925802, -0.8587605), (-0.49999964, 0, -0.86602557), (-0.25881875, 0, -0.9659259), (-0.4958052, -0.12925802, -0.8587605), (-0.7011747, -0.12925816, -0.7011751), (-0.70710665, 0, -0.70710695), (-0.49999964, 0, -0.86602557), (-0.7011747, -0.12925816, -0.7011751), (-0.8587602, -0.12925838, -0.49580565), (-0.86602527, 0, -0.5000003), (-0.70710665, 0, -0.70710695), (-0.8587602, -0.12925838, -0.49580565), (-0.9578226, -0.12925829, -0.25664786), (-0.96592575, 1.8147398e-9, -0.2588191), (-0.86602527, 0, -0.5000003), (-0.9578226, -0.12925829, -0.25664786), (-0.99161094, -0.12925816, -1.5373197e-7), (-1, 1.8147396e-9, -1.4517917e-7), (-0.96592575, 1.8147398e-9, -0.2588191), (-0.99161094, -0.12925816, -1.5373197e-7), (-0.9578226, -0.12925829, 0.25664765), (-0.9659259, -1.8147396e-9, 0.25881895), (-1, 1.8147396e-9, -1.4517917e-7), (-0.9578226, -0.12925829, 0.25664765), (-0.8587603, -0.12925828, 0.4958054), (-0.8660255, 1.8147396e-9, 0.49999994), (-0.9659259, -1.8147396e-9, 0.25881895), (-0.8587603, -0.12925828, 0.4958054), (-0.7011749, -0.12925829, 0.70117474), (-0.7071068, 1.8147396e-9, 0.7071068), (-0.8660255, 1.8147396e-9, 0.49999994), (-0.7011749, -0.12925829, 0.70117474), (-0.49580553, -0.12925816, 0.85876024), (-0.5000001, -1.8147391e-9, 0.8660253), (-0.7071068, 1.8147396e-9, 0.7071068), (-0.49580553, -0.12925816, 0.85876024), (-0.25664786, -0.12925805, 0.9578226), (-0.25881928, 0, 0.96592575), (-0.5000001, -1.8147391e-9, 0.8660253), (-0.25664786, -0.12925805, 0.9578226), (-8.4186546e-8, -0.12925814, 0.99161094), (0, 0, 1), (-0.25881928, 0, 0.96592575), (-8.4186546e-8, -0.12925814, 0.99161094), (0.25664762, -0.12925816, 0.95782274), (0.2588189, 0, 0.9659259), (0, 0, 1), (0.25664762, -0.12925816, 0.95782274), (0.4958054, -0.1292582, 0.8587603), (0.4999997, 0, 0.86602557), (0.2588189, 0, 0.9659259), (0.4958054, -0.1292582, 0.8587603), (0.70117474, -0.12925829, 0.7011749), (0.7071068, 1.8147396e-9, 0.7071069), (0.4999997, 0, 0.86602557), (0.70117474, -0.12925829, 0.7011749), (0.8587602, -0.12925826, 0.49580547), (0.8660253, 0, 0.5000001), (0.7071068, 1.8147396e-9, 0.7071069), (0.8587602, -0.12925826, 0.49580547), (0.9578226, -0.12925828, 0.25664768), (0.9659258, 1.8147389e-9, 0.25881898), (0.8660253, 0, 0.5000001), (0.9578226, -0.12925828, 0.25664768), (0.99161094, -0.12925816, -8.931099e-7), (1, -1.8147398e-9, -8.85593e-7), (0.9659258, 1.8147389e-9, 0.25881898), (0.99161094, -0.12925816, -8.931099e-7), (0.9578225, -0.129258, -0.25664848), (0.96592563, 3.6294803e-9, -0.25881964), (1, -1.8147398e-9, -8.85593e-7), (0.96592563, 3.6294803e-9, -0.25881964), (0.8660254, 0, -0.50000006), (0.85876036, 0.12925789, -0.49580538), (0.9578225, 0.129258, -0.25664848), (0.8660254, 0, -0.50000006), (0.70710677, 0, -0.70710677), (0.70117474, 0.12925789, -0.701175), (0.85876036, 0.12925789, -0.49580538), (0.70710677, 0, -0.70710677), (0.5000001, 1.8147401e-9, -0.86602527), (0.49580547, 0.12925807, -0.85876036), (0.70117474, 0.12925789, -0.701175), (0.5000001, 1.8147401e-9, -0.86602527), (0.2588192, 3.6294803e-9, -0.96592575), (0.25664803, 0.12925817, -0.9578226), (0.49580547, 0.12925807, -0.85876036), (0.2588192, 3.6294803e-9, -0.96592575), (1.8147398e-7, 0, -1), (2.7818174e-7, 0.12925816, -0.99161094), (0.25664803, 0.12925817, -0.9578226), (1.8147398e-7, 0, -1), (-0.25881875, 0, -0.9659259), (-0.2566475, 0.12925799, -0.9578228), (2.7818174e-7, 0.12925816, -0.99161094), (-0.25881875, 0, -0.9659259), (-0.49999964, 0, -0.86602557), (-0.4958052, 0.12925804, -0.8587604), (-0.2566475, 0.12925799, -0.9578228), (-0.49999964, 0, -0.86602557), (-0.70710665, 0, -0.70710695), (-0.7011746, 0.1292582, -0.7011751), (-0.4958052, 0.12925804, -0.8587604), (-0.70710665, 0, -0.70710695), (-0.86602527, 0, -0.5000003), (-0.8587601, 0.1292583, -0.4958057), (-0.7011746, 0.1292582, -0.7011751), (-0.86602527, 0, -0.5000003), (-0.96592575, 1.8147398e-9, -0.2588191), (-0.9578227, 0.1292582, -0.25664786), (-0.8587601, 0.1292583, -0.4958057), (-0.96592575, 1.8147398e-9, -0.2588191), (-1, 1.8147396e-9, -1.4517917e-7), (-0.99161094, 0.12925816, -1.500717e-7), (-0.9578227, 0.1292582, -0.25664786), (-1, 1.8147396e-9, -1.4517917e-7), (-0.9659259, -1.8147396e-9, 0.25881895), (-0.9578226, 0.12925829, 0.25664765), (-0.99161094, 0.12925816, -1.500717e-7), (-0.9659259, -1.8147396e-9, 0.25881895), (-0.8660255, 1.8147396e-9, 0.49999994), (-0.85876024, 0.12925829, 0.49580535), (-0.9578226, 0.12925829, 0.25664765), (-0.8660255, 1.8147396e-9, 0.49999994), (-0.7071068, 1.8147396e-9, 0.7071068), (-0.7011749, 0.12925829, 0.7011748), (-0.85876024, 0.12925829, 0.49580535), (-0.7071068, 1.8147396e-9, 0.7071068), (-0.5000001, -1.8147391e-9, 0.8660253), (-0.49580553, 0.12925817, 0.8587603), (-0.7011749, 0.12925829, 0.7011748), (-0.5000001, -1.8147391e-9, 0.8660253), (-0.25881928, 0, 0.96592575), (-0.2566479, 0.12925807, 0.9578227), (-0.49580553, 0.12925817, 0.8587603), (-0.25881928, 0, 0.96592575), (0, 0, 1), (-8.4186546e-8, 0.12925816, 0.99161094), (-0.2566479, 0.12925807, 0.9578227), (0, 0, 1), (0.2588189, 0, 0.9659259), (0.2566476, 0.12925816, 0.95782274), (-8.4186546e-8, 0.12925816, 0.99161094), (0.2588189, 0, 0.9659259), (0.4999997, 0, 0.86602557), (0.49580547, 0.12925825, 0.8587603), (0.2566476, 0.12925816, 0.95782274), (0.4999997, 0, 0.86602557), (0.7071068, 1.8147396e-9, 0.7071069), (0.70117474, 0.12925832, 0.7011749), (0.49580547, 0.12925825, 0.8587603), (0.7071068, 1.8147396e-9, 0.7071069), (0.8660253, 0, 0.5000001), (0.85876024, 0.12925826, 0.49580547), (0.70117474, 0.12925832, 0.7011749), (0.8660253, 0, 0.5000001), (0.9659258, 1.8147389e-9, 0.25881898), (0.9578226, 0.12925826, 0.2566477), (0.85876024, 0.12925826, 0.49580547), (0.9659258, 1.8147389e-9, 0.25881898), (1, -1.8147398e-9, -8.85593e-7), (0.99161094, 0.12925816, -8.8578935e-7), (0.9578226, 0.12925826, 0.2566477), (1, -1.8147398e-9, -8.85593e-7), (0.96592563, 3.6294803e-9, -0.25881964), (0.9578225, 0.129258, -0.25664848), (0.99161094, 0.12925816, -8.8578935e-7), (0.9578225, 0.129258, -0.25664848), (0.85876036, 0.12925789, -0.49580538), (0.8370884, 0.2563413, -0.48329297), (0.93365055, 0.25634095, -0.2501717), (0.85876036, 0.12925789, -0.49580538), (0.70117474, 0.12925789, -0.701175), (0.6834798, 0.25634116, -0.6834797), (0.8370884, 0.2563413, -0.48329297), (0.70117474, 0.12925789, -0.701175), (0.49580547, 0.12925807, -0.85876036), (0.4832932, 0.25634113, -0.83708847), (0.6834798, 0.25634116, -0.6834797), (0.49580547, 0.12925807, -0.85876036), (0.25664803, 0.12925817, -0.9578226), (0.25017124, 0.25634116, -0.93365055), (0.4832932, 0.25634113, -0.83708847), (0.25664803, 0.12925817, -0.9578226), (2.7818174e-7, 0.12925816, -0.99161094), (4.7505748e-7, 0.2563412, -0.96658635), (0.25017124, 0.25634116, -0.93365055), (2.7818174e-7, 0.12925816, -0.99161094), (-0.2566475, 0.12925799, -0.9578228), (-0.25017062, 0.25634122, -0.93365085), (4.7505748e-7, 0.2563412, -0.96658635), (-0.2566475, 0.12925799, -0.9578228), (-0.4958052, 0.12925804, -0.8587604), (-0.4832929, 0.25634125, -0.83708847), (-0.25017062, 0.25634122, -0.93365085), (-0.4958052, 0.12925804, -0.8587604), (-0.7011746, 0.1292582, -0.7011751), (-0.68347967, 0.25634134, -0.6834797), (-0.4832929, 0.25634125, -0.83708847), (-0.7011746, 0.1292582, -0.7011751), (-0.8587601, 0.1292583, -0.4958057), (-0.83708817, 0.2563413, -0.48329332), (-0.68347967, 0.25634134, -0.6834797), (-0.8587601, 0.1292583, -0.4958057), (-0.9578227, 0.1292582, -0.25664786), (-0.9336507, 0.2563413, -0.25017107), (-0.83708817, 0.2563413, -0.48329332), (-0.9578227, 0.1292582, -0.25664786), (-0.99161094, 0.12925816, -1.500717e-7), (-0.9665863, 0.2563411, -1.4270499e-7), (-0.9336507, 0.2563413, -0.25017107), (-0.99161094, 0.12925816, -1.500717e-7), (-0.9578226, 0.12925829, 0.25664765), (-0.93365085, 0.25634083, 0.25017083), (-0.9665863, 0.2563411, -1.4270499e-7), (-0.9578226, 0.12925829, 0.25664765), (-0.85876024, 0.12925829, 0.49580535), (-0.83708847, 0.25634092, 0.48329306), (-0.93365085, 0.25634083, 0.25017083), (-0.85876024, 0.12925829, 0.49580535), (-0.7011749, 0.12925829, 0.7011748), (-0.6834797, 0.2563412, 0.6834798), (-0.83708847, 0.25634092, 0.48329306), (-0.7011749, 0.12925829, 0.7011748), (-0.49580553, 0.12925817, 0.8587603), (-0.48329312, 0.2563413, 0.83708835), (-0.6834797, 0.2563412, 0.6834798), (-0.49580553, 0.12925817, 0.8587603), (-0.2566479, 0.12925807, 0.9578227), (-0.25017104, 0.25634125, 0.93365073), (-0.48329312, 0.2563413, 0.83708835), (-0.2566479, 0.12925807, 0.9578227), (-8.4186546e-8, 0.12925816, 0.99161094), (-9.951793e-8, 0.2563413, 0.96658635), (-0.25017104, 0.25634125, 0.93365073), (-8.4186546e-8, 0.12925816, 0.99161094), (0.2566476, 0.12925816, 0.95782274), (0.25017077, 0.25634134, 0.93365073), (-9.951793e-8, 0.2563413, 0.96658635), (0.2566476, 0.12925816, 0.95782274), (0.49580547, 0.12925825, 0.8587603), (0.4832929, 0.2563415, 0.83708835), (0.25017077, 0.25634134, 0.93365073), (0.49580547, 0.12925825, 0.8587603), (0.70117474, 0.12925832, 0.7011749), (0.68347955, 0.25634152, 0.6834799), (0.4832929, 0.2563415, 0.83708835), (0.70117474, 0.12925832, 0.7011749), (0.85876024, 0.12925826, 0.49580547), (0.8370882, 0.2563415, 0.48329332), (0.68347955, 0.25634152, 0.6834799), (0.85876024, 0.12925826, 0.49580547), (0.9578226, 0.12925826, 0.2566477), (0.9336507, 0.2563414, 0.25017104), (0.8370882, 0.2563415, 0.48329332), (0.9578226, 0.12925826, 0.2566477), (0.99161094, 0.12925816, -8.8578935e-7), (0.9665865, 0.25634092, -8.7876265e-7), (0.9336507, 0.2563414, 0.25017104), (0.99161094, 0.12925816, -8.8578935e-7), (0.9578225, 0.129258, -0.25664848), (0.93365055, 0.25634095, -0.2501717), (0.9665865, 0.25634092, -8.7876265e-7), (0.93365055, 0.25634095, -0.2501717), (0.8370884, 0.2563413, -0.48329297), (0.8013789, 0.37910777, -0.46267614), (0.8938218, 0.37910768, -0.23949973), (0.8370884, 0.2563413, -0.48329297), (0.6834798, 0.25634116, -0.6834797), (0.654323, 0.3791079, -0.654323), (0.8013789, 0.37910777, -0.46267614), (0.6834798, 0.25634116, -0.6834797), (0.4832932, 0.25634113, -0.83708847), (0.46267605, 0.37910777, -0.8013789), (0.654323, 0.3791079, -0.654323), (0.4832932, 0.25634113, -0.83708847), (0.25017124, 0.25634116, -0.93365055), (0.23949903, 0.37910768, -0.8938219), (0.46267605, 0.37910777, -0.8013789), (0.25017124, 0.25634116, -0.93365055), (4.7505748e-7, 0.2563412, -0.96658635), (4.492396e-7, 0.37910768, -0.9253525), (0.23949903, 0.37910768, -0.8938219), (4.7505748e-7, 0.2563412, -0.96658635), (-0.25017062, 0.25634122, -0.93365085), (-0.23949851, 0.3791079, -0.89382195), (4.492396e-7, 0.37910768, -0.9253525), (-0.25017062, 0.25634122, -0.93365085), (-0.4832929, 0.25634125, -0.83708847), (-0.4626761, 0.3791078, -0.8013788), (-0.23949851, 0.3791079, -0.89382195), (-0.4832929, 0.25634125, -0.83708847), (-0.68347967, 0.25634134, -0.6834797), (-0.65432304, 0.37910768, -0.6543231), (-0.4626761, 0.3791078, -0.8013788), (-0.68347967, 0.25634134, -0.6834797), (-0.83708817, 0.2563413, -0.48329332), (-0.8013788, 0.3791077, -0.46267647), (-0.65432304, 0.37910768, -0.6543231), (-0.83708817, 0.2563413, -0.48329332), (-0.9336507, 0.2563413, -0.25017107), (-0.8938219, 0.37910768, -0.23949903), (-0.8013788, 0.3791077, -0.46267647), (-0.9336507, 0.2563413, -0.25017107), (-0.9665863, 0.2563411, -1.4270499e-7), (-0.9253525, 0.37910774, -1.1181944e-7), (-0.8938219, 0.37910768, -0.23949903), (-0.9665863, 0.2563411, -1.4270499e-7), (-0.93365085, 0.25634083, 0.25017083), (-0.8938221, 0.37910768, 0.23949862), (-0.9253525, 0.37910774, -1.1181944e-7), (-0.93365085, 0.25634083, 0.25017083), (-0.83708847, 0.25634092, 0.48329306), (-0.8013789, 0.37910768, 0.4626761), (-0.8938221, 0.37910768, 0.23949862), (-0.83708847, 0.25634092, 0.48329306), (-0.6834797, 0.2563412, 0.6834798), (-0.65432316, 0.37910774, 0.65432304), (-0.8013789, 0.37910768, 0.4626761), (-0.6834797, 0.2563412, 0.6834798), (-0.48329312, 0.2563413, 0.83708835), (-0.46267632, 0.37910768, 0.8013788), (-0.65432316, 0.37910774, 0.65432304), (-0.48329312, 0.2563413, 0.83708835), (-0.25017104, 0.25634125, 0.93365073), (-0.23949885, 0.37910777, 0.89382184), (-0.46267632, 0.37910768, 0.8013788), (-0.25017104, 0.25634125, 0.93365073), (-9.951793e-8, 0.2563413, 0.96658635), (-5.100534e-8, 0.3791077, 0.9253525), (-0.23949885, 0.37910777, 0.89382184), (-9.951793e-8, 0.2563413, 0.96658635), (0.25017077, 0.25634134, 0.93365073), (0.23949876, 0.37910774, 0.893822), (-5.100534e-8, 0.3791077, 0.9253525), (0.25017077, 0.25634134, 0.93365073), (0.4832929, 0.2563415, 0.83708835), (0.46267614, 0.3791078, 0.80137885), (0.23949876, 0.37910774, 0.893822), (0.4832929, 0.2563415, 0.83708835), (0.68347955, 0.25634152, 0.6834799), (0.654323, 0.37910783, 0.65432316), (0.46267614, 0.3791078, 0.80137885), (0.68347955, 0.25634152, 0.6834799), (0.8370882, 0.2563415, 0.48329332), (0.80137867, 0.3791078, 0.46267653), (0.654323, 0.37910783, 0.65432316), (0.8370882, 0.2563415, 0.48329332), (0.9336507, 0.2563414, 0.25017104), (0.8938219, 0.37910765, 0.23949897), (0.80137867, 0.3791078, 0.46267653), (0.9336507, 0.2563414, 0.25017104), (0.9665865, 0.25634092, -8.7876265e-7), (0.9253525, 0.37910774, -8.690531e-7), (0.8938219, 0.37910765, 0.23949897), (0.9665865, 0.25634092, -8.7876265e-7), (0.93365055, 0.25634095, -0.2501717), (0.8938218, 0.37910768, -0.23949973), (0.9253525, 0.37910774, -8.690531e-7), (0.8938218, 0.37910768, -0.23949973), (0.8013789, 0.37910777, -0.46267614), (0.7522436, 0.495486, -0.43430787), (0.83901834, 0.49548596, -0.22481519), (0.8013789, 0.37910777, -0.46267614), (0.654323, 0.3791079, -0.654323), (0.61420435, 0.49548605, -0.614204), (0.7522436, 0.495486, -0.43430787), (0.654323, 0.3791079, -0.654323), (0.46267605, 0.37910777, -0.8013789), (0.4343079, 0.49548596, -0.7522435), (0.61420435, 0.49548605, -0.614204), (0.46267605, 0.37910777, -0.8013789), (0.23949903, 0.37910768, -0.8938219), (0.22481437, 0.49548593, -0.83901864), (0.4343079, 0.49548596, -0.7522435), (0.23949903, 0.37910768, -0.8938219), (4.492396e-7, 0.37910768, -0.9253525), (3.1568766e-7, 0.49548602, -0.868616), (0.22481437, 0.49548593, -0.83901864), (4.492396e-7, 0.37910768, -0.9253525), (-0.23949851, 0.3791079, -0.89382195), (-0.22481398, 0.49548605, -0.8390186), (3.1568766e-7, 0.49548602, -0.868616), (-0.23949851, 0.3791079, -0.89382195), (-0.4626761, 0.3791078, -0.8013788), (-0.43430778, 0.495486, -0.75224364), (-0.22481398, 0.49548605, -0.8390186), (-0.4626761, 0.3791078, -0.8013788), (-0.65432304, 0.37910768, -0.6543231), (-0.61420417, 0.4954858, -0.61420435), (-0.43430778, 0.495486, -0.75224364), (-0.65432304, 0.37910768, -0.6543231), (-0.8013788, 0.3791077, -0.46267647), (-0.75224346, 0.49548578, -0.4343082), (-0.61420417, 0.4954858, -0.61420435), (-0.8013788, 0.3791077, -0.46267647), (-0.8938219, 0.37910768, -0.23949903), (-0.8390186, 0.49548572, -0.22481458), (-0.75224346, 0.49548578, -0.4343082), (-0.8938219, 0.37910768, -0.23949903), (-0.9253525, 0.37910774, -1.1181944e-7), (-0.86861587, 0.495486, -1.6725169e-8), (-0.8390186, 0.49548572, -0.22481458), (-0.9253525, 0.37910774, -1.1181944e-7), (-0.8938221, 0.37910768, 0.23949862), (-0.83901846, 0.49548623, 0.22481412), (-0.86861587, 0.495486, -1.6725169e-8), (-0.8938221, 0.37910768, 0.23949862), (-0.8013789, 0.37910768, 0.4626761), (-0.75224346, 0.49548623, 0.43430784), (-0.83901846, 0.49548623, 0.22481412), (-0.8013789, 0.37910768, 0.4626761), (-0.65432316, 0.37910774, 0.65432304), (-0.61420417, 0.49548614, 0.614204), (-0.75224346, 0.49548623, 0.43430784), (-0.65432316, 0.37910774, 0.65432304), (-0.46267632, 0.37910768, 0.8013788), (-0.43430802, 0.49548614, 0.7522433), (-0.61420417, 0.49548614, 0.614204), (-0.46267632, 0.37910768, 0.8013788), (-0.23949885, 0.37910777, 0.89382184), (-0.22481418, 0.49548608, 0.8390185), (-0.43430802, 0.49548614, 0.7522433), (-0.23949885, 0.37910777, 0.89382184), (-5.100534e-8, 0.3791077, 0.9253525), (-1.0871357e-7, 0.495486, 0.86861587), (-0.22481418, 0.49548608, 0.8390185), (-5.100534e-8, 0.3791077, 0.9253525), (0.23949876, 0.37910774, 0.893822), (0.22481422, 0.49548605, 0.8390185), (-1.0871357e-7, 0.495486, 0.86861587), (0.23949876, 0.37910774, 0.893822), (0.46267614, 0.3791078, 0.80137885), (0.4343079, 0.49548596, 0.7522435), (0.22481422, 0.49548605, 0.8390185), (0.46267614, 0.3791078, 0.80137885), (0.654323, 0.37910783, 0.65432316), (0.61420405, 0.49548602, 0.6142043), (0.4343079, 0.49548596, 0.7522435), (0.654323, 0.37910783, 0.65432316), (0.80137867, 0.3791078, 0.46267653), (0.75224334, 0.49548617, 0.43430814), (0.61420405, 0.49548602, 0.6142043), (0.80137867, 0.3791078, 0.46267653), (0.8938219, 0.37910765, 0.23949897), (0.83901846, 0.4954862, 0.22481449), (0.75224334, 0.49548617, 0.43430814), (0.8938219, 0.37910765, 0.23949897), (0.9253525, 0.37910774, -8.690531e-7), (0.8686158, 0.49548617, -9.2824695e-7), (0.83901846, 0.4954862, 0.22481449), (0.9253525, 0.37910774, -8.690531e-7), (0.8938218, 0.37910768, -0.23949973), (0.83901834, 0.49548596, -0.22481519), (0.8686158, 0.49548617, -9.2824695e-7), (0.83901834, 0.49548596, -0.22481519), (0.7522436, 0.495486, -0.43430787), (0.690532, 0.60350704, -0.39867884), (0.7701882, 0.6035069, -0.2063722), (0.7522436, 0.495486, -0.43430787), (0.61420435, 0.49548605, -0.614204), (0.5638169, 0.6035072, -0.5638168), (0.690532, 0.60350704, -0.39867884), (0.61420435, 0.49548605, -0.614204), (0.4343079, 0.49548596, -0.7522435), (0.3986787, 0.6035072, -0.6905318), (0.5638169, 0.6035072, -0.5638168), (0.4343079, 0.49548596, -0.7522435), (0.22481437, 0.49548593, -0.83901864), (0.20637141, 0.6035071, -0.7701883), (0.3986787, 0.6035072, -0.6905318), (0.22481437, 0.49548593, -0.83901864), (3.1568766e-7, 0.49548602, -0.868616), (2.9855124e-7, 0.60350716, -0.7973575), (0.20637141, 0.6035071, -0.7701883), (3.1568766e-7, 0.49548602, -0.868616), (-0.22481398, 0.49548605, -0.8390186), (-0.20637101, 0.60350716, -0.77018833), (2.9855124e-7, 0.60350716, -0.7973575), (-0.22481398, 0.49548605, -0.8390186), (-0.43430778, 0.495486, -0.75224364), (-0.39867857, 0.60350716, -0.69053197), (-0.20637101, 0.60350716, -0.77018833), (-0.43430778, 0.495486, -0.75224364), (-0.61420417, 0.4954858, -0.61420435), (-0.5638168, 0.60350716, -0.5638171), (-0.39867857, 0.60350716, -0.69053197), (-0.61420417, 0.4954858, -0.61420435), (-0.75224346, 0.49548578, -0.4343082), (-0.6905319, 0.603507, -0.39867902), (-0.5638168, 0.60350716, -0.5638171), (-0.75224346, 0.49548578, -0.4343082), (-0.8390186, 0.49548572, -0.22481458), (-0.77018833, 0.6035071, -0.20637143), (-0.6905319, 0.603507, -0.39867902), (-0.8390186, 0.49548572, -0.22481458), (-0.86861587, 0.495486, -1.6725169e-8), (-0.79735744, 0.60350734, 3.418525e-8), (-0.77018833, 0.6035071, -0.20637143), (-0.86861587, 0.495486, -1.6725169e-8), (-0.83901846, 0.49548623, 0.22481412), (-0.77018815, 0.6035073, 0.2063712), (-0.79735744, 0.60350734, 3.418525e-8), (-0.83901846, 0.49548623, 0.22481412), (-0.75224346, 0.49548623, 0.43430784), (-0.69053185, 0.6035073, 0.3986787), (-0.77018815, 0.6035073, 0.2063712), (-0.75224346, 0.49548623, 0.43430784), (-0.61420417, 0.49548614, 0.614204), (-0.563817, 0.60350746, 0.56381655), (-0.69053185, 0.6035073, 0.3986787), (-0.61420417, 0.49548614, 0.614204), (-0.43430802, 0.49548614, 0.7522433), (-0.39867878, 0.6035075, 0.6905317), (-0.563817, 0.60350746, 0.56381655), (-0.43430802, 0.49548614, 0.7522433), (-0.22481418, 0.49548608, 0.8390185), (-0.20637116, 0.6035074, 0.77018803), (-0.39867878, 0.6035075, 0.6905317), (-0.22481418, 0.49548608, 0.8390185), (-1.0871357e-7, 0.495486, 0.86861587), (-1.7320524e-7, 0.60350734, 0.7973574), (-0.20637116, 0.6035074, 0.77018803), (-1.0871357e-7, 0.495486, 0.86861587), (0.22481422, 0.49548605, 0.8390185), (0.20637116, 0.6035074, 0.77018815), (-1.7320524e-7, 0.60350734, 0.7973574), (0.22481422, 0.49548605, 0.8390185), (0.4343079, 0.49548596, 0.7522435), (0.3986787, 0.60350734, 0.6905318), (0.20637116, 0.6035074, 0.77018815), (0.4343079, 0.49548596, 0.7522435), (0.61420405, 0.49548602, 0.6142043), (0.56381685, 0.6035074, 0.56381685), (0.3986787, 0.60350734, 0.6905318), (0.61420405, 0.49548602, 0.6142043), (0.75224334, 0.49548617, 0.43430814), (0.6905317, 0.60350746, 0.3986788), (0.56381685, 0.6035074, 0.56381685), (0.75224334, 0.49548617, 0.43430814), (0.83901846, 0.4954862, 0.22481449), (0.770188, 0.60350746, 0.20637144), (0.6905317, 0.60350746, 0.3986788), (0.83901846, 0.4954862, 0.22481449), (0.8686158, 0.49548617, -9.2824695e-7), (0.7973576, 0.6035072, -7.5891296e-7), (0.770188, 0.60350746, 0.20637144), (0.8686158, 0.49548617, -9.2824695e-7), (0.83901834, 0.49548596, -0.22481519), (0.7701882, 0.6035069, -0.2063722), (0.7973576, 0.6035072, -7.5891296e-7), (0.7701882, 0.6035069, -0.2063722), (0.690532, 0.60350704, -0.39867884), (0.61732954, 0.7013361, -0.35641536), (0.6885414, 0.70133615, -0.18449475), (0.690532, 0.60350704, -0.39867884), (0.5638169, 0.6035072, -0.5638168), (0.50404745, 0.70133615, -0.50404745), (0.61732954, 0.7013361, -0.35641536), (0.5638169, 0.6035072, -0.5638168), (0.3986787, 0.6035072, -0.6905318), (0.35641545, 0.7013362, -0.6173294), (0.50404745, 0.70133615, -0.50404745), (0.3986787, 0.6035072, -0.6905318), (0.20637141, 0.6035071, -0.7701883), (0.18449424, 0.7013362, -0.68854153), (0.35641545, 0.7013362, -0.6173294), (0.20637141, 0.6035071, -0.7701883), (2.9855124e-7, 0.60350716, -0.7973575), (2.9480566e-7, 0.7013362, -0.7128307), (0.18449424, 0.7013362, -0.68854153), (2.9855124e-7, 0.60350716, -0.7973575), (-0.20637101, 0.60350716, -0.77018833), (-0.18449393, 0.70133615, -0.6885417), (2.9480566e-7, 0.7013362, -0.7128307), (-0.20637101, 0.60350716, -0.77018833), (-0.39867857, 0.60350716, -0.69053197), (-0.35641506, 0.7013362, -0.6173296), (-0.18449393, 0.70133615, -0.6885417), (-0.39867857, 0.60350716, -0.69053197), (-0.5638168, 0.60350716, -0.5638171), (-0.50404716, 0.7013363, -0.5040475), (-0.35641506, 0.7013362, -0.6173296), (-0.5638168, 0.60350716, -0.5638171), (-0.6905319, 0.603507, -0.39867902), (-0.61732924, 0.7013363, -0.35641536), (-0.50404716, 0.7013363, -0.5040475), (-0.6905319, 0.603507, -0.39867902), (-0.77018833, 0.6035071, -0.20637143), (-0.68854135, 0.7013364, -0.18449405), (-0.61732924, 0.7013363, -0.35641536), (-0.77018833, 0.6035071, -0.20637143), (-0.79735744, 0.60350734, 3.418525e-8), (-0.71283054, 0.70133626, -5.3601003e-8), (-0.68854135, 0.7013364, -0.18449405), (-0.79735744, 0.60350734, 3.418525e-8), (-0.77018815, 0.6035073, 0.2063712), (-0.6885415, 0.70133626, 0.18449397), (-0.71283054, 0.70133626, -5.3601003e-8), (-0.77018815, 0.6035073, 0.2063712), (-0.69053185, 0.6035073, 0.3986787), (-0.6173293, 0.7013364, 0.35641527), (-0.6885415, 0.70133626, 0.18449397), (-0.69053185, 0.6035073, 0.3986787), (-0.563817, 0.60350746, 0.56381655), (-0.5040474, 0.7013363, 0.5040471), (-0.6173293, 0.7013364, 0.35641527), (-0.563817, 0.60350746, 0.56381655), (-0.39867878, 0.6035075, 0.6905317), (-0.35641536, 0.7013363, 0.6173293), (-0.5040474, 0.7013363, 0.5040471), (-0.39867878, 0.6035075, 0.6905317), (-0.20637116, 0.6035074, 0.77018803), (-0.18449412, 0.7013364, 0.6885414), (-0.35641536, 0.7013363, 0.6173293), (-0.20637116, 0.6035074, 0.77018803), (-1.7320524e-7, 0.60350734, 0.7973574), (-1.3400248e-7, 0.7013364, 0.7128304), (-0.18449412, 0.7013364, 0.6885414), (-1.7320524e-7, 0.60350734, 0.7973574), (0.20637116, 0.6035074, 0.77018815), (0.18449397, 0.70133626, 0.68854135), (-1.3400248e-7, 0.7013364, 0.7128304), (0.20637116, 0.6035074, 0.77018815), (0.3986787, 0.60350734, 0.6905318), (0.35641518, 0.70133615, 0.61732954), (0.18449397, 0.70133626, 0.68854135), (0.3986787, 0.60350734, 0.6905318), (0.56381685, 0.6035074, 0.56381685), (0.5040472, 0.70133626, 0.50404745), (0.35641518, 0.70133615, 0.61732954), (0.56381685, 0.6035074, 0.56381685), (0.6905317, 0.60350746, 0.3986788), (0.6173292, 0.7013364, 0.35641527), (0.5040472, 0.70133626, 0.50404745), (0.6905317, 0.60350746, 0.3986788), (0.770188, 0.60350746, 0.20637144), (0.688541, 0.7013366, 0.18449439), (0.6173292, 0.7013364, 0.35641527), (0.770188, 0.60350746, 0.20637144), (0.7973576, 0.6035072, -7.5891296e-7), (0.7128303, 0.70133656, -4.5305606e-7), (0.688541, 0.7013366, 0.18449439), (0.7973576, 0.6035072, -7.5891296e-7), (0.7701882, 0.6035069, -0.2063722), (0.6885414, 0.70133615, -0.18449475), (0.7128303, 0.70133656, -4.5305606e-7), (0.6885414, 0.70133615, -0.18449475), (0.61732954, 0.7013361, -0.35641536), (0.53396255, 0.78730255, -0.30828342), (0.5955576, 0.7873026, -0.15957968), (0.61732954, 0.7013361, -0.35641536), (0.50404745, 0.70133615, -0.50404745), (0.43597865, 0.78730243, -0.43597865), (0.53396255, 0.78730255, -0.30828342), (0.50404745, 0.70133615, -0.50404745), (0.35641545, 0.7013362, -0.6173294), (0.30828348, 0.7873025, -0.5339626), (0.43597865, 0.78730243, -0.43597865), (0.35641545, 0.7013362, -0.6173294), (0.18449424, 0.7013362, -0.68854153), (0.15957932, 0.78730243, -0.5955579), (0.30828348, 0.7873025, -0.5339626), (0.18449424, 0.7013362, -0.68854153), (2.9480566e-7, 0.7013362, -0.7128307), (2.0261508e-7, 0.78730243, -0.616567), (0.15957932, 0.78730243, -0.5955579), (2.9480566e-7, 0.7013362, -0.7128307), (-0.18449393, 0.70133615, -0.6885417), (-0.1595791, 0.78730243, -0.59555805), (2.0261508e-7, 0.78730243, -0.616567), (-0.18449393, 0.70133615, -0.6885417), (-0.35641506, 0.7013362, -0.6173296), (-0.30828324, 0.7873025, -0.5339628), (-0.1595791, 0.78730243, -0.59555805), (-0.35641506, 0.7013362, -0.6173296), (-0.50404716, 0.7013363, -0.5040475), (-0.43597853, 0.7873025, -0.43597877), (-0.30828324, 0.7873025, -0.5339628), (-0.50404716, 0.7013363, -0.5040475), (-0.61732924, 0.7013363, -0.35641536), (-0.5339626, 0.7873025, -0.30828357), (-0.43597853, 0.7873025, -0.43597877), (-0.61732924, 0.7013363, -0.35641536), (-0.68854135, 0.7013364, -0.18449405), (-0.5955578, 0.7873025, -0.15957926), (-0.5339626, 0.7873025, -0.30828357), (-0.68854135, 0.7013364, -0.18449405), (-0.71283054, 0.70133626, -5.3601003e-8), (-0.61656696, 0.7873025, -2.1444657e-7), (-0.5955578, 0.7873025, -0.15957926), (-0.71283054, 0.70133626, -5.3601003e-8), (-0.6885415, 0.70133626, 0.18449397), (-0.595558, 0.7873025, 0.1595791), (-0.61656696, 0.7873025, -2.1444657e-7), (-0.6885415, 0.70133626, 0.18449397), (-0.6173293, 0.7013364, 0.35641527), (-0.5339626, 0.7873025, 0.30828348), (-0.595558, 0.7873025, 0.1595791), (-0.6173293, 0.7013364, 0.35641527), (-0.5040474, 0.7013363, 0.5040471), (-0.43597883, 0.7873025, 0.4359785), (-0.5339626, 0.7873025, 0.30828348), (-0.5040474, 0.7013363, 0.5040471), (-0.35641536, 0.7013363, 0.6173293), (-0.3082835, 0.7873025, 0.5339625), (-0.43597883, 0.7873025, 0.4359785), (-0.35641536, 0.7013363, 0.6173293), (-0.18449412, 0.7013364, 0.6885414), (-0.15957928, 0.78730255, 0.5955578), (-0.3082835, 0.7873025, 0.5339625), (-0.18449412, 0.7013364, 0.6885414), (-1.3400248e-7, 0.7013364, 0.7128304), (-3.549459e-8, 0.78730255, 0.6165669), (-0.15957928, 0.78730255, 0.5955578), (-1.3400248e-7, 0.7013364, 0.7128304), (0.18449397, 0.70133626, 0.68854135), (0.15957916, 0.7873025, 0.5955579), (-3.549459e-8, 0.78730255, 0.6165669), (0.18449397, 0.70133626, 0.68854135), (0.35641518, 0.70133615, 0.61732954), (0.3082833, 0.7873025, 0.53396267), (0.15957916, 0.7873025, 0.5955579), (0.35641518, 0.70133615, 0.61732954), (0.5040472, 0.70133626, 0.50404745), (0.43597862, 0.78730255, 0.4359786), (0.3082833, 0.7873025, 0.53396267), (0.5040472, 0.70133626, 0.50404745), (0.6173292, 0.7013364, 0.35641527), (0.53396267, 0.78730243, 0.3082834), (0.43597862, 0.78730255, 0.4359786), (0.6173292, 0.7013364, 0.35641527), (0.688541, 0.7013366, 0.18449439), (0.59555787, 0.7873025, 0.15957943), (0.53396267, 0.78730243, 0.3082834), (0.688541, 0.7013366, 0.18449439), (0.7128303, 0.70133656, -4.5305606e-7), (0.6165667, 0.78730273, -4.4959816e-7), (0.59555787, 0.7873025, 0.15957943), (0.7128303, 0.70133656, -4.5305606e-7), (0.6885414, 0.70133615, -0.18449475), (0.5955576, 0.7873026, -0.15957968), (0.6165667, 0.78730273, -4.4959816e-7), (0.5955576, 0.7873026, -0.15957968), (0.53396255, 0.78730255, -0.30828342), (0.4420342, 0.85992694, -0.25520855), (0.49302498, 0.85992694, -0.13210608), (0.53396255, 0.78730255, -0.30828342), (0.43597865, 0.78730243, -0.43597865), (0.36091942, 0.8599268, -0.36091956), (0.4420342, 0.85992694, -0.25520855), (0.43597865, 0.78730243, -0.43597865), (0.30828348, 0.7873025, -0.5339626), (0.2552085, 0.859927, -0.44203407), (0.36091942, 0.8599268, -0.36091956), (0.30828348, 0.7873025, -0.5339626), (0.15957932, 0.78730243, -0.5955579), (0.13210568, 0.8599271, -0.49302486), (0.2552085, 0.859927, -0.44203407), (0.15957932, 0.78730243, -0.5955579), (2.0261508e-7, 0.78730243, -0.616567), (1.6065196e-7, 0.8599269, -0.5104171), (0.13210568, 0.8599271, -0.49302486), (2.0261508e-7, 0.78730243, -0.616567), (-0.1595791, 0.78730243, -0.59555805), (-0.13210548, 0.85992706, -0.49302495), (1.6065196e-7, 0.8599269, -0.5104171), (-0.1595791, 0.78730243, -0.59555805), (-0.30828324, 0.7873025, -0.5339628), (-0.2552083, 0.8599271, -0.44203404), (-0.13210548, 0.85992706, -0.49302495), (-0.30828324, 0.7873025, -0.5339628), (-0.43597853, 0.7873025, -0.43597877), (-0.36091933, 0.859927, -0.3609194), (-0.2552083, 0.8599271, -0.44203404), (-0.43597853, 0.7873025, -0.43597877), (-0.5339626, 0.7873025, -0.30828357), (-0.44203418, 0.859927, -0.25520837), (-0.36091933, 0.859927, -0.3609194), (-0.5339626, 0.7873025, -0.30828357), (-0.5955578, 0.7873025, -0.15957926), (-0.49302498, 0.85992706, -0.13210554), (-0.44203418, 0.859927, -0.25520837), (-0.5955578, 0.7873025, -0.15957926), (-0.61656696, 0.7873025, -2.1444657e-7), (-0.51041687, 0.8599271, -1.13084546e-7), (-0.49302498, 0.85992706, -0.13210554), (-0.61656696, 0.7873025, -2.1444657e-7), (-0.595558, 0.7873025, 0.1595791), (-0.49302477, 0.8599271, 0.13210554), (-0.51041687, 0.8599271, -1.13084546e-7), (-0.595558, 0.7873025, 0.1595791), (-0.5339626, 0.7873025, 0.30828348), (-0.442034, 0.8599272, 0.2552083), (-0.49302477, 0.8599271, 0.13210554), (-0.5339626, 0.7873025, 0.30828348), (-0.43597883, 0.7873025, 0.4359785), (-0.36091942, 0.85992706, 0.36091906), (-0.442034, 0.8599272, 0.2552083), (-0.43597883, 0.7873025, 0.4359785), (-0.3082835, 0.7873025, 0.5339625), (-0.25520846, 0.85992706, 0.442034), (-0.36091942, 0.85992706, 0.36091906), (-0.3082835, 0.7873025, 0.5339625), (-0.15957928, 0.78730255, 0.5955578), (-0.13210563, 0.859927, 0.49302486), (-0.25520846, 0.85992706, 0.442034), (-0.15957928, 0.78730255, 0.5955578), (-3.549459e-8, 0.78730255, 0.6165669), (-1.13084546e-7, 0.85992706, 0.510417), (-0.13210563, 0.859927, 0.49302486), (-3.549459e-8, 0.78730255, 0.6165669), (0.15957916, 0.7873025, 0.5955579), (0.13210556, 0.8599271, 0.4930248), (-1.13084546e-7, 0.85992706, 0.510417), (0.15957916, 0.7873025, 0.5955579), (0.3082833, 0.7873025, 0.53396267), (0.25520843, 0.8599272, 0.44203386), (0.13210556, 0.8599271, 0.4930248), (0.3082833, 0.7873025, 0.53396267), (0.43597862, 0.78730255, 0.4359786), (0.36091918, 0.8599273, 0.360919), (0.25520843, 0.8599272, 0.44203386), (0.43597862, 0.78730255, 0.4359786), (0.53396267, 0.78730243, 0.3082834), (0.4420339, 0.85992724, 0.25520825), (0.36091918, 0.8599273, 0.360919), (0.53396267, 0.78730243, 0.3082834), (0.59555787, 0.7873025, 0.15957943), (0.4930248, 0.8599271, 0.13210554), (0.4420339, 0.85992724, 0.25520825), (0.59555787, 0.7873025, 0.15957943), (0.6165667, 0.78730273, -4.4959816e-7), (0.51041687, 0.859927, -5.429854e-7), (0.4930248, 0.8599271, 0.13210554), (0.6165667, 0.78730273, -4.4959816e-7), (0.5955576, 0.7873026, -0.15957968), (0.49302498, 0.85992694, -0.13210608), (0.51041687, 0.859927, -5.429854e-7), (0.49302498, 0.85992694, -0.13210608), (0.4420342, 0.85992694, -0.25520855), (0.343559, 0.9179449, -0.19835404), (0.38319036, 0.91794485, -0.10267609), (0.4420342, 0.85992694, -0.25520855), (0.36091942, 0.8599268, -0.36091956), (0.28051487, 0.91794485, -0.280515), (0.343559, 0.9179449, -0.19835404), (0.36091942, 0.8599268, -0.36091956), (0.2552085, 0.859927, -0.44203407), (0.19835399, 0.9179449, -0.34355918), (0.28051487, 0.91794485, -0.280515), (0.2552085, 0.859927, -0.44203407), (0.13210568, 0.8599271, -0.49302486), (0.10267559, 0.91794497, -0.3831904), (0.19835399, 0.9179449, -0.34355918), (0.13210568, 0.8599271, -0.49302486), (1.6065196e-7, 0.8599269, -0.5104171), (1.5407309e-7, 0.91794485, -0.396708), (0.10267559, 0.91794497, -0.3831904), (1.6065196e-7, 0.8599269, -0.5104171), (-0.13210548, 0.85992706, -0.49302495), (-0.10267548, 0.9179449, -0.3831905), (1.5407309e-7, 0.91794485, -0.396708), (-0.13210548, 0.85992706, -0.49302495), (-0.2552083, 0.8599271, -0.44203404), (-0.19835386, 0.9179449, -0.34355927), (-0.10267548, 0.9179449, -0.3831905), (-0.2552083, 0.8599271, -0.44203404), (-0.36091933, 0.859927, -0.3609194), (-0.28051472, 0.9179449, -0.28051496), (-0.19835386, 0.9179449, -0.34355927), (-0.36091933, 0.859927, -0.3609194), (-0.44203418, 0.859927, -0.25520837), (-0.34355906, 0.917945, -0.19835375), (-0.28051472, 0.9179449, -0.28051496), (-0.44203418, 0.859927, -0.25520837), (-0.49302498, 0.85992706, -0.13210554), (-0.38319033, 0.9179449, -0.10267544), (-0.34355906, 0.917945, -0.19835375), (-0.49302498, 0.85992706, -0.13210554), (-0.51041687, 0.8599271, -1.13084546e-7), (-0.39670777, 0.91794497, -9.104315e-8), (-0.38319033, 0.9179449, -0.10267544), (-0.51041687, 0.8599271, -1.13084546e-7), (-0.49302477, 0.8599271, 0.13210554), (-0.38319036, 0.91794497, 0.10267581), (-0.39670777, 0.91794497, -9.104315e-8), (-0.49302477, 0.8599271, 0.13210554), (-0.442034, 0.8599272, 0.2552083), (-0.3435591, 0.9179448, 0.19835421), (-0.38319036, 0.91794497, 0.10267581), (-0.442034, 0.8599272, 0.2552083), (-0.36091942, 0.85992706, 0.36091906), (-0.28051493, 0.9179448, 0.28051487), (-0.3435591, 0.9179448, 0.19835421), (-0.36091942, 0.85992706, 0.36091906), (-0.25520846, 0.85992706, 0.442034), (-0.19835387, 0.91794485, 0.34355918), (-0.28051493, 0.9179448, 0.28051487), (-0.25520846, 0.85992706, 0.442034), (-0.13210563, 0.859927, 0.49302486), (-0.10267551, 0.91794485, 0.38319033), (-0.19835387, 0.91794485, 0.34355918), (-0.13210563, 0.859927, 0.49302486), (-1.13084546e-7, 0.85992706, 0.510417), (-1.2314169e-7, 0.91794497, 0.39670777), (-0.10267551, 0.91794485, 0.38319033), (-1.13084546e-7, 0.85992706, 0.510417), (0.13210556, 0.8599271, 0.4930248), (0.1026754, 0.9179449, 0.38319036), (-1.2314169e-7, 0.91794497, 0.39670777), (0.13210556, 0.8599271, 0.4930248), (0.25520843, 0.8599272, 0.44203386), (0.19835389, 0.91794497, 0.34355912), (0.1026754, 0.9179449, 0.38319036), (0.25520843, 0.8599272, 0.44203386), (0.36091918, 0.8599273, 0.360919), (0.28051487, 0.91794497, 0.28051475), (0.19835389, 0.91794497, 0.34355912), (0.36091918, 0.8599273, 0.360919), (0.4420339, 0.85992724, 0.25520825), (0.34355918, 0.91794497, 0.19835386), (0.28051487, 0.91794497, 0.28051475), (0.4420339, 0.85992724, 0.25520825), (0.4930248, 0.8599271, 0.13210554), (0.3831906, 0.91794485, 0.10267559), (0.34355918, 0.91794497, 0.19835386), (0.4930248, 0.8599271, 0.13210554), (0.51041687, 0.859927, -5.429854e-7), (0.396708, 0.9179448, -3.881008e-7), (0.3831906, 0.91794485, 0.10267559), (0.51041687, 0.859927, -5.429854e-7), (0.49302498, 0.85992694, -0.13210608), (0.38319036, 0.91794485, -0.10267609), (0.396708, 0.9179448, -3.881008e-7), (0.38319036, 0.91794485, -0.10267609), (0.343559, 0.9179449, -0.19835404), (0.24156861, 0.9603088, -0.13946961), (0.2694346, 0.9603087, -0.07219541), (0.343559, 0.9179449, -0.19835404), (0.28051487, 0.91794485, -0.280515), (0.1972398, 0.9603088, -0.19723982), (0.24156861, 0.9603088, -0.13946961), (0.28051487, 0.91794485, -0.280515), (0.19835399, 0.9179449, -0.34355918), (0.13946967, 0.9603087, -0.2415685), (0.1972398, 0.9603088, -0.19723982), (0.19835399, 0.9179449, -0.34355918), (0.10267559, 0.91794497, -0.3831904), (0.072194844, 0.9603088, -0.2694344), (0.13946967, 0.9603087, -0.2415685), (0.10267559, 0.91794497, -0.3831904), (1.5407309e-7, 0.91794485, -0.396708), (1.0655961e-7, 0.9603089, -0.27893907), (0.072194844, 0.9603088, -0.2694344), (1.5407309e-7, 0.91794485, -0.396708), (-0.10267548, 0.9179449, -0.3831905), (-0.07219472, 0.9603088, -0.26943463), (1.0655961e-7, 0.9603089, -0.27893907), (-0.10267548, 0.9179449, -0.3831905), (-0.19835386, 0.9179449, -0.34355927), (-0.13946967, 0.9603087, -0.2415686), (-0.07219472, 0.9603088, -0.26943463), (-0.19835386, 0.9179449, -0.34355927), (-0.28051472, 0.9179449, -0.28051496), (-0.19723977, 0.9603088, -0.19723968), (-0.13946967, 0.9603087, -0.2415686), (-0.28051472, 0.9179449, -0.28051496), (-0.34355906, 0.917945, -0.19835375), (-0.24156849, 0.9603087, -0.13946936), (-0.19723977, 0.9603088, -0.19723968), (-0.34355906, 0.917945, -0.19835375), (-0.38319033, 0.9179449, -0.10267544), (-0.26943463, 0.9603088, -0.07219519), (-0.24156849, 0.9603087, -0.13946936), (-0.38319033, 0.9179449, -0.10267544), (-0.39670777, 0.91794497, -9.104315e-8), (-0.2789393, 0.96030873, -3.8472726e-7), (-0.26943463, 0.9603088, -0.07219519), (-0.39670777, 0.91794497, -9.104315e-8), (-0.38319036, 0.91794497, 0.10267581), (-0.26943466, 0.9603087, 0.07219539), (-0.2789393, 0.96030873, -3.8472726e-7), (-0.38319036, 0.91794497, 0.10267581), (-0.3435591, 0.9179448, 0.19835421), (-0.24156855, 0.9603087, 0.1394699), (-0.26943466, 0.9603087, 0.07219539), (-0.3435591, 0.9179448, 0.19835421), (-0.28051493, 0.9179448, 0.28051487), (-0.1972399, 0.9603088, 0.1972398), (-0.24156855, 0.9603087, 0.1394699), (-0.28051493, 0.9179448, 0.28051487), (-0.19835387, 0.91794485, 0.34355918), (-0.13946964, 0.9603088, 0.24156839), (-0.1972399, 0.9603088, 0.1972398), (-0.19835387, 0.91794485, 0.34355918), (-0.10267551, 0.91794485, 0.38319033), (-0.07219482, 0.9603088, 0.2694343), (-0.13946964, 0.9603088, 0.24156839), (-0.10267551, 0.91794485, 0.38319033), (-1.2314169e-7, 0.91794497, 0.39670777), (-4.8786305e-8, 0.9603088, 0.27893895), (-0.07219482, 0.9603088, 0.2694343), (-1.2314169e-7, 0.91794497, 0.39670777), (0.1026754, 0.9179449, 0.38319036), (0.072194725, 0.96030885, 0.26943463), (-4.8786305e-8, 0.9603088, 0.27893895), (0.1026754, 0.9179449, 0.38319036), (0.19835389, 0.91794497, 0.34355912), (0.1394696, 0.9603088, 0.24156836), (0.072194725, 0.96030885, 0.26943463), (0.19835389, 0.91794497, 0.34355912), (0.28051487, 0.91794497, 0.28051475), (0.19723977, 0.9603088, 0.19723941), (0.1394696, 0.9603088, 0.24156836), (0.28051487, 0.91794497, 0.28051475), (0.34355918, 0.91794497, 0.19835386), (0.24156842, 0.9603088, 0.13946928), (0.19723977, 0.9603088, 0.19723941), (0.34355918, 0.91794497, 0.19835386), (0.3831906, 0.91794485, 0.10267559), (0.2694345, 0.96030873, 0.072195135), (0.24156842, 0.9603088, 0.13946928), (0.3831906, 0.91794485, 0.10267559), (0.396708, 0.9179448, -3.881008e-7), (0.2789393, 0.96030885, -1.19826025e-8), (0.2694345, 0.96030873, 0.072195135), (0.396708, 0.9179448, -3.881008e-7), (0.38319036, 0.91794485, -0.10267609), (0.2694346, 0.9603087, -0.07219541), (0.2789393, 0.96030885, -1.19826025e-8), (0.2694346, 0.9603087, -0.07219541), (0.24156861, 0.9603088, -0.13946961), (0.14431436, 0.9860178, -0.0833194), (0.16096175, 0.9860177, -0.043130293), (0.24156861, 0.9603088, -0.13946961), (0.1972398, 0.9603088, -0.19723982), (0.117832296, 0.9860177, -0.11783274), (0.14431436, 0.9860178, -0.0833194), (0.1972398, 0.9603088, -0.19723982), (0.13946967, 0.9603087, -0.2415685), (0.083319984, 0.9860177, -0.14431484), (0.117832296, 0.9860177, -0.11783274), (0.13946967, 0.9603087, -0.2415685), (0.072194844, 0.9603088, -0.2694344), (0.043129623, 0.98601794, -0.16096146), (0.083319984, 0.9860177, -0.14431484), (0.072194844, 0.9603088, -0.2694344), (1.0655961e-7, 0.9603089, -0.27893907), (2.7810959e-8, 0.9860178, -0.1666398), (0.043129623, 0.98601794, -0.16096146), (1.0655961e-7, 0.9603089, -0.27893907), (-0.07219472, 0.9603088, -0.26943463), (-0.043129534, 0.9860179, -0.16096166), (2.7810959e-8, 0.9860178, -0.1666398), (-0.07219472, 0.9603088, -0.26943463), (-0.13946967, 0.9603087, -0.2415686), (-0.08331993, 0.9860178, -0.14431433), (-0.043129534, 0.9860179, -0.16096166), (-0.13946967, 0.9603087, -0.2415686), (-0.19723977, 0.9603088, -0.19723968), (-0.11783227, 0.9860178, -0.117831744), (-0.08331993, 0.9860178, -0.14431433), (-0.19723977, 0.9603088, -0.19723968), (-0.24156849, 0.9603087, -0.13946936), (-0.14431438, 0.98601794, -0.08331909), (-0.11783227, 0.9860178, -0.117831744), (-0.24156849, 0.9603087, -0.13946936), (-0.26943463, 0.9603088, -0.07219519), (-0.16096187, 0.9860178, -0.043129668), (-0.14431438, 0.98601794, -0.08331909), (-0.26943463, 0.9603088, -0.07219519), (-0.2789393, 0.96030873, -3.8472726e-7), (-0.16663985, 0.9860179, -1.1414956e-9), (-0.16096187, 0.9860178, -0.043129668), (-0.2789393, 0.96030873, -3.8472726e-7), (-0.26943466, 0.9603087, 0.07219539), (-0.16096182, 0.9860179, 0.043129656), (-0.16663985, 0.9860179, -1.1414956e-9), (-0.26943466, 0.9603087, 0.07219539), (-0.24156855, 0.9603087, 0.1394699), (-0.14431435, 0.98601794, 0.08331936), (-0.16096182, 0.9860179, 0.043129656), (-0.24156855, 0.9603087, 0.1394699), (-0.1972399, 0.9603088, 0.1972398), (-0.1178322, 0.98601776, 0.117832676), (-0.14431435, 0.98601794, 0.08331936), (-0.1972399, 0.9603088, 0.1972398), (-0.13946964, 0.9603088, 0.24156839), (-0.08331995, 0.98601776, 0.1443147), (-0.1178322, 0.98601776, 0.117832676), (-0.13946964, 0.9603088, 0.24156839), (-0.07219482, 0.9603088, 0.2694343), (-0.04312963, 0.9860179, 0.16096142), (-0.08331995, 0.98601776, 0.1443147), (-0.07219482, 0.9603088, 0.2694343), (-4.8786305e-8, 0.9603088, 0.27893895), (-8.301775e-10, 0.9860178, 0.16663975), (-0.04312963, 0.9860179, 0.16096142), (-4.8786305e-8, 0.9603088, 0.27893895), (0.072194725, 0.96030885, 0.26943463), (0.04312955, 0.9860178, 0.16096161), (-8.301775e-10, 0.9860178, 0.16663975), (0.072194725, 0.96030885, 0.26943463), (0.1394696, 0.9603088, 0.24156836), (0.08331989, 0.9860178, 0.1443142), (0.04312955, 0.9860178, 0.16096161), (0.1394696, 0.9603088, 0.24156836), (0.19723977, 0.9603088, 0.19723941), (0.11783221, 0.9860179, 0.117831655), (0.08331989, 0.9860178, 0.1443142), (0.19723977, 0.9603088, 0.19723941), (0.24156842, 0.9603088, 0.13946928), (0.1443143, 0.9860178, 0.08331902), (0.11783221, 0.9860179, 0.117831655), (0.24156842, 0.9603088, 0.13946928), (0.2694345, 0.96030873, 0.072195135), (0.16096169, 0.98601776, 0.043130245), (0.1443143, 0.9860178, 0.08331902), (0.2694345, 0.96030873, 0.072195135), (0.2789393, 0.96030885, -1.19826025e-8), (0.16663992, 0.9860178, -7.2640516e-10), (0.16096169, 0.98601776, 0.043130245), (0.2789393, 0.96030885, -1.19826025e-8), (0.2694346, 0.9603087, -0.07219541), (0.16096175, 0.9860177, -0.043130293), (0.16663992, 0.9860178, -7.2640516e-10), (0.14431436, -0.9860178, -0.0833191), (0.16096176, -0.9860177, -0.043130297), (-6.036748e-9, -1, 9.459369e-9), (0.11783228, -0.9860178, -0.11783172), (0.14431436, -0.9860178, -0.0833191), (-6.036748e-9, -1, 9.459369e-9), (0.08332001, -0.9860178, -0.14431432), (0.11783228, -0.9860178, -0.11783172), (-6.036748e-9, -1, 9.459369e-9), (0.043129615, -0.9860179, -0.16096164), (0.08332001, -0.9860178, -0.14431432), (-6.036748e-9, -1, 9.459369e-9), (2.7810959e-8, -0.9860178, -0.1666398), (0.043129615, -0.9860179, -0.16096164), (-6.036748e-9, -1, 9.459369e-9), (-0.043129537, -0.9860179, -0.16096164), (2.7810959e-8, -0.9860178, -0.1666398), (-6.036748e-9, -1, 9.459369e-9), (-0.08331992, -0.9860178, -0.14431463), (-0.043129537, -0.9860179, -0.16096164), (-6.036748e-9, -1, 9.459369e-9), (-0.11783226, -0.98601776, -0.11783239), (-0.08331992, -0.9860178, -0.14431463), (-6.036748e-9, -1, 9.459369e-9), (-0.14431441, -0.98601794, -0.083319396), (-0.11783226, -0.98601776, -0.11783239), (-6.036748e-9, -1, 9.459369e-9), (-0.16096188, -0.9860178, -0.04312967), (-0.14431441, -0.98601794, -0.083319396), (-6.036748e-9, -1, 9.459369e-9), (-0.16663986, -0.9860178, -8.3017865e-10), (-0.16096188, -0.9860178, -0.04312967), (-6.036748e-9, -1, 9.459369e-9), (-0.1609618, -0.9860179, 0.043129656), (-0.16663986, -0.9860178, -8.3017865e-10), (-6.036748e-9, -1, 9.459369e-9), (-0.14431435, -0.98601794, 0.08331905), (-0.1609618, -0.9860179, 0.043129656), (-6.036748e-9, -1, 9.459369e-9), (-0.11783221, -0.9860179, 0.11783165), (-0.14431435, -0.98601794, 0.08331905), (-6.036748e-9, -1, 9.459369e-9), (-0.08331995, -0.9860178, 0.14431417), (-0.11783221, -0.9860179, 0.11783165), (-6.036748e-9, -1, 9.459369e-9), (-0.043129627, -0.9860178, 0.16096163), (-0.08331995, -0.9860178, 0.14431417), (-6.036748e-9, -1, 9.459369e-9), (0, -0.9860178, 0.16663978), (-0.043129627, -0.9860178, 0.16096163), (-6.036748e-9, -1, 9.459369e-9), (0.04312955, -0.9860178, 0.16096157), (0, -0.9860178, 0.16663978), (-6.036748e-9, -1, 9.459369e-9), (0.083319895, -0.9860178, 0.14431453), (0.04312955, -0.9860178, 0.16096157), (-6.036748e-9, -1, 9.459369e-9), (0.1178322, -0.98601776, 0.11783232), (0.083319895, -0.9860178, 0.14431453), (-6.036748e-9, -1, 9.459369e-9), (0.14431432, -0.9860178, 0.08331933), (0.1178322, -0.98601776, 0.11783232), (-6.036748e-9, -1, 9.459369e-9), (0.16096169, -0.9860178, 0.043130245), (0.14431432, -0.9860178, 0.08331933), (-6.036748e-9, -1, 9.459369e-9), (0.16663992, -0.9860178, 1.03772164e-10), (0.16096169, -0.9860178, 0.043130245), (-6.036748e-9, -1, 9.459369e-9), (0.16096176, -0.9860177, -0.043130297), (0.16663992, -0.9860178, 1.03772164e-10), (-6.036748e-9, -1, 9.459369e-9), (0.16096175, 0.9860177, -0.043130293), (0.14431436, 0.9860178, -0.0833194), (-3.4495709e-9, 1, 8.596977e-9), (0.14431436, 0.9860178, -0.0833194), (0.117832296, 0.9860177, -0.11783274), (-3.4495709e-9, 1, 8.596977e-9), (0.117832296, 0.9860177, -0.11783274), (0.083319984, 0.9860177, -0.14431484), (-3.4495709e-9, 1, 8.596977e-9), (0.083319984, 0.9860177, -0.14431484), (0.043129623, 0.98601794, -0.16096146), (-3.4495709e-9, 1, 8.596977e-9), (0.043129623, 0.98601794, -0.16096146), (2.7810959e-8, 0.9860178, -0.1666398), (-3.4495709e-9, 1, 8.596977e-9), (2.7810959e-8, 0.9860178, -0.1666398), (-0.043129534, 0.9860179, -0.16096166), (-3.4495709e-9, 1, 8.596977e-9), (-0.043129534, 0.9860179, -0.16096166), (-0.08331993, 0.9860178, -0.14431433), (-3.4495709e-9, 1, 8.596977e-9), (-0.08331993, 0.9860178, -0.14431433), (-0.11783227, 0.9860178, -0.117831744), (-3.4495709e-9, 1, 8.596977e-9), (-0.11783227, 0.9860178, -0.117831744), (-0.14431438, 0.98601794, -0.08331909), (-3.4495709e-9, 1, 8.596977e-9), (-0.14431438, 0.98601794, -0.08331909), (-0.16096187, 0.9860178, -0.043129668), (-3.4495709e-9, 1, 8.596977e-9), (-0.16096187, 0.9860178, -0.043129668), (-0.16663985, 0.9860179, -1.1414956e-9), (-3.4495709e-9, 1, 8.596977e-9), (-0.16663985, 0.9860179, -1.1414956e-9), (-0.16096182, 0.9860179, 0.043129656), (-3.4495709e-9, 1, 8.596977e-9), (-0.16096182, 0.9860179, 0.043129656), (-0.14431435, 0.98601794, 0.08331936), (-3.4495709e-9, 1, 8.596977e-9), (-0.14431435, 0.98601794, 0.08331936), (-0.1178322, 0.98601776, 0.117832676), (-3.4495709e-9, 1, 8.596977e-9), (-0.1178322, 0.98601776, 0.117832676), (-0.08331995, 0.98601776, 0.1443147), (-3.4495709e-9, 1, 8.596977e-9), (-0.08331995, 0.98601776, 0.1443147), (-0.04312963, 0.9860179, 0.16096142), (-3.4495709e-9, 1, 8.596977e-9), (-0.04312963, 0.9860179, 0.16096142), (-8.301775e-10, 0.9860178, 0.16663975), (-3.4495709e-9, 1, 8.596977e-9), (-8.301775e-10, 0.9860178, 0.16663975), (0.04312955, 0.9860178, 0.16096161), (-3.4495709e-9, 1, 8.596977e-9), (0.04312955, 0.9860178, 0.16096161), (0.08331989, 0.9860178, 0.1443142), (-3.4495709e-9, 1, 8.596977e-9), (0.08331989, 0.9860178, 0.1443142), (0.11783221, 0.9860179, 0.117831655), (-3.4495709e-9, 1, 8.596977e-9), (0.11783221, 0.9860179, 0.117831655), (0.1443143, 0.9860178, 0.08331902), (-3.4495709e-9, 1, 8.596977e-9), (0.1443143, 0.9860178, 0.08331902), (0.16096169, 0.98601776, 0.043130245), (-3.4495709e-9, 1, 8.596977e-9), (0.16096169, 0.98601776, 0.043130245), (0.16663992, 0.9860178, -7.2640516e-10), (-3.4495709e-9, 1, 8.596977e-9), (0.16663992, 0.9860178, -7.2640516e-10), (0.16096175, 0.9860177, -0.043130293), (-3.4495709e-9, 1, 8.596977e-9)] (
                    interpolation = "faceVarying"
                )
                point3f[] points = [(6.303932, -49.572243, -1.6891317), (5.651947, -49.572243, -3.2631526), (4.6147995, -49.572243, -4.6147947), (3.263153, -49.572243, -5.6519465), (1.6891327, -49.572243, -6.3039274), (0, -49.572243, -6.5263066), (-1.6891327, -49.572243, -6.3039284), (-3.263153, -49.572243, -5.651948), (-4.6147995, -49.572243, -4.6147966), (-5.651947, -49.572243, -3.2631543), (-6.303932, -49.572243, -1.6891332), (-6.526306, -49.572243, -3.889984e-7), (-6.303932, -49.572243, 1.6891326), (-5.651947, -49.572243, 3.2631538), (-4.6147995, -49.572243, 4.6147966), (-3.263153, -49.572243, 5.651949), (-1.6891327, -49.572243, 6.3039303), (0, -49.572243, 6.526309), (1.6891327, -49.572243, 6.3039303), (3.263153, -49.572243, 5.65195), (4.6147995, -49.572243, 4.614798), (5.651947, -49.572243, 3.263155), (6.303932, -49.572243, 1.6891333), (6.526314, -49.572243, 0), (12.499992, -48.29629, -3.349362), (11.207191, -48.29629, -6.4704714), (9.150627, -48.29629, -9.150629), (6.4704742, -48.29629, -11.207187), (3.3493652, -48.29629, -12.499992), (0, -48.29629, -12.940946), (-3.3493652, -48.29629, -12.499994), (-6.4704742, -48.29629, -11.20719), (-9.150627, -48.29629, -9.150633), (-11.207191, -48.29629, -6.4704747), (-12.499992, -48.29629, -3.3493645), (-12.9409485, -48.29629, -7.7134086e-7), (-12.5, -48.29629, 3.3493633), (-11.207191, -48.29629, 6.470474), (-9.150635, -48.29629, 9.150633), (-6.4704742, -48.29629, 11.2071905), (-3.3493652, -48.29629, 12.499997), (0, -48.29629, 12.94095), (3.3493652, -48.29629, 12.499998), (6.4704742, -48.29629, 11.207192), (9.150635, -48.29629, 9.150635), (11.207191, -48.29629, 6.470476), (12.5, -48.29629, 3.349365), (12.940956, -48.29629, 0), (18.482185, -46.193974, -4.952284), (16.570671, -46.193974, -9.56708), (13.5299, -46.193974, -13.529894), (9.567085, -46.193974, -16.57067), (4.952286, -46.193974, -18.48218), (0, -46.193974, -19.134163), (-4.952286, -46.193974, -18.482183), (-9.567078, -46.193974, -16.570673), (-13.5299, -46.193974, -13.5299), (-16.570671, -46.193974, -9.567084), (-18.482185, -46.193974, -4.9522877), (-19.134163, -46.193974, -0.0000011404856), (-18.482185, -46.193974, 4.952286), (-16.570671, -46.193974, 9.567082), (-13.5299, -46.193974, 13.5299), (-9.567085, -46.193974, 16.570675), (-4.952286, -46.193974, 18.482187), (0, -46.193974, 19.134169), (4.952286, -46.193974, 18.48219), (9.567085, -46.193974, 16.570679), (13.5299, -46.193974, 13.529902), (16.570679, -46.193974, 9.567086), (18.482193, -46.193974, 4.952288), (19.13417, -46.193974, 0), (24.14814, -43.30127, -6.47047), (21.650627, -43.30127, -12.499991), (17.677666, -43.30127, -17.677658), (12.499992, -43.30127, -21.650621), (6.4704742, -43.30127, -24.14813), (0, -43.30127, -24.999987), (-6.4704666, -43.30127, -24.148134), (-12.499992, -43.30127, -21.650627), (-17.677666, -43.30127, -17.677666), (-21.650627, -43.30127, -12.499997), (-24.14814, -43.30127, -6.470475), (-24.999992, -43.30127, -0.0000014901161), (-24.14814, -43.30127, 6.4704733), (-21.650627, -43.30127, 12.499995), (-17.677666, -43.30127, 17.677666), (-12.5, -43.30127, 21.65063), (-6.4704742, -43.30127, 24.14814), (0, -43.30127, 24.999996), (6.4704742, -43.30127, 24.148142), (12.5, -43.30127, 21.650633), (17.677666, -43.30127, 17.67767), (21.650627, -43.30127, 12.5), (24.14814, -43.30127, 6.470476), (24.999992, -43.30127, 0), (29.400902, -39.667667, -7.8779454), (26.36013, -39.667667, -15.219026), (21.522957, -39.667667, -21.522953), (15.219032, -39.667667, -26.360126), (7.8779526, -39.667667, -29.400902), (0, -39.667667, -30.438055), (-7.877945, -39.667667, -29.400908), (-15.219025, -39.667667, -26.360134), (-21.522957, -39.667667, -21.52296), (-26.36013, -39.667667, -15.219032), (-29.40091, -39.667667, -7.8779516), (-30.438065, -39.667667, -0.0000018142505), (-29.400917, -39.667667, 7.877949), (-26.360138, -39.667667, 15.21903), (-21.522964, -39.667667, 21.52296), (-15.219032, -39.667667, 26.360138), (-7.8779526, -39.667667, 29.400913), (0, -39.667667, 30.438066), (7.8779526, -39.667667, 29.400915), (15.219032, -39.667667, 26.360142), (21.522972, -39.667667, 21.522966), (26.360146, -39.667667, 15.219036), (29.400917, -39.667667, 7.8779526), (30.438072, -39.667667, 0), (34.150627, -35.355343, -9.150626), (30.618614, -35.355343, -17.677656), (24.999992, -35.355343, -24.999983), (17.677666, -35.355343, -30.618603), (9.150635, -35.355343, -34.15061), (0.0000076293945, -35.355343, -35.35532), (-9.150627, -35.355343, -34.15062), (-17.677658, -35.355343, -30.61861), (-24.999992, -35.355343, -24.999992), (-30.618614, -35.355343, -17.677666), (-34.150627, -35.355343, -9.150634), (-35.355324, -35.355343, -0.0000021073424), (-34.150627, -35.355343, 9.150631), (-30.618614, -35.355343, 17.677664), (-24.999992, -35.355343, 24.999992), (-17.677666, -35.355343, 30.618614), (-9.150635, -35.355343, 34.150627), (0, -35.355343, 35.35533), (9.150635, -35.355343, 34.15063), (17.677666, -35.355343, 30.61862), (24.999992, -35.355343, 25), (30.618614, -35.355343, 17.67767), (34.150627, -35.355343, 9.150635), (35.35534, -35.355343, 0), (38.316, -30.438074, -10.266738), (34.353188, -30.438074, -19.83382), (28.049263, -30.438074, -28.049257), (19.833824, -30.438074, -34.353188), (10.2667465, -30.438074, -38.316), (0.0000076293945, -30.438074, -39.667645), (-10.266739, -30.438074, -38.316006), (-19.833824, -30.438074, -34.353195), (-28.049263, -30.438074, -28.049269), (-34.353195, -30.438074, -19.83383), (-38.316017, -30.438074, -10.2667465), (-39.667656, -30.438074, -0.0000023643772), (-38.316017, -30.438074, 10.266743), (-34.353203, -30.438074, 19.833826), (-28.04927, -30.438074, 28.049269), (-19.833832, -30.438074, 34.3532), (-10.2667465, -30.438074, 38.316017), (0, -30.438074, 39.66766), (10.2667465, -30.438074, 38.31602), (19.833832, -30.438074, 34.353203), (28.049278, -30.438074, 28.049276), (34.353203, -30.438074, 19.833834), (38.316032, -30.438074, 10.266747), (39.66767, -30.438074, 0), (41.825798, -25.000004, -11.207183), (37.499977, -25.000004, -21.65062), (30.618614, -25.000004, -30.6186), (21.650627, -25.000004, -37.499977), (11.207191, -25.000004, -41.825787), (0.0000076293945, -25.000004, -43.301247), (-11.207184, -25.000004, -41.825794), (-21.65062, -25.000004, -37.499985), (-30.618607, -25.000004, -30.618612), (-37.499985, -25.000004, -21.650629), (-41.825798, -25.000004, -11.207191), (-43.301258, -25.000004, -0.0000025809568), (-41.825798, -25.000004, 11.207188), (-37.499992, -25.000004, 21.650627), (-30.618614, -25.000004, 30.618612), (-21.650635, -25.000004, 37.499992), (-11.207191, -25.000004, 41.825806), (0, -25.000004, 43.30126), (11.207191, -25.000004, 41.82581), (21.650627, -25.000004, 37.499996), (30.618614, -25.000004, 30.61862), (37.499992, -25.000004, 21.650635), (41.825813, -25.000004, 11.207193), (43.30126, -25.000004, 0), (44.619926, -19.134178, -11.955869), (40.005135, -19.134178, -23.09697), (32.664055, -19.134178, -32.66405), (23.096977, -19.134178, -40.00513), (11.955879, -19.134178, -44.619923), (0.0000076293945, -19.134178, -46.19395), (-11.955872, -19.134178, -44.61993), (-23.096977, -19.134178, -40.00514), (-32.664055, -19.134178, -32.664062), (-40.005135, -19.134178, -23.096981), (-44.619938, -19.134178, -11.955878), (-46.19396, -19.134178, -0.0000027533754), (-44.61994, -19.134178, 11.955874), (-40.00515, -19.134178, 23.09698), (-32.66407, -19.134178, 32.664062), (-23.096985, -19.134178, 40.005146), (-11.955879, -19.134178, 44.61994), (0, -19.134178, 46.193966), (11.955879, -19.134178, 44.619946), (23.096977, -19.134178, 40.00515), (32.66407, -19.134178, 32.66407), (40.00515, -19.134178, 23.096987), (44.619957, -19.134178, 11.95588), (46.193977, -19.134178, 0), (46.65061, -12.94096, -12.499989), (41.825798, -12.94096, -24.148129), (34.150627, -12.94096, -34.15061), (24.14814, -12.94096, -41.82579), (12.5, -12.94096, -46.650604), (0.0000076293945, -12.94096, -48.296265), (-12.499992, -12.94096, -46.650616), (-24.148132, -12.94096, -41.8258), (-34.15062, -12.94096, -34.150627), (-41.825798, -12.94096, -24.14814), (-46.65062, -12.94096, -12.499998), (-48.296276, -12.94096, -0.0000028786833), (-46.650623, -12.94096, 12.499994), (-41.825806, -12.94096, 24.148136), (-34.150627, -12.94096, 34.150627), (-24.14814, -12.94096, 41.825806), (-12.5, -12.94096, 46.650627), (0, -12.94096, 48.296284), (12.5, -12.94096, 46.650627), (24.14814, -12.94096, 41.825813), (34.150627, -12.94096, 34.150635), (41.825813, -12.94096, 24.148146), (46.650627, -12.94096, 12.5), (48.296288, -12.94096, 0), (47.88308, -6.526318, -12.830229), (42.93081, -6.526318, -24.786104), (35.05285, -6.526318, -35.052845), (24.78611, -6.526318, -42.930794), (12.830238, -6.526318, -47.88308), (0.0000076293945, -6.526318, -49.572216), (-12.830231, -6.526318, -47.883087), (-24.78611, -6.526318, -42.930805), (-35.05285, -6.526318, -35.05286), (-42.93081, -6.526318, -24.786116), (-47.883095, -6.526318, -12.830239), (-49.572227, -6.526318, -0.000002954736), (-47.8831, -6.526318, 12.830235), (-42.93081, -6.526318, 24.786112), (-35.052864, -6.526318, 35.05286), (-24.786118, -6.526318, 42.930813), (-12.830238, -6.526318, 47.8831), (0, -6.526318, 49.572235), (12.830238, -6.526318, 47.883102), (24.786125, -6.526318, 42.930817), (35.052864, -6.526318, 35.052868), (42.930824, -6.526318, 24.786121), (47.88311, -6.526318, 12.83024), (49.572243, -6.526318, 0), (48.296272, 0, -12.94094), (43.301247, 0, -24.999983), (35.355324, 0, -35.355316), (24.999992, 0, -43.301243), (12.9409485, 0, -48.29626), (0.0000076293945, 0, -49.999973), (-12.940941, 0, -48.29627), (-24.999985, 0, -43.301254), (-35.355324, 0, -35.35533), (-43.301254, 0, -24.999994), (-48.296276, 0, -12.94095), (-49.999985, 0, -0.0000029802322), (-48.29628, 0, 12.940947), (-43.30126, 0, 24.99999), (-35.35533, 0, 35.35533), (-24.999992, 0, 43.30126), (-12.9409485, 0, 48.29628), (0, 0, 49.999992), (12.9409485, 0, 48.296284), (24.999992, 0, 43.301266), (35.35534, 0, 35.35534), (43.30126, 0, 25), (48.296288, 0, 12.940952), (49.999992, 0, 0), (47.88308, 6.526318, -12.830229), (42.93081, 6.526318, -24.786104), (35.05285, 6.526318, -35.052845), (24.78611, 6.526318, -42.930794), (12.830238, 6.526318, -47.88308), (0.0000076293945, 6.526318, -49.572216), (-12.830231, 6.526318, -47.883087), (-24.78611, 6.526318, -42.930805), (-35.05285, 6.526318, -35.05286), (-42.93081, 6.526318, -24.786116), (-47.883095, 6.526318, -12.830239), (-49.572227, 6.526318, -0.000002954736), (-47.8831, 6.526318, 12.830235), (-42.93081, 6.526318, 24.786112), (-35.052864, 6.526318, 35.05286), (-24.786118, 6.526318, 42.930813), (-12.830238, 6.526318, 47.8831), (0, 6.526318, 49.572235), (12.830238, 6.526318, 47.883102), (24.786125, 6.526318, 42.930817), (35.052864, 6.526318, 35.052868), (42.930824, 6.526318, 24.786121), (47.88311, 6.526318, 12.83024), (49.572243, 6.526318, 0), (46.65061, 12.94096, -12.499989), (41.825798, 12.94096, -24.148129), (34.150627, 12.94096, -34.15061), (24.14814, 12.94096, -41.82579), (12.5, 12.94096, -46.650604), (0.0000076293945, 12.94096, -48.296265), (-12.499992, 12.94096, -46.650616), (-24.148132, 12.94096, -41.8258), (-34.15062, 12.94096, -34.150627), (-41.825798, 12.94096, -24.14814), (-46.65062, 12.94096, -12.499998), (-48.296276, 12.94096, -0.0000028786833), (-46.650623, 12.94096, 12.499994), (-41.825806, 12.94096, 24.148136), (-34.150627, 12.94096, 34.150627), (-24.14814, 12.94096, 41.825806), (-12.5, 12.94096, 46.650627), (0, 12.94096, 48.296284), (12.5, 12.94096, 46.650627), (24.14814, 12.94096, 41.825813), (34.150627, 12.94096, 34.150635), (41.825813, 12.94096, 24.148146), (46.650627, 12.94096, 12.5), (48.296288, 12.94096, 0), (44.619926, 19.134178, -11.955869), (40.005135, 19.134178, -23.09697), (32.664055, 19.134178, -32.66405), (23.096977, 19.134178, -40.00513), (11.955879, 19.134178, -44.619923), (0.0000076293945, 19.134178, -46.19395), (-11.955872, 19.134178, -44.61993), (-23.096977, 19.134178, -40.00514), (-32.664055, 19.134178, -32.664062), (-40.005135, 19.134178, -23.096981), (-44.619938, 19.134178, -11.955878), (-46.19396, 19.134178, -0.0000027533754), (-44.61994, 19.134178, 11.955874), (-40.00515, 19.134178, 23.09698), (-32.66407, 19.134178, 32.664062), (-23.096985, 19.134178, 40.005146), (-11.955879, 19.134178, 44.61994), (0, 19.134178, 46.193966), (11.955879, 19.134178, 44.619946), (23.096977, 19.134178, 40.00515), (32.66407, 19.134178, 32.66407), (40.00515, 19.134178, 23.096987), (44.619957, 19.134178, 11.95588), (46.193977, 19.134178, 0), (41.825798, 25.000004, -11.207183), (37.499977, 25.000004, -21.65062), (30.618614, 25.000004, -30.6186), (21.650627, 25.000004, -37.499977), (11.207191, 25.000004, -41.825787), (0.0000076293945, 25.000004, -43.301247), (-11.207184, 25.000004, -41.825794), (-21.65062, 25.000004, -37.499985), (-30.618607, 25.000004, -30.618612), (-37.499985, 25.000004, -21.650629), (-41.825798, 25.000004, -11.207191), (-43.301258, 25.000004, -0.0000025809568), (-41.825798, 25.000004, 11.207188), (-37.499992, 25.000004, 21.650627), (-30.618614, 25.000004, 30.618612), (-21.650635, 25.000004, 37.499992), (-11.207191, 25.000004, 41.825806), (0, 25.000004, 43.30126), (11.207191, 25.000004, 41.82581), (21.650627, 25.000004, 37.499996), (30.618614, 25.000004, 30.61862), (37.499992, 25.000004, 21.650635), (41.825813, 25.000004, 11.207193), (43.30126, 25.000004, 0), (38.316, 30.438074, -10.266738), (34.353188, 30.438074, -19.83382), (28.049263, 30.438074, -28.049257), (19.833824, 30.438074, -34.353188), (10.2667465, 30.438074, -38.316), (0.0000076293945, 30.438074, -39.667645), (-10.266739, 30.438074, -38.316006), (-19.833824, 30.438074, -34.353195), (-28.049263, 30.438074, -28.049269), (-34.353195, 30.438074, -19.83383), (-38.316017, 30.438074, -10.2667465), (-39.667656, 30.438074, -0.0000023643772), (-38.316017, 30.438074, 10.266743), (-34.353203, 30.438074, 19.833826), (-28.04927, 30.438074, 28.049269), (-19.833832, 30.438074, 34.3532), (-10.2667465, 30.438074, 38.316017), (0, 30.438074, 39.66766), (10.2667465, 30.438074, 38.31602), (19.833832, 30.438074, 34.353203), (28.049278, 30.438074, 28.049276), (34.353203, 30.438074, 19.833834), (38.316032, 30.438074, 10.266747), (39.66767, 30.438074, 0), (34.150627, 35.355343, -9.150626), (30.618614, 35.355343, -17.677656), (24.999992, 35.355343, -24.999983), (17.677666, 35.355343, -30.618603), (9.150635, 35.355343, -34.15061), (0.0000076293945, 35.355343, -35.35532), (-9.150627, 35.355343, -34.15062), (-17.677658, 35.355343, -30.61861), (-24.999992, 35.355343, -24.999992), (-30.618614, 35.355343, -17.677666), (-34.150627, 35.355343, -9.150634), (-35.355324, 35.355343, -0.0000021073424), (-34.150627, 35.355343, 9.150631), (-30.618614, 35.355343, 17.677664), (-24.999992, 35.355343, 24.999992), (-17.677666, 35.355343, 30.618614), (-9.150635, 35.355343, 34.150627), (0, 35.355343, 35.35533), (9.150635, 35.355343, 34.15063), (17.677666, 35.355343, 30.61862), (24.999992, 35.355343, 25), (30.618614, 35.355343, 17.67767), (34.150627, 35.355343, 9.150635), (35.35534, 35.355343, 0), (29.400902, 39.667667, -7.8779454), (26.36013, 39.667667, -15.219026), (21.522957, 39.667667, -21.522953), (15.219032, 39.667667, -26.360126), (7.8779526, 39.667667, -29.400902), (0, 39.667667, -30.438055), (-7.877945, 39.667667, -29.400908), (-15.219025, 39.667667, -26.360134), (-21.522957, 39.667667, -21.52296), (-26.36013, 39.667667, -15.219032), (-29.40091, 39.667667, -7.8779516), (-30.438065, 39.667667, -0.0000018142505), (-29.400917, 39.667667, 7.877949), (-26.360138, 39.667667, 15.21903), (-21.522964, 39.667667, 21.52296), (-15.219032, 39.667667, 26.360138), (-7.8779526, 39.667667, 29.400913), (0, 39.667667, 30.438066), (7.8779526, 39.667667, 29.400915), (15.219032, 39.667667, 26.360142), (21.522972, 39.667667, 21.522966), (26.360146, 39.667667, 15.219036), (29.400917, 39.667667, 7.8779526), (30.438072, 39.667667, 0), (24.14814, 43.30127, -6.47047), (21.650627, 43.30127, -12.499991), (17.677666, 43.30127, -17.677658), (12.499992, 43.30127, -21.650621), (6.4704742, 43.30127, -24.14813), (0, 43.30127, -24.999987), (-6.4704666, 43.30127, -24.148134), (-12.499992, 43.30127, -21.650627), (-17.677666, 43.30127, -17.677666), (-21.650627, 43.30127, -12.499997), (-24.14814, 43.30127, -6.470475), (-24.999992, 43.30127, -0.0000014901161), (-24.14814, 43.30127, 6.4704733), (-21.650627, 43.30127, 12.499995), (-17.677666, 43.30127, 17.677666), (-12.5, 43.30127, 21.65063), (-6.4704742, 43.30127, 24.14814), (0, 43.30127, 24.999996), (6.4704742, 43.30127, 24.148142), (12.5, 43.30127, 21.650633), (17.677666, 43.30127, 17.67767), (21.650627, 43.30127, 12.5), (24.14814, 43.30127, 6.470476), (24.999992, 43.30127, 0), (18.482185, 46.193974, -4.952284), (16.570671, 46.193974, -9.56708), (13.5299, 46.193974, -13.529894), (9.567085, 46.193974, -16.57067), (4.952286, 46.193974, -18.48218), (0, 46.193974, -19.134163), (-4.952286, 46.193974, -18.482183), (-9.567078, 46.193974, -16.570673), (-13.5299, 46.193974, -13.5299), (-16.570671, 46.193974, -9.567084), (-18.482185, 46.193974, -4.9522877), (-19.134163, 46.193974, -0.0000011404856), (-18.482185, 46.193974, 4.952286), (-16.570671, 46.193974, 9.567082), (-13.5299, 46.193974, 13.5299), (-9.567085, 46.193974, 16.570675), (-4.952286, 46.193974, 18.482187), (0, 46.193974, 19.134169), (4.952286, 46.193974, 18.48219), (9.567085, 46.193974, 16.570679), (13.5299, 46.193974, 13.529902), (16.570679, 46.193974, 9.567086), (18.482193, 46.193974, 4.952288), (19.13417, 46.193974, 0), (12.499992, 48.29629, -3.349362), (11.207191, 48.29629, -6.4704714), (9.150627, 48.29629, -9.150629), (6.4704742, 48.29629, -11.207187), (3.3493652, 48.29629, -12.499992), (0, 48.29629, -12.940946), (-3.3493652, 48.29629, -12.499994), (-6.4704742, 48.29629, -11.20719), (-9.150627, 48.29629, -9.150633), (-11.207191, 48.29629, -6.4704747), (-12.499992, 48.29629, -3.3493645), (-12.9409485, 48.29629, -7.7134086e-7), (-12.5, 48.29629, 3.3493633), (-11.207191, 48.29629, 6.470474), (-9.150635, 48.29629, 9.150633), (-6.4704742, 48.29629, 11.2071905), (-3.3493652, 48.29629, 12.499997), (0, 48.29629, 12.94095), (3.3493652, 48.29629, 12.499998), (6.4704742, 48.29629, 11.207192), (9.150635, 48.29629, 9.150635), (11.207191, 48.29629, 6.470476), (12.5, 48.29629, 3.349365), (12.940956, 48.29629, 0), (6.303932, 49.572243, -1.6891317), (5.651947, 49.572243, -3.2631526), (4.6147995, 49.572243, -4.6147947), (3.263153, 49.572243, -5.6519465), (1.6891327, 49.572243, -6.3039274), (0, 49.572243, -6.5263066), (-1.6891327, 49.572243, -6.3039284), (-3.263153, 49.572243, -5.651948), (-4.6147995, 49.572243, -4.6147966), (-5.651947, 49.572243, -3.2631543), (-6.303932, 49.572243, -1.6891332), (-6.526306, 49.572243, -3.889984e-7), (-6.303932, 49.572243, 1.6891326), (-5.651947, 49.572243, 3.2631538), (-4.6147995, 49.572243, 4.6147966), (-3.263153, 49.572243, 5.651949), (-1.6891327, 49.572243, 6.3039303), (0, 49.572243, 6.526309), (1.6891327, 49.572243, 6.3039303), (3.263153, 49.572243, 5.65195), (4.6147995, 49.572243, 4.614798), (5.651947, 49.572243, 3.263155), (6.303932, 49.572243, 1.6891333), (6.526314, 49.572243, 0), (0, -50, 0), (0, 50, 0)]
                color3f[] primvars:displayColor = [(1, 1, 1)] (
                    customData = {
                        dictionary Maya = {
                            bool generated = 1
                        }
                    }
                )
                bool primvars:doNotCastShadows = 0
                texCoord2f[] primvars:st = [(0.409844, 0.51855433), (0.41725856, 0.5371124), (0.35057747, 0.57463413), (0.33572364, 0.5375392), (0.4292233, 0.55311924), (0.3745257, 0.60662067), (0.44492358, 0.5654838), (0.40593663, 0.6313189), (0.46328875, 0.57336366), (0.44266987, 0.647046), (0.48306766, 0.5762216), (0.48222175, 0.65273), (0.5029124, 0.5738631), (0.5218971, 0.64798343), (0.5214704, 0.5664488), (0.5589919, 0.6331297), (0.53747725, 0.55448383), (0.5909785, 0.6091815), (0.5498417, 0.5387836), (0.61567706, 0.57777035), (0.5577218, 0.52041847), (0.6314039, 0.541037), (0.5605796, 0.5006394), (0.6370878, 0.5014854), (0.55822086, 0.48079464), (0.63234127, 0.46180984), (0.55080664, 0.46223652), (0.6174877, 0.42471483), (0.53884184, 0.44622982), (0.59353924, 0.39272827), (0.5231419, 0.43386525), (0.56212837, 0.3680299), (0.5047765, 0.4259855), (0.52539504, 0.35230285), (0.48499754, 0.42312738), (0.48584345, 0.3466192), (0.46515277, 0.42548594), (0.44616786, 0.35136557), (0.4465948, 0.43290028), (0.4090731, 0.3662191), (0.43058798, 0.44486514), (0.3770864, 0.39016747), (0.41822326, 0.4605653), (0.35238808, 0.42157856), (0.41034377, 0.47893062), (0.33666125, 0.4583118), (0.40748554, 0.49870965), (0.33097702, 0.4978638), (0.2839316, 0.6122909), (0.26160264, 0.55666363), (0.31989717, 0.66024345), (0.36704826, 0.6972536), (0.42217165, 0.7207991), (0.4815106, 0.7292752), (0.5410214, 0.7221042), (0.5966487, 0.69977534), (0.64460135, 0.66380996), (0.6816114, 0.61665887), (0.7051569, 0.56153536), (0.713633, 0.5021962), (0.70646226, 0.44268534), (0.68413335, 0.38705796), (0.64816785, 0.33910537), (0.60101676, 0.3020953), (0.5458934, 0.2785499), (0.48655406, 0.2700738), (0.42704335, 0.2772447), (0.37141624, 0.29957372), (0.32346353, 0.33553928), (0.28645357, 0.38269037), (0.26290816, 0.43781364), (0.25443208, 0.49715292), (0.21728033, 0.65010476), (0.18743539, 0.5759384), (0.26530376, 0.71401936), (0.32823318, 0.7633269), (0.40178043, 0.79466695), (0.48093256, 0.8059038), (0.5602961, 0.7962717), (0.6344625, 0.7664268), (0.6983774, 0.7184032), (0.74768484, 0.65547377), (0.77902496, 0.5819267), (0.7902618, 0.50277424), (0.7806295, 0.42341053), (0.7507847, 0.34924412), (0.7027611, 0.28532934), (0.6398315, 0.23602179), (0.56628454, 0.20468178), (0.4871321, 0.19344506), (0.40776855, 0.20307735), (0.33360225, 0.23292232), (0.26968724, 0.28094596), (0.22038001, 0.34387565), (0.18904018, 0.41742253), (0.17780304, 0.49657488), (0.1505763, 0.6880932), (0.11317241, 0.5953684), (0.21070504, 0.7679777), (0.28946012, 0.8295778), (0.38147527, 0.86869556), (0.48047966, 0.88266516), (0.57972574, 0.8705349), (0.67245066, 0.83313084), (0.7523353, 0.7730024), (0.8139355, 0.69424677), (0.85305357, 0.60223144), (0.8670232, 0.5032271), (0.8548926, 0.40398067), (0.81748855, 0.3112555), (0.75735986, 0.23137087), (0.6786045, 0.1697708), (0.5865892, 0.13065302), (0.48758483, 0.11668354), (0.38833833, 0.12881425), (0.2956134, 0.16621849), (0.21572888, 0.22634721), (0.15412891, 0.3051027), (0.115011215, 0.39711767), (0.101041615, 0.49612212), (0.08376062, 0.72627527), (0.038751125, 0.6149563), (0.15604818, 0.8221518), (0.25068703, 0.89605206), (0.361228, 0.94294024), (0.48013803, 0.95962036), (0.5993135, 0.9449558), (0.7106326, 0.89994645), (0.80650955, 0.827659), (0.8804101, 0.73301977), (0.92729795, 0.62247837), (0.9439781, 0.5035683), (0.9293138, 0.3843928), (0.8843039, 0.27307343), (0.8120164, 0.17719665), (0.71737725, 0.10329625), (0.606836, 0.056408465), (0.48792583, 0.039728552), (0.36875027, 0.054393202), (0.25743133, 0.09940311), (0.1615547, 0.1716907), (0.08765435, 0.26632977), (0.040766954, 0.37687105), (0.024086773, 0.49578106), (0.016753674, 0.7646769), (-0.0359118, 0.63470674), (0.101263404, 0.8765877), (0.21185789, 0.96281236), (0.34100062, 1.0174751), (0.4798911, 1.036851), (0.6190635, 1.0196192), (0.7490339, 0.9669536), (0.860945, 0.882444), (0.94717014, 0.77184904), (1.0018332, 0.6427058), (1.0212088, 0.50381523), (1.0039766, 0.36464238), (0.95131105, 0.23467183), (0.86680126, 0.12276062), (0.75620615, 0.03653595), (0.62706316, -0.018126786), (0.48817244, -0.03750211), (0.34899992, -0.020269632), (0.21902964, 0.032396078), (0.10711861, 0.11690599), (0.02089423, 0.22750089), (-0.033768773, 0.35664392), (-0.053144038, 0.4955343), (-0.050556958, 0.8033377), (-0.11093509, 0.654629), (0.04625225, 0.93135226), (0.17289567, 1.029949), (0.32074237, 1.0924087), (0.47971672, 1.114474), (0.63898563, 1.0946424), (0.7876946, 1.0342643), (0.91570973, 0.93745494), (1.0143065, 0.81081116), (1.0767663, 0.6629642), (1.0988319, 0.5039892), (1.0789998, 0.34472), (1.0186216, 0.19601086), (0.92181194, 0.067995846), (0.7951683, -0.030600846), (0.64732105, -0.09305996), (0.48834628, -0.11512512), (0.3290772, -0.09529281), (0.18036842, -0.034914434), (0.0523538, 0.06189528), (-0.046242714, 0.18853885), (-0.108701825, 0.33638567), (-0.13076735, 0.49536043), (-0.11833191, 0.84232163), (-0.1864903, 0.6747432), (-0.009123385, 0.98654926), (0.13369262, 1.0975971), (0.30038372, 1.167898), (0.47958982, 1.1926607), (0.6590994, 1.1701975), (0.82667834, 1.1020393), (0.9709065, 0.99283063), (1.0819547, 0.8500143), (1.1522558, 0.68332267), (1.1770184, 0.5041157), (1.1545548, 0.32460594), (1.0863965, 0.15702707), (0.97718745, 0.012798905), (0.8343708, -0.098249376), (0.6676792, -0.16854978), (0.48847237, -0.19331175), (0.3089627, -0.17084801), (0.14138436, -0.10268903), (-0.00284338, 0.0065199137), (-0.11389148, 0.14933628), (-0.1841917, 0.31602764), (-0.20895374, 0.4952341), (-0.18680608, 0.88172996), (-0.26283062, 0.6950866), (-0.06506467, 1.0423372), (0.09409642, 1.165963), (0.27983096, 1.2441823), (0.47948155, 1.2716652), (0.6794426, 1.246538), (0.8660865, 1.1705134), (1.0266943, 1.0487719), (1.1503205, 0.8896102), (1.2285402, 0.7038753), (1.2560227, 0.50422394), (1.2308953, 0.3042627), (1.15487, 0.11761847), (1.0331283, -0.042989314), (0.87396646, -0.16661525), (0.68823117, -0.24483424), (0.48857996, -0.27231628), (0.28861898, -0.24718821), (0.10197544, -0.17116278), (-0.05863166, -0.049420953), (-0.18225753, 0.109740585), (-0.26047635, 0.29547542), (-0.28795838, 0.495126), (-0.25632548, 0.92172456), (-0.34033275, 0.7157253), (-0.12186414, 1.098962), (0.053887784, 1.2353588), (0.2589534, 1.3216205), (0.47935775, 1.3518682), (0.7000809, 1.3240402), (0.90608066, 1.2400329), (1.0833187, 1.1055717), (1.2197162, 0.929819), (1.3059781, 0.7247528), (1.3362256, 0.5043476), (1.3083973, 0.2836241), (1.2243896, 0.077623874), (1.0899274, -0.099614024), (0.9141746, -0.23601139), (0.70910794, -0.32227254), (0.48870304, -0.3525192), (0.26797986, -0.32469016), (0.061980486, -0.240682), (-0.115256846, -0.106220126), (-0.2516533, 0.06953257), (-0.3379146, 0.27459836), (-0.3681612, 0.49500275), (-0.32740724, 0.96255887), (-0.41956115, 0.736771), (-0.17995548, 1.1568019), (0.012746096, 1.3062633), (0.23756498, 1.4007571), (0.4791799, 1.4338439), (0.721126, 1.4032685), (0.9469148, 1.3111147), (1.1411586, 1.1636627), (1.2906203, 0.9709606), (1.3851144, 0.7461411), (1.4182012, 0.5045251), (1.3876257, 0.2625785), (1.2954712, 0.036789626), (1.1480182, -0.15745443), (0.9553157, -0.30691594), (0.7304957, -0.4014091), (0.48888004, -0.4344947), (0.24693364, -0.40391827), (0.021145642, -0.31176358), (-0.17309737, -0.16431063), (-0.32255805, 0.028391331), (-0.41705132, 0.25321048), (-0.45013678, 0.49482563), (-0.40082848, 1.0046308), (-0.50136983, 0.7584069), (-0.23998594, 1.2164433), (-0.02980262, 1.3794093), (0.21539748, 1.4824232), (0.47890446, 1.5184646), (0.7427615, 1.4850771), (0.9889866, 1.3845363), (1.2007995, 1.2236934), (1.3637664, 1.0135095), (1.4667805, 0.7683086), (1.5028218, 0.50480026), (1.4694339, 0.24094278), (1.3688922, -0.0052826405), (1.2080486, -0.21709591), (0.9978639, -0.38006222), (0.7526622, -0.48307544), (0.4891544, -0.51911557), (0.22529718, -0.48572677), (-0.020927072, -0.3851844), (-0.23273909, -0.22434074), (-0.39570475, -0.014156699), (-0.49871707, 0.2310439), (-0.534758, 0.49455076), (-0.47777724, 1.048568), (-0.5870677, 0.7809312), (-0.30294108, 1.2787986), (-0.07447398, 1.455934), (0.19205448, 1.5679022), (0.47848046, 1.6070725), (0.7652852, 1.5707757), (1.032923, 1.4614851), (1.263155, 1.2866483), (1.440291, 1.0581806), (1.5522594, 0.7916513), (1.5914297, 0.5052241), (1.5551323, 0.2184186), (1.4458407, -0.049219728), (1.271003, -0.27945185), (1.0425344, -0.45658737), (0.7760045, -0.56855464), (0.48957726, -0.60772336), (0.20277205, -0.57142484), (-0.064864695, -0.4621327), (-0.2950952, -0.28729522), (-0.4722296, -0.058827043), (-0.58419645, 0.20770156), (-0.62336564, 0.4941276), (3.2040634, 0.94062847), (3.2931252, 0.74481124), (3.0673556, 1.1067226), (2.892317, 1.2317741), (2.6908774, 1.3072615), (2.4767642, 1.3280404), (2.2645688, 1.2926944), (2.0687516, 1.2036328), (1.9026583, 1.066925), (1.7776067, 0.891887), (1.7021188, 0.69044757), (1.6813394, 0.4763345), (1.7166853, 0.2641391), (1.8057466, 0.06832212), (1.9424543, -0.09777182), (2.1174922, -0.22282374), (2.3189316, -0.29831153), (2.5330443, -0.31909072), (2.7452407, -0.2837453), (2.9410582, -0.19468391), (3.107152, -0.057975948), (3.2322035, 0.11706209), (3.307692, 0.3185019), (3.3284712, 0.5326155), (3.122033, 0.8899023), (3.2007608, 0.7170446), (3.0012488, 1.0364935), (2.8466394, 1.1468285), (2.6687417, 1.2133882), (2.479679, 1.2316365), (2.2923353, 1.20033), (2.119478, 1.1216023), (1.9728869, 1.0008184), (1.8625519, 0.8462095), (1.7959921, 0.66831195), (1.7777437, 0.47924927), (1.80905, 0.29190558), (1.8877776, 0.11904818), (2.0085611, -0.027543128), (2.16317, -0.13787836), (2.3410678, -0.20443821), (2.5301304, -0.22268689), (2.7174735, -0.19138074), (2.890332, -0.11265308), (3.036924, 0.008130848), (3.1472592, 0.16273984), (3.2138195, 0.34063765), (3.2320676, 0.52970076), (3.0417554, 0.84020674), (3.1103563, 0.68981993), (2.936569, 0.96771395), (2.8019652, 1.0636522), (2.6471171, 1.1214833), (2.482578, 1.1372664), (2.3195605, 1.1099257), (2.1691732, 1.0413246), (2.0416665, 0.9361383), (1.9457283, 0.8015348), (1.8878967, 0.64668703), (1.8721142, 0.48214787), (1.8994541, 0.31913024), (1.968055, 0.16874352), (2.0732415, 0.04123625), (2.2078452, -0.054702103), (2.3626928, -0.112533465), (2.5272317, -0.12831672), (2.6902497, -0.10097633), (2.840637, -0.032375336), (2.9681444, 0.0728111), (3.0640826, 0.20741475), (3.1219149, 0.3622627), (3.1376972, 0.5268021), (2.9628491, 0.7912735), (3.0214741, 0.66297644), (2.8730159, 0.90002555), (2.7580972, 0.9818214), (2.6259232, 1.0310869), (2.4855025, 1.0444648), (2.346404, 1.0210432), (2.2181072, 0.9624183), (2.1093547, 0.8725854), (2.0275588, 0.75766635), (1.9782931, 0.6254929), (1.9649153, 0.48507208), (1.9883373, 0.3459736), (2.0469615, 0.2176767), (2.1367946, 0.10892457), (2.2517133, 0.027128518), (2.3838873, -0.022137165), (2.5243082, -0.03551513), (2.6634066, -0.012093663), (2.7917032, 0.04653111), (2.9004564, 0.13636401), (2.9822521, 0.2512831), (3.0315175, 0.3834569), (3.0448956, 0.5238779), (2.8850198, 0.7428964), (2.9337754, 0.63639164), (2.8103592, 0.8331532), (2.7148829, 0.901011), (2.605097, 0.94184554), (2.488483, 0.95287406), (2.3729882, 0.93334484), (2.2664847, 0.8845889), (2.1762266, 0.8099289), (2.1083694, 0.71445256), (2.0675347, 0.60466677), (2.0565062, 0.488053), (2.0760355, 0.37255836), (2.1247907, 0.26605362), (2.1994512, 0.17579684), (2.2949276, 0.107938915), (2.4047132, 0.06710425), (2.5213265, 0.056075722), (2.6368217, 0.07560477), (2.743327, 0.12436065), (2.8335838, 0.19902074), (2.901442, 0.29449707), (2.942276, 0.40428302), (2.9533048, 0.5208969), (2.8080332, 0.69491166), (2.846993, 0.6099674), (2.748416, 0.7668779), (2.6722026, 0.82096165), (2.5845897, 0.8534775), (2.4915462, 0.8622093), (2.399413, 0.84656215), (2.3144689, 0.8076024), (2.2425022, 0.747985), (2.1884189, 0.6717727), (2.1559029, 0.58415943), (2.1471708, 0.49111575), (2.162818, 0.3989825), (2.201778, 0.31403834), (2.2613955, 0.2420721), (2.337607, 0.18798819), (2.425221, 0.15547228), (2.5182643, 0.14674035), (2.6103976, 0.16238746), (2.6953425, 0.20134726), (2.7673082, 0.26096466), (2.821392, 0.33717698), (2.853908, 0.42479038), (2.8626404, 0.5178341), (2.731696, 0.64718455), (2.7609038, 0.5836242), (2.6870322, 0.7010194), (2.6299567, 0.7414602), (2.5643592, 0.76575077), (2.4947104, 0.77223593), (2.4257562, 0.7604735), (2.3621964, 0.7312652), (2.3083606, 0.6866015), (2.2679195, 0.62952626), (2.243629, 0.5639289), (2.237145, 0.49427995), (2.2489066, 0.4253257), (2.2781148, 0.36176533), (2.3227787, 0.3079304), (2.379854, 0.2674896), (2.4454515, 0.24319902), (2.515101, 0.23671389), (2.5840535, 0.24847627), (2.647615, 0.27768454), (2.7014499, 0.32234818), (2.741891, 0.3794235), (2.7661812, 0.44502088), (2.7726665, 0.51466995), (2.6558385, 0.59960175), (2.6753163, 0.557296), (2.626075, 0.63542473), (2.588054, 0.6623236), (2.5443664, 0.6784654), (2.4979897, 0.6827501), (2.452084, 0.6748856), (2.4097786, 0.6554079), (2.3739552, 0.6256444), (2.3470566, 0.5876234), (2.3309147, 0.5439359), (2.3266304, 0.49755928), (2.334495, 0.45165387), (2.3539722, 0.40934816), (2.383736, 0.37352514), (2.4217572, 0.3466262), (2.4654446, 0.33048433), (2.5118208, 0.3261997), (2.5577264, 0.33406416), (2.6000323, 0.35354185), (2.635855, 0.38330543), (2.6627545, 0.42132646), (2.6788964, 0.46501395), (2.6831813, 0.5113907), (2.5803027, 0.5520636), (2.5900507, 0.5309278), (2.5654168, 0.5699563), (2.5464067, 0.58338654), (2.524569, 0.5914392), (2.5013914, 0.5935653), (2.4784527, 0.58962), (2.4573169, 0.5798723), (2.439424, 0.56498635), (2.425994, 0.54597664), (2.417941, 0.52413875), (2.4158154, 0.5009607), (2.4197598, 0.47802213), (2.4295082, 0.45688632), (2.444394, 0.43899354), (2.4634037, 0.42556328), (2.4852414, 0.4175107), (2.508419, 0.41538453), (2.5313582, 0.41932976), (2.552494, 0.42907754), (2.570387, 0.44396347), (2.5838175, 0.46297315), (2.5918698, 0.48481116), (2.593996, 0.50798917), (0.48403263, 0.4996745), (2.5049052, 0.50447494), (-0.718063, 0.49349228), (-0.6787039, 0.8048271), (-0.6755029, 0.18257865), (-0.5539229, -0.10672575), (-0.3616078, -0.35470515), (-0.11166382, -0.5444604), (0.17887583, -0.66305983), (0.4902119, -0.70242095), (0.80112684, -0.6598612), (1.090433, -0.53828037), (1.3384137, -0.34596384), (1.528169, -0.096018255), (1.6467679, 0.19452313), (1.6861273, 0.50586), (1.6435657, 0.816775), (1.5219836, 1.1060803), (1.3296664, 1.3540597), (1.079721, 1.5438136), (0.78918004, 1.6624111), (0.47784418, 1.7017701), (0.1669305, 1.6592082), (-0.1223734, 1.5376264), (-0.37035167, 1.3453104), (-0.5601053, 1.0953665)] (
                    customData = {
                        dictionary Maya = {
                            int UVSetIndex = 0
                        }
                    }
                    interpolation = "faceVarying"
                )
                int[] primvars:st:indices = [0, 1, 2, 3, 1, 4, 5, 2, 4, 6, 7, 5, 6, 8, 9, 7, 8, 10, 11, 9, 10, 12, 13, 11, 12, 14, 15, 13, 14, 16, 17, 15, 16, 18, 19, 17, 18, 20, 21, 19, 20, 22, 23, 21, 22, 24, 25, 23, 24, 26, 27, 25, 26, 28, 29, 27, 28, 30, 31, 29, 30, 32, 33, 31, 32, 34, 35, 33, 34, 36, 37, 35, 36, 38, 39, 37, 38, 40, 41, 39, 40, 42, 43, 41, 42, 44, 45, 43, 44, 46, 47, 45, 46, 0, 3, 47, 3, 2, 48, 49, 2, 5, 50, 48, 5, 7, 51, 50, 7, 9, 52, 51, 9, 11, 53, 52, 11, 13, 54, 53, 13, 15, 55, 54, 15, 17, 56, 55, 17, 19, 57, 56, 19, 21, 58, 57, 21, 23, 59, 58, 23, 25, 60, 59, 25, 27, 61, 60, 27, 29, 62, 61, 29, 31, 63, 62, 31, 33, 64, 63, 33, 35, 65, 64, 35, 37, 66, 65, 37, 39, 67, 66, 39, 41, 68, 67, 41, 43, 69, 68, 43, 45, 70, 69, 45, 47, 71, 70, 47, 3, 49, 71, 49, 48, 72, 73, 48, 50, 74, 72, 50, 51, 75, 74, 51, 52, 76, 75, 52, 53, 77, 76, 53, 54, 78, 77, 54, 55, 79, 78, 55, 56, 80, 79, 56, 57, 81, 80, 57, 58, 82, 81, 58, 59, 83, 82, 59, 60, 84, 83, 60, 61, 85, 84, 61, 62, 86, 85, 62, 63, 87, 86, 63, 64, 88, 87, 64, 65, 89, 88, 65, 66, 90, 89, 66, 67, 91, 90, 67, 68, 92, 91, 68, 69, 93, 92, 69, 70, 94, 93, 70, 71, 95, 94, 71, 49, 73, 95, 73, 72, 96, 97, 72, 74, 98, 96, 74, 75, 99, 98, 75, 76, 100, 99, 76, 77, 101, 100, 77, 78, 102, 101, 78, 79, 103, 102, 79, 80, 104, 103, 80, 81, 105, 104, 81, 82, 106, 105, 82, 83, 107, 106, 83, 84, 108, 107, 84, 85, 109, 108, 85, 86, 110, 109, 86, 87, 111, 110, 87, 88, 112, 111, 88, 89, 113, 112, 89, 90, 114, 113, 90, 91, 115, 114, 91, 92, 116, 115, 92, 93, 117, 116, 93, 94, 118, 117, 94, 95, 119, 118, 95, 73, 97, 119, 97, 96, 120, 121, 96, 98, 122, 120, 98, 99, 123, 122, 99, 100, 124, 123, 100, 101, 125, 124, 101, 102, 126, 125, 102, 103, 127, 126, 103, 104, 128, 127, 104, 105, 129, 128, 105, 106, 130, 129, 106, 107, 131, 130, 107, 108, 132, 131, 108, 109, 133, 132, 109, 110, 134, 133, 110, 111, 135, 134, 111, 112, 136, 135, 112, 113, 137, 136, 113, 114, 138, 137, 114, 115, 139, 138, 115, 116, 140, 139, 116, 117, 141, 140, 117, 118, 142, 141, 118, 119, 143, 142, 119, 97, 121, 143, 121, 120, 144, 145, 120, 122, 146, 144, 122, 123, 147, 146, 123, 124, 148, 147, 124, 125, 149, 148, 125, 126, 150, 149, 126, 127, 151, 150, 127, 128, 152, 151, 128, 129, 153, 152, 129, 130, 154, 153, 130, 131, 155, 154, 131, 132, 156, 155, 132, 133, 157, 156, 133, 134, 158, 157, 134, 135, 159, 158, 135, 136, 160, 159, 136, 137, 161, 160, 137, 138, 162, 161, 138, 139, 163, 162, 139, 140, 164, 163, 140, 141, 165, 164, 141, 142, 166, 165, 142, 143, 167, 166, 143, 121, 145, 167, 145, 144, 168, 169, 144, 146, 170, 168, 146, 147, 171, 170, 147, 148, 172, 171, 148, 149, 173, 172, 149, 150, 174, 173, 150, 151, 175, 174, 151, 152, 176, 175, 152, 153, 177, 176, 153, 154, 178, 177, 154, 155, 179, 178, 155, 156, 180, 179, 156, 157, 181, 180, 157, 158, 182, 181, 158, 159, 183, 182, 159, 160, 184, 183, 160, 161, 185, 184, 161, 162, 186, 185, 162, 163, 187, 186, 163, 164, 188, 187, 164, 165, 189, 188, 165, 166, 190, 189, 166, 167, 191, 190, 167, 145, 169, 191, 169, 168, 192, 193, 168, 170, 194, 192, 170, 171, 195, 194, 171, 172, 196, 195, 172, 173, 197, 196, 173, 174, 198, 197, 174, 175, 199, 198, 175, 176, 200, 199, 176, 177, 201, 200, 177, 178, 202, 201, 178, 179, 203, 202, 179, 180, 204, 203, 180, 181, 205, 204, 181, 182, 206, 205, 182, 183, 207, 206, 183, 184, 208, 207, 184, 185, 209, 208, 185, 186, 210, 209, 186, 187, 211, 210, 187, 188, 212, 211, 188, 189, 213, 212, 189, 190, 214, 213, 190, 191, 215, 214, 191, 169, 193, 215, 193, 192, 216, 217, 192, 194, 218, 216, 194, 195, 219, 218, 195, 196, 220, 219, 196, 197, 221, 220, 197, 198, 222, 221, 198, 199, 223, 222, 199, 200, 224, 223, 200, 201, 225, 224, 201, 202, 226, 225, 202, 203, 227, 226, 203, 204, 228, 227, 204, 205, 229, 228, 205, 206, 230, 229, 206, 207, 231, 230, 207, 208, 232, 231, 208, 209, 233, 232, 209, 210, 234, 233, 210, 211, 235, 234, 211, 212, 236, 235, 212, 213, 237, 236, 213, 214, 238, 237, 214, 215, 239, 238, 215, 193, 217, 239, 217, 216, 240, 241, 216, 218, 242, 240, 218, 219, 243, 242, 219, 220, 244, 243, 220, 221, 245, 244, 221, 222, 246, 245, 222, 223, 247, 246, 223, 224, 248, 247, 224, 225, 249, 248, 225, 226, 250, 249, 226, 227, 251, 250, 227, 228, 252, 251, 228, 229, 253, 252, 229, 230, 254, 253, 230, 231, 255, 254, 231, 232, 256, 255, 232, 233, 257, 256, 233, 234, 258, 257, 234, 235, 259, 258, 235, 236, 260, 259, 236, 237, 261, 260, 237, 238, 262, 261, 238, 239, 263, 262, 239, 217, 241, 263, 241, 240, 264, 265, 240, 242, 266, 264, 242, 243, 267, 266, 243, 244, 268, 267, 244, 245, 269, 268, 245, 246, 270, 269, 246, 247, 271, 270, 247, 248, 272, 271, 248, 249, 273, 272, 249, 250, 274, 273, 250, 251, 275, 274, 251, 252, 276, 275, 252, 253, 277, 276, 253, 254, 278, 277, 254, 255, 279, 278, 255, 256, 280, 279, 256, 257, 281, 280, 257, 258, 282, 281, 258, 259, 283, 282, 259, 260, 284, 283, 260, 261, 285, 284, 261, 262, 286, 285, 262, 263, 287, 286, 263, 241, 265, 287, 265, 264, 288, 289, 264, 266, 290, 288, 266, 267, 291, 290, 267, 268, 292, 291, 268, 269, 293, 292, 269, 270, 294, 293, 270, 271, 295, 294, 271, 272, 296, 295, 272, 273, 297, 296, 273, 274, 298, 297, 274, 275, 299, 298, 275, 276, 300, 299, 276, 277, 301, 300, 277, 278, 302, 301, 278, 279, 303, 302, 279, 280, 304, 303, 280, 281, 305, 304, 281, 282, 306, 305, 282, 283, 307, 306, 283, 284, 308, 307, 284, 285, 309, 308, 285, 286, 310, 309, 286, 287, 311, 310, 287, 265, 289, 311, 289, 288, 312, 313, 288, 290, 314, 312, 290, 291, 315, 314, 291, 292, 316, 315, 292, 293, 317, 316, 293, 294, 318, 317, 294, 295, 319, 318, 295, 296, 320, 319, 296, 297, 321, 320, 297, 298, 322, 321, 298, 299, 323, 322, 299, 300, 324, 323, 300, 301, 325, 324, 301, 302, 326, 325, 302, 303, 327, 326, 303, 304, 328, 327, 304, 305, 329, 328, 305, 306, 330, 329, 306, 307, 331, 330, 307, 308, 332, 331, 308, 309, 333, 332, 309, 310, 334, 333, 310, 311, 335, 334, 311, 289, 313, 335, 313, 312, 577, 555, 312, 314, 576, 577, 314, 315, 575, 576, 315, 316, 574, 575, 316, 317, 573, 574, 317, 318, 572, 573, 318, 319, 571, 572, 319, 320, 570, 571, 320, 321, 569, 570, 321, 322, 568, 569, 322, 323, 567, 568, 323, 324, 566, 567, 324, 325, 565, 566, 325, 326, 564, 565, 326, 327, 563, 564, 327, 328, 562, 563, 328, 329, 561, 562, 329, 330, 560, 561, 330, 331, 559, 560, 331, 332, 558, 559, 332, 333, 557, 558, 333, 334, 556, 557, 334, 335, 554, 556, 335, 313, 555, 554, 337, 336, 360, 361, 336, 338, 362, 360, 338, 339, 363, 362, 339, 340, 364, 363, 340, 341, 365, 364, 341, 342, 366, 365, 342, 343, 367, 366, 343, 344, 368, 367, 344, 345, 369, 368, 345, 346, 370, 369, 346, 347, 371, 370, 347, 348, 372, 371, 348, 349, 373, 372, 349, 350, 374, 373, 350, 351, 375, 374, 351, 352, 376, 375, 352, 353, 377, 376, 353, 354, 378, 377, 354, 355, 379, 378, 355, 356, 380, 379, 356, 357, 381, 380, 357, 358, 382, 381, 358, 359, 383, 382, 359, 337, 361, 383, 361, 360, 384, 385, 360, 362, 386, 384, 362, 363, 387, 386, 363, 364, 388, 387, 364, 365, 389, 388, 365, 366, 390, 389, 366, 367, 391, 390, 367, 368, 392, 391, 368, 369, 393, 392, 369, 370, 394, 393, 370, 371, 395, 394, 371, 372, 396, 395, 372, 373, 397, 396, 373, 374, 398, 397, 374, 375, 399, 398, 375, 376, 400, 399, 376, 377, 401, 400, 377, 378, 402, 401, 378, 379, 403, 402, 379, 380, 404, 403, 380, 381, 405, 404, 381, 382, 406, 405, 382, 383, 407, 406, 383, 361, 385, 407, 385, 384, 408, 409, 384, 386, 410, 408, 386, 387, 411, 410, 387, 388, 412, 411, 388, 389, 413, 412, 389, 390, 414, 413, 390, 391, 415, 414, 391, 392, 416, 415, 392, 393, 417, 416, 393, 394, 418, 417, 394, 395, 419, 418, 395, 396, 420, 419, 396, 397, 421, 420, 397, 398, 422, 421, 398, 399, 423, 422, 399, 400, 424, 423, 400, 401, 425, 424, 401, 402, 426, 425, 402, 403, 427, 426, 403, 404, 428, 427, 404, 405, 429, 428, 405, 406, 430, 429, 406, 407, 431, 430, 407, 385, 409, 431, 409, 408, 432, 433, 408, 410, 434, 432, 410, 411, 435, 434, 411, 412, 436, 435, 412, 413, 437, 436, 413, 414, 438, 437, 414, 415, 439, 438, 415, 416, 440, 439, 416, 417, 441, 440, 417, 418, 442, 441, 418, 419, 443, 442, 419, 420, 444, 443, 420, 421, 445, 444, 421, 422, 446, 445, 422, 423, 447, 446, 423, 424, 448, 447, 424, 425, 449, 448, 425, 426, 450, 449, 426, 427, 451, 450, 427, 428, 452, 451, 428, 429, 453, 452, 429, 430, 454, 453, 430, 431, 455, 454, 431, 409, 433, 455, 433, 432, 456, 457, 432, 434, 458, 456, 434, 435, 459, 458, 435, 436, 460, 459, 436, 437, 461, 460, 437, 438, 462, 461, 438, 439, 463, 462, 439, 440, 464, 463, 440, 441, 465, 464, 441, 442, 466, 465, 442, 443, 467, 466, 443, 444, 468, 467, 444, 445, 469, 468, 445, 446, 470, 469, 446, 447, 471, 470, 447, 448, 472, 471, 448, 449, 473, 472, 449, 450, 474, 473, 450, 451, 475, 474, 451, 452, 476, 475, 452, 453, 477, 476, 453, 454, 478, 477, 454, 455, 479, 478, 455, 433, 457, 479, 457, 456, 480, 481, 456, 458, 482, 480, 458, 459, 483, 482, 459, 460, 484, 483, 460, 461, 485, 484, 461, 462, 486, 485, 462, 463, 487, 486, 463, 464, 488, 487, 464, 465, 489, 488, 465, 466, 490, 489, 466, 467, 491, 490, 467, 468, 492, 491, 468, 469, 493, 492, 469, 470, 494, 493, 470, 471, 495, 494, 471, 472, 496, 495, 472, 473, 497, 496, 473, 474, 498, 497, 474, 475, 499, 498, 475, 476, 500, 499, 476, 477, 501, 500, 477, 478, 502, 501, 478, 479, 503, 502, 479, 457, 481, 503, 481, 480, 504, 505, 480, 482, 506, 504, 482, 483, 507, 506, 483, 484, 508, 507, 484, 485, 509, 508, 485, 486, 510, 509, 486, 487, 511, 510, 487, 488, 512, 511, 488, 489, 513, 512, 489, 490, 514, 513, 490, 491, 515, 514, 491, 492, 516, 515, 492, 493, 517, 516, 493, 494, 518, 517, 494, 495, 519, 518, 495, 496, 520, 519, 496, 497, 521, 520, 497, 498, 522, 521, 498, 499, 523, 522, 499, 500, 524, 523, 500, 501, 525, 524, 501, 502, 526, 525, 502, 503, 527, 526, 503, 481, 505, 527, 505, 504, 528, 529, 504, 506, 530, 528, 506, 507, 531, 530, 507, 508, 532, 531, 508, 509, 533, 532, 509, 510, 534, 533, 510, 511, 535, 534, 511, 512, 536, 535, 512, 513, 537, 536, 513, 514, 538, 537, 514, 515, 539, 538, 515, 516, 540, 539, 516, 517, 541, 540, 517, 518, 542, 541, 518, 519, 543, 542, 519, 520, 544, 543, 520, 521, 545, 544, 521, 522, 546, 545, 522, 523, 547, 546, 523, 524, 548, 547, 524, 525, 549, 548, 525, 526, 550, 549, 526, 527, 551, 550, 527, 505, 529, 551, 1, 0, 552, 4, 1, 552, 6, 4, 552, 8, 6, 552, 10, 8, 552, 12, 10, 552, 14, 12, 552, 16, 14, 552, 18, 16, 552, 20, 18, 552, 22, 20, 552, 24, 22, 552, 26, 24, 552, 28, 26, 552, 30, 28, 552, 32, 30, 552, 34, 32, 552, 36, 34, 552, 38, 36, 552, 40, 38, 552, 42, 40, 552, 44, 42, 552, 46, 44, 552, 0, 46, 552, 529, 528, 553, 528, 530, 553, 530, 531, 553, 531, 532, 553, 532, 533, 553, 533, 534, 553, 534, 535, 553, 535, 536, 553, 536, 537, 553, 537, 538, 553, 538, 539, 553, 539, 540, 553, 540, 541, 553, 541, 542, 553, 542, 543, 553, 543, 544, 553, 544, 545, 553, 545, 546, 553, 546, 547, 553, 547, 548, 553, 548, 549, 553, 549, 550, 553, 550, 551, 553, 551, 529, 553]
                bool shadow:enable = 1
                uniform token subdivisionScheme = "catmullClark"
                float3 xformOp:rotateXYZ = (90, 0, 0)
                uniform token[] xformOpOrder = ["xformOp:rotateXYZ"]
            }

            def Scope "Looks"
            {
                def Material "standardSurface2"
                {
                    token outputs:mdl:surface.connect = </Root/Material_Standin/materialBall_projectedUnfold_02/Looks/standardSurface2/Shader.outputs:out>

                    def Shader "Shader" (
                        kind = "Material"
                    )
                    {
                        uniform token info:implementationSource = "sourceAsset"
                        uniform asset info:mdl:sourceAsset = @OmniPBR.mdl@
                        uniform token info:mdl:sourceAsset:subIdentifier = "OmniPBR"
                        color3f inputs:diffuse_color_constant = (0.5, 0.5, 0.5)
                        color3f inputs:emissive_color = (1, 1, 1)
                        float inputs:emissive_intensity = 0
                        float inputs:enable_emission = 0
                        bool inputs:enable_opacity = 0
                        bool inputs:enable_opacity_texture = 0
                        float inputs:metallic_constant = 0
                        float inputs:metallic_texture_influence = 0
                        float inputs:opacity_constant = 0
                        float inputs:reflection_roughness_constant = 0
                        float inputs:reflection_roughness_texture_influence = 0
                        token outputs:out
                    }
                }
            }
        }
    }
}

def Xform "Lights"
{
    float3 xformOp:rotateXYZ = (0, 0, 0)
    float3 xformOp:scale = (1, 1, 1)
    double3 xformOp:translate = (0, 0, 0)
    uniform token[] xformOpOrder = ["xformOp:translate", "xformOp:rotateXYZ", "xformOp:scale"]

    def DomeLight "domeLight" (
        apiSchemas = ["ShapingAPI"]
        kind = "model"
    )
    {
        float exposure = 1
        float intensity = 150
        float shaping:cone:angle = 180
        float shaping:cone:softness
        float shaping:focus = 0
        color3f shaping:focusTint = (0, 0, 0)
        asset shaping:ies:file
        float specular = 1
        asset texture:file = @./photo_studio_01_4k.hdr@
        token texture:format = "latlong"
        token visibility = "inherited"
        bool visibleInPrimaryRay = 0
        float3 xformOp:rotateXYZ = (0, 0, -197)
        float3 xformOp:scale = (1, 1, 1.0014275)
        double3 xformOp:translate = (0, 0, 0)
        uniform token[] xformOpOrder = ["xformOp:translate", "xformOp:rotateXYZ", "xformOp:scale"]
    }

    def RectLight "Fill_Light" (
        apiSchemas = ["ShapingAPI", "ShadowAPI"]
    )
    {
        color3f color = (1, 1, 1)
        float colorTemperature = 6500
        float diffuse = 1
        bool enableColorTemperature = 0
        float exposure = 6.1
        float height = 1
        float intensity = 248.2
        bool normalize = 1
        float specular = 1
        token visibility = "inherited"
        bool visibleInPrimaryRay = 0
        float3 xformOp:rotateXYZ = (18.109089, -63.894596, -89.22844)
        float3 xformOp:scale = (89.53079, 89.53079, 11.754513)
        double3 xformOp:translate = (-79.992349, 269.504964, 101.455073)
        uniform token[] xformOpOrder = ["xformOp:translate", "xformOp:rotateXYZ", "xformOp:scale"]
    }

    def RectLight "Rim_Light" (
        apiSchemas = ["ShapingAPI", "ShadowAPI"]
    )
    {
        color3f color = (1, 1, 1)
        float colorTemperature = 6500
        float diffuse = 1
        bool enableColorTemperature = 0
        float exposure = 5
        float intensity = 250
        bool normalize = 1
        float specular = 1
        token visibility = "inherited"
        bool visibleInPrimaryRay = 0
        float3 xformOp:rotateXYZ = (-2.1621063, -50.604958, 95)
        float3 xformOp:scale = (511.5, 141.37971, 250)
        double3 xformOp:translate = (182, -182, 166)
        uniform token[] xformOpOrder = ["xformOp:translate", "xformOp:rotateXYZ", "xformOp:scale"]
    }

    def RectLight "Under_Light" (
        apiSchemas = ["ShapingAPI", "ShadowAPI"]
    )
    {
        color3f color = (1, 1, 1)
        float colorTemperature = 6500
        float diffuse = 1
        bool enableColorTemperature = 0
        float exposure = 2.1000001
        float intensity = 250
        bool normalize = 1
        float shadow:falloffGamma = 1
        float specular = 1
        token visibility = "inherited"
        bool visibleInPrimaryRay = 1
        float3 xformOp:rotateXYZ = (180.15729, -20.183765, -104.495674)
        float3 xformOp:scale = (1811.5281, 254, 254)
        double3 xformOp:translate = (-7, -100, -655.732475)
        uniform token[] xformOpOrder = ["xformOp:translate", "xformOp:rotateXYZ", "xformOp:scale"]
    }
}

