#usda 1.0
(
    customLayerData = {
        dictionary cameraSettings = {
            dictionary Front = {
                double3 position = (0, 0, 500)
                double radius = 500
            }
            dictionary Perspective = {
                double3 position = (648.5873189503402, 648.5873154038243, 648.5873189503402)
                double3 target = (-0.000003978038307650422, 0.000007956077524795546, -0.000003978037966589909)
            }
            dictionary Right = {
                double3 position = (-500, 0, 0)
                double radius = 500
            }
            dictionary Top = {
                double3 position = (0, 500, 0)
                double radius = 500
            }
            string boundCamera = "/OmniverseKit_Persp"
        }
        dictionary navmeshSettings = {
            double agentHeight = 180
            double agentRadius = 10
            bool excludeRigidBodies = 1
            int ver = 1
            double voxelCeiling = 460
        }
        dictionary omni_layer = {
            string authoring_layer = "./maxDataVolumePartial.usd"
            dictionary muteness = {
            }
        }
        dictionary renderSettings = {
            float3 "rtx:debugView:pixelDebug:textColor" = (0, 1e18, 0)
            float3 "rtx:post:backgroundZeroAlpha:backgroundDefaultColor" = (0, 0, 0)
            float3 "rtx:post:colorcorr:contrast" = (1, 1, 1)
            float3 "rtx:post:colorcorr:gain" = (1, 1, 1)
            float3 "rtx:post:colorcorr:gamma" = (1, 1, 1)
            float3 "rtx:post:colorcorr:offset" = (0, 0, 0)
            float3 "rtx:post:colorcorr:saturation" = (1, 1, 1)
            float3 "rtx:post:colorgrad:blackpoint" = (0, 0, 0)
            float3 "rtx:post:colorgrad:contrast" = (1, 1, 1)
            float3 "rtx:post:colorgrad:gain" = (1, 1, 1)
            float3 "rtx:post:colorgrad:gamma" = (1, 1, 1)
            float3 "rtx:post:colorgrad:lift" = (0, 0, 0)
            float3 "rtx:post:colorgrad:multiply" = (1, 1, 1)
            float3 "rtx:post:colorgrad:offset" = (0, 0, 0)
            float3 "rtx:post:colorgrad:whitepoint" = (1, 1, 1)
            float3 "rtx:post:lensDistortion:lensFocalLengthArray" = (10, 30, 50)
            float3 "rtx:post:lensFlares:anisoFlareFalloffX" = (450, 475, 500)
            float3 "rtx:post:lensFlares:anisoFlareFalloffY" = (10, 10, 10)
            float3 "rtx:post:lensFlares:cutoffPoint" = (2, 2, 2)
            float3 "rtx:post:lensFlares:haloFlareFalloff" = (10, 10, 10)
            float3 "rtx:post:lensFlares:haloFlareRadius" = (75, 75, 75)
            float3 "rtx:post:lensFlares:isotropicFlareFalloff" = (50, 50, 50)
            float3 "rtx:post:tonemap:whitepoint" = (1, 1, 1)
            float3 "rtx:raytracing:inscattering:singleScatteringAlbedo" = (0.9, 0.9, 0.9)
            float3 "rtx:raytracing:inscattering:transmittanceColor" = (0.5, 0.5, 0.5)
        }
    }
    doc = """Generated from Composed Stage of root layer 
"""
    endTimeCode = 1
    framesPerSecond = 24
    metersPerUnit = 1
    startTimeCode = 1
    timeCodesPerSecond = 24
    upAxis = "Y"
)

def Xform "World"
{
    def Xform "Geometry"
    {
        def Scope "Prototypes"
        {
            token visibility = "invisible"

            def Xform "Base"
            {
                def Mesh "Mesh_3"
                {
                    float3[] extent = [(-0.00074660836, -1.3812666, -0.0044252677), (10.000592, 1.348178, 10.000207)]
                    int[] faceVertexCounts = [3, 3, 3, 3, 3, 3, 3, 3, 3, 3, 3, 3, 3, 3, 3, 3, 3, 3, 3, 3, 3, 3, 3, 3, 3, 3, 3, 3, 3, 3, 3, 3, 3, 3, 3, 3, 3, 3, 3, 3, 3, 3, 3, 3, 3, 3, 3, 3, 3, 3, 3, 3, 3, 3, 3, 3, 3, 3, 3, 3, 3, 3, 3, 3, 3, 3, 3, 3, 3, 3, 3, 3, 3, 3, 3, 3, 3, 3, 3, 3, 3, 3, 3, 3, 3, 3, 3, 3, 3, 3, 3, 3, 3, 3, 3, 3, 3, 3, 3, 3, 3, 3, 3, 3, 3, 3, 3, 3, 3, 3, 3, 3, 3, 3, 3, 3, 3, 3, 3, 3, 3, 3, 3, 3, 3, 3, 3, 3, 3, 3, 3, 3, 3, 3, 3]
                    int[] faceVertexIndices = [0, 1, 2, 3, 4, 5, 6, 7, 3, 8, 7, 6, 8, 9, 7, 5, 4, 10, 4, 3, 7, 11, 12, 13, 0, 10, 14, 15, 16, 17, 18, 2, 1, 4, 14, 10, 9, 13, 7, 9, 11, 13, 12, 19, 13, 12, 20, 19, 0, 14, 1, 20, 21, 22, 17, 23, 15, 22, 19, 20, 18, 24, 17, 1, 24, 18, 7, 25, 4, 23, 17, 24, 22, 26, 19, 27, 23, 24, 13, 28, 7, 27, 24, 29, 28, 13, 30, 1, 14, 31, 7, 28, 25, 4, 25, 32, 14, 4, 31, 1, 31, 24, 26, 33, 19, 4, 34, 31, 4, 32, 34, 19, 35, 13, 24, 36, 29, 28, 30, 25, 30, 13, 35, 19, 37, 35, 19, 33, 37, 32, 25, 30, 36, 24, 38, 24, 31, 39, 32, 30, 40, 32, 41, 34, 42, 37, 33, 38, 24, 43, 34, 44, 31, 41, 32, 40, 42, 45, 37, 41, 44, 34, 40, 30, 35, 24, 39, 43, 43, 39, 46, 31, 47, 39, 45, 48, 37, 40, 35, 41, 35, 37, 49, 48, 49, 37, 44, 47, 31, 46, 39, 50, 41, 35, 51, 35, 49, 51, 52, 51, 49, 39, 53, 50, 41, 51, 54, 54, 44, 41, 52, 55, 51, 53, 39, 56, 39, 57, 56, 51, 55, 58, 47, 59, 39, 47, 44, 59, 54, 59, 44, 39, 59, 57, 60, 58, 55, 55, 61, 60, 56, 57, 62, 63, 59, 54, 51, 58, 64, 60, 65, 58, 62, 57, 66, 59, 63, 57, 54, 67, 63, 58, 65, 68, 64, 54, 51, 64, 67, 54, 58, 68, 69, 66, 57, 70, 71, 70, 57, 72, 63, 67, 67, 73, 72, 67, 64, 73, 58, 69, 74, 71, 57, 63, 64, 58, 75, 70, 71, 76, 76, 71, 77, 58, 74, 75, 78, 74, 69, 79, 77, 71, 74, 78, 80, 74, 80, 81, 80, 82, 81, 71, 63, 83, 82, 84, 81, 83, 63, 85, 73, 86, 72, 64, 75, 87, 84, 88, 81, 63, 72, 89, 63, 89, 85, 64, 90, 73, 75, 91, 87, 92, 75, 74, 92, 74, 93, 81, 93, 74, 71, 94, 79, 95, 71, 83, 73, 90, 86, 64, 87, 96, 91, 75, 97, 88, 98, 81, 79, 94, 99, 89, 72, 100, 101, 90, 64, 75, 102, 97, 79, 99, 103, 71, 95, 94, 72, 86, 100, 96, 101, 64, 75, 92, 102]
                    uniform token orientation = "leftHanded"
                    point3f[] points = [(2.8943965, -0.34084094, 0.0027933456), (1.8552501, 0.32608774, 0.7658776), (2.2979782, -0.21123311, 0.0008774642), (5.549406, -0.61758476, -0.000025660082), (4.2861977, 0.6111545, 1.1882676), (4.8450885, -0.31858498, 0.0008828862), (6.1088567, -0.59070164, 0.0010576145), (6.1641645, -0.126713, 0.6369208), (6.4923353, -0.37560493, 0.00049446686), (7.090108, -0.30016994, 0.001911814), (3.8884335, -0.22729632, 0.00032808044), (7.9327054, 0.026152628, 0.00045602783), (8.887859, 0.03203948, 0.0007945308), (8.013441, 0.27973345, 0.8550754), (3.0180473, 0.5254889, 0.8971376), (0.00001057233, 0.29951736, 0.3654708), (0.00036419905, -0.02600508, -0.0044252677), (0.67390877, -0.16641131, 0.0006273171), (1.4092294, -0.23169188, -0.00026471246), (9.053648, 0.5825587, 1.8117192), (9.532316, 0.4498498, 0.00017752318), (9.99824, 0.5091095, 0.061147723), (9.999879, 0.31378645, 0.6908857), (0.000294897, 0.5484, 0.7525085), (0.91933393, 1.1508236, 1.8563362), (5.6901364, 0.87855965, 1.5415351), (9.999911, 0.44232926, 1.3805523), (-0.00033322634, 0.97657865, 1.2524095), (6.531583, 0.60427475, 1.565258), (0.00033318903, 0.7904561, 1.7498404), (6.846838, 0.27131203, 2.2173436), (2.3783004, 1.2357157, 2.2087762), (4.962761, 0.76007265, 2.36267), (9.999258, 1.2718464, 2.333364), (3.5008845, 0.23054777, 2.5995264), (7.558619, 0.28244686, 3.4428), (0.00004999658, 1.3209214, 2.4234085), (9.087664, 1.0683389, 2.8367007), (-0.00008982531, 1.0658573, 3.0256326), (1.1619868, 0.77176887, 4.243704), (5.5680013, 1.348178, 3.4338677), (4.796837, 1.2362864, 4.2278423), (10.00001, 1.0262262, 2.9119048), (0.00005206988, 0.7623755, 3.325766), (3.593932, 0.7705062, 4.49798), (9.99976, 0.53716874, 3.364431), (-0.0000029535374, 0.7585327, 3.9362178), (2.4363434, 1.2213511, 4.642625), (9.999062, 0.41622767, 3.7688012), (9.997211, 0.5305753, 4.1767554), (-0.00002489864, 1.0252103, 4.5140305), (7.130494, -1.3812666, 5.1997757), (10.000305, 0.21414861, 4.652356), (0.00004942083, 1.1326565, 4.9090033), (4.9347773, 0.4115234, 6.127354), (9.999035, -0.09885473, 5.228463), (-0.00074660836, 0.3579084, 6.029711), (1.3706224, -0.4905172, 6.907195), (8.963642, -0.0014859807, 7.008174), (3.028913, 0.18794109, 6.030603), (10.000581, 0.29463196, 6.3640304), (10.000098, -0.19514313, 5.744232), (0.000043713568, -0.16183603, 6.416344), (2.8666465, -0.76254433, 7.5822973), (6.902529, -0.3192306, 8.26561), (10.000027, 0.618925, 6.87531), (0.000033370787, -0.58461976, 7.019601), (4.9897323, 0.0117714, 7.344164), (9.997617, 0.8170502, 7.155068), (9.995385, 0.8667968, 7.6746993), (0.00005463851, -0.5580389, 7.9238954), (1.6189348, -0.65363085, 8.96309), (4.171208, 0.035686728, 8.589618), (4.982885, 0.6952391, 8.667858), (9.020889, 0.91649014, 8.641582), (7.88434, -0.31020004, 9.199286), (-0.00020935929, 0.00067761756, 8.9133005), (0.0004217218, 0.1352124, 9.355778), (9.998977, 0.80069447, 8.325907), (0.0034511162, 0.40133613, 9.726118), (9.999526, 1.1511991, 8.796258), (9.797138, 0.7015084, 9.997199), (10.000592, 0.87321174, 9.117289), (2.5347831, -0.7184808, 9.9984665), (9.999235, 0.990058, 9.307717), (2.888453, -0.68268126, 9.999639), (4.5169067, 0.14857554, 9.999828), (6.7376456, -0.14023787, 9.998619), (9.997016, 1.0051557, 9.634751), (3.3549628, -0.40326142, 9.999194), (5.1062355, 0.35834163, 9.999572), (7.2815437, 0.010874761, 10.000207), (8.886041, 0.4181061, 9.99802), (9.190625, 0.37871298, 9.99969), (1.3315306, -0.7188837, 10.000146), (1.9813026, -0.90666145, 9.999916), (6.1606593, -0.078209914, 10.000027), (8.084097, 0.015738236, 9.999919), (9.999322, 0.76716125, 9.958075), (0.6461925, -0.18122016, 9.999994), (3.7479675, -0.3708659, 10.000072), (5.73463, 0.29394633, 9.999717), (8.629975, 0.13828777, 10.000178), (0.02161542, 0.35039085, 10.000113)] (
                        interpolation = "vertex"
                    )
                    uniform token subdivisionScheme = "none"
                }

                def Mesh "Mesh_2"
                {
                    float3[] extent = [(-0.00027717845, -1.131625, -10.00058), (10.004538, 1.4215744, 0.00021584799)]
                    int[] faceVertexCounts = [3, 3, 3, 3, 3, 3, 3, 3, 3, 3, 3, 3, 3, 3, 3, 3, 3, 3, 3, 3, 3, 3, 3, 3, 3, 3, 3, 3, 3, 3, 3, 3, 3, 3, 3, 3, 3, 3, 3, 3, 3, 3, 3, 3, 3, 3, 3, 3, 3, 3, 3, 3, 3, 3, 3, 3, 3, 3, 3, 3, 3, 3, 3, 3, 3, 3, 3, 3, 3, 3, 3, 3, 3, 3, 3, 3, 3, 3, 3, 3, 3, 3, 3, 3, 3, 3, 3, 3, 3, 3, 3, 3, 3, 3, 3, 3, 3, 3, 3, 3, 3, 3, 3, 3, 3, 3, 3, 3, 3, 3, 3, 3, 3, 3, 3, 3, 3, 3, 3, 3, 3, 3, 3, 3, 3, 3, 3, 3, 3, 3, 3, 3, 3, 3, 3, 3, 3, 3]
                    int[] faceVertexIndices = [0, 1, 2, 3, 4, 5, 4, 6, 5, 6, 7, 8, 9, 10, 11, 12, 13, 14, 14, 3, 5, 6, 8, 15, 16, 8, 7, 16, 17, 8, 18, 19, 20, 21, 1, 22, 1, 0, 13, 14, 5, 12, 6, 15, 5, 11, 23, 9, 19, 21, 20, 1, 13, 22, 17, 23, 8, 17, 24, 23, 9, 23, 24, 21, 22, 25, 22, 13, 26, 11, 27, 23, 21, 25, 20, 13, 12, 26, 27, 28, 23, 25, 22, 29, 22, 26, 30, 15, 31, 5, 32, 8, 23, 22, 30, 29, 5, 26, 12, 32, 23, 33, 28, 34, 23, 31, 15, 35, 15, 8, 32, 29, 36, 25, 30, 37, 29, 31, 38, 5, 26, 5, 30, 32, 35, 15, 30, 5, 38, 32, 33, 39, 23, 34, 40, 36, 29, 37, 31, 35, 38, 25, 36, 41, 35, 32, 42, 23, 40, 43, 41, 36, 44, 23, 43, 33, 38, 37, 30, 39, 45, 32, 33, 43, 46, 36, 47, 44, 38, 35, 48, 36, 37, 49, 35, 42, 48, 42, 32, 50, 33, 45, 39, 37, 38, 48, 33, 46, 45, 32, 45, 50, 36, 51, 47, 37, 48, 52, 45, 46, 53, 52, 48, 54, 48, 42, 54, 49, 51, 36, 46, 55, 53, 50, 56, 42, 57, 53, 55, 49, 37, 58, 37, 52, 58, 50, 45, 56, 49, 58, 51, 57, 59, 53, 56, 54, 42, 56, 45, 60, 45, 53, 60, 51, 58, 61, 62, 52, 54, 53, 59, 63, 56, 60, 64, 60, 53, 65, 52, 66, 58, 54, 56, 62, 58, 67, 61, 64, 62, 56, 62, 68, 52, 63, 69, 53, 58, 66, 67, 66, 52, 68, 69, 70, 53, 60, 65, 71, 61, 72, 73, 61, 67, 72, 67, 66, 72, 65, 53, 71, 53, 70, 71, 64, 60, 74, 60, 71, 74, 70, 75, 71, 71, 75, 76, 73, 72, 77, 68, 78, 66, 62, 78, 68, 62, 64, 74, 77, 79, 80, 77, 72, 79, 76, 81, 71, 72, 66, 79, 81, 82, 71, 74, 78, 62, 82, 74, 71, 83, 82, 81, 74, 84, 78, 80, 79, 85, 66, 78, 79, 86, 84, 74, 74, 82, 87, 74, 87, 88, 78, 89, 90, 84, 89, 78, 82, 91, 87, 83, 92, 82, 90, 93, 78, 94, 85, 79, 95, 96, 79, 79, 78, 95, 78, 93, 95, 74, 88, 86, 82, 92, 97, 82, 97, 91, 98, 85, 99, 94, 99, 85, 79, 96, 94]
                    uniform token orientation = "leftHanded"
                    point3f[] points = [(2.7583492, 1.0962907, -9.999616), (1.9640596, 0.6737012, -9.999759), (2.3292115, 1.1214632, -10.00058), (4.6342535, 0.13572413, -9.999863), (5.604427, -0.3069892, -10), (4.5997186, 0.89573187, -8.48553), (6.556837, 0.116695374, -9.999257), (6.992344, -0.06539539, -9.999873), (6.8920774, 0.37527648, -9.146613), (9.083476, -0.6367808, -9.99988), (9.771715, -0.37492302, -10.000342), (10.001207, -0.50230694, -9.982504), (3.8947072, 0.9939292, -9.061935), (3.147575, 0.95046914, -9.996039), (3.5916953, 1.0459424, -9.999621), (6.2273464, 1.020487, -8.584788), (7.3343277, -0.002357599, -10.000165), (7.9127016, -0.24274597, -9.999914), (0.0010770396, -1.131625, -9.99856), (0.64121056, -0.7454107, -10.000193), (0.0011309874, -1.1306096, -8.971585), (1.2104007, -0.44384998, -9.999938), (1.8108432, 0.0049735573, -9.193383), (8.801111, -1.1189419, -8.567703), (8.471359, -0.59977174, -9.999316), (0.0024950923, -0.9239112, -8.057134), (3.0485122, 1.2601576, -8.327549), (10.0000515, -0.76770157, -9.557916), (10.00012, -0.89071566, -8.511646), (1.5430222, 0.20193078, -7.6943774), (2.8064504, 0.64842993, -7.172941), (5.1427584, 1.2765179, -8.045158), (7.183857, 1.4215744, -6.6583514), (9.027691, 0.6831764, -6.5723987), (10.000082, -0.7042042, -7.8367543), (5.6617794, 0.03283201, -6.8199205), (0.9246491, -0.0072204336, -6.232078), (2.664653, 0.027789779, -5.8937745), (4.0329914, 1.2453492, -6.68167), (8.171457, 0.80212784, -6.32109), (9.999631, -0.09829389, -6.9828153), (0.00011323037, -0.48974088, -6.929484), (5.6019464, 0.17006671, -5.400031), (9.999802, 0.62080246, -6.406232), (-0.00027717845, -0.37186474, -6.292745), (7.905797, 0.7523402, -5.236907), (9.998449, 0.4171405, -5.8655257), (0.00006401227, -0.6446728, -5.718661), (4.1306615, -0.0673465, -5.354119), (1.4527597, 0.76774883, -5.12021), (6.6191115, 1.1537616, -5.151418), (0.00091307604, -0.4706481, -4.604914), (3.424885, 0.3586958, -4.0524445), (9.181076, 1.0161483, -3.8461714), (4.502193, -0.54476255, -4.273304), (9.999611, 0.45992368, -5.108479), (5.937324, 0.038023014, -4.0916204), (10.00004, 0.503979, -4.701283), (1.9849557, 0.8534905, -4.02859), (9.99971, 0.74868256, -4.121224), (7.691059, 0.07158081, -3.4895744), (0.0010406472, -0.106621176, -3.2557652), (4.9499397, 0.069397695, -2.8588622), (9.99954, 0.9085353, -3.6136682), (6.164506, 0.10650249, -2.5460522), (8.560573, 1.2696545, -3.2410448), (2.4442487, -0.19864294, -2.4508739), (1.7964007, 0.24453972, -3.0013442), (3.587544, 0.47710395, -2.8900058), (9.999997, 1.099967, -3.3341546), (9.997488, 0.9423328, -2.8984585), (8.54398, 0.3270415, -1.7002652), (1.1044073, 0.07610664, -1.982446), (0.0000127207, -0.32245547, -2.6764872), (6.301271, -0.77474153, -1.3483629), (10.00019, 0.70341295, -2.424567), (10.000196, 0.72881275, -1.735711), (0.0011318881, -0.24887337, -1.6291308), (3.9048283, -0.4352798, -0.99524045), (1.6160203, -0.34859902, -0.9226662), (0.00079791946, -0.3182843, -1.2557065), (9.999669, 0.5430709, -1.356473), (9.361356, 0.41880992, -0.69411236), (10.000167, 0.5647362, -0.6882416), (5.5253854, -0.6019573, -0.00153797), (0.0009776165, -0.24742691, -0.63289326), (6.111553, -0.5637177, -0.00018780101), (7.965034, 0.02488713, -0.00012648953), (6.84445, -0.30969372, -0.00021343678), (4.9171567, -0.31691542, -0.00012581548), (4.4129605, -0.354038, -0.0010547836), (8.759693, -0.026042553, -0.000019544144), (10.004538, 0.6415813, -0.020929908), (3.9376602, -0.23551756, 0.00021584799), (1.414708, -0.23433705, 0.00005491659), (2.8705118, -0.32439744, 0.00018930956), (2.2710757, -0.2096417, -0.00004395064), (9.39195, 0.3675225, -0.000059904414), (0.0022855904, -0.03990526, -0.0034305558), (0.60907805, -0.16654019, -0.000015183145)] (
                        interpolation = "vertex"
                    )
                    uniform token subdivisionScheme = "none"
                }

                def Mesh "Mesh_0"
                {
                    float3[] extent = [(-10.00206, -1.691203, -10.000099), (0.0003972602, 1.8125514, 0.004959765)]
                    int[] faceVertexCounts = [3, 3, 3, 3, 3, 3, 3, 3, 3, 3, 3, 3, 3, 3, 3, 3, 3, 3, 3, 3, 3, 3, 3, 3, 3, 3, 3, 3, 3, 3, 3, 3, 3, 3, 3, 3, 3, 3, 3, 3, 3, 3, 3, 3, 3, 3, 3, 3, 3, 3, 3, 3, 3, 3, 3, 3, 3, 3, 3, 3, 3, 3, 3, 3, 3, 3, 3, 3, 3, 3, 3, 3, 3, 3, 3, 3, 3, 3, 3, 3, 3, 3, 3, 3, 3, 3, 3, 3, 3, 3, 3, 3, 3, 3, 3, 3, 3, 3]
                    int[] faceVertexIndices = [0, 1, 2, 0, 3, 4, 3, 5, 4, 5, 6, 7, 8, 9, 10, 11, 12, 9, 13, 14, 15, 16, 2, 1, 4, 1, 0, 11, 9, 8, 17, 18, 19, 9, 20, 10, 18, 14, 19, 5, 7, 4, 6, 20, 7, 12, 17, 19, 1, 4, 21, 21, 22, 1, 20, 9, 7, 19, 14, 23, 12, 19, 9, 1, 22, 24, 13, 25, 14, 7, 26, 4, 14, 25, 23, 26, 7, 9, 27, 24, 22, 9, 19, 26, 23, 25, 28, 29, 21, 4, 27, 22, 30, 4, 26, 31, 21, 32, 22, 26, 19, 33, 32, 34, 30, 30, 22, 32, 35, 36, 19, 31, 29, 4, 33, 31, 26, 35, 19, 23, 21, 29, 32, 33, 19, 36, 23, 28, 35, 32, 37, 34, 33, 36, 38, 39, 35, 28, 28, 40, 39, 37, 32, 41, 42, 41, 32, 42, 32, 29, 42, 29, 31, 39, 43, 35, 36, 35, 44, 36, 44, 38, 41, 42, 45, 38, 46, 33, 31, 33, 47, 47, 33, 46, 45, 42, 48, 35, 43, 49, 44, 35, 50, 35, 49, 50, 44, 51, 38, 46, 38, 51, 48, 42, 52, 44, 50, 51, 47, 42, 31, 53, 47, 46, 52, 54, 48, 51, 50, 55, 52, 42, 47, 47, 53, 52, 49, 56, 50, 50, 56, 57, 52, 58, 54, 55, 50, 59, 51, 53, 46, 58, 52, 60, 60, 52, 61, 51, 55, 62, 59, 62, 55, 52, 53, 63, 57, 64, 50, 61, 52, 65, 51, 62, 53, 61, 66, 60, 59, 50, 67, 68, 53, 62, 53, 69, 63, 67, 70, 59, 64, 67, 50, 66, 61, 71, 65, 72, 61, 73, 53, 68, 52, 63, 65, 69, 53, 74, 73, 74, 53, 62, 59, 70]
                    uniform token orientation = "leftHanded"
                    point3f[] points = [(-9.049906, -0.49202147, -9.999949), (-9.99872, 0.36926907, -9.032454), (-9.543219, -0.27327624, -9.999985), (-8.309603, -0.48925424, -10.000004), (-7.1204777, 0.016261257, -8.498981), (-7.3970346, 0.29389733, -9.999919), (-6.8825107, 0.25643107, -9.999268), (-6.4113073, 0.6244961, -8.890567), (-5.094887, 1.8125514, -10.000099), (-4.8157206, 0.8717174, -8.89243), (-5.4772816, 1.6316204, -9.999215), (-4.782157, 1.2893611, -9.999862), (-3.9678767, 0.6568336, -9.998886), (0.00012235975, -1.097938, -8.807033), (-0.9319989, -1.411448, -9.997782), (-0.00512517, -1.1244214, -9.999858), (-9.99986, -0.19308126, -9.979775), (-2.6864746, -0.64270717, -9.999943), (-1.65639, -1.2408261, -10.000015), (-3.2344122, -0.79618293, -7.6666484), (-6.033589, 0.7965264, -9.998835), (-8.250168, 1.4787289, -7.7345166), (-9.252794, 1.5364057, -7.938712), (-0.9688915, -0.90468216, -7.757146), (-10.00206, 0.70178825, -8.174141), (-0.000019122315, -0.8518864, -7.836686), (-4.9213424, 1.3254658, -7.489939), (-9.999372, 0.4952885, -7.642874), (-0.000947154, -0.48773888, -6.916671), (-7.8822613, 1.4293852, -6.2273483), (-9.999876, 0.6432832, -7.027577), (-6.5171685, -0.18371083, -5.9775596), (-9.139656, 0.08163952, -6.203966), (-5.384306, 0.19747107, -5.368073), (-9.999947, 0.093167864, -6.3616705), (-1.2826536, -1.0769709, -5.3489976), (-3.722286, -0.11824, -6.133447), (-9.999934, -0.3805464, -5.8656197), (-4.046102, -0.3988115, -5.2557626), (-0.00041820738, -0.6325576, -5.746745), (0.00029329245, -0.3729104, -6.3006673), (-10.000267, -0.6861183, -5.257105), (-8.411023, -0.20698734, -4.6610484), (0.000045661014, -0.49851295, -4.7247224), (-2.4524574, -0.09798113, -4.554067), (-10.000255, -1.3695823, -4.4188004), (-4.1529226, 1.0367978, -3.6523087), (-6.000788, -0.3902182, -3.984503), (-9.99946, -1.6068727, -3.7588623), (0.0003972602, -0.11004483, -3.287571), (-1.2914625, -0.3536366, -2.8851736), (-3.0802333, 0.33706325, -3.1153667), (-8.223735, -1.691203, -2.0050852), (-4.8613853, -0.99107575, -1.7742401), (-9.999939, -1.6350838, -2.561936), (-2.4487977, 0.34559944, -2.041343), (0.000020726588, -0.32575977, -2.6627777), (-0.0001444932, -0.2967661, -1.4025623), (-9.999925, -1.3113011, -1.6659088), (-1.3562057, 0.11065678, -1.2671137), (-9.999995, -1.0040818, -0.8868251), (-8.862473, -0.8374684, -0.000056493373), (-1.7336651, -0.07694651, -0.0012895463), (-6.3539, -1.4739083, -0.00048509648), (-0.00046355725, -0.22883804, -0.5210658), (-7.1957974, -1.4448305, -0.0014618724), (-10.001454, -0.36511785, -0.035709582), (-0.014177267, 0.02512797, 0.004959765), (-2.4165273, -0.20546341, -0.000021072918), (-5.311727, -1.1508042, 0.000002395322), (-1.0785443, 0.06516249, -0.000018093304), (-9.551274, -0.50196284, 0.000019477502), (-7.9265246, -1.0876433, -0.000004593857), (-3.3006623, -0.5869527, -0.000026094776), (-3.9247386, -0.6623031, -0.000008871536)] (
                        interpolation = "vertex"
                    )
                    uniform token subdivisionScheme = "none"
                }

                def Mesh "Mesh_1"
                {
                    float3[] extent = [(-10.001239, -1.5165114, -0.00037971576), (0.00030599034, 1.4009104, 10.000468)]
                    int[] faceVertexCounts = [3, 3, 3, 3, 3, 3, 3, 3, 3, 3, 3, 3, 3, 3, 3, 3, 3, 3, 3, 3, 3, 3, 3, 3, 3, 3, 3, 3, 3, 3, 3, 3, 3, 3, 3, 3, 3, 3, 3, 3, 3, 3, 3, 3, 3, 3, 3, 3, 3, 3, 3, 3, 3, 3, 3, 3, 3, 3, 3, 3, 3, 3, 3, 3, 3, 3, 3, 3, 3, 3, 3, 3, 3, 3, 3, 3, 3, 3, 3, 3, 3, 3, 3, 3, 3, 3, 3, 3, 3, 3, 3, 3, 3, 3, 3, 3, 3, 3, 3, 3, 3, 3, 3, 3, 3, 3, 3, 3, 3, 3, 3, 3]
                    int[] faceVertexIndices = [0, 1, 2, 0, 3, 4, 5, 6, 7, 8, 9, 10, 10, 9, 11, 12, 13, 14, 14, 15, 12, 4, 1, 0, 4, 3, 6, 7, 8, 5, 10, 11, 13, 11, 16, 13, 8, 10, 5, 16, 14, 13, 5, 4, 6, 13, 12, 17, 18, 1, 19, 13, 17, 20, 13, 20, 21, 19, 1, 4, 19, 4, 22, 4, 5, 23, 21, 24, 13, 4, 25, 22, 10, 26, 5, 13, 24, 27, 25, 4, 28, 24, 29, 27, 4, 23, 28, 23, 5, 30, 13, 27, 31, 10, 32, 26, 29, 33, 27, 13, 31, 10, 10, 31, 32, 31, 27, 34, 23, 35, 28, 27, 33, 34, 35, 23, 36, 28, 35, 37, 38, 36, 23, 30, 38, 23, 5, 26, 39, 39, 26, 32, 30, 40, 38, 34, 41, 31, 5, 40, 30, 32, 31, 42, 34, 43, 41, 36, 44, 35, 38, 45, 36, 44, 36, 45, 44, 45, 46, 41, 43, 47, 40, 5, 48, 45, 38, 49, 42, 31, 41, 39, 48, 5, 50, 46, 45, 50, 51, 46, 49, 38, 40, 47, 52, 41, 45, 49, 50, 40, 48, 53, 49, 40, 53, 39, 32, 42, 50, 54, 51, 42, 41, 55, 50, 49, 56, 39, 42, 48, 52, 57, 41, 49, 53, 56, 41, 57, 55, 48, 58, 53, 50, 59, 54, 59, 50, 60, 50, 56, 60, 42, 55, 61, 53, 58, 56, 55, 62, 61, 60, 56, 63, 61, 48, 42, 60, 63, 64, 56, 65, 63, 56, 66, 65, 56, 58, 66, 67, 68, 62, 58, 48, 61, 66, 69, 65, 58, 61, 66, 62, 68, 61, 70, 63, 65, 68, 67, 71, 70, 65, 72, 72, 65, 73, 69, 73, 65, 66, 74, 69, 61, 68, 75, 71, 76, 68, 75, 77, 61, 77, 75, 78, 79, 68, 76, 61, 80, 81, 61, 82, 80, 77, 83, 84, 77, 78, 83, 74, 66, 85, 66, 86, 85, 66, 61, 86, 86, 61, 81, 61, 77, 82, 79, 76, 87]
                    uniform token orientation = "leftHanded"
                    point3f[] points = [(-8.576203, -0.9058066, -0.00037971576), (-9.527224, -0.5154664, 0.007149644), (-9.115877, -0.7544043, 0.00014382685), (-7.847249, -1.1077986, 0.00022236438), (-9.11622, 0.52682847, 1.4854237), (-5.5845795, -0.8747413, 2.8297062), (-7.4022317, -1.351118, 0.0002675286), (-6.5671067, -1.5165114, -0.00006590116), (-5.1393642, -1.0849848, 0.000017358476), (-3.9248424, -0.657401, 0.000042045875), (-3.8630705, -0.6775026, 1.4244405), (-3.3722582, -0.6100214, -0.00007763196), (-0.0000727314, 0.29797858, 0.3687093), (-1.359001, 0.21161355, 1.5590525), (-0.79433286, 0.10413965, 0.00003138875), (-0.00011828118, -0.0063765505, 0.0005127035), (-1.9337195, -0.08940035, 0.000010715429), (-0.0038403873, 0.56892234, 0.63688475), (-9.999495, -0.3989656, 0.025862051), (-10.000029, 0.47088933, 1.1380721), (-0.00030925954, 0.56549937, 0.8906778), (-0.004435514, 0.95710063, 1.2429593), (-10.001239, 0.4191073, 1.6932119), (-8.191917, -0.36968207, 2.2986808), (0.00017348476, 0.7833532, 1.7393407), (-10.000152, 0.2882993, 2.231903), (-4.4274735, -0.33409622, 2.9214716), (-0.5181119, 1.4009104, 2.695588), (-9.99743, 0.47115567, 2.5392544), (-0.000050601873, 1.3161393, 2.4183578), (-6.881732, -0.039580896, 3.1043646), (-1.8383243, 0.11836078, 3.9044614), (-3.8819528, 0.012426106, 3.6227684), (0.0002456332, 1.0442704, 3.0295599), (-0.00095603144, 0.707585, 3.524309), (-9.998367, 0.44588733, 3.9232266), (-9.121323, 0.32526731, 4.146303), (-10.000343, 0.5434633, 3.1757424), (-7.6852994, 0.124275744, 4.086043), (-5.2595644, -0.19538657, 4.548328), (-6.9969153, 0.64014846, 5.3357415), (-1.0387834, 1.3436394, 5.5044885), (-3.1769397, -0.14826623, 5.952294), (0.000029974275, 0.8242304, 4.0807214), (-9.999104, 0.27480802, 4.4685087), (-9.042818, 1.256201, 5.0123715), (-9.999303, 0.38688928, 5.095911), (-0.000120678334, 1.1211319, 4.917401), (-5.4496984, 0.039542094, 6.244606), (-8.138512, 0.26081806, 5.8245344), (-9.138939, 0.9478817, 5.985649), (-9.999597, 0.53654546, 5.8840437), (0.00030599034, 0.36346146, 6.0281053), (-6.961801, 0.8135886, 6.416823), (-9.999783, 0.32964614, 6.2732472), (-0.0009739149, -0.5945043, 7.062473), (-8.209528, 1.1321791, 7.2075396), (-0.000021189844, -0.19566469, 6.4419317), (-6.317146, 0.12759632, 7.220769), (-10.000026, -0.063367836, 6.7303224), (-9.99931, -0.16234018, 7.3007197), (-3.2671583, -1.097742, 7.966015), (-0.00042910385, -0.6037597, 7.636227), (-9.99535, 0.007222817, 8.383708), (-10.000879, -0.06382115, 7.9393363), (-9.103094, 0.34471714, 8.643771), (-7.706025, -0.90790945, 8.659134), (0.00000767549, -0.36120105, 8.358003), (-0.8101375, 0.80844206, 9.9991865), (-9.187175, -0.96545434, 9.99893), (-9.999074, -0.10399173, 8.718787), (0.0001531393, 0.13622184, 9.300176), (-10.00005, -0.1227651, 9.088374), (-9.999552, -0.8670991, 9.992111), (-8.515007, -0.8532597, 9.999611), (-1.2180009, 0.71777374, 9.996216), (-0.0006791701, 0.39366466, 9.705791), (-2.8466666, 0.56828874, 9.993566), (-1.7033682, 0.7773198, 9.995028), (-0.3341531, 0.711339, 10.000468), (-4.564453, -0.7199208, 9.999356), (-5.144329, -1.1474189, 10.000011), (-3.550381, -0.2842394, 9.999954), (-2.339618, 0.73097503, 9.998213), (-2.6095967, 0.79028517, 9.999507), (-7.628775, -1.2940797, 9.999984), (-6.367797, -1.4490227, 10.000012), (-0.0018070202, 0.36999017, 9.999918)] (
                        interpolation = "vertex"
                    )
                    uniform token subdivisionScheme = "none"
                }
            }
        }

        def Xform "Area0"
        {
            vector3f[] primvars:P (
                interpolation = "constant"
            )
            vector3f[] primvars:P.timeSamples = {
                1: [(-200, 0, -200)],
            }
            matrix4d xformOp:transform:copytopoints1 = ( (1, 0, 0, 0), (0, 1, 0, 0), (0, 0, 1, 0), (-200, 0, -200, 1) )
            uniform token[] xformOpOrder = ["xformOp:transform:copytopoints1"]
        }

        def Xform "Area1"
        {
            vector3f[] primvars:P (
                interpolation = "constant"
            )
            vector3f[] primvars:P.timeSamples = {
                1: [(-178.94737, 0, -200)],
            }
            matrix4d xformOp:transform:copytopoints1 = ( (1, 0, 0, 0), (0, 1, 0, 0), (0, 0, 1, 0), (-178.94737243652344, 0, -200, 1) )
            uniform token[] xformOpOrder = ["xformOp:transform:copytopoints1"]
        }

        def Xform "Area2"
        {
            vector3f[] primvars:P (
                interpolation = "constant"
            )
            vector3f[] primvars:P.timeSamples = {
                1: [(-157.89474, 0, -200)],
            }
            matrix4d xformOp:transform:copytopoints1 = ( (1, 0, 0, 0), (0, 1, 0, 0), (0, 0, 1, 0), (-157.89474487304688, 0, -200, 1) )
            uniform token[] xformOpOrder = ["xformOp:transform:copytopoints1"]
        }

        def Xform "Area3"
        {
            vector3f[] primvars:P (
                interpolation = "constant"
            )
            vector3f[] primvars:P.timeSamples = {
                1: [(-136.8421, 0, -200)],
            }
            matrix4d xformOp:transform:copytopoints1 = ( (1, 0, 0, 0), (0, 1, 0, 0), (0, 0, 1, 0), (-136.84210205078125, 0, -200, 1) )
            uniform token[] xformOpOrder = ["xformOp:transform:copytopoints1"]
        }

        def Xform "Area4"
        {
            vector3f[] primvars:P (
                interpolation = "constant"
            )
            vector3f[] primvars:P.timeSamples = {
                1: [(-115.789474, 0, -200)],
            }
            matrix4d xformOp:transform:copytopoints1 = ( (1, 0, 0, 0), (0, 1, 0, 0), (0, 0, 1, 0), (-115.78947448730469, 0, -200, 1) )
            uniform token[] xformOpOrder = ["xformOp:transform:copytopoints1"]
        }

        def Xform "Area5"
        {
            vector3f[] primvars:P (
                interpolation = "constant"
            )
            vector3f[] primvars:P.timeSamples = {
                1: [(-94.73685, 0, -200)],
            }
            matrix4d xformOp:transform:copytopoints1 = ( (1, 0, 0, 0), (0, 1, 0, 0), (0, 0, 1, 0), (-94.73684692382812, 0, -200, 1) )
            uniform token[] xformOpOrder = ["xformOp:transform:copytopoints1"]
        }

        def Xform "Area6"
        {
            vector3f[] primvars:P (
                interpolation = "constant"
            )
            vector3f[] primvars:P.timeSamples = {
                1: [(-73.68421, 0, -200)],
            }
            matrix4d xformOp:transform:copytopoints1 = ( (1, 0, 0, 0), (0, 1, 0, 0), (0, 0, 1, 0), (-73.68421173095703, 0, -200, 1) )
            uniform token[] xformOpOrder = ["xformOp:transform:copytopoints1"]
        }

        def Xform "Area7"
        {
            vector3f[] primvars:P (
                interpolation = "constant"
            )
            vector3f[] primvars:P.timeSamples = {
                1: [(-52.631577, 0, -200)],
            }
            matrix4d xformOp:transform:copytopoints1 = ( (1, 0, 0, 0), (0, 1, 0, 0), (0, 0, 1, 0), (-52.63157653808594, 0, -200, 1) )
            uniform token[] xformOpOrder = ["xformOp:transform:copytopoints1"]
        }

        def Xform "Area8"
        {
            vector3f[] primvars:P (
                interpolation = "constant"
            )
            vector3f[] primvars:P.timeSamples = {
                1: [(-31.578949, 0, -200)],
            }
            matrix4d xformOp:transform:copytopoints1 = ( (1, 0, 0, 0), (0, 1, 0, 0), (0, 0, 1, 0), (-31.578948974609375, 0, -200, 1) )
            uniform token[] xformOpOrder = ["xformOp:transform:copytopoints1"]
        }

        def Xform "Area9"
        {
            vector3f[] primvars:P (
                interpolation = "constant"
            )
            vector3f[] primvars:P.timeSamples = {
                1: [(-10.526321, 0, -200)],
            }
            matrix4d xformOp:transform:copytopoints1 = ( (1, 0, 0, 0), (0, 1, 0, 0), (0, 0, 1, 0), (-10.526321411132812, 0, -200, 1) )
            uniform token[] xformOpOrder = ["xformOp:transform:copytopoints1"]
        }

        def Xform "Area10"
        {
            vector3f[] primvars:P (
                interpolation = "constant"
            )
            vector3f[] primvars:P.timeSamples = {
                1: [(10.526306, 0, -200)],
            }
            matrix4d xformOp:transform:copytopoints1 = ( (1, 0, 0, 0), (0, 1, 0, 0), (0, 0, 1, 0), (10.52630615234375, 0, -200, 1) )
            uniform token[] xformOpOrder = ["xformOp:transform:copytopoints1"]
        }

        def Xform "Area11"
        {
            vector3f[] primvars:P (
                interpolation = "constant"
            )
            vector3f[] primvars:P.timeSamples = {
                1: [(31.578949, 0, -200)],
            }
            matrix4d xformOp:transform:copytopoints1 = ( (1, 0, 0, 0), (0, 1, 0, 0), (0, 0, 1, 0), (31.578948974609375, 0, -200, 1) )
            uniform token[] xformOpOrder = ["xformOp:transform:copytopoints1"]
        }

        def Xform "Area12"
        {
            vector3f[] primvars:P (
                interpolation = "constant"
            )
            vector3f[] primvars:P.timeSamples = {
                1: [(52.631577, 0, -200)],
            }
            matrix4d xformOp:transform:copytopoints1 = ( (1, 0, 0, 0), (0, 1, 0, 0), (0, 0, 1, 0), (52.63157653808594, 0, -200, 1) )
            uniform token[] xformOpOrder = ["xformOp:transform:copytopoints1"]
        }

        def Xform "Area13"
        {
            vector3f[] primvars:P (
                interpolation = "constant"
            )
            vector3f[] primvars:P.timeSamples = {
                1: [(73.684204, 0, -200)],
            }
            matrix4d xformOp:transform:copytopoints1 = ( (1, 0, 0, 0), (0, 1, 0, 0), (0, 0, 1, 0), (73.6842041015625, 0, -200, 1) )
            uniform token[] xformOpOrder = ["xformOp:transform:copytopoints1"]
        }

        def Xform "Area14"
        {
            vector3f[] primvars:P (
                interpolation = "constant"
            )
            vector3f[] primvars:P.timeSamples = {
                1: [(94.73685, 0, -200)],
            }
            matrix4d xformOp:transform:copytopoints1 = ( (1, 0, 0, 0), (0, 1, 0, 0), (0, 0, 1, 0), (94.73684692382812, 0, -200, 1) )
            uniform token[] xformOpOrder = ["xformOp:transform:copytopoints1"]
        }

        def Xform "Area15"
        {
            vector3f[] primvars:P (
                interpolation = "constant"
            )
            vector3f[] primvars:P.timeSamples = {
                1: [(115.78946, 0, -200)],
            }
            matrix4d xformOp:transform:copytopoints1 = ( (1, 0, 0, 0), (0, 1, 0, 0), (0, 0, 1, 0), (115.78945922851562, 0, -200, 1) )
            uniform token[] xformOpOrder = ["xformOp:transform:copytopoints1"]
        }

        def Xform "Area16"
        {
            vector3f[] primvars:P (
                interpolation = "constant"
            )
            vector3f[] primvars:P.timeSamples = {
                1: [(136.8421, 0, -200)],
            }
            matrix4d xformOp:transform:copytopoints1 = ( (1, 0, 0, 0), (0, 1, 0, 0), (0, 0, 1, 0), (136.84210205078125, 0, -200, 1) )
            uniform token[] xformOpOrder = ["xformOp:transform:copytopoints1"]
        }

        def Xform "Area17"
        {
            vector3f[] primvars:P (
                interpolation = "constant"
            )
            vector3f[] primvars:P.timeSamples = {
                1: [(157.89474, 0, -200)],
            }
            matrix4d xformOp:transform:copytopoints1 = ( (1, 0, 0, 0), (0, 1, 0, 0), (0, 0, 1, 0), (157.89474487304688, 0, -200, 1) )
            uniform token[] xformOpOrder = ["xformOp:transform:copytopoints1"]
        }

        def Xform "Area18"
        {
            vector3f[] primvars:P (
                interpolation = "constant"
            )
            vector3f[] primvars:P.timeSamples = {
                1: [(178.94736, 0, -200)],
            }
            matrix4d xformOp:transform:copytopoints1 = ( (1, 0, 0, 0), (0, 1, 0, 0), (0, 0, 1, 0), (178.94735717773438, 0, -200, 1) )
            uniform token[] xformOpOrder = ["xformOp:transform:copytopoints1"]
        }

        def Xform "Area19"
        {
            vector3f[] primvars:P (
                interpolation = "constant"
            )
            vector3f[] primvars:P.timeSamples = {
                1: [(200, 0, -200)],
            }
            matrix4d xformOp:transform:copytopoints1 = ( (1, 0, 0, 0), (0, 1, 0, 0), (0, 0, 1, 0), (200, 0, -200, 1) )
            uniform token[] xformOpOrder = ["xformOp:transform:copytopoints1"]
        }

        def Xform "Area20"
        {
            vector3f[] primvars:P (
                interpolation = "constant"
            )
            vector3f[] primvars:P.timeSamples = {
                1: [(-200, 0, -178.94737)],
            }
            matrix4d xformOp:transform:copytopoints1 = ( (1, 0, 0, 0), (0, 1, 0, 0), (0, 0, 1, 0), (-200, 0, -178.94737243652344, 1) )
            uniform token[] xformOpOrder = ["xformOp:transform:copytopoints1"]
        }

        def Xform "Area21"
        {
            vector3f[] primvars:P (
                interpolation = "constant"
            )
            vector3f[] primvars:P.timeSamples = {
                1: [(-178.94737, 0, -178.94737)],
            }
            matrix4d xformOp:transform:copytopoints1 = ( (1, 0, 0, 0), (0, 1, 0, 0), (0, 0, 1, 0), (-178.94737243652344, 0, -178.94737243652344, 1) )
            uniform token[] xformOpOrder = ["xformOp:transform:copytopoints1"]
        }

        def Xform "Area22"
        {
            vector3f[] primvars:P (
                interpolation = "constant"
            )
            vector3f[] primvars:P.timeSamples = {
                1: [(-157.89474, 0, -178.94737)],
            }
            matrix4d xformOp:transform:copytopoints1 = ( (1, 0, 0, 0), (0, 1, 0, 0), (0, 0, 1, 0), (-157.89474487304688, 0, -178.94737243652344, 1) )
            uniform token[] xformOpOrder = ["xformOp:transform:copytopoints1"]
        }

        def Xform "Area23"
        {
            vector3f[] primvars:P (
                interpolation = "constant"
            )
            vector3f[] primvars:P.timeSamples = {
                1: [(-136.8421, 0, -178.94737)],
            }
            matrix4d xformOp:transform:copytopoints1 = ( (1, 0, 0, 0), (0, 1, 0, 0), (0, 0, 1, 0), (-136.84210205078125, 0, -178.94737243652344, 1) )
            uniform token[] xformOpOrder = ["xformOp:transform:copytopoints1"]
        }

        def Xform "Area24"
        {
            vector3f[] primvars:P (
                interpolation = "constant"
            )
            vector3f[] primvars:P.timeSamples = {
                1: [(-115.789474, 0, -178.94737)],
            }
            matrix4d xformOp:transform:copytopoints1 = ( (1, 0, 0, 0), (0, 1, 0, 0), (0, 0, 1, 0), (-115.78947448730469, 0, -178.94737243652344, 1) )
            uniform token[] xformOpOrder = ["xformOp:transform:copytopoints1"]
        }

        def Xform "Area25"
        {
            vector3f[] primvars:P (
                interpolation = "constant"
            )
            vector3f[] primvars:P.timeSamples = {
                1: [(-94.73685, 0, -178.94737)],
            }
            matrix4d xformOp:transform:copytopoints1 = ( (1, 0, 0, 0), (0, 1, 0, 0), (0, 0, 1, 0), (-94.73684692382812, 0, -178.94737243652344, 1) )
            uniform token[] xformOpOrder = ["xformOp:transform:copytopoints1"]
        }

        def Xform "Area26"
        {
            vector3f[] primvars:P (
                interpolation = "constant"
            )
            vector3f[] primvars:P.timeSamples = {
                1: [(-73.68421, 0, -178.94737)],
            }
            matrix4d xformOp:transform:copytopoints1 = ( (1, 0, 0, 0), (0, 1, 0, 0), (0, 0, 1, 0), (-73.68421173095703, 0, -178.94737243652344, 1) )
            uniform token[] xformOpOrder = ["xformOp:transform:copytopoints1"]
        }

        def Xform "Area27"
        {
            vector3f[] primvars:P (
                interpolation = "constant"
            )
            vector3f[] primvars:P.timeSamples = {
                1: [(-52.631577, 0, -178.94737)],
            }
            matrix4d xformOp:transform:copytopoints1 = ( (1, 0, 0, 0), (0, 1, 0, 0), (0, 0, 1, 0), (-52.63157653808594, 0, -178.94737243652344, 1) )
            uniform token[] xformOpOrder = ["xformOp:transform:copytopoints1"]
        }

        def Xform "Area28"
        {
            vector3f[] primvars:P (
                interpolation = "constant"
            )
            vector3f[] primvars:P.timeSamples = {
                1: [(-31.578949, 0, -178.94737)],
            }
            matrix4d xformOp:transform:copytopoints1 = ( (1, 0, 0, 0), (0, 1, 0, 0), (0, 0, 1, 0), (-31.578948974609375, 0, -178.94737243652344, 1) )
            uniform token[] xformOpOrder = ["xformOp:transform:copytopoints1"]
        }

        def Xform "Area29"
        {
            vector3f[] primvars:P (
                interpolation = "constant"
            )
            vector3f[] primvars:P.timeSamples = {
                1: [(-10.526321, 0, -178.94737)],
            }
            matrix4d xformOp:transform:copytopoints1 = ( (1, 0, 0, 0), (0, 1, 0, 0), (0, 0, 1, 0), (-10.526321411132812, 0, -178.94737243652344, 1) )
            uniform token[] xformOpOrder = ["xformOp:transform:copytopoints1"]
        }

        def Xform "Area30"
        {
            vector3f[] primvars:P (
                interpolation = "constant"
            )
            vector3f[] primvars:P.timeSamples = {
                1: [(10.526306, 0, -178.94737)],
            }
            matrix4d xformOp:transform:copytopoints1 = ( (1, 0, 0, 0), (0, 1, 0, 0), (0, 0, 1, 0), (10.52630615234375, 0, -178.94737243652344, 1) )
            uniform token[] xformOpOrder = ["xformOp:transform:copytopoints1"]
        }

        def Xform "Area31"
        {
            vector3f[] primvars:P (
                interpolation = "constant"
            )
            vector3f[] primvars:P.timeSamples = {
                1: [(31.578949, 0, -178.94737)],
            }
            matrix4d xformOp:transform:copytopoints1 = ( (1, 0, 0, 0), (0, 1, 0, 0), (0, 0, 1, 0), (31.578948974609375, 0, -178.94737243652344, 1) )
            uniform token[] xformOpOrder = ["xformOp:transform:copytopoints1"]
        }

        def Xform "Area32"
        {
            vector3f[] primvars:P (
                interpolation = "constant"
            )
            vector3f[] primvars:P.timeSamples = {
                1: [(52.631577, 0, -178.94737)],
            }
            matrix4d xformOp:transform:copytopoints1 = ( (1, 0, 0, 0), (0, 1, 0, 0), (0, 0, 1, 0), (52.63157653808594, 0, -178.94737243652344, 1) )
            uniform token[] xformOpOrder = ["xformOp:transform:copytopoints1"]
        }

        def Xform "Area33"
        {
            vector3f[] primvars:P (
                interpolation = "constant"
            )
            vector3f[] primvars:P.timeSamples = {
                1: [(73.684204, 0, -178.94737)],
            }
            matrix4d xformOp:transform:copytopoints1 = ( (1, 0, 0, 0), (0, 1, 0, 0), (0, 0, 1, 0), (73.6842041015625, 0, -178.94737243652344, 1) )
            uniform token[] xformOpOrder = ["xformOp:transform:copytopoints1"]
        }

        def Xform "Area34"
        {
            vector3f[] primvars:P (
                interpolation = "constant"
            )
            vector3f[] primvars:P.timeSamples = {
                1: [(94.73685, 0, -178.94737)],
            }
            matrix4d xformOp:transform:copytopoints1 = ( (1, 0, 0, 0), (0, 1, 0, 0), (0, 0, 1, 0), (94.73684692382812, 0, -178.94737243652344, 1) )
            uniform token[] xformOpOrder = ["xformOp:transform:copytopoints1"]
        }

        def Xform "Area35"
        {
            vector3f[] primvars:P (
                interpolation = "constant"
            )
            vector3f[] primvars:P.timeSamples = {
                1: [(115.78946, 0, -178.94737)],
            }
            matrix4d xformOp:transform:copytopoints1 = ( (1, 0, 0, 0), (0, 1, 0, 0), (0, 0, 1, 0), (115.78945922851562, 0, -178.94737243652344, 1) )
            uniform token[] xformOpOrder = ["xformOp:transform:copytopoints1"]
        }

        def Xform "Area36"
        {
            vector3f[] primvars:P (
                interpolation = "constant"
            )
            vector3f[] primvars:P.timeSamples = {
                1: [(136.8421, 0, -178.94737)],
            }
            matrix4d xformOp:transform:copytopoints1 = ( (1, 0, 0, 0), (0, 1, 0, 0), (0, 0, 1, 0), (136.84210205078125, 0, -178.94737243652344, 1) )
            uniform token[] xformOpOrder = ["xformOp:transform:copytopoints1"]
        }

        def Xform "Area37"
        {
            vector3f[] primvars:P (
                interpolation = "constant"
            )
            vector3f[] primvars:P.timeSamples = {
                1: [(157.89474, 0, -178.94737)],
            }
            matrix4d xformOp:transform:copytopoints1 = ( (1, 0, 0, 0), (0, 1, 0, 0), (0, 0, 1, 0), (157.89474487304688, 0, -178.94737243652344, 1) )
            uniform token[] xformOpOrder = ["xformOp:transform:copytopoints1"]
        }

        def Xform "Area38"
        {
            vector3f[] primvars:P (
                interpolation = "constant"
            )
            vector3f[] primvars:P.timeSamples = {
                1: [(178.94736, 0, -178.94737)],
            }
            matrix4d xformOp:transform:copytopoints1 = ( (1, 0, 0, 0), (0, 1, 0, 0), (0, 0, 1, 0), (178.94735717773438, 0, -178.94737243652344, 1) )
            uniform token[] xformOpOrder = ["xformOp:transform:copytopoints1"]
        }

        def Xform "Area39"
        {
            vector3f[] primvars:P (
                interpolation = "constant"
            )
            vector3f[] primvars:P.timeSamples = {
                1: [(200, 0, -178.94737)],
            }
            matrix4d xformOp:transform:copytopoints1 = ( (1, 0, 0, 0), (0, 1, 0, 0), (0, 0, 1, 0), (200, 0, -178.94737243652344, 1) )
            uniform token[] xformOpOrder = ["xformOp:transform:copytopoints1"]
        }

        def Xform "Area40"
        {
            vector3f[] primvars:P (
                interpolation = "constant"
            )
            vector3f[] primvars:P.timeSamples = {
                1: [(-200, 0, -157.89474)],
            }
            matrix4d xformOp:transform:copytopoints1 = ( (1, 0, 0, 0), (0, 1, 0, 0), (0, 0, 1, 0), (-200, 0, -157.89474487304688, 1) )
            uniform token[] xformOpOrder = ["xformOp:transform:copytopoints1"]
        }

        def Xform "Area41"
        {
            vector3f[] primvars:P (
                interpolation = "constant"
            )
            vector3f[] primvars:P.timeSamples = {
                1: [(-178.94737, 0, -157.89474)],
            }
            matrix4d xformOp:transform:copytopoints1 = ( (1, 0, 0, 0), (0, 1, 0, 0), (0, 0, 1, 0), (-178.94737243652344, 0, -157.89474487304688, 1) )
            uniform token[] xformOpOrder = ["xformOp:transform:copytopoints1"]
        }

        def Xform "Area42"
        {
            vector3f[] primvars:P (
                interpolation = "constant"
            )
            vector3f[] primvars:P.timeSamples = {
                1: [(-157.89474, 0, -157.89474)],
            }
            matrix4d xformOp:transform:copytopoints1 = ( (1, 0, 0, 0), (0, 1, 0, 0), (0, 0, 1, 0), (-157.89474487304688, 0, -157.89474487304688, 1) )
            uniform token[] xformOpOrder = ["xformOp:transform:copytopoints1"]
        }

        def Xform "Area43"
        {
            vector3f[] primvars:P (
                interpolation = "constant"
            )
            vector3f[] primvars:P.timeSamples = {
                1: [(-136.8421, 0, -157.89474)],
            }
            matrix4d xformOp:transform:copytopoints1 = ( (1, 0, 0, 0), (0, 1, 0, 0), (0, 0, 1, 0), (-136.84210205078125, 0, -157.89474487304688, 1) )
            uniform token[] xformOpOrder = ["xformOp:transform:copytopoints1"]
        }

        def Xform "Area44"
        {
            vector3f[] primvars:P (
                interpolation = "constant"
            )
            vector3f[] primvars:P.timeSamples = {
                1: [(-115.789474, 0, -157.89474)],
            }
            matrix4d xformOp:transform:copytopoints1 = ( (1, 0, 0, 0), (0, 1, 0, 0), (0, 0, 1, 0), (-115.78947448730469, 0, -157.89474487304688, 1) )
            uniform token[] xformOpOrder = ["xformOp:transform:copytopoints1"]
        }

        def Xform "Area45"
        {
            vector3f[] primvars:P (
                interpolation = "constant"
            )
            vector3f[] primvars:P.timeSamples = {
                1: [(-94.73685, 0, -157.89474)],
            }
            matrix4d xformOp:transform:copytopoints1 = ( (1, 0, 0, 0), (0, 1, 0, 0), (0, 0, 1, 0), (-94.73684692382812, 0, -157.89474487304688, 1) )
            uniform token[] xformOpOrder = ["xformOp:transform:copytopoints1"]
        }

        def Xform "Area46"
        {
            vector3f[] primvars:P (
                interpolation = "constant"
            )
            vector3f[] primvars:P.timeSamples = {
                1: [(-73.68421, 0, -157.89474)],
            }
            matrix4d xformOp:transform:copytopoints1 = ( (1, 0, 0, 0), (0, 1, 0, 0), (0, 0, 1, 0), (-73.68421173095703, 0, -157.89474487304688, 1) )
            uniform token[] xformOpOrder = ["xformOp:transform:copytopoints1"]
        }

        def Xform "Area47"
        {
            vector3f[] primvars:P (
                interpolation = "constant"
            )
            vector3f[] primvars:P.timeSamples = {
                1: [(-52.631577, 0, -157.89474)],
            }
            matrix4d xformOp:transform:copytopoints1 = ( (1, 0, 0, 0), (0, 1, 0, 0), (0, 0, 1, 0), (-52.63157653808594, 0, -157.89474487304688, 1) )
            uniform token[] xformOpOrder = ["xformOp:transform:copytopoints1"]
        }

        def Xform "Area48"
        {
            vector3f[] primvars:P (
                interpolation = "constant"
            )
            vector3f[] primvars:P.timeSamples = {
                1: [(-31.578949, 0, -157.89474)],
            }
            matrix4d xformOp:transform:copytopoints1 = ( (1, 0, 0, 0), (0, 1, 0, 0), (0, 0, 1, 0), (-31.578948974609375, 0, -157.89474487304688, 1) )
            uniform token[] xformOpOrder = ["xformOp:transform:copytopoints1"]
        }

        def Xform "Area49"
        {
            vector3f[] primvars:P (
                interpolation = "constant"
            )
            vector3f[] primvars:P.timeSamples = {
                1: [(-10.526321, 0, -157.89474)],
            }
            matrix4d xformOp:transform:copytopoints1 = ( (1, 0, 0, 0), (0, 1, 0, 0), (0, 0, 1, 0), (-10.526321411132812, 0, -157.89474487304688, 1) )
            uniform token[] xformOpOrder = ["xformOp:transform:copytopoints1"]
        }

        def Xform "Area50"
        {
            vector3f[] primvars:P (
                interpolation = "constant"
            )
            vector3f[] primvars:P.timeSamples = {
                1: [(10.526306, 0, -157.89474)],
            }
            matrix4d xformOp:transform:copytopoints1 = ( (1, 0, 0, 0), (0, 1, 0, 0), (0, 0, 1, 0), (10.52630615234375, 0, -157.89474487304688, 1) )
            uniform token[] xformOpOrder = ["xformOp:transform:copytopoints1"]
        }

        def Xform "Area51"
        {
            vector3f[] primvars:P (
                interpolation = "constant"
            )
            vector3f[] primvars:P.timeSamples = {
                1: [(31.578949, 0, -157.89474)],
            }
            matrix4d xformOp:transform:copytopoints1 = ( (1, 0, 0, 0), (0, 1, 0, 0), (0, 0, 1, 0), (31.578948974609375, 0, -157.89474487304688, 1) )
            uniform token[] xformOpOrder = ["xformOp:transform:copytopoints1"]
        }

        def Xform "Area52"
        {
            vector3f[] primvars:P (
                interpolation = "constant"
            )
            vector3f[] primvars:P.timeSamples = {
                1: [(52.631577, 0, -157.89474)],
            }
            matrix4d xformOp:transform:copytopoints1 = ( (1, 0, 0, 0), (0, 1, 0, 0), (0, 0, 1, 0), (52.63157653808594, 0, -157.89474487304688, 1) )
            uniform token[] xformOpOrder = ["xformOp:transform:copytopoints1"]
        }

        def Xform "Area53"
        {
            vector3f[] primvars:P (
                interpolation = "constant"
            )
            vector3f[] primvars:P.timeSamples = {
                1: [(73.684204, 0, -157.89474)],
            }
            matrix4d xformOp:transform:copytopoints1 = ( (1, 0, 0, 0), (0, 1, 0, 0), (0, 0, 1, 0), (73.6842041015625, 0, -157.89474487304688, 1) )
            uniform token[] xformOpOrder = ["xformOp:transform:copytopoints1"]
        }

        def Xform "Area54"
        {
            vector3f[] primvars:P (
                interpolation = "constant"
            )
            vector3f[] primvars:P.timeSamples = {
                1: [(94.73685, 0, -157.89474)],
            }
            matrix4d xformOp:transform:copytopoints1 = ( (1, 0, 0, 0), (0, 1, 0, 0), (0, 0, 1, 0), (94.73684692382812, 0, -157.89474487304688, 1) )
            uniform token[] xformOpOrder = ["xformOp:transform:copytopoints1"]
        }

        def Xform "Area55"
        {
            vector3f[] primvars:P (
                interpolation = "constant"
            )
            vector3f[] primvars:P.timeSamples = {
                1: [(115.78946, 0, -157.89474)],
            }
            matrix4d xformOp:transform:copytopoints1 = ( (1, 0, 0, 0), (0, 1, 0, 0), (0, 0, 1, 0), (115.78945922851562, 0, -157.89474487304688, 1) )
            uniform token[] xformOpOrder = ["xformOp:transform:copytopoints1"]
        }

        def Xform "Area56"
        {
            vector3f[] primvars:P (
                interpolation = "constant"
            )
            vector3f[] primvars:P.timeSamples = {
                1: [(136.8421, 0, -157.89474)],
            }
            matrix4d xformOp:transform:copytopoints1 = ( (1, 0, 0, 0), (0, 1, 0, 0), (0, 0, 1, 0), (136.84210205078125, 0, -157.89474487304688, 1) )
            uniform token[] xformOpOrder = ["xformOp:transform:copytopoints1"]
        }

        def Xform "Area57"
        {
            vector3f[] primvars:P (
                interpolation = "constant"
            )
            vector3f[] primvars:P.timeSamples = {
                1: [(157.89474, 0, -157.89474)],
            }
            matrix4d xformOp:transform:copytopoints1 = ( (1, 0, 0, 0), (0, 1, 0, 0), (0, 0, 1, 0), (157.89474487304688, 0, -157.89474487304688, 1) )
            uniform token[] xformOpOrder = ["xformOp:transform:copytopoints1"]
        }

        def Xform "Area58"
        {
            vector3f[] primvars:P (
                interpolation = "constant"
            )
            vector3f[] primvars:P.timeSamples = {
                1: [(178.94736, 0, -157.89474)],
            }
            matrix4d xformOp:transform:copytopoints1 = ( (1, 0, 0, 0), (0, 1, 0, 0), (0, 0, 1, 0), (178.94735717773438, 0, -157.89474487304688, 1) )
            uniform token[] xformOpOrder = ["xformOp:transform:copytopoints1"]
        }

        def Xform "Area59"
        {
            vector3f[] primvars:P (
                interpolation = "constant"
            )
            vector3f[] primvars:P.timeSamples = {
                1: [(200, 0, -157.89474)],
            }
            matrix4d xformOp:transform:copytopoints1 = ( (1, 0, 0, 0), (0, 1, 0, 0), (0, 0, 1, 0), (200, 0, -157.89474487304688, 1) )
            uniform token[] xformOpOrder = ["xformOp:transform:copytopoints1"]
        }

        def Xform "Area60"
        {
            vector3f[] primvars:P (
                interpolation = "constant"
            )
            vector3f[] primvars:P.timeSamples = {
                1: [(-200, 0, -136.8421)],
            }
            matrix4d xformOp:transform:copytopoints1 = ( (1, 0, 0, 0), (0, 1, 0, 0), (0, 0, 1, 0), (-200, 0, -136.84210205078125, 1) )
            uniform token[] xformOpOrder = ["xformOp:transform:copytopoints1"]
        }

        def Xform "Area61"
        {
            vector3f[] primvars:P (
                interpolation = "constant"
            )
            vector3f[] primvars:P.timeSamples = {
                1: [(-178.94737, 0, -136.8421)],
            }
            matrix4d xformOp:transform:copytopoints1 = ( (1, 0, 0, 0), (0, 1, 0, 0), (0, 0, 1, 0), (-178.94737243652344, 0, -136.84210205078125, 1) )
            uniform token[] xformOpOrder = ["xformOp:transform:copytopoints1"]
        }

        def Xform "Area62"
        {
            vector3f[] primvars:P (
                interpolation = "constant"
            )
            vector3f[] primvars:P.timeSamples = {
                1: [(-157.89474, 0, -136.8421)],
            }
            matrix4d xformOp:transform:copytopoints1 = ( (1, 0, 0, 0), (0, 1, 0, 0), (0, 0, 1, 0), (-157.89474487304688, 0, -136.84210205078125, 1) )
            uniform token[] xformOpOrder = ["xformOp:transform:copytopoints1"]
        }

        def Xform "Area63"
        {
            vector3f[] primvars:P (
                interpolation = "constant"
            )
            vector3f[] primvars:P.timeSamples = {
                1: [(-136.8421, 0, -136.8421)],
            }
            matrix4d xformOp:transform:copytopoints1 = ( (1, 0, 0, 0), (0, 1, 0, 0), (0, 0, 1, 0), (-136.84210205078125, 0, -136.84210205078125, 1) )
            uniform token[] xformOpOrder = ["xformOp:transform:copytopoints1"]
        }

        def Xform "Area64"
        {
            vector3f[] primvars:P (
                interpolation = "constant"
            )
            vector3f[] primvars:P.timeSamples = {
                1: [(-115.789474, 0, -136.8421)],
            }
            matrix4d xformOp:transform:copytopoints1 = ( (1, 0, 0, 0), (0, 1, 0, 0), (0, 0, 1, 0), (-115.78947448730469, 0, -136.84210205078125, 1) )
            uniform token[] xformOpOrder = ["xformOp:transform:copytopoints1"]
        }

        def Xform "Area65"
        {
            vector3f[] primvars:P (
                interpolation = "constant"
            )
            vector3f[] primvars:P.timeSamples = {
                1: [(-94.73685, 0, -136.8421)],
            }
            matrix4d xformOp:transform:copytopoints1 = ( (1, 0, 0, 0), (0, 1, 0, 0), (0, 0, 1, 0), (-94.73684692382812, 0, -136.84210205078125, 1) )
            uniform token[] xformOpOrder = ["xformOp:transform:copytopoints1"]
        }

        def Xform "Area66"
        {
            vector3f[] primvars:P (
                interpolation = "constant"
            )
            vector3f[] primvars:P.timeSamples = {
                1: [(-73.68421, 0, -136.8421)],
            }
            matrix4d xformOp:transform:copytopoints1 = ( (1, 0, 0, 0), (0, 1, 0, 0), (0, 0, 1, 0), (-73.68421173095703, 0, -136.84210205078125, 1) )
            uniform token[] xformOpOrder = ["xformOp:transform:copytopoints1"]
        }

        def Xform "Area67"
        {
            vector3f[] primvars:P (
                interpolation = "constant"
            )
            vector3f[] primvars:P.timeSamples = {
                1: [(-52.631577, 0, -136.8421)],
            }
            matrix4d xformOp:transform:copytopoints1 = ( (1, 0, 0, 0), (0, 1, 0, 0), (0, 0, 1, 0), (-52.63157653808594, 0, -136.84210205078125, 1) )
            uniform token[] xformOpOrder = ["xformOp:transform:copytopoints1"]
        }

        def Xform "Area68"
        {
            vector3f[] primvars:P (
                interpolation = "constant"
            )
            vector3f[] primvars:P.timeSamples = {
                1: [(-31.578949, 0, -136.8421)],
            }
            matrix4d xformOp:transform:copytopoints1 = ( (1, 0, 0, 0), (0, 1, 0, 0), (0, 0, 1, 0), (-31.578948974609375, 0, -136.84210205078125, 1) )
            uniform token[] xformOpOrder = ["xformOp:transform:copytopoints1"]
        }

        def Xform "Area69"
        {
            vector3f[] primvars:P (
                interpolation = "constant"
            )
            vector3f[] primvars:P.timeSamples = {
                1: [(-10.526321, 0, -136.8421)],
            }
            matrix4d xformOp:transform:copytopoints1 = ( (1, 0, 0, 0), (0, 1, 0, 0), (0, 0, 1, 0), (-10.526321411132812, 0, -136.84210205078125, 1) )
            uniform token[] xformOpOrder = ["xformOp:transform:copytopoints1"]
        }

        def Xform "Area70"
        {
            vector3f[] primvars:P (
                interpolation = "constant"
            )
            vector3f[] primvars:P.timeSamples = {
                1: [(10.526306, 0, -136.8421)],
            }
            matrix4d xformOp:transform:copytopoints1 = ( (1, 0, 0, 0), (0, 1, 0, 0), (0, 0, 1, 0), (10.52630615234375, 0, -136.84210205078125, 1) )
            uniform token[] xformOpOrder = ["xformOp:transform:copytopoints1"]
        }

        def Xform "Area71"
        {
            vector3f[] primvars:P (
                interpolation = "constant"
            )
            vector3f[] primvars:P.timeSamples = {
                1: [(31.578949, 0, -136.8421)],
            }
            matrix4d xformOp:transform:copytopoints1 = ( (1, 0, 0, 0), (0, 1, 0, 0), (0, 0, 1, 0), (31.578948974609375, 0, -136.84210205078125, 1) )
            uniform token[] xformOpOrder = ["xformOp:transform:copytopoints1"]
        }

        def Xform "Area72"
        {
            vector3f[] primvars:P (
                interpolation = "constant"
            )
            vector3f[] primvars:P.timeSamples = {
                1: [(52.631577, 0, -136.8421)],
            }
            matrix4d xformOp:transform:copytopoints1 = ( (1, 0, 0, 0), (0, 1, 0, 0), (0, 0, 1, 0), (52.63157653808594, 0, -136.84210205078125, 1) )
            uniform token[] xformOpOrder = ["xformOp:transform:copytopoints1"]
        }

        def Xform "Area73"
        {
            vector3f[] primvars:P (
                interpolation = "constant"
            )
            vector3f[] primvars:P.timeSamples = {
                1: [(73.684204, 0, -136.8421)],
            }
            matrix4d xformOp:transform:copytopoints1 = ( (1, 0, 0, 0), (0, 1, 0, 0), (0, 0, 1, 0), (73.6842041015625, 0, -136.84210205078125, 1) )
            uniform token[] xformOpOrder = ["xformOp:transform:copytopoints1"]
        }

        def Xform "Area74"
        {
            vector3f[] primvars:P (
                interpolation = "constant"
            )
            vector3f[] primvars:P.timeSamples = {
                1: [(94.73685, 0, -136.8421)],
            }
            matrix4d xformOp:transform:copytopoints1 = ( (1, 0, 0, 0), (0, 1, 0, 0), (0, 0, 1, 0), (94.73684692382812, 0, -136.84210205078125, 1) )
            uniform token[] xformOpOrder = ["xformOp:transform:copytopoints1"]
        }

        def Xform "Area75"
        {
            vector3f[] primvars:P (
                interpolation = "constant"
            )
            vector3f[] primvars:P.timeSamples = {
                1: [(115.78946, 0, -136.8421)],
            }
            matrix4d xformOp:transform:copytopoints1 = ( (1, 0, 0, 0), (0, 1, 0, 0), (0, 0, 1, 0), (115.78945922851562, 0, -136.84210205078125, 1) )
            uniform token[] xformOpOrder = ["xformOp:transform:copytopoints1"]
        }

        def Xform "Area76"
        {
            vector3f[] primvars:P (
                interpolation = "constant"
            )
            vector3f[] primvars:P.timeSamples = {
                1: [(136.8421, 0, -136.8421)],
            }
            matrix4d xformOp:transform:copytopoints1 = ( (1, 0, 0, 0), (0, 1, 0, 0), (0, 0, 1, 0), (136.84210205078125, 0, -136.84210205078125, 1) )
            uniform token[] xformOpOrder = ["xformOp:transform:copytopoints1"]
        }

        def Xform "Area77"
        {
            vector3f[] primvars:P (
                interpolation = "constant"
            )
            vector3f[] primvars:P.timeSamples = {
                1: [(157.89474, 0, -136.8421)],
            }
            matrix4d xformOp:transform:copytopoints1 = ( (1, 0, 0, 0), (0, 1, 0, 0), (0, 0, 1, 0), (157.89474487304688, 0, -136.84210205078125, 1) )
            uniform token[] xformOpOrder = ["xformOp:transform:copytopoints1"]
        }

        def Xform "Area78"
        {
            vector3f[] primvars:P (
                interpolation = "constant"
            )
            vector3f[] primvars:P.timeSamples = {
                1: [(178.94736, 0, -136.8421)],
            }
            matrix4d xformOp:transform:copytopoints1 = ( (1, 0, 0, 0), (0, 1, 0, 0), (0, 0, 1, 0), (178.94735717773438, 0, -136.84210205078125, 1) )
            uniform token[] xformOpOrder = ["xformOp:transform:copytopoints1"]
        }

        def Xform "Area79"
        {
            vector3f[] primvars:P (
                interpolation = "constant"
            )
            vector3f[] primvars:P.timeSamples = {
                1: [(200, 0, -136.8421)],
            }
            matrix4d xformOp:transform:copytopoints1 = ( (1, 0, 0, 0), (0, 1, 0, 0), (0, 0, 1, 0), (200, 0, -136.84210205078125, 1) )
            uniform token[] xformOpOrder = ["xformOp:transform:copytopoints1"]
        }

        def Xform "Area80"
        {
            vector3f[] primvars:P (
                interpolation = "constant"
            )
            vector3f[] primvars:P.timeSamples = {
                1: [(-200, 0, -115.789474)],
            }
            matrix4d xformOp:transform:copytopoints1 = ( (1, 0, 0, 0), (0, 1, 0, 0), (0, 0, 1, 0), (-200, 0, -115.78947448730469, 1) )
            uniform token[] xformOpOrder = ["xformOp:transform:copytopoints1"]
        }

        def Xform "Area81"
        {
            vector3f[] primvars:P (
                interpolation = "constant"
            )
            vector3f[] primvars:P.timeSamples = {
                1: [(-178.94737, 0, -115.789474)],
            }
            matrix4d xformOp:transform:copytopoints1 = ( (1, 0, 0, 0), (0, 1, 0, 0), (0, 0, 1, 0), (-178.94737243652344, 0, -115.78947448730469, 1) )
            uniform token[] xformOpOrder = ["xformOp:transform:copytopoints1"]
        }

        def Xform "Area82"
        {
            vector3f[] primvars:P (
                interpolation = "constant"
            )
            vector3f[] primvars:P.timeSamples = {
                1: [(-157.89474, 0, -115.789474)],
            }
            matrix4d xformOp:transform:copytopoints1 = ( (1, 0, 0, 0), (0, 1, 0, 0), (0, 0, 1, 0), (-157.89474487304688, 0, -115.78947448730469, 1) )
            uniform token[] xformOpOrder = ["xformOp:transform:copytopoints1"]
        }

        def Xform "Area83"
        {
            vector3f[] primvars:P (
                interpolation = "constant"
            )
            vector3f[] primvars:P.timeSamples = {
                1: [(-136.8421, 0, -115.789474)],
            }
            matrix4d xformOp:transform:copytopoints1 = ( (1, 0, 0, 0), (0, 1, 0, 0), (0, 0, 1, 0), (-136.84210205078125, 0, -115.78947448730469, 1) )
            uniform token[] xformOpOrder = ["xformOp:transform:copytopoints1"]
        }

        def Xform "Area84"
        {
            vector3f[] primvars:P (
                interpolation = "constant"
            )
            vector3f[] primvars:P.timeSamples = {
                1: [(-115.789474, 0, -115.789474)],
            }
            matrix4d xformOp:transform:copytopoints1 = ( (1, 0, 0, 0), (0, 1, 0, 0), (0, 0, 1, 0), (-115.78947448730469, 0, -115.78947448730469, 1) )
            uniform token[] xformOpOrder = ["xformOp:transform:copytopoints1"]
        }

        def Xform "Area85"
        {
            vector3f[] primvars:P (
                interpolation = "constant"
            )
            vector3f[] primvars:P.timeSamples = {
                1: [(-94.73685, 0, -115.789474)],
            }
            matrix4d xformOp:transform:copytopoints1 = ( (1, 0, 0, 0), (0, 1, 0, 0), (0, 0, 1, 0), (-94.73684692382812, 0, -115.78947448730469, 1) )
            uniform token[] xformOpOrder = ["xformOp:transform:copytopoints1"]
        }

        def Xform "Area86"
        {
            vector3f[] primvars:P (
                interpolation = "constant"
            )
            vector3f[] primvars:P.timeSamples = {
                1: [(-73.68421, 0, -115.789474)],
            }
            matrix4d xformOp:transform:copytopoints1 = ( (1, 0, 0, 0), (0, 1, 0, 0), (0, 0, 1, 0), (-73.68421173095703, 0, -115.78947448730469, 1) )
            uniform token[] xformOpOrder = ["xformOp:transform:copytopoints1"]
        }

        def Xform "Area87"
        {
            vector3f[] primvars:P (
                interpolation = "constant"
            )
            vector3f[] primvars:P.timeSamples = {
                1: [(-52.631577, 0, -115.789474)],
            }
            matrix4d xformOp:transform:copytopoints1 = ( (1, 0, 0, 0), (0, 1, 0, 0), (0, 0, 1, 0), (-52.63157653808594, 0, -115.78947448730469, 1) )
            uniform token[] xformOpOrder = ["xformOp:transform:copytopoints1"]
        }

        def Xform "Area88"
        {
            vector3f[] primvars:P (
                interpolation = "constant"
            )
            vector3f[] primvars:P.timeSamples = {
                1: [(-31.578949, 0, -115.789474)],
            }
            matrix4d xformOp:transform:copytopoints1 = ( (1, 0, 0, 0), (0, 1, 0, 0), (0, 0, 1, 0), (-31.578948974609375, 0, -115.78947448730469, 1) )
            uniform token[] xformOpOrder = ["xformOp:transform:copytopoints1"]
        }

        def Xform "Area89"
        {
            vector3f[] primvars:P (
                interpolation = "constant"
            )
            vector3f[] primvars:P.timeSamples = {
                1: [(-10.526321, 0, -115.789474)],
            }
            matrix4d xformOp:transform:copytopoints1 = ( (1, 0, 0, 0), (0, 1, 0, 0), (0, 0, 1, 0), (-10.526321411132812, 0, -115.78947448730469, 1) )
            uniform token[] xformOpOrder = ["xformOp:transform:copytopoints1"]
        }

        def Xform "Area90"
        {
            vector3f[] primvars:P (
                interpolation = "constant"
            )
            vector3f[] primvars:P.timeSamples = {
                1: [(10.526306, 0, -115.789474)],
            }
            matrix4d xformOp:transform:copytopoints1 = ( (1, 0, 0, 0), (0, 1, 0, 0), (0, 0, 1, 0), (10.52630615234375, 0, -115.78947448730469, 1) )
            uniform token[] xformOpOrder = ["xformOp:transform:copytopoints1"]
        }

        def Xform "Area91"
        {
            vector3f[] primvars:P (
                interpolation = "constant"
            )
            vector3f[] primvars:P.timeSamples = {
                1: [(31.578949, 0, -115.789474)],
            }
            matrix4d xformOp:transform:copytopoints1 = ( (1, 0, 0, 0), (0, 1, 0, 0), (0, 0, 1, 0), (31.578948974609375, 0, -115.78947448730469, 1) )
            uniform token[] xformOpOrder = ["xformOp:transform:copytopoints1"]
        }

        def Xform "Area92"
        {
            vector3f[] primvars:P (
                interpolation = "constant"
            )
            vector3f[] primvars:P.timeSamples = {
                1: [(52.631577, 0, -115.789474)],
            }
            matrix4d xformOp:transform:copytopoints1 = ( (1, 0, 0, 0), (0, 1, 0, 0), (0, 0, 1, 0), (52.63157653808594, 0, -115.78947448730469, 1) )
            uniform token[] xformOpOrder = ["xformOp:transform:copytopoints1"]
        }

        def Xform "Area93"
        {
            vector3f[] primvars:P (
                interpolation = "constant"
            )
            vector3f[] primvars:P.timeSamples = {
                1: [(73.684204, 0, -115.789474)],
            }
            matrix4d xformOp:transform:copytopoints1 = ( (1, 0, 0, 0), (0, 1, 0, 0), (0, 0, 1, 0), (73.6842041015625, 0, -115.78947448730469, 1) )
            uniform token[] xformOpOrder = ["xformOp:transform:copytopoints1"]
        }

        def Xform "Area94"
        {
            vector3f[] primvars:P (
                interpolation = "constant"
            )
            vector3f[] primvars:P.timeSamples = {
                1: [(94.73685, 0, -115.789474)],
            }
            matrix4d xformOp:transform:copytopoints1 = ( (1, 0, 0, 0), (0, 1, 0, 0), (0, 0, 1, 0), (94.73684692382812, 0, -115.78947448730469, 1) )
            uniform token[] xformOpOrder = ["xformOp:transform:copytopoints1"]
        }

        def Xform "Area95"
        {
            vector3f[] primvars:P (
                interpolation = "constant"
            )
            vector3f[] primvars:P.timeSamples = {
                1: [(115.78946, 0, -115.789474)],
            }
            matrix4d xformOp:transform:copytopoints1 = ( (1, 0, 0, 0), (0, 1, 0, 0), (0, 0, 1, 0), (115.78945922851562, 0, -115.78947448730469, 1) )
            uniform token[] xformOpOrder = ["xformOp:transform:copytopoints1"]
        }

        def Xform "Area96"
        {
            vector3f[] primvars:P (
                interpolation = "constant"
            )
            vector3f[] primvars:P.timeSamples = {
                1: [(136.8421, 0, -115.789474)],
            }
            matrix4d xformOp:transform:copytopoints1 = ( (1, 0, 0, 0), (0, 1, 0, 0), (0, 0, 1, 0), (136.84210205078125, 0, -115.78947448730469, 1) )
            uniform token[] xformOpOrder = ["xformOp:transform:copytopoints1"]
        }

        def Xform "Area97"
        {
            vector3f[] primvars:P (
                interpolation = "constant"
            )
            vector3f[] primvars:P.timeSamples = {
                1: [(157.89474, 0, -115.789474)],
            }
            matrix4d xformOp:transform:copytopoints1 = ( (1, 0, 0, 0), (0, 1, 0, 0), (0, 0, 1, 0), (157.89474487304688, 0, -115.78947448730469, 1) )
            uniform token[] xformOpOrder = ["xformOp:transform:copytopoints1"]
        }

        def Xform "Area98"
        {
            vector3f[] primvars:P (
                interpolation = "constant"
            )
            vector3f[] primvars:P.timeSamples = {
                1: [(178.94736, 0, -115.789474)],
            }
            matrix4d xformOp:transform:copytopoints1 = ( (1, 0, 0, 0), (0, 1, 0, 0), (0, 0, 1, 0), (178.94735717773438, 0, -115.78947448730469, 1) )
            uniform token[] xformOpOrder = ["xformOp:transform:copytopoints1"]
        }

        def Xform "Area99"
        {
            vector3f[] primvars:P (
                interpolation = "constant"
            )
            vector3f[] primvars:P.timeSamples = {
                1: [(200, 0, -115.789474)],
            }
            matrix4d xformOp:transform:copytopoints1 = ( (1, 0, 0, 0), (0, 1, 0, 0), (0, 0, 1, 0), (200, 0, -115.78947448730469, 1) )
            uniform token[] xformOpOrder = ["xformOp:transform:copytopoints1"]
        }

        def Xform "Area100"
        {
            vector3f[] primvars:P (
                interpolation = "constant"
            )
            vector3f[] primvars:P.timeSamples = {
                1: [(-200, 0, -94.73685)],
            }
            matrix4d xformOp:transform:copytopoints1 = ( (1, 0, 0, 0), (0, 1, 0, 0), (0, 0, 1, 0), (-200, 0, -94.73684692382812, 1) )
            uniform token[] xformOpOrder = ["xformOp:transform:copytopoints1"]
        }

        def Xform "Area101"
        {
            vector3f[] primvars:P (
                interpolation = "constant"
            )
            vector3f[] primvars:P.timeSamples = {
                1: [(-178.94737, 0, -94.73685)],
            }
            matrix4d xformOp:transform:copytopoints1 = ( (1, 0, 0, 0), (0, 1, 0, 0), (0, 0, 1, 0), (-178.94737243652344, 0, -94.73684692382812, 1) )
            uniform token[] xformOpOrder = ["xformOp:transform:copytopoints1"]
        }

        def Xform "Area102"
        {
            vector3f[] primvars:P (
                interpolation = "constant"
            )
            vector3f[] primvars:P.timeSamples = {
                1: [(-157.89474, 0, -94.73685)],
            }
            matrix4d xformOp:transform:copytopoints1 = ( (1, 0, 0, 0), (0, 1, 0, 0), (0, 0, 1, 0), (-157.89474487304688, 0, -94.73684692382812, 1) )
            uniform token[] xformOpOrder = ["xformOp:transform:copytopoints1"]
        }

        def Xform "Area103"
        {
            vector3f[] primvars:P (
                interpolation = "constant"
            )
            vector3f[] primvars:P.timeSamples = {
                1: [(-136.8421, 0, -94.73685)],
            }
            matrix4d xformOp:transform:copytopoints1 = ( (1, 0, 0, 0), (0, 1, 0, 0), (0, 0, 1, 0), (-136.84210205078125, 0, -94.73684692382812, 1) )
            uniform token[] xformOpOrder = ["xformOp:transform:copytopoints1"]
        }

        def Xform "Area104"
        {
            vector3f[] primvars:P (
                interpolation = "constant"
            )
            vector3f[] primvars:P.timeSamples = {
                1: [(-115.789474, 0, -94.73685)],
            }
            matrix4d xformOp:transform:copytopoints1 = ( (1, 0, 0, 0), (0, 1, 0, 0), (0, 0, 1, 0), (-115.78947448730469, 0, -94.73684692382812, 1) )
            uniform token[] xformOpOrder = ["xformOp:transform:copytopoints1"]
        }

        def Xform "Area105"
        {
            vector3f[] primvars:P (
                interpolation = "constant"
            )
            vector3f[] primvars:P.timeSamples = {
                1: [(-94.73685, 0, -94.73685)],
            }
            matrix4d xformOp:transform:copytopoints1 = ( (1, 0, 0, 0), (0, 1, 0, 0), (0, 0, 1, 0), (-94.73684692382812, 0, -94.73684692382812, 1) )
            uniform token[] xformOpOrder = ["xformOp:transform:copytopoints1"]
        }

        def Xform "Area106"
        {
            vector3f[] primvars:P (
                interpolation = "constant"
            )
            vector3f[] primvars:P.timeSamples = {
                1: [(-73.68421, 0, -94.73685)],
            }
            matrix4d xformOp:transform:copytopoints1 = ( (1, 0, 0, 0), (0, 1, 0, 0), (0, 0, 1, 0), (-73.68421173095703, 0, -94.73684692382812, 1) )
            uniform token[] xformOpOrder = ["xformOp:transform:copytopoints1"]
        }

        def Xform "Area107"
        {
            vector3f[] primvars:P (
                interpolation = "constant"
            )
            vector3f[] primvars:P.timeSamples = {
                1: [(-52.631577, 0, -94.73685)],
            }
            matrix4d xformOp:transform:copytopoints1 = ( (1, 0, 0, 0), (0, 1, 0, 0), (0, 0, 1, 0), (-52.63157653808594, 0, -94.73684692382812, 1) )
            uniform token[] xformOpOrder = ["xformOp:transform:copytopoints1"]
        }

        def Xform "Area108"
        {
            vector3f[] primvars:P (
                interpolation = "constant"
            )
            vector3f[] primvars:P.timeSamples = {
                1: [(-31.578949, 0, -94.73685)],
            }
            matrix4d xformOp:transform:copytopoints1 = ( (1, 0, 0, 0), (0, 1, 0, 0), (0, 0, 1, 0), (-31.578948974609375, 0, -94.73684692382812, 1) )
            uniform token[] xformOpOrder = ["xformOp:transform:copytopoints1"]
        }

        def Xform "Area109"
        {
            vector3f[] primvars:P (
                interpolation = "constant"
            )
            vector3f[] primvars:P.timeSamples = {
                1: [(-10.526321, 0, -94.73685)],
            }
            matrix4d xformOp:transform:copytopoints1 = ( (1, 0, 0, 0), (0, 1, 0, 0), (0, 0, 1, 0), (-10.526321411132812, 0, -94.73684692382812, 1) )
            uniform token[] xformOpOrder = ["xformOp:transform:copytopoints1"]
        }

        def Xform "Area110"
        {
            vector3f[] primvars:P (
                interpolation = "constant"
            )
            vector3f[] primvars:P.timeSamples = {
                1: [(10.526306, 0, -94.73685)],
            }
            matrix4d xformOp:transform:copytopoints1 = ( (1, 0, 0, 0), (0, 1, 0, 0), (0, 0, 1, 0), (10.52630615234375, 0, -94.73684692382812, 1) )
            uniform token[] xformOpOrder = ["xformOp:transform:copytopoints1"]
        }

        def Xform "Area111"
        {
            vector3f[] primvars:P (
                interpolation = "constant"
            )
            vector3f[] primvars:P.timeSamples = {
                1: [(31.578949, 0, -94.73685)],
            }
            matrix4d xformOp:transform:copytopoints1 = ( (1, 0, 0, 0), (0, 1, 0, 0), (0, 0, 1, 0), (31.578948974609375, 0, -94.73684692382812, 1) )
            uniform token[] xformOpOrder = ["xformOp:transform:copytopoints1"]
        }

        def Xform "Area112"
        {
            vector3f[] primvars:P (
                interpolation = "constant"
            )
            vector3f[] primvars:P.timeSamples = {
                1: [(52.631577, 0, -94.73685)],
            }
            matrix4d xformOp:transform:copytopoints1 = ( (1, 0, 0, 0), (0, 1, 0, 0), (0, 0, 1, 0), (52.63157653808594, 0, -94.73684692382812, 1) )
            uniform token[] xformOpOrder = ["xformOp:transform:copytopoints1"]
        }

        def Xform "Area113"
        {
            vector3f[] primvars:P (
                interpolation = "constant"
            )
            vector3f[] primvars:P.timeSamples = {
                1: [(73.684204, 0, -94.73685)],
            }
            matrix4d xformOp:transform:copytopoints1 = ( (1, 0, 0, 0), (0, 1, 0, 0), (0, 0, 1, 0), (73.6842041015625, 0, -94.73684692382812, 1) )
            uniform token[] xformOpOrder = ["xformOp:transform:copytopoints1"]
        }

        def Xform "Area114"
        {
            vector3f[] primvars:P (
                interpolation = "constant"
            )
            vector3f[] primvars:P.timeSamples = {
                1: [(94.73685, 0, -94.73685)],
            }
            matrix4d xformOp:transform:copytopoints1 = ( (1, 0, 0, 0), (0, 1, 0, 0), (0, 0, 1, 0), (94.73684692382812, 0, -94.73684692382812, 1) )
            uniform token[] xformOpOrder = ["xformOp:transform:copytopoints1"]
        }

        def Xform "Area115"
        {
            vector3f[] primvars:P (
                interpolation = "constant"
            )
            vector3f[] primvars:P.timeSamples = {
                1: [(115.78946, 0, -94.73685)],
            }
            matrix4d xformOp:transform:copytopoints1 = ( (1, 0, 0, 0), (0, 1, 0, 0), (0, 0, 1, 0), (115.78945922851562, 0, -94.73684692382812, 1) )
            uniform token[] xformOpOrder = ["xformOp:transform:copytopoints1"]
        }

        def Xform "Area116"
        {
            vector3f[] primvars:P (
                interpolation = "constant"
            )
            vector3f[] primvars:P.timeSamples = {
                1: [(136.8421, 0, -94.73685)],
            }
            matrix4d xformOp:transform:copytopoints1 = ( (1, 0, 0, 0), (0, 1, 0, 0), (0, 0, 1, 0), (136.84210205078125, 0, -94.73684692382812, 1) )
            uniform token[] xformOpOrder = ["xformOp:transform:copytopoints1"]
        }

        def Xform "Area117"
        {
            vector3f[] primvars:P (
                interpolation = "constant"
            )
            vector3f[] primvars:P.timeSamples = {
                1: [(157.89474, 0, -94.73685)],
            }
            matrix4d xformOp:transform:copytopoints1 = ( (1, 0, 0, 0), (0, 1, 0, 0), (0, 0, 1, 0), (157.89474487304688, 0, -94.73684692382812, 1) )
            uniform token[] xformOpOrder = ["xformOp:transform:copytopoints1"]
        }

        def Xform "Area118"
        {
            vector3f[] primvars:P (
                interpolation = "constant"
            )
            vector3f[] primvars:P.timeSamples = {
                1: [(178.94736, 0, -94.73685)],
            }
            matrix4d xformOp:transform:copytopoints1 = ( (1, 0, 0, 0), (0, 1, 0, 0), (0, 0, 1, 0), (178.94735717773438, 0, -94.73684692382812, 1) )
            uniform token[] xformOpOrder = ["xformOp:transform:copytopoints1"]
        }

        def Xform "Area119"
        {
            vector3f[] primvars:P (
                interpolation = "constant"
            )
            vector3f[] primvars:P.timeSamples = {
                1: [(200, 0, -94.73685)],
            }
            matrix4d xformOp:transform:copytopoints1 = ( (1, 0, 0, 0), (0, 1, 0, 0), (0, 0, 1, 0), (200, 0, -94.73684692382812, 1) )
            uniform token[] xformOpOrder = ["xformOp:transform:copytopoints1"]
        }

        def Xform "Area120"
        {
            vector3f[] primvars:P (
                interpolation = "constant"
            )
            vector3f[] primvars:P.timeSamples = {
                1: [(-200, 0, -73.68421)],
            }
            matrix4d xformOp:transform:copytopoints1 = ( (1, 0, 0, 0), (0, 1, 0, 0), (0, 0, 1, 0), (-200, 0, -73.68421173095703, 1) )
            uniform token[] xformOpOrder = ["xformOp:transform:copytopoints1"]
        }

        def Xform "Area121"
        {
            vector3f[] primvars:P (
                interpolation = "constant"
            )
            vector3f[] primvars:P.timeSamples = {
                1: [(-178.94737, 0, -73.68421)],
            }
            matrix4d xformOp:transform:copytopoints1 = ( (1, 0, 0, 0), (0, 1, 0, 0), (0, 0, 1, 0), (-178.94737243652344, 0, -73.68421173095703, 1) )
            uniform token[] xformOpOrder = ["xformOp:transform:copytopoints1"]
        }

        def Xform "Area122"
        {
            vector3f[] primvars:P (
                interpolation = "constant"
            )
            vector3f[] primvars:P.timeSamples = {
                1: [(-157.89474, 0, -73.68421)],
            }
            matrix4d xformOp:transform:copytopoints1 = ( (1, 0, 0, 0), (0, 1, 0, 0), (0, 0, 1, 0), (-157.89474487304688, 0, -73.68421173095703, 1) )
            uniform token[] xformOpOrder = ["xformOp:transform:copytopoints1"]

            def Mesh "Mesh_3"
            {
                float3[] extent = [(-0.00074660836, -1.3812666, -0.0044252677), (10.000592, 1.348178, 10.000207)]
                int[] faceVertexCounts = [3, 3, 3, 3, 3, 3, 3, 3, 3, 3, 3, 3, 3, 3, 3, 3, 3, 3, 3, 3, 3, 3, 3, 3, 3, 3, 3, 3, 3, 3, 3, 3, 3, 3, 3, 3, 3, 3, 3, 3, 3, 3, 3, 3, 3, 3, 3, 3, 3, 3, 3, 3, 3, 3, 3, 3, 3, 3, 3, 3, 3, 3, 3, 3, 3, 3, 3, 3, 3, 3, 3, 3, 3, 3, 3, 3, 3, 3, 3, 3, 3, 3, 3, 3, 3, 3, 3, 3, 3, 3, 3, 3, 3, 3, 3, 3, 3, 3, 3, 3, 3, 3, 3, 3, 3, 3, 3, 3, 3, 3, 3, 3, 3, 3, 3, 3, 3, 3, 3, 3, 3, 3, 3, 3, 3, 3, 3, 3, 3, 3, 3, 3, 3, 3, 3]
                int[] faceVertexIndices = [0, 1, 2, 3, 4, 5, 6, 7, 3, 8, 7, 6, 8, 9, 7, 5, 4, 10, 4, 3, 7, 11, 12, 13, 0, 10, 14, 15, 16, 17, 18, 2, 1, 4, 14, 10, 9, 13, 7, 9, 11, 13, 12, 19, 13, 12, 20, 19, 0, 14, 1, 20, 21, 22, 17, 23, 15, 22, 19, 20, 18, 24, 17, 1, 24, 18, 7, 25, 4, 23, 17, 24, 22, 26, 19, 27, 23, 24, 13, 28, 7, 27, 24, 29, 28, 13, 30, 1, 14, 31, 7, 28, 25, 4, 25, 32, 14, 4, 31, 1, 31, 24, 26, 33, 19, 4, 34, 31, 4, 32, 34, 19, 35, 13, 24, 36, 29, 28, 30, 25, 30, 13, 35, 19, 37, 35, 19, 33, 37, 32, 25, 30, 36, 24, 38, 24, 31, 39, 32, 30, 40, 32, 41, 34, 42, 37, 33, 38, 24, 43, 34, 44, 31, 41, 32, 40, 42, 45, 37, 41, 44, 34, 40, 30, 35, 24, 39, 43, 43, 39, 46, 31, 47, 39, 45, 48, 37, 40, 35, 41, 35, 37, 49, 48, 49, 37, 44, 47, 31, 46, 39, 50, 41, 35, 51, 35, 49, 51, 52, 51, 49, 39, 53, 50, 41, 51, 54, 54, 44, 41, 52, 55, 51, 53, 39, 56, 39, 57, 56, 51, 55, 58, 47, 59, 39, 47, 44, 59, 54, 59, 44, 39, 59, 57, 60, 58, 55, 55, 61, 60, 56, 57, 62, 63, 59, 54, 51, 58, 64, 60, 65, 58, 62, 57, 66, 59, 63, 57, 54, 67, 63, 58, 65, 68, 64, 54, 51, 64, 67, 54, 58, 68, 69, 66, 57, 70, 71, 70, 57, 72, 63, 67, 67, 73, 72, 67, 64, 73, 58, 69, 74, 71, 57, 63, 64, 58, 75, 70, 71, 76, 76, 71, 77, 58, 74, 75, 78, 74, 69, 79, 77, 71, 74, 78, 80, 74, 80, 81, 80, 82, 81, 71, 63, 83, 82, 84, 81, 83, 63, 85, 73, 86, 72, 64, 75, 87, 84, 88, 81, 63, 72, 89, 63, 89, 85, 64, 90, 73, 75, 91, 87, 92, 75, 74, 92, 74, 93, 81, 93, 74, 71, 94, 79, 95, 71, 83, 73, 90, 86, 64, 87, 96, 91, 75, 97, 88, 98, 81, 79, 94, 99, 89, 72, 100, 101, 90, 64, 75, 102, 97, 79, 99, 103, 71, 95, 94, 72, 86, 100, 96, 101, 64, 75, 92, 102]
                uniform token orientation = "leftHanded"
                point3f[] points = [(2.8943965, -0.34084094, 0.0027933456), (1.8552501, 0.32608774, 0.7658776), (2.2979782, -0.21123311, 0.0008774642), (5.549406, -0.61758476, -0.000025660082), (4.2861977, 0.6111545, 1.1882676), (4.8450885, -0.31858498, 0.0008828862), (6.1088567, -0.59070164, 0.0010576145), (6.1641645, -0.126713, 0.6369208), (6.4923353, -0.37560493, 0.00049446686), (7.090108, -0.30016994, 0.001911814), (3.8884335, -0.22729632, 0.00032808044), (7.9327054, 0.026152628, 0.00045602783), (8.887859, 0.03203948, 0.0007945308), (8.013441, 0.27973345, 0.8550754), (3.0180473, 0.5254889, 0.8971376), (0.00001057233, 0.29951736, 0.3654708), (0.00036419905, -0.02600508, -0.0044252677), (0.67390877, -0.16641131, 0.0006273171), (1.4092294, -0.23169188, -0.00026471246), (9.053648, 0.5825587, 1.8117192), (9.532316, 0.4498498, 0.00017752318), (9.99824, 0.5091095, 0.061147723), (9.999879, 0.31378645, 0.6908857), (0.000294897, 0.5484, 0.7525085), (0.91933393, 1.1508236, 1.8563362), (5.6901364, 0.87855965, 1.5415351), (9.999911, 0.44232926, 1.3805523), (-0.00033322634, 0.97657865, 1.2524095), (6.531583, 0.60427475, 1.565258), (0.00033318903, 0.7904561, 1.7498404), (6.846838, 0.27131203, 2.2173436), (2.3783004, 1.2357157, 2.2087762), (4.962761, 0.76007265, 2.36267), (9.999258, 1.2718464, 2.333364), (3.5008845, 0.23054777, 2.5995264), (7.558619, 0.28244686, 3.4428), (0.00004999658, 1.3209214, 2.4234085), (9.087664, 1.0683389, 2.8367007), (-0.00008982531, 1.0658573, 3.0256326), (1.1619868, 0.77176887, 4.243704), (5.5680013, 1.348178, 3.4338677), (4.796837, 1.2362864, 4.2278423), (10.00001, 1.0262262, 2.9119048), (0.00005206988, 0.7623755, 3.325766), (3.593932, 0.7705062, 4.49798), (9.99976, 0.53716874, 3.364431), (-0.0000029535374, 0.7585327, 3.9362178), (2.4363434, 1.2213511, 4.642625), (9.999062, 0.41622767, 3.7688012), (9.997211, 0.5305753, 4.1767554), (-0.00002489864, 1.0252103, 4.5140305), (7.130494, -1.3812666, 5.1997757), (10.000305, 0.21414861, 4.652356), (0.00004942083, 1.1326565, 4.9090033), (4.9347773, 0.4115234, 6.127354), (9.999035, -0.09885473, 5.228463), (-0.00074660836, 0.3579084, 6.029711), (1.3706224, -0.4905172, 6.907195), (8.963642, -0.0014859807, 7.008174), (3.028913, 0.18794109, 6.030603), (10.000581, 0.29463196, 6.3640304), (10.000098, -0.19514313, 5.744232), (0.000043713568, -0.16183603, 6.416344), (2.8666465, -0.76254433, 7.5822973), (6.902529, -0.3192306, 8.26561), (10.000027, 0.618925, 6.87531), (0.000033370787, -0.58461976, 7.019601), (4.9897323, 0.0117714, 7.344164), (9.997617, 0.8170502, 7.155068), (9.995385, 0.8667968, 7.6746993), (0.00005463851, -0.5580389, 7.9238954), (1.6189348, -0.65363085, 8.96309), (4.171208, 0.035686728, 8.589618), (4.982885, 0.6952391, 8.667858), (9.020889, 0.91649014, 8.641582), (7.88434, -0.31020004, 9.199286), (-0.00020935929, 0.00067761756, 8.9133005), (0.0004217218, 0.1352124, 9.355778), (9.998977, 0.80069447, 8.325907), (0.0034511162, 0.40133613, 9.726118), (9.999526, 1.1511991, 8.796258), (9.797138, 0.7015084, 9.997199), (10.000592, 0.87321174, 9.117289), (2.5347831, -0.7184808, 9.9984665), (9.999235, 0.990058, 9.307717), (2.888453, -0.68268126, 9.999639), (4.5169067, 0.14857554, 9.999828), (6.7376456, -0.14023787, 9.998619), (9.997016, 1.0051557, 9.634751), (3.3549628, -0.40326142, 9.999194), (5.1062355, 0.35834163, 9.999572), (7.2815437, 0.010874761, 10.000207), (8.886041, 0.4181061, 9.99802), (9.190625, 0.37871298, 9.99969), (1.3315306, -0.7188837, 10.000146), (1.9813026, -0.90666145, 9.999916), (6.1606593, -0.078209914, 10.000027), (8.084097, 0.015738236, 9.999919), (9.999322, 0.76716125, 9.958075), (0.6461925, -0.18122016, 9.999994), (3.7479675, -0.3708659, 10.000072), (5.73463, 0.29394633, 9.999717), (8.629975, 0.13828777, 10.000178), (0.02161542, 0.35039085, 10.000113)] (
                    interpolation = "vertex"
                )
                uniform token subdivisionScheme = "none"
            }
        }

        def Xform "Area123"
        {
            vector3f[] primvars:P (
                interpolation = "constant"
            )
            vector3f[] primvars:P.timeSamples = {
                1: [(-136.8421, 0, -73.68421)],
            }
            matrix4d xformOp:transform:copytopoints1 = ( (1, 0, 0, 0), (0, 1, 0, 0), (0, 0, 1, 0), (-136.84210205078125, 0, -73.68421173095703, 1) )
            uniform token[] xformOpOrder = ["xformOp:transform:copytopoints1"]
        }

        def Xform "Area124"
        {
            vector3f[] primvars:P (
                interpolation = "constant"
            )
            vector3f[] primvars:P.timeSamples = {
                1: [(-115.789474, 0, -73.68421)],
            }
            matrix4d xformOp:transform:copytopoints1 = ( (1, 0, 0, 0), (0, 1, 0, 0), (0, 0, 1, 0), (-115.78947448730469, 0, -73.68421173095703, 1) )
            uniform token[] xformOpOrder = ["xformOp:transform:copytopoints1"]
        }

        def Xform "Area125"
        {
            vector3f[] primvars:P (
                interpolation = "constant"
            )
            vector3f[] primvars:P.timeSamples = {
                1: [(-94.73685, 0, -73.68421)],
            }
            matrix4d xformOp:transform:copytopoints1 = ( (1, 0, 0, 0), (0, 1, 0, 0), (0, 0, 1, 0), (-94.73684692382812, 0, -73.68421173095703, 1) )
            uniform token[] xformOpOrder = ["xformOp:transform:copytopoints1"]
        }

        def Xform "Area126"
        {
            vector3f[] primvars:P (
                interpolation = "constant"
            )
            vector3f[] primvars:P.timeSamples = {
                1: [(-73.68421, 0, -73.68421)],
            }
            matrix4d xformOp:transform:copytopoints1 = ( (1, 0, 0, 0), (0, 1, 0, 0), (0, 0, 1, 0), (-73.68421173095703, 0, -73.68421173095703, 1) )
            uniform token[] xformOpOrder = ["xformOp:transform:copytopoints1"]
        }

        def Xform "Area127"
        {
            vector3f[] primvars:P (
                interpolation = "constant"
            )
            vector3f[] primvars:P.timeSamples = {
                1: [(-52.631577, 0, -73.68421)],
            }
            matrix4d xformOp:transform:copytopoints1 = ( (1, 0, 0, 0), (0, 1, 0, 0), (0, 0, 1, 0), (-52.63157653808594, 0, -73.68421173095703, 1) )
            uniform token[] xformOpOrder = ["xformOp:transform:copytopoints1"]
        }

        def Xform "Area128"
        {
            vector3f[] primvars:P (
                interpolation = "constant"
            )
            vector3f[] primvars:P.timeSamples = {
                1: [(-31.578949, 0, -73.68421)],
            }
            matrix4d xformOp:transform:copytopoints1 = ( (1, 0, 0, 0), (0, 1, 0, 0), (0, 0, 1, 0), (-31.578948974609375, 0, -73.68421173095703, 1) )
            uniform token[] xformOpOrder = ["xformOp:transform:copytopoints1"]
        }

        def Xform "Area129"
        {
            vector3f[] primvars:P (
                interpolation = "constant"
            )
            vector3f[] primvars:P.timeSamples = {
                1: [(-10.526321, 0, -73.68421)],
            }
            matrix4d xformOp:transform:copytopoints1 = ( (1, 0, 0, 0), (0, 1, 0, 0), (0, 0, 1, 0), (-10.526321411132812, 0, -73.68421173095703, 1) )
            uniform token[] xformOpOrder = ["xformOp:transform:copytopoints1"]
        }

        def Xform "Area130"
        {
            vector3f[] primvars:P (
                interpolation = "constant"
            )
            vector3f[] primvars:P.timeSamples = {
                1: [(10.526306, 0, -73.68421)],
            }
            matrix4d xformOp:transform:copytopoints1 = ( (1, 0, 0, 0), (0, 1, 0, 0), (0, 0, 1, 0), (10.52630615234375, 0, -73.68421173095703, 1) )
            uniform token[] xformOpOrder = ["xformOp:transform:copytopoints1"]
        }

        def Xform "Area131"
        {
            vector3f[] primvars:P (
                interpolation = "constant"
            )
            vector3f[] primvars:P.timeSamples = {
                1: [(31.578949, 0, -73.68421)],
            }
            matrix4d xformOp:transform:copytopoints1 = ( (1, 0, 0, 0), (0, 1, 0, 0), (0, 0, 1, 0), (31.578948974609375, 0, -73.68421173095703, 1) )
            uniform token[] xformOpOrder = ["xformOp:transform:copytopoints1"]
        }

        def Xform "Area132"
        {
            vector3f[] primvars:P (
                interpolation = "constant"
            )
            vector3f[] primvars:P.timeSamples = {
                1: [(52.631577, 0, -73.68421)],
            }
            matrix4d xformOp:transform:copytopoints1 = ( (1, 0, 0, 0), (0, 1, 0, 0), (0, 0, 1, 0), (52.63157653808594, 0, -73.68421173095703, 1) )
            uniform token[] xformOpOrder = ["xformOp:transform:copytopoints1"]
        }

        def Xform "Area133"
        {
            vector3f[] primvars:P (
                interpolation = "constant"
            )
            vector3f[] primvars:P.timeSamples = {
                1: [(73.684204, 0, -73.68421)],
            }
            matrix4d xformOp:transform:copytopoints1 = ( (1, 0, 0, 0), (0, 1, 0, 0), (0, 0, 1, 0), (73.6842041015625, 0, -73.68421173095703, 1) )
            uniform token[] xformOpOrder = ["xformOp:transform:copytopoints1"]
        }

        def Xform "Area134"
        {
            vector3f[] primvars:P (
                interpolation = "constant"
            )
            vector3f[] primvars:P.timeSamples = {
                1: [(94.73685, 0, -73.68421)],
            }
            matrix4d xformOp:transform:copytopoints1 = ( (1, 0, 0, 0), (0, 1, 0, 0), (0, 0, 1, 0), (94.73684692382812, 0, -73.68421173095703, 1) )
            uniform token[] xformOpOrder = ["xformOp:transform:copytopoints1"]
        }

        def Xform "Area135"
        {
            vector3f[] primvars:P (
                interpolation = "constant"
            )
            vector3f[] primvars:P.timeSamples = {
                1: [(115.78946, 0, -73.68421)],
            }
            matrix4d xformOp:transform:copytopoints1 = ( (1, 0, 0, 0), (0, 1, 0, 0), (0, 0, 1, 0), (115.78945922851562, 0, -73.68421173095703, 1) )
            uniform token[] xformOpOrder = ["xformOp:transform:copytopoints1"]
        }

        def Xform "Area136"
        {
            vector3f[] primvars:P (
                interpolation = "constant"
            )
            vector3f[] primvars:P.timeSamples = {
                1: [(136.8421, 0, -73.68421)],
            }
            matrix4d xformOp:transform:copytopoints1 = ( (1, 0, 0, 0), (0, 1, 0, 0), (0, 0, 1, 0), (136.84210205078125, 0, -73.68421173095703, 1) )
            uniform token[] xformOpOrder = ["xformOp:transform:copytopoints1"]
        }

        def Xform "Area137"
        {
            vector3f[] primvars:P (
                interpolation = "constant"
            )
            vector3f[] primvars:P.timeSamples = {
                1: [(157.89474, 0, -73.68421)],
            }
            matrix4d xformOp:transform:copytopoints1 = ( (1, 0, 0, 0), (0, 1, 0, 0), (0, 0, 1, 0), (157.89474487304688, 0, -73.68421173095703, 1) )
            uniform token[] xformOpOrder = ["xformOp:transform:copytopoints1"]
        }

        def Xform "Area138"
        {
            vector3f[] primvars:P (
                interpolation = "constant"
            )
            vector3f[] primvars:P.timeSamples = {
                1: [(178.94736, 0, -73.68421)],
            }
            matrix4d xformOp:transform:copytopoints1 = ( (1, 0, 0, 0), (0, 1, 0, 0), (0, 0, 1, 0), (178.94735717773438, 0, -73.68421173095703, 1) )
            uniform token[] xformOpOrder = ["xformOp:transform:copytopoints1"]
        }

        def Xform "Area139"
        {
            vector3f[] primvars:P (
                interpolation = "constant"
            )
            vector3f[] primvars:P.timeSamples = {
                1: [(200, 0, -73.68421)],
            }
            matrix4d xformOp:transform:copytopoints1 = ( (1, 0, 0, 0), (0, 1, 0, 0), (0, 0, 1, 0), (200, 0, -73.68421173095703, 1) )
            uniform token[] xformOpOrder = ["xformOp:transform:copytopoints1"]
        }

        def Xform "Area140"
        {
            vector3f[] primvars:P (
                interpolation = "constant"
            )
            vector3f[] primvars:P.timeSamples = {
                1: [(-200, 0, -52.631577)],
            }
            matrix4d xformOp:transform:copytopoints1 = ( (1, 0, 0, 0), (0, 1, 0, 0), (0, 0, 1, 0), (-200, 0, -52.63157653808594, 1) )
            uniform token[] xformOpOrder = ["xformOp:transform:copytopoints1"]
        }

        def Xform "Area141"
        {
            vector3f[] primvars:P (
                interpolation = "constant"
            )
            vector3f[] primvars:P.timeSamples = {
                1: [(-178.94737, 0, -52.631577)],
            }
            matrix4d xformOp:transform:copytopoints1 = ( (1, 0, 0, 0), (0, 1, 0, 0), (0, 0, 1, 0), (-178.94737243652344, 0, -52.63157653808594, 1) )
            uniform token[] xformOpOrder = ["xformOp:transform:copytopoints1"]

            def Mesh "Mesh_3"
            {
                float3[] extent = [(-0.00074660836, -1.3812666, -0.0044252677), (10.000592, 1.348178, 10.000207)]
                int[] faceVertexCounts = [3, 3, 3, 3, 3, 3, 3, 3, 3, 3, 3, 3, 3, 3, 3, 3, 3, 3, 3, 3, 3, 3, 3, 3, 3, 3, 3, 3, 3, 3, 3, 3, 3, 3, 3, 3, 3, 3, 3, 3, 3, 3, 3, 3, 3, 3, 3, 3, 3, 3, 3, 3, 3, 3, 3, 3, 3, 3, 3, 3, 3, 3, 3, 3, 3, 3, 3, 3, 3, 3, 3, 3, 3, 3, 3, 3, 3, 3, 3, 3, 3, 3, 3, 3, 3, 3, 3, 3, 3, 3, 3, 3, 3, 3, 3, 3, 3, 3, 3, 3, 3, 3, 3, 3, 3, 3, 3, 3, 3, 3, 3, 3, 3, 3, 3, 3, 3, 3, 3, 3, 3, 3, 3, 3, 3, 3, 3, 3, 3, 3, 3, 3, 3, 3, 3]
                int[] faceVertexIndices = [0, 1, 2, 3, 4, 5, 6, 7, 3, 8, 7, 6, 8, 9, 7, 5, 4, 10, 4, 3, 7, 11, 12, 13, 0, 10, 14, 15, 16, 17, 18, 2, 1, 4, 14, 10, 9, 13, 7, 9, 11, 13, 12, 19, 13, 12, 20, 19, 0, 14, 1, 20, 21, 22, 17, 23, 15, 22, 19, 20, 18, 24, 17, 1, 24, 18, 7, 25, 4, 23, 17, 24, 22, 26, 19, 27, 23, 24, 13, 28, 7, 27, 24, 29, 28, 13, 30, 1, 14, 31, 7, 28, 25, 4, 25, 32, 14, 4, 31, 1, 31, 24, 26, 33, 19, 4, 34, 31, 4, 32, 34, 19, 35, 13, 24, 36, 29, 28, 30, 25, 30, 13, 35, 19, 37, 35, 19, 33, 37, 32, 25, 30, 36, 24, 38, 24, 31, 39, 32, 30, 40, 32, 41, 34, 42, 37, 33, 38, 24, 43, 34, 44, 31, 41, 32, 40, 42, 45, 37, 41, 44, 34, 40, 30, 35, 24, 39, 43, 43, 39, 46, 31, 47, 39, 45, 48, 37, 40, 35, 41, 35, 37, 49, 48, 49, 37, 44, 47, 31, 46, 39, 50, 41, 35, 51, 35, 49, 51, 52, 51, 49, 39, 53, 50, 41, 51, 54, 54, 44, 41, 52, 55, 51, 53, 39, 56, 39, 57, 56, 51, 55, 58, 47, 59, 39, 47, 44, 59, 54, 59, 44, 39, 59, 57, 60, 58, 55, 55, 61, 60, 56, 57, 62, 63, 59, 54, 51, 58, 64, 60, 65, 58, 62, 57, 66, 59, 63, 57, 54, 67, 63, 58, 65, 68, 64, 54, 51, 64, 67, 54, 58, 68, 69, 66, 57, 70, 71, 70, 57, 72, 63, 67, 67, 73, 72, 67, 64, 73, 58, 69, 74, 71, 57, 63, 64, 58, 75, 70, 71, 76, 76, 71, 77, 58, 74, 75, 78, 74, 69, 79, 77, 71, 74, 78, 80, 74, 80, 81, 80, 82, 81, 71, 63, 83, 82, 84, 81, 83, 63, 85, 73, 86, 72, 64, 75, 87, 84, 88, 81, 63, 72, 89, 63, 89, 85, 64, 90, 73, 75, 91, 87, 92, 75, 74, 92, 74, 93, 81, 93, 74, 71, 94, 79, 95, 71, 83, 73, 90, 86, 64, 87, 96, 91, 75, 97, 88, 98, 81, 79, 94, 99, 89, 72, 100, 101, 90, 64, 75, 102, 97, 79, 99, 103, 71, 95, 94, 72, 86, 100, 96, 101, 64, 75, 92, 102]
                uniform token orientation = "leftHanded"
                point3f[] points = [(2.8943965, -0.34084094, 0.0027933456), (1.8552501, 0.32608774, 0.7658776), (2.2979782, -0.21123311, 0.0008774642), (5.549406, -0.61758476, -0.000025660082), (4.2861977, 0.6111545, 1.1882676), (4.8450885, -0.31858498, 0.0008828862), (6.1088567, -0.59070164, 0.0010576145), (6.1641645, -0.126713, 0.6369208), (6.4923353, -0.37560493, 0.00049446686), (7.090108, -0.30016994, 0.001911814), (3.8884335, -0.22729632, 0.00032808044), (7.9327054, 0.026152628, 0.00045602783), (8.887859, 0.03203948, 0.0007945308), (8.013441, 0.27973345, 0.8550754), (3.0180473, 0.5254889, 0.8971376), (0.00001057233, 0.29951736, 0.3654708), (0.00036419905, -0.02600508, -0.0044252677), (0.67390877, -0.16641131, 0.0006273171), (1.4092294, -0.23169188, -0.00026471246), (9.053648, 0.5825587, 1.8117192), (9.532316, 0.4498498, 0.00017752318), (9.99824, 0.5091095, 0.061147723), (9.999879, 0.31378645, 0.6908857), (0.000294897, 0.5484, 0.7525085), (0.91933393, 1.1508236, 1.8563362), (5.6901364, 0.87855965, 1.5415351), (9.999911, 0.44232926, 1.3805523), (-0.00033322634, 0.97657865, 1.2524095), (6.531583, 0.60427475, 1.565258), (0.00033318903, 0.7904561, 1.7498404), (6.846838, 0.27131203, 2.2173436), (2.3783004, 1.2357157, 2.2087762), (4.962761, 0.76007265, 2.36267), (9.999258, 1.2718464, 2.333364), (3.5008845, 0.23054777, 2.5995264), (7.558619, 0.28244686, 3.4428), (0.00004999658, 1.3209214, 2.4234085), (9.087664, 1.0683389, 2.8367007), (-0.00008982531, 1.0658573, 3.0256326), (1.1619868, 0.77176887, 4.243704), (5.5680013, 1.348178, 3.4338677), (4.796837, 1.2362864, 4.2278423), (10.00001, 1.0262262, 2.9119048), (0.00005206988, 0.7623755, 3.325766), (3.593932, 0.7705062, 4.49798), (9.99976, 0.53716874, 3.364431), (-0.0000029535374, 0.7585327, 3.9362178), (2.4363434, 1.2213511, 4.642625), (9.999062, 0.41622767, 3.7688012), (9.997211, 0.5305753, 4.1767554), (-0.00002489864, 1.0252103, 4.5140305), (7.130494, -1.3812666, 5.1997757), (10.000305, 0.21414861, 4.652356), (0.00004942083, 1.1326565, 4.9090033), (4.9347773, 0.4115234, 6.127354), (9.999035, -0.09885473, 5.228463), (-0.00074660836, 0.3579084, 6.029711), (1.3706224, -0.4905172, 6.907195), (8.963642, -0.0014859807, 7.008174), (3.028913, 0.18794109, 6.030603), (10.000581, 0.29463196, 6.3640304), (10.000098, -0.19514313, 5.744232), (0.000043713568, -0.16183603, 6.416344), (2.8666465, -0.76254433, 7.5822973), (6.902529, -0.3192306, 8.26561), (10.000027, 0.618925, 6.87531), (0.000033370787, -0.58461976, 7.019601), (4.9897323, 0.0117714, 7.344164), (9.997617, 0.8170502, 7.155068), (9.995385, 0.8667968, 7.6746993), (0.00005463851, -0.5580389, 7.9238954), (1.6189348, -0.65363085, 8.96309), (4.171208, 0.035686728, 8.589618), (4.982885, 0.6952391, 8.667858), (9.020889, 0.91649014, 8.641582), (7.88434, -0.31020004, 9.199286), (-0.00020935929, 0.00067761756, 8.9133005), (0.0004217218, 0.1352124, 9.355778), (9.998977, 0.80069447, 8.325907), (0.0034511162, 0.40133613, 9.726118), (9.999526, 1.1511991, 8.796258), (9.797138, 0.7015084, 9.997199), (10.000592, 0.87321174, 9.117289), (2.5347831, -0.7184808, 9.9984665), (9.999235, 0.990058, 9.307717), (2.888453, -0.68268126, 9.999639), (4.5169067, 0.14857554, 9.999828), (6.7376456, -0.14023787, 9.998619), (9.997016, 1.0051557, 9.634751), (3.3549628, -0.40326142, 9.999194), (5.1062355, 0.35834163, 9.999572), (7.2815437, 0.010874761, 10.000207), (8.886041, 0.4181061, 9.99802), (9.190625, 0.37871298, 9.99969), (1.3315306, -0.7188837, 10.000146), (1.9813026, -0.90666145, 9.999916), (6.1606593, -0.078209914, 10.000027), (8.084097, 0.015738236, 9.999919), (9.999322, 0.76716125, 9.958075), (0.6461925, -0.18122016, 9.999994), (3.7479675, -0.3708659, 10.000072), (5.73463, 0.29394633, 9.999717), (8.629975, 0.13828777, 10.000178), (0.02161542, 0.35039085, 10.000113)] (
                    interpolation = "vertex"
                )
                uniform token subdivisionScheme = "none"
            }
        }

        def Xform "Area142"
        {
            vector3f[] primvars:P (
                interpolation = "constant"
            )
            vector3f[] primvars:P.timeSamples = {
                1: [(-157.89474, 0, -52.631577)],
            }
            matrix4d xformOp:transform:copytopoints1 = ( (1, 0, 0, 0), (0, 1, 0, 0), (0, 0, 1, 0), (-157.89474487304688, 0, -52.63157653808594, 1) )
            uniform token[] xformOpOrder = ["xformOp:transform:copytopoints1"]

            def Mesh "Mesh_3"
            {
                float3[] extent = [(-0.00074660836, -1.3812666, -0.0044252677), (10.000592, 1.348178, 10.000207)]
                int[] faceVertexCounts = [3, 3, 3, 3, 3, 3, 3, 3, 3, 3, 3, 3, 3, 3, 3, 3, 3, 3, 3, 3, 3, 3, 3, 3, 3, 3, 3, 3, 3, 3, 3, 3, 3, 3, 3, 3, 3, 3, 3, 3, 3, 3, 3, 3, 3, 3, 3, 3, 3, 3, 3, 3, 3, 3, 3, 3, 3, 3, 3, 3, 3, 3, 3, 3, 3, 3, 3, 3, 3, 3, 3, 3, 3, 3, 3, 3, 3, 3, 3, 3, 3, 3, 3, 3, 3, 3, 3, 3, 3, 3, 3, 3, 3, 3, 3, 3, 3, 3, 3, 3, 3, 3, 3, 3, 3, 3, 3, 3, 3, 3, 3, 3, 3, 3, 3, 3, 3, 3, 3, 3, 3, 3, 3, 3, 3, 3, 3, 3, 3, 3, 3, 3, 3, 3, 3]
                int[] faceVertexIndices = [0, 1, 2, 3, 4, 5, 6, 7, 3, 8, 7, 6, 8, 9, 7, 5, 4, 10, 4, 3, 7, 11, 12, 13, 0, 10, 14, 15, 16, 17, 18, 2, 1, 4, 14, 10, 9, 13, 7, 9, 11, 13, 12, 19, 13, 12, 20, 19, 0, 14, 1, 20, 21, 22, 17, 23, 15, 22, 19, 20, 18, 24, 17, 1, 24, 18, 7, 25, 4, 23, 17, 24, 22, 26, 19, 27, 23, 24, 13, 28, 7, 27, 24, 29, 28, 13, 30, 1, 14, 31, 7, 28, 25, 4, 25, 32, 14, 4, 31, 1, 31, 24, 26, 33, 19, 4, 34, 31, 4, 32, 34, 19, 35, 13, 24, 36, 29, 28, 30, 25, 30, 13, 35, 19, 37, 35, 19, 33, 37, 32, 25, 30, 36, 24, 38, 24, 31, 39, 32, 30, 40, 32, 41, 34, 42, 37, 33, 38, 24, 43, 34, 44, 31, 41, 32, 40, 42, 45, 37, 41, 44, 34, 40, 30, 35, 24, 39, 43, 43, 39, 46, 31, 47, 39, 45, 48, 37, 40, 35, 41, 35, 37, 49, 48, 49, 37, 44, 47, 31, 46, 39, 50, 41, 35, 51, 35, 49, 51, 52, 51, 49, 39, 53, 50, 41, 51, 54, 54, 44, 41, 52, 55, 51, 53, 39, 56, 39, 57, 56, 51, 55, 58, 47, 59, 39, 47, 44, 59, 54, 59, 44, 39, 59, 57, 60, 58, 55, 55, 61, 60, 56, 57, 62, 63, 59, 54, 51, 58, 64, 60, 65, 58, 62, 57, 66, 59, 63, 57, 54, 67, 63, 58, 65, 68, 64, 54, 51, 64, 67, 54, 58, 68, 69, 66, 57, 70, 71, 70, 57, 72, 63, 67, 67, 73, 72, 67, 64, 73, 58, 69, 74, 71, 57, 63, 64, 58, 75, 70, 71, 76, 76, 71, 77, 58, 74, 75, 78, 74, 69, 79, 77, 71, 74, 78, 80, 74, 80, 81, 80, 82, 81, 71, 63, 83, 82, 84, 81, 83, 63, 85, 73, 86, 72, 64, 75, 87, 84, 88, 81, 63, 72, 89, 63, 89, 85, 64, 90, 73, 75, 91, 87, 92, 75, 74, 92, 74, 93, 81, 93, 74, 71, 94, 79, 95, 71, 83, 73, 90, 86, 64, 87, 96, 91, 75, 97, 88, 98, 81, 79, 94, 99, 89, 72, 100, 101, 90, 64, 75, 102, 97, 79, 99, 103, 71, 95, 94, 72, 86, 100, 96, 101, 64, 75, 92, 102]
                uniform token orientation = "leftHanded"
                point3f[] points = [(2.8943965, -0.34084094, 0.0027933456), (1.8552501, 0.32608774, 0.7658776), (2.2979782, -0.21123311, 0.0008774642), (5.549406, -0.61758476, -0.000025660082), (4.2861977, 0.6111545, 1.1882676), (4.8450885, -0.31858498, 0.0008828862), (6.1088567, -0.59070164, 0.0010576145), (6.1641645, -0.126713, 0.6369208), (6.4923353, -0.37560493, 0.00049446686), (7.090108, -0.30016994, 0.001911814), (3.8884335, -0.22729632, 0.00032808044), (7.9327054, 0.026152628, 0.00045602783), (8.887859, 0.03203948, 0.0007945308), (8.013441, 0.27973345, 0.8550754), (3.0180473, 0.5254889, 0.8971376), (0.00001057233, 0.29951736, 0.3654708), (0.00036419905, -0.02600508, -0.0044252677), (0.67390877, -0.16641131, 0.0006273171), (1.4092294, -0.23169188, -0.00026471246), (9.053648, 0.5825587, 1.8117192), (9.532316, 0.4498498, 0.00017752318), (9.99824, 0.5091095, 0.061147723), (9.999879, 0.31378645, 0.6908857), (0.000294897, 0.5484, 0.7525085), (0.91933393, 1.1508236, 1.8563362), (5.6901364, 0.87855965, 1.5415351), (9.999911, 0.44232926, 1.3805523), (-0.00033322634, 0.97657865, 1.2524095), (6.531583, 0.60427475, 1.565258), (0.00033318903, 0.7904561, 1.7498404), (6.846838, 0.27131203, 2.2173436), (2.3783004, 1.2357157, 2.2087762), (4.962761, 0.76007265, 2.36267), (9.999258, 1.2718464, 2.333364), (3.5008845, 0.23054777, 2.5995264), (7.558619, 0.28244686, 3.4428), (0.00004999658, 1.3209214, 2.4234085), (9.087664, 1.0683389, 2.8367007), (-0.00008982531, 1.0658573, 3.0256326), (1.1619868, 0.77176887, 4.243704), (5.5680013, 1.348178, 3.4338677), (4.796837, 1.2362864, 4.2278423), (10.00001, 1.0262262, 2.9119048), (0.00005206988, 0.7623755, 3.325766), (3.593932, 0.7705062, 4.49798), (9.99976, 0.53716874, 3.364431), (-0.0000029535374, 0.7585327, 3.9362178), (2.4363434, 1.2213511, 4.642625), (9.999062, 0.41622767, 3.7688012), (9.997211, 0.5305753, 4.1767554), (-0.00002489864, 1.0252103, 4.5140305), (7.130494, -1.3812666, 5.1997757), (10.000305, 0.21414861, 4.652356), (0.00004942083, 1.1326565, 4.9090033), (4.9347773, 0.4115234, 6.127354), (9.999035, -0.09885473, 5.228463), (-0.00074660836, 0.3579084, 6.029711), (1.3706224, -0.4905172, 6.907195), (8.963642, -0.0014859807, 7.008174), (3.028913, 0.18794109, 6.030603), (10.000581, 0.29463196, 6.3640304), (10.000098, -0.19514313, 5.744232), (0.000043713568, -0.16183603, 6.416344), (2.8666465, -0.76254433, 7.5822973), (6.902529, -0.3192306, 8.26561), (10.000027, 0.618925, 6.87531), (0.000033370787, -0.58461976, 7.019601), (4.9897323, 0.0117714, 7.344164), (9.997617, 0.8170502, 7.155068), (9.995385, 0.8667968, 7.6746993), (0.00005463851, -0.5580389, 7.9238954), (1.6189348, -0.65363085, 8.96309), (4.171208, 0.035686728, 8.589618), (4.982885, 0.6952391, 8.667858), (9.020889, 0.91649014, 8.641582), (7.88434, -0.31020004, 9.199286), (-0.00020935929, 0.00067761756, 8.9133005), (0.0004217218, 0.1352124, 9.355778), (9.998977, 0.80069447, 8.325907), (0.0034511162, 0.40133613, 9.726118), (9.999526, 1.1511991, 8.796258), (9.797138, 0.7015084, 9.997199), (10.000592, 0.87321174, 9.117289), (2.5347831, -0.7184808, 9.9984665), (9.999235, 0.990058, 9.307717), (2.888453, -0.68268126, 9.999639), (4.5169067, 0.14857554, 9.999828), (6.7376456, -0.14023787, 9.998619), (9.997016, 1.0051557, 9.634751), (3.3549628, -0.40326142, 9.999194), (5.1062355, 0.35834163, 9.999572), (7.2815437, 0.010874761, 10.000207), (8.886041, 0.4181061, 9.99802), (9.190625, 0.37871298, 9.99969), (1.3315306, -0.7188837, 10.000146), (1.9813026, -0.90666145, 9.999916), (6.1606593, -0.078209914, 10.000027), (8.084097, 0.015738236, 9.999919), (9.999322, 0.76716125, 9.958075), (0.6461925, -0.18122016, 9.999994), (3.7479675, -0.3708659, 10.000072), (5.73463, 0.29394633, 9.999717), (8.629975, 0.13828777, 10.000178), (0.02161542, 0.35039085, 10.000113)] (
                    interpolation = "vertex"
                )
                uniform token subdivisionScheme = "none"
            }

            def Mesh "Mesh_2"
            {
                float3[] extent = [(-0.00027717845, -1.131625, -10.00058), (10.004538, 1.4215744, 0.00021584799)]
                int[] faceVertexCounts = [3, 3, 3, 3, 3, 3, 3, 3, 3, 3, 3, 3, 3, 3, 3, 3, 3, 3, 3, 3, 3, 3, 3, 3, 3, 3, 3, 3, 3, 3, 3, 3, 3, 3, 3, 3, 3, 3, 3, 3, 3, 3, 3, 3, 3, 3, 3, 3, 3, 3, 3, 3, 3, 3, 3, 3, 3, 3, 3, 3, 3, 3, 3, 3, 3, 3, 3, 3, 3, 3, 3, 3, 3, 3, 3, 3, 3, 3, 3, 3, 3, 3, 3, 3, 3, 3, 3, 3, 3, 3, 3, 3, 3, 3, 3, 3, 3, 3, 3, 3, 3, 3, 3, 3, 3, 3, 3, 3, 3, 3, 3, 3, 3, 3, 3, 3, 3, 3, 3, 3, 3, 3, 3, 3, 3, 3, 3, 3, 3, 3, 3, 3, 3, 3, 3, 3, 3, 3]
                int[] faceVertexIndices = [0, 1, 2, 3, 4, 5, 4, 6, 5, 6, 7, 8, 9, 10, 11, 12, 13, 14, 14, 3, 5, 6, 8, 15, 16, 8, 7, 16, 17, 8, 18, 19, 20, 21, 1, 22, 1, 0, 13, 14, 5, 12, 6, 15, 5, 11, 23, 9, 19, 21, 20, 1, 13, 22, 17, 23, 8, 17, 24, 23, 9, 23, 24, 21, 22, 25, 22, 13, 26, 11, 27, 23, 21, 25, 20, 13, 12, 26, 27, 28, 23, 25, 22, 29, 22, 26, 30, 15, 31, 5, 32, 8, 23, 22, 30, 29, 5, 26, 12, 32, 23, 33, 28, 34, 23, 31, 15, 35, 15, 8, 32, 29, 36, 25, 30, 37, 29, 31, 38, 5, 26, 5, 30, 32, 35, 15, 30, 5, 38, 32, 33, 39, 23, 34, 40, 36, 29, 37, 31, 35, 38, 25, 36, 41, 35, 32, 42, 23, 40, 43, 41, 36, 44, 23, 43, 33, 38, 37, 30, 39, 45, 32, 33, 43, 46, 36, 47, 44, 38, 35, 48, 36, 37, 49, 35, 42, 48, 42, 32, 50, 33, 45, 39, 37, 38, 48, 33, 46, 45, 32, 45, 50, 36, 51, 47, 37, 48, 52, 45, 46, 53, 52, 48, 54, 48, 42, 54, 49, 51, 36, 46, 55, 53, 50, 56, 42, 57, 53, 55, 49, 37, 58, 37, 52, 58, 50, 45, 56, 49, 58, 51, 57, 59, 53, 56, 54, 42, 56, 45, 60, 45, 53, 60, 51, 58, 61, 62, 52, 54, 53, 59, 63, 56, 60, 64, 60, 53, 65, 52, 66, 58, 54, 56, 62, 58, 67, 61, 64, 62, 56, 62, 68, 52, 63, 69, 53, 58, 66, 67, 66, 52, 68, 69, 70, 53, 60, 65, 71, 61, 72, 73, 61, 67, 72, 67, 66, 72, 65, 53, 71, 53, 70, 71, 64, 60, 74, 60, 71, 74, 70, 75, 71, 71, 75, 76, 73, 72, 77, 68, 78, 66, 62, 78, 68, 62, 64, 74, 77, 79, 80, 77, 72, 79, 76, 81, 71, 72, 66, 79, 81, 82, 71, 74, 78, 62, 82, 74, 71, 83, 82, 81, 74, 84, 78, 80, 79, 85, 66, 78, 79, 86, 84, 74, 74, 82, 87, 74, 87, 88, 78, 89, 90, 84, 89, 78, 82, 91, 87, 83, 92, 82, 90, 93, 78, 94, 85, 79, 95, 96, 79, 79, 78, 95, 78, 93, 95, 74, 88, 86, 82, 92, 97, 82, 97, 91, 98, 85, 99, 94, 99, 85, 79, 96, 94]
                uniform token orientation = "leftHanded"
                point3f[] points = [(2.7583492, 1.0962907, -9.999616), (1.9640596, 0.6737012, -9.999759), (2.3292115, 1.1214632, -10.00058), (4.6342535, 0.13572413, -9.999863), (5.604427, -0.3069892, -10), (4.5997186, 0.89573187, -8.48553), (6.556837, 0.116695374, -9.999257), (6.992344, -0.06539539, -9.999873), (6.8920774, 0.37527648, -9.146613), (9.083476, -0.6367808, -9.99988), (9.771715, -0.37492302, -10.000342), (10.001207, -0.50230694, -9.982504), (3.8947072, 0.9939292, -9.061935), (3.147575, 0.95046914, -9.996039), (3.5916953, 1.0459424, -9.999621), (6.2273464, 1.020487, -8.584788), (7.3343277, -0.002357599, -10.000165), (7.9127016, -0.24274597, -9.999914), (0.0010770396, -1.131625, -9.99856), (0.64121056, -0.7454107, -10.000193), (0.0011309874, -1.1306096, -8.971585), (1.2104007, -0.44384998, -9.999938), (1.8108432, 0.0049735573, -9.193383), (8.801111, -1.1189419, -8.567703), (8.471359, -0.59977174, -9.999316), (0.0024950923, -0.9239112, -8.057134), (3.0485122, 1.2601576, -8.327549), (10.0000515, -0.76770157, -9.557916), (10.00012, -0.89071566, -8.511646), (1.5430222, 0.20193078, -7.6943774), (2.8064504, 0.64842993, -7.172941), (5.1427584, 1.2765179, -8.045158), (7.183857, 1.4215744, -6.6583514), (9.027691, 0.6831764, -6.5723987), (10.000082, -0.7042042, -7.8367543), (5.6617794, 0.03283201, -6.8199205), (0.9246491, -0.0072204336, -6.232078), (2.664653, 0.027789779, -5.8937745), (4.0329914, 1.2453492, -6.68167), (8.171457, 0.80212784, -6.32109), (9.999631, -0.09829389, -6.9828153), (0.00011323037, -0.48974088, -6.929484), (5.6019464, 0.17006671, -5.400031), (9.999802, 0.62080246, -6.406232), (-0.00027717845, -0.37186474, -6.292745), (7.905797, 0.7523402, -5.236907), (9.998449, 0.4171405, -5.8655257), (0.00006401227, -0.6446728, -5.718661), (4.1306615, -0.0673465, -5.354119), (1.4527597, 0.76774883, -5.12021), (6.6191115, 1.1537616, -5.151418), (0.00091307604, -0.4706481, -4.604914), (3.424885, 0.3586958, -4.0524445), (9.181076, 1.0161483, -3.8461714), (4.502193, -0.54476255, -4.273304), (9.999611, 0.45992368, -5.108479), (5.937324, 0.038023014, -4.0916204), (10.00004, 0.503979, -4.701283), (1.9849557, 0.8534905, -4.02859), (9.99971, 0.74868256, -4.121224), (7.691059, 0.07158081, -3.4895744), (0.0010406472, -0.106621176, -3.2557652), (4.9499397, 0.069397695, -2.8588622), (9.99954, 0.9085353, -3.6136682), (6.164506, 0.10650249, -2.5460522), (8.560573, 1.2696545, -3.2410448), (2.4442487, -0.19864294, -2.4508739), (1.7964007, 0.24453972, -3.0013442), (3.587544, 0.47710395, -2.8900058), (9.999997, 1.099967, -3.3341546), (9.997488, 0.9423328, -2.8984585), (8.54398, 0.3270415, -1.7002652), (1.1044073, 0.07610664, -1.982446), (0.0000127207, -0.32245547, -2.6764872), (6.301271, -0.77474153, -1.3483629), (10.00019, 0.70341295, -2.424567), (10.000196, 0.72881275, -1.735711), (0.0011318881, -0.24887337, -1.6291308), (3.9048283, -0.4352798, -0.99524045), (1.6160203, -0.34859902, -0.9226662), (0.00079791946, -0.3182843, -1.2557065), (9.999669, 0.5430709, -1.356473), (9.361356, 0.41880992, -0.69411236), (10.000167, 0.5647362, -0.6882416), (5.5253854, -0.6019573, -0.00153797), (0.0009776165, -0.24742691, -0.63289326), (6.111553, -0.5637177, -0.00018780101), (7.965034, 0.02488713, -0.00012648953), (6.84445, -0.30969372, -0.00021343678), (4.9171567, -0.31691542, -0.00012581548), (4.4129605, -0.354038, -0.0010547836), (8.759693, -0.026042553, -0.000019544144), (10.004538, 0.6415813, -0.020929908), (3.9376602, -0.23551756, 0.00021584799), (1.414708, -0.23433705, 0.00005491659), (2.8705118, -0.32439744, 0.00018930956), (2.2710757, -0.2096417, -0.00004395064), (9.39195, 0.3675225, -0.000059904414), (0.0022855904, -0.03990526, -0.0034305558), (0.60907805, -0.16654019, -0.000015183145)] (
                    interpolation = "vertex"
                )
                uniform token subdivisionScheme = "none"
            }

            def Mesh "Mesh_0"
            {
                float3[] extent = [(-10.00206, -1.691203, -10.000099), (0.0003972602, 1.8125514, 0.004959765)]
                int[] faceVertexCounts = [3, 3, 3, 3, 3, 3, 3, 3, 3, 3, 3, 3, 3, 3, 3, 3, 3, 3, 3, 3, 3, 3, 3, 3, 3, 3, 3, 3, 3, 3, 3, 3, 3, 3, 3, 3, 3, 3, 3, 3, 3, 3, 3, 3, 3, 3, 3, 3, 3, 3, 3, 3, 3, 3, 3, 3, 3, 3, 3, 3, 3, 3, 3, 3, 3, 3, 3, 3, 3, 3, 3, 3, 3, 3, 3, 3, 3, 3, 3, 3, 3, 3, 3, 3, 3, 3, 3, 3, 3, 3, 3, 3, 3, 3, 3, 3, 3, 3]
                int[] faceVertexIndices = [0, 1, 2, 0, 3, 4, 3, 5, 4, 5, 6, 7, 8, 9, 10, 11, 12, 9, 13, 14, 15, 16, 2, 1, 4, 1, 0, 11, 9, 8, 17, 18, 19, 9, 20, 10, 18, 14, 19, 5, 7, 4, 6, 20, 7, 12, 17, 19, 1, 4, 21, 21, 22, 1, 20, 9, 7, 19, 14, 23, 12, 19, 9, 1, 22, 24, 13, 25, 14, 7, 26, 4, 14, 25, 23, 26, 7, 9, 27, 24, 22, 9, 19, 26, 23, 25, 28, 29, 21, 4, 27, 22, 30, 4, 26, 31, 21, 32, 22, 26, 19, 33, 32, 34, 30, 30, 22, 32, 35, 36, 19, 31, 29, 4, 33, 31, 26, 35, 19, 23, 21, 29, 32, 33, 19, 36, 23, 28, 35, 32, 37, 34, 33, 36, 38, 39, 35, 28, 28, 40, 39, 37, 32, 41, 42, 41, 32, 42, 32, 29, 42, 29, 31, 39, 43, 35, 36, 35, 44, 36, 44, 38, 41, 42, 45, 38, 46, 33, 31, 33, 47, 47, 33, 46, 45, 42, 48, 35, 43, 49, 44, 35, 50, 35, 49, 50, 44, 51, 38, 46, 38, 51, 48, 42, 52, 44, 50, 51, 47, 42, 31, 53, 47, 46, 52, 54, 48, 51, 50, 55, 52, 42, 47, 47, 53, 52, 49, 56, 50, 50, 56, 57, 52, 58, 54, 55, 50, 59, 51, 53, 46, 58, 52, 60, 60, 52, 61, 51, 55, 62, 59, 62, 55, 52, 53, 63, 57, 64, 50, 61, 52, 65, 51, 62, 53, 61, 66, 60, 59, 50, 67, 68, 53, 62, 53, 69, 63, 67, 70, 59, 64, 67, 50, 66, 61, 71, 65, 72, 61, 73, 53, 68, 52, 63, 65, 69, 53, 74, 73, 74, 53, 62, 59, 70]
                uniform token orientation = "leftHanded"
                point3f[] points = [(-9.049906, -0.49202147, -9.999949), (-9.99872, 0.36926907, -9.032454), (-9.543219, -0.27327624, -9.999985), (-8.309603, -0.48925424, -10.000004), (-7.1204777, 0.016261257, -8.498981), (-7.3970346, 0.29389733, -9.999919), (-6.8825107, 0.25643107, -9.999268), (-6.4113073, 0.6244961, -8.890567), (-5.094887, 1.8125514, -10.000099), (-4.8157206, 0.8717174, -8.89243), (-5.4772816, 1.6316204, -9.999215), (-4.782157, 1.2893611, -9.999862), (-3.9678767, 0.6568336, -9.998886), (0.00012235975, -1.097938, -8.807033), (-0.9319989, -1.411448, -9.997782), (-0.00512517, -1.1244214, -9.999858), (-9.99986, -0.19308126, -9.979775), (-2.6864746, -0.64270717, -9.999943), (-1.65639, -1.2408261, -10.000015), (-3.2344122, -0.79618293, -7.6666484), (-6.033589, 0.7965264, -9.998835), (-8.250168, 1.4787289, -7.7345166), (-9.252794, 1.5364057, -7.938712), (-0.9688915, -0.90468216, -7.757146), (-10.00206, 0.70178825, -8.174141), (-0.000019122315, -0.8518864, -7.836686), (-4.9213424, 1.3254658, -7.489939), (-9.999372, 0.4952885, -7.642874), (-0.000947154, -0.48773888, -6.916671), (-7.8822613, 1.4293852, -6.2273483), (-9.999876, 0.6432832, -7.027577), (-6.5171685, -0.18371083, -5.9775596), (-9.139656, 0.08163952, -6.203966), (-5.384306, 0.19747107, -5.368073), (-9.999947, 0.093167864, -6.3616705), (-1.2826536, -1.0769709, -5.3489976), (-3.722286, -0.11824, -6.133447), (-9.999934, -0.3805464, -5.8656197), (-4.046102, -0.3988115, -5.2557626), (-0.00041820738, -0.6325576, -5.746745), (0.00029329245, -0.3729104, -6.3006673), (-10.000267, -0.6861183, -5.257105), (-8.411023, -0.20698734, -4.6610484), (0.000045661014, -0.49851295, -4.7247224), (-2.4524574, -0.09798113, -4.554067), (-10.000255, -1.3695823, -4.4188004), (-4.1529226, 1.0367978, -3.6523087), (-6.000788, -0.3902182, -3.984503), (-9.99946, -1.6068727, -3.7588623), (0.0003972602, -0.11004483, -3.287571), (-1.2914625, -0.3536366, -2.8851736), (-3.0802333, 0.33706325, -3.1153667), (-8.223735, -1.691203, -2.0050852), (-4.8613853, -0.99107575, -1.7742401), (-9.999939, -1.6350838, -2.561936), (-2.4487977, 0.34559944, -2.041343), (0.000020726588, -0.32575977, -2.6627777), (-0.0001444932, -0.2967661, -1.4025623), (-9.999925, -1.3113011, -1.6659088), (-1.3562057, 0.11065678, -1.2671137), (-9.999995, -1.0040818, -0.8868251), (-8.862473, -0.8374684, -0.000056493373), (-1.7336651, -0.07694651, -0.0012895463), (-6.3539, -1.4739083, -0.00048509648), (-0.00046355725, -0.22883804, -0.5210658), (-7.1957974, -1.4448305, -0.0014618724), (-10.001454, -0.36511785, -0.035709582), (-0.014177267, 0.02512797, 0.004959765), (-2.4165273, -0.20546341, -0.000021072918), (-5.311727, -1.1508042, 0.000002395322), (-1.0785443, 0.06516249, -0.000018093304), (-9.551274, -0.50196284, 0.000019477502), (-7.9265246, -1.0876433, -0.000004593857), (-3.3006623, -0.5869527, -0.000026094776), (-3.9247386, -0.6623031, -0.000008871536)] (
                    interpolation = "vertex"
                )
                uniform token subdivisionScheme = "none"
            }

            def Mesh "Mesh_1"
            {
                float3[] extent = [(-10.001239, -1.5165114, -0.00037971576), (0.00030599034, 1.4009104, 10.000468)]
                int[] faceVertexCounts = [3, 3, 3, 3, 3, 3, 3, 3, 3, 3, 3, 3, 3, 3, 3, 3, 3, 3, 3, 3, 3, 3, 3, 3, 3, 3, 3, 3, 3, 3, 3, 3, 3, 3, 3, 3, 3, 3, 3, 3, 3, 3, 3, 3, 3, 3, 3, 3, 3, 3, 3, 3, 3, 3, 3, 3, 3, 3, 3, 3, 3, 3, 3, 3, 3, 3, 3, 3, 3, 3, 3, 3, 3, 3, 3, 3, 3, 3, 3, 3, 3, 3, 3, 3, 3, 3, 3, 3, 3, 3, 3, 3, 3, 3, 3, 3, 3, 3, 3, 3, 3, 3, 3, 3, 3, 3, 3, 3, 3, 3, 3, 3]
                int[] faceVertexIndices = [0, 1, 2, 0, 3, 4, 5, 6, 7, 8, 9, 10, 10, 9, 11, 12, 13, 14, 14, 15, 12, 4, 1, 0, 4, 3, 6, 7, 8, 5, 10, 11, 13, 11, 16, 13, 8, 10, 5, 16, 14, 13, 5, 4, 6, 13, 12, 17, 18, 1, 19, 13, 17, 20, 13, 20, 21, 19, 1, 4, 19, 4, 22, 4, 5, 23, 21, 24, 13, 4, 25, 22, 10, 26, 5, 13, 24, 27, 25, 4, 28, 24, 29, 27, 4, 23, 28, 23, 5, 30, 13, 27, 31, 10, 32, 26, 29, 33, 27, 13, 31, 10, 10, 31, 32, 31, 27, 34, 23, 35, 28, 27, 33, 34, 35, 23, 36, 28, 35, 37, 38, 36, 23, 30, 38, 23, 5, 26, 39, 39, 26, 32, 30, 40, 38, 34, 41, 31, 5, 40, 30, 32, 31, 42, 34, 43, 41, 36, 44, 35, 38, 45, 36, 44, 36, 45, 44, 45, 46, 41, 43, 47, 40, 5, 48, 45, 38, 49, 42, 31, 41, 39, 48, 5, 50, 46, 45, 50, 51, 46, 49, 38, 40, 47, 52, 41, 45, 49, 50, 40, 48, 53, 49, 40, 53, 39, 32, 42, 50, 54, 51, 42, 41, 55, 50, 49, 56, 39, 42, 48, 52, 57, 41, 49, 53, 56, 41, 57, 55, 48, 58, 53, 50, 59, 54, 59, 50, 60, 50, 56, 60, 42, 55, 61, 53, 58, 56, 55, 62, 61, 60, 56, 63, 61, 48, 42, 60, 63, 64, 56, 65, 63, 56, 66, 65, 56, 58, 66, 67, 68, 62, 58, 48, 61, 66, 69, 65, 58, 61, 66, 62, 68, 61, 70, 63, 65, 68, 67, 71, 70, 65, 72, 72, 65, 73, 69, 73, 65, 66, 74, 69, 61, 68, 75, 71, 76, 68, 75, 77, 61, 77, 75, 78, 79, 68, 76, 61, 80, 81, 61, 82, 80, 77, 83, 84, 77, 78, 83, 74, 66, 85, 66, 86, 85, 66, 61, 86, 86, 61, 81, 61, 77, 82, 79, 76, 87]
                uniform token orientation = "leftHanded"
                point3f[] points = [(-8.576203, -0.9058066, -0.00037971576), (-9.527224, -0.5154664, 0.007149644), (-9.115877, -0.7544043, 0.00014382685), (-7.847249, -1.1077986, 0.00022236438), (-9.11622, 0.52682847, 1.4854237), (-5.5845795, -0.8747413, 2.8297062), (-7.4022317, -1.351118, 0.0002675286), (-6.5671067, -1.5165114, -0.00006590116), (-5.1393642, -1.0849848, 0.000017358476), (-3.9248424, -0.657401, 0.000042045875), (-3.8630705, -0.6775026, 1.4244405), (-3.3722582, -0.6100214, -0.00007763196), (-0.0000727314, 0.29797858, 0.3687093), (-1.359001, 0.21161355, 1.5590525), (-0.79433286, 0.10413965, 0.00003138875), (-0.00011828118, -0.0063765505, 0.0005127035), (-1.9337195, -0.08940035, 0.000010715429), (-0.0038403873, 0.56892234, 0.63688475), (-9.999495, -0.3989656, 0.025862051), (-10.000029, 0.47088933, 1.1380721), (-0.00030925954, 0.56549937, 0.8906778), (-0.004435514, 0.95710063, 1.2429593), (-10.001239, 0.4191073, 1.6932119), (-8.191917, -0.36968207, 2.2986808), (0.00017348476, 0.7833532, 1.7393407), (-10.000152, 0.2882993, 2.231903), (-4.4274735, -0.33409622, 2.9214716), (-0.5181119, 1.4009104, 2.695588), (-9.99743, 0.47115567, 2.5392544), (-0.000050601873, 1.3161393, 2.4183578), (-6.881732, -0.039580896, 3.1043646), (-1.8383243, 0.11836078, 3.9044614), (-3.8819528, 0.012426106, 3.6227684), (0.0002456332, 1.0442704, 3.0295599), (-0.00095603144, 0.707585, 3.524309), (-9.998367, 0.44588733, 3.9232266), (-9.121323, 0.32526731, 4.146303), (-10.000343, 0.5434633, 3.1757424), (-7.6852994, 0.124275744, 4.086043), (-5.2595644, -0.19538657, 4.548328), (-6.9969153, 0.64014846, 5.3357415), (-1.0387834, 1.3436394, 5.5044885), (-3.1769397, -0.14826623, 5.952294), (0.000029974275, 0.8242304, 4.0807214), (-9.999104, 0.27480802, 4.4685087), (-9.042818, 1.256201, 5.0123715), (-9.999303, 0.38688928, 5.095911), (-0.000120678334, 1.1211319, 4.917401), (-5.4496984, 0.039542094, 6.244606), (-8.138512, 0.26081806, 5.8245344), (-9.138939, 0.9478817, 5.985649), (-9.999597, 0.53654546, 5.8840437), (0.00030599034, 0.36346146, 6.0281053), (-6.961801, 0.8135886, 6.416823), (-9.999783, 0.32964614, 6.2732472), (-0.0009739149, -0.5945043, 7.062473), (-8.209528, 1.1321791, 7.2075396), (-0.000021189844, -0.19566469, 6.4419317), (-6.317146, 0.12759632, 7.220769), (-10.000026, -0.063367836, 6.7303224), (-9.99931, -0.16234018, 7.3007197), (-3.2671583, -1.097742, 7.966015), (-0.00042910385, -0.6037597, 7.636227), (-9.99535, 0.007222817, 8.383708), (-10.000879, -0.06382115, 7.9393363), (-9.103094, 0.34471714, 8.643771), (-7.706025, -0.90790945, 8.659134), (0.00000767549, -0.36120105, 8.358003), (-0.8101375, 0.80844206, 9.9991865), (-9.187175, -0.96545434, 9.99893), (-9.999074, -0.10399173, 8.718787), (0.0001531393, 0.13622184, 9.300176), (-10.00005, -0.1227651, 9.088374), (-9.999552, -0.8670991, 9.992111), (-8.515007, -0.8532597, 9.999611), (-1.2180009, 0.71777374, 9.996216), (-0.0006791701, 0.39366466, 9.705791), (-2.8466666, 0.56828874, 9.993566), (-1.7033682, 0.7773198, 9.995028), (-0.3341531, 0.711339, 10.000468), (-4.564453, -0.7199208, 9.999356), (-5.144329, -1.1474189, 10.000011), (-3.550381, -0.2842394, 9.999954), (-2.339618, 0.73097503, 9.998213), (-2.6095967, 0.79028517, 9.999507), (-7.628775, -1.2940797, 9.999984), (-6.367797, -1.4490227, 10.000012), (-0.0018070202, 0.36999017, 9.999918)] (
                    interpolation = "vertex"
                )
                uniform token subdivisionScheme = "none"
            }
        }

        def Xform "Area143"
        {
            vector3f[] primvars:P (
                interpolation = "constant"
            )
            vector3f[] primvars:P.timeSamples = {
                1: [(-136.8421, 0, -52.631577)],
            }
            matrix4d xformOp:transform:copytopoints1 = ( (1, 0, 0, 0), (0, 1, 0, 0), (0, 0, 1, 0), (-136.84210205078125, 0, -52.63157653808594, 1) )
            uniform token[] xformOpOrder = ["xformOp:transform:copytopoints1"]

            def Mesh "Mesh_3"
            {
                float3[] extent = [(-0.00074660836, -1.3812666, -0.0044252677), (10.000592, 1.348178, 10.000207)]
                int[] faceVertexCounts = [3, 3, 3, 3, 3, 3, 3, 3, 3, 3, 3, 3, 3, 3, 3, 3, 3, 3, 3, 3, 3, 3, 3, 3, 3, 3, 3, 3, 3, 3, 3, 3, 3, 3, 3, 3, 3, 3, 3, 3, 3, 3, 3, 3, 3, 3, 3, 3, 3, 3, 3, 3, 3, 3, 3, 3, 3, 3, 3, 3, 3, 3, 3, 3, 3, 3, 3, 3, 3, 3, 3, 3, 3, 3, 3, 3, 3, 3, 3, 3, 3, 3, 3, 3, 3, 3, 3, 3, 3, 3, 3, 3, 3, 3, 3, 3, 3, 3, 3, 3, 3, 3, 3, 3, 3, 3, 3, 3, 3, 3, 3, 3, 3, 3, 3, 3, 3, 3, 3, 3, 3, 3, 3, 3, 3, 3, 3, 3, 3, 3, 3, 3, 3, 3, 3]
                int[] faceVertexIndices = [0, 1, 2, 3, 4, 5, 6, 7, 3, 8, 7, 6, 8, 9, 7, 5, 4, 10, 4, 3, 7, 11, 12, 13, 0, 10, 14, 15, 16, 17, 18, 2, 1, 4, 14, 10, 9, 13, 7, 9, 11, 13, 12, 19, 13, 12, 20, 19, 0, 14, 1, 20, 21, 22, 17, 23, 15, 22, 19, 20, 18, 24, 17, 1, 24, 18, 7, 25, 4, 23, 17, 24, 22, 26, 19, 27, 23, 24, 13, 28, 7, 27, 24, 29, 28, 13, 30, 1, 14, 31, 7, 28, 25, 4, 25, 32, 14, 4, 31, 1, 31, 24, 26, 33, 19, 4, 34, 31, 4, 32, 34, 19, 35, 13, 24, 36, 29, 28, 30, 25, 30, 13, 35, 19, 37, 35, 19, 33, 37, 32, 25, 30, 36, 24, 38, 24, 31, 39, 32, 30, 40, 32, 41, 34, 42, 37, 33, 38, 24, 43, 34, 44, 31, 41, 32, 40, 42, 45, 37, 41, 44, 34, 40, 30, 35, 24, 39, 43, 43, 39, 46, 31, 47, 39, 45, 48, 37, 40, 35, 41, 35, 37, 49, 48, 49, 37, 44, 47, 31, 46, 39, 50, 41, 35, 51, 35, 49, 51, 52, 51, 49, 39, 53, 50, 41, 51, 54, 54, 44, 41, 52, 55, 51, 53, 39, 56, 39, 57, 56, 51, 55, 58, 47, 59, 39, 47, 44, 59, 54, 59, 44, 39, 59, 57, 60, 58, 55, 55, 61, 60, 56, 57, 62, 63, 59, 54, 51, 58, 64, 60, 65, 58, 62, 57, 66, 59, 63, 57, 54, 67, 63, 58, 65, 68, 64, 54, 51, 64, 67, 54, 58, 68, 69, 66, 57, 70, 71, 70, 57, 72, 63, 67, 67, 73, 72, 67, 64, 73, 58, 69, 74, 71, 57, 63, 64, 58, 75, 70, 71, 76, 76, 71, 77, 58, 74, 75, 78, 74, 69, 79, 77, 71, 74, 78, 80, 74, 80, 81, 80, 82, 81, 71, 63, 83, 82, 84, 81, 83, 63, 85, 73, 86, 72, 64, 75, 87, 84, 88, 81, 63, 72, 89, 63, 89, 85, 64, 90, 73, 75, 91, 87, 92, 75, 74, 92, 74, 93, 81, 93, 74, 71, 94, 79, 95, 71, 83, 73, 90, 86, 64, 87, 96, 91, 75, 97, 88, 98, 81, 79, 94, 99, 89, 72, 100, 101, 90, 64, 75, 102, 97, 79, 99, 103, 71, 95, 94, 72, 86, 100, 96, 101, 64, 75, 92, 102]
                uniform token orientation = "leftHanded"
                point3f[] points = [(2.8943965, -0.34084094, 0.0027933456), (1.8552501, 0.32608774, 0.7658776), (2.2979782, -0.21123311, 0.0008774642), (5.549406, -0.61758476, -0.000025660082), (4.2861977, 0.6111545, 1.1882676), (4.8450885, -0.31858498, 0.0008828862), (6.1088567, -0.59070164, 0.0010576145), (6.1641645, -0.126713, 0.6369208), (6.4923353, -0.37560493, 0.00049446686), (7.090108, -0.30016994, 0.001911814), (3.8884335, -0.22729632, 0.00032808044), (7.9327054, 0.026152628, 0.00045602783), (8.887859, 0.03203948, 0.0007945308), (8.013441, 0.27973345, 0.8550754), (3.0180473, 0.5254889, 0.8971376), (0.00001057233, 0.29951736, 0.3654708), (0.00036419905, -0.02600508, -0.0044252677), (0.67390877, -0.16641131, 0.0006273171), (1.4092294, -0.23169188, -0.00026471246), (9.053648, 0.5825587, 1.8117192), (9.532316, 0.4498498, 0.00017752318), (9.99824, 0.5091095, 0.061147723), (9.999879, 0.31378645, 0.6908857), (0.000294897, 0.5484, 0.7525085), (0.91933393, 1.1508236, 1.8563362), (5.6901364, 0.87855965, 1.5415351), (9.999911, 0.44232926, 1.3805523), (-0.00033322634, 0.97657865, 1.2524095), (6.531583, 0.60427475, 1.565258), (0.00033318903, 0.7904561, 1.7498404), (6.846838, 0.27131203, 2.2173436), (2.3783004, 1.2357157, 2.2087762), (4.962761, 0.76007265, 2.36267), (9.999258, 1.2718464, 2.333364), (3.5008845, 0.23054777, 2.5995264), (7.558619, 0.28244686, 3.4428), (0.00004999658, 1.3209214, 2.4234085), (9.087664, 1.0683389, 2.8367007), (-0.00008982531, 1.0658573, 3.0256326), (1.1619868, 0.77176887, 4.243704), (5.5680013, 1.348178, 3.4338677), (4.796837, 1.2362864, 4.2278423), (10.00001, 1.0262262, 2.9119048), (0.00005206988, 0.7623755, 3.325766), (3.593932, 0.7705062, 4.49798), (9.99976, 0.53716874, 3.364431), (-0.0000029535374, 0.7585327, 3.9362178), (2.4363434, 1.2213511, 4.642625), (9.999062, 0.41622767, 3.7688012), (9.997211, 0.5305753, 4.1767554), (-0.00002489864, 1.0252103, 4.5140305), (7.130494, -1.3812666, 5.1997757), (10.000305, 0.21414861, 4.652356), (0.00004942083, 1.1326565, 4.9090033), (4.9347773, 0.4115234, 6.127354), (9.999035, -0.09885473, 5.228463), (-0.00074660836, 0.3579084, 6.029711), (1.3706224, -0.4905172, 6.907195), (8.963642, -0.0014859807, 7.008174), (3.028913, 0.18794109, 6.030603), (10.000581, 0.29463196, 6.3640304), (10.000098, -0.19514313, 5.744232), (0.000043713568, -0.16183603, 6.416344), (2.8666465, -0.76254433, 7.5822973), (6.902529, -0.3192306, 8.26561), (10.000027, 0.618925, 6.87531), (0.000033370787, -0.58461976, 7.019601), (4.9897323, 0.0117714, 7.344164), (9.997617, 0.8170502, 7.155068), (9.995385, 0.8667968, 7.6746993), (0.00005463851, -0.5580389, 7.9238954), (1.6189348, -0.65363085, 8.96309), (4.171208, 0.035686728, 8.589618), (4.982885, 0.6952391, 8.667858), (9.020889, 0.91649014, 8.641582), (7.88434, -0.31020004, 9.199286), (-0.00020935929, 0.00067761756, 8.9133005), (0.0004217218, 0.1352124, 9.355778), (9.998977, 0.80069447, 8.325907), (0.0034511162, 0.40133613, 9.726118), (9.999526, 1.1511991, 8.796258), (9.797138, 0.7015084, 9.997199), (10.000592, 0.87321174, 9.117289), (2.5347831, -0.7184808, 9.9984665), (9.999235, 0.990058, 9.307717), (2.888453, -0.68268126, 9.999639), (4.5169067, 0.14857554, 9.999828), (6.7376456, -0.14023787, 9.998619), (9.997016, 1.0051557, 9.634751), (3.3549628, -0.40326142, 9.999194), (5.1062355, 0.35834163, 9.999572), (7.2815437, 0.010874761, 10.000207), (8.886041, 0.4181061, 9.99802), (9.190625, 0.37871298, 9.99969), (1.3315306, -0.7188837, 10.000146), (1.9813026, -0.90666145, 9.999916), (6.1606593, -0.078209914, 10.000027), (8.084097, 0.015738236, 9.999919), (9.999322, 0.76716125, 9.958075), (0.6461925, -0.18122016, 9.999994), (3.7479675, -0.3708659, 10.000072), (5.73463, 0.29394633, 9.999717), (8.629975, 0.13828777, 10.000178), (0.02161542, 0.35039085, 10.000113)] (
                    interpolation = "vertex"
                )
                uniform token subdivisionScheme = "none"
            }

            def Mesh "Mesh_0"
            {
                float3[] extent = [(-10.00206, -1.691203, -10.000099), (0.0003972602, 1.8125514, 0.004959765)]
                int[] faceVertexCounts = [3, 3, 3, 3, 3, 3, 3, 3, 3, 3, 3, 3, 3, 3, 3, 3, 3, 3, 3, 3, 3, 3, 3, 3, 3, 3, 3, 3, 3, 3, 3, 3, 3, 3, 3, 3, 3, 3, 3, 3, 3, 3, 3, 3, 3, 3, 3, 3, 3, 3, 3, 3, 3, 3, 3, 3, 3, 3, 3, 3, 3, 3, 3, 3, 3, 3, 3, 3, 3, 3, 3, 3, 3, 3, 3, 3, 3, 3, 3, 3, 3, 3, 3, 3, 3, 3, 3, 3, 3, 3, 3, 3, 3, 3, 3, 3, 3, 3]
                int[] faceVertexIndices = [0, 1, 2, 0, 3, 4, 3, 5, 4, 5, 6, 7, 8, 9, 10, 11, 12, 9, 13, 14, 15, 16, 2, 1, 4, 1, 0, 11, 9, 8, 17, 18, 19, 9, 20, 10, 18, 14, 19, 5, 7, 4, 6, 20, 7, 12, 17, 19, 1, 4, 21, 21, 22, 1, 20, 9, 7, 19, 14, 23, 12, 19, 9, 1, 22, 24, 13, 25, 14, 7, 26, 4, 14, 25, 23, 26, 7, 9, 27, 24, 22, 9, 19, 26, 23, 25, 28, 29, 21, 4, 27, 22, 30, 4, 26, 31, 21, 32, 22, 26, 19, 33, 32, 34, 30, 30, 22, 32, 35, 36, 19, 31, 29, 4, 33, 31, 26, 35, 19, 23, 21, 29, 32, 33, 19, 36, 23, 28, 35, 32, 37, 34, 33, 36, 38, 39, 35, 28, 28, 40, 39, 37, 32, 41, 42, 41, 32, 42, 32, 29, 42, 29, 31, 39, 43, 35, 36, 35, 44, 36, 44, 38, 41, 42, 45, 38, 46, 33, 31, 33, 47, 47, 33, 46, 45, 42, 48, 35, 43, 49, 44, 35, 50, 35, 49, 50, 44, 51, 38, 46, 38, 51, 48, 42, 52, 44, 50, 51, 47, 42, 31, 53, 47, 46, 52, 54, 48, 51, 50, 55, 52, 42, 47, 47, 53, 52, 49, 56, 50, 50, 56, 57, 52, 58, 54, 55, 50, 59, 51, 53, 46, 58, 52, 60, 60, 52, 61, 51, 55, 62, 59, 62, 55, 52, 53, 63, 57, 64, 50, 61, 52, 65, 51, 62, 53, 61, 66, 60, 59, 50, 67, 68, 53, 62, 53, 69, 63, 67, 70, 59, 64, 67, 50, 66, 61, 71, 65, 72, 61, 73, 53, 68, 52, 63, 65, 69, 53, 74, 73, 74, 53, 62, 59, 70]
                uniform token orientation = "leftHanded"
                point3f[] points = [(-9.049906, -0.49202147, -9.999949), (-9.99872, 0.36926907, -9.032454), (-9.543219, -0.27327624, -9.999985), (-8.309603, -0.48925424, -10.000004), (-7.1204777, 0.016261257, -8.498981), (-7.3970346, 0.29389733, -9.999919), (-6.8825107, 0.25643107, -9.999268), (-6.4113073, 0.6244961, -8.890567), (-5.094887, 1.8125514, -10.000099), (-4.8157206, 0.8717174, -8.89243), (-5.4772816, 1.6316204, -9.999215), (-4.782157, 1.2893611, -9.999862), (-3.9678767, 0.6568336, -9.998886), (0.00012235975, -1.097938, -8.807033), (-0.9319989, -1.411448, -9.997782), (-0.00512517, -1.1244214, -9.999858), (-9.99986, -0.19308126, -9.979775), (-2.6864746, -0.64270717, -9.999943), (-1.65639, -1.2408261, -10.000015), (-3.2344122, -0.79618293, -7.6666484), (-6.033589, 0.7965264, -9.998835), (-8.250168, 1.4787289, -7.7345166), (-9.252794, 1.5364057, -7.938712), (-0.9688915, -0.90468216, -7.757146), (-10.00206, 0.70178825, -8.174141), (-0.000019122315, -0.8518864, -7.836686), (-4.9213424, 1.3254658, -7.489939), (-9.999372, 0.4952885, -7.642874), (-0.000947154, -0.48773888, -6.916671), (-7.8822613, 1.4293852, -6.2273483), (-9.999876, 0.6432832, -7.027577), (-6.5171685, -0.18371083, -5.9775596), (-9.139656, 0.08163952, -6.203966), (-5.384306, 0.19747107, -5.368073), (-9.999947, 0.093167864, -6.3616705), (-1.2826536, -1.0769709, -5.3489976), (-3.722286, -0.11824, -6.133447), (-9.999934, -0.3805464, -5.8656197), (-4.046102, -0.3988115, -5.2557626), (-0.00041820738, -0.6325576, -5.746745), (0.00029329245, -0.3729104, -6.3006673), (-10.000267, -0.6861183, -5.257105), (-8.411023, -0.20698734, -4.6610484), (0.000045661014, -0.49851295, -4.7247224), (-2.4524574, -0.09798113, -4.554067), (-10.000255, -1.3695823, -4.4188004), (-4.1529226, 1.0367978, -3.6523087), (-6.000788, -0.3902182, -3.984503), (-9.99946, -1.6068727, -3.7588623), (0.0003972602, -0.11004483, -3.287571), (-1.2914625, -0.3536366, -2.8851736), (-3.0802333, 0.33706325, -3.1153667), (-8.223735, -1.691203, -2.0050852), (-4.8613853, -0.99107575, -1.7742401), (-9.999939, -1.6350838, -2.561936), (-2.4487977, 0.34559944, -2.041343), (0.000020726588, -0.32575977, -2.6627777), (-0.0001444932, -0.2967661, -1.4025623), (-9.999925, -1.3113011, -1.6659088), (-1.3562057, 0.11065678, -1.2671137), (-9.999995, -1.0040818, -0.8868251), (-8.862473, -0.8374684, -0.000056493373), (-1.7336651, -0.07694651, -0.0012895463), (-6.3539, -1.4739083, -0.00048509648), (-0.00046355725, -0.22883804, -0.5210658), (-7.1957974, -1.4448305, -0.0014618724), (-10.001454, -0.36511785, -0.035709582), (-0.014177267, 0.02512797, 0.004959765), (-2.4165273, -0.20546341, -0.000021072918), (-5.311727, -1.1508042, 0.000002395322), (-1.0785443, 0.06516249, -0.000018093304), (-9.551274, -0.50196284, 0.000019477502), (-7.9265246, -1.0876433, -0.000004593857), (-3.3006623, -0.5869527, -0.000026094776), (-3.9247386, -0.6623031, -0.000008871536)] (
                    interpolation = "vertex"
                )
                uniform token subdivisionScheme = "none"
            }

            def Mesh "Mesh_1"
            {
                float3[] extent = [(-10.001239, -1.5165114, -0.00037971576), (0.00030599034, 1.4009104, 10.000468)]
                int[] faceVertexCounts = [3, 3, 3, 3, 3, 3, 3, 3, 3, 3, 3, 3, 3, 3, 3, 3, 3, 3, 3, 3, 3, 3, 3, 3, 3, 3, 3, 3, 3, 3, 3, 3, 3, 3, 3, 3, 3, 3, 3, 3, 3, 3, 3, 3, 3, 3, 3, 3, 3, 3, 3, 3, 3, 3, 3, 3, 3, 3, 3, 3, 3, 3, 3, 3, 3, 3, 3, 3, 3, 3, 3, 3, 3, 3, 3, 3, 3, 3, 3, 3, 3, 3, 3, 3, 3, 3, 3, 3, 3, 3, 3, 3, 3, 3, 3, 3, 3, 3, 3, 3, 3, 3, 3, 3, 3, 3, 3, 3, 3, 3, 3, 3]
                int[] faceVertexIndices = [0, 1, 2, 0, 3, 4, 5, 6, 7, 8, 9, 10, 10, 9, 11, 12, 13, 14, 14, 15, 12, 4, 1, 0, 4, 3, 6, 7, 8, 5, 10, 11, 13, 11, 16, 13, 8, 10, 5, 16, 14, 13, 5, 4, 6, 13, 12, 17, 18, 1, 19, 13, 17, 20, 13, 20, 21, 19, 1, 4, 19, 4, 22, 4, 5, 23, 21, 24, 13, 4, 25, 22, 10, 26, 5, 13, 24, 27, 25, 4, 28, 24, 29, 27, 4, 23, 28, 23, 5, 30, 13, 27, 31, 10, 32, 26, 29, 33, 27, 13, 31, 10, 10, 31, 32, 31, 27, 34, 23, 35, 28, 27, 33, 34, 35, 23, 36, 28, 35, 37, 38, 36, 23, 30, 38, 23, 5, 26, 39, 39, 26, 32, 30, 40, 38, 34, 41, 31, 5, 40, 30, 32, 31, 42, 34, 43, 41, 36, 44, 35, 38, 45, 36, 44, 36, 45, 44, 45, 46, 41, 43, 47, 40, 5, 48, 45, 38, 49, 42, 31, 41, 39, 48, 5, 50, 46, 45, 50, 51, 46, 49, 38, 40, 47, 52, 41, 45, 49, 50, 40, 48, 53, 49, 40, 53, 39, 32, 42, 50, 54, 51, 42, 41, 55, 50, 49, 56, 39, 42, 48, 52, 57, 41, 49, 53, 56, 41, 57, 55, 48, 58, 53, 50, 59, 54, 59, 50, 60, 50, 56, 60, 42, 55, 61, 53, 58, 56, 55, 62, 61, 60, 56, 63, 61, 48, 42, 60, 63, 64, 56, 65, 63, 56, 66, 65, 56, 58, 66, 67, 68, 62, 58, 48, 61, 66, 69, 65, 58, 61, 66, 62, 68, 61, 70, 63, 65, 68, 67, 71, 70, 65, 72, 72, 65, 73, 69, 73, 65, 66, 74, 69, 61, 68, 75, 71, 76, 68, 75, 77, 61, 77, 75, 78, 79, 68, 76, 61, 80, 81, 61, 82, 80, 77, 83, 84, 77, 78, 83, 74, 66, 85, 66, 86, 85, 66, 61, 86, 86, 61, 81, 61, 77, 82, 79, 76, 87]
                uniform token orientation = "leftHanded"
                point3f[] points = [(-8.576203, -0.9058066, -0.00037971576), (-9.527224, -0.5154664, 0.007149644), (-9.115877, -0.7544043, 0.00014382685), (-7.847249, -1.1077986, 0.00022236438), (-9.11622, 0.52682847, 1.4854237), (-5.5845795, -0.8747413, 2.8297062), (-7.4022317, -1.351118, 0.0002675286), (-6.5671067, -1.5165114, -0.00006590116), (-5.1393642, -1.0849848, 0.000017358476), (-3.9248424, -0.657401, 0.000042045875), (-3.8630705, -0.6775026, 1.4244405), (-3.3722582, -0.6100214, -0.00007763196), (-0.0000727314, 0.29797858, 0.3687093), (-1.359001, 0.21161355, 1.5590525), (-0.79433286, 0.10413965, 0.00003138875), (-0.00011828118, -0.0063765505, 0.0005127035), (-1.9337195, -0.08940035, 0.000010715429), (-0.0038403873, 0.56892234, 0.63688475), (-9.999495, -0.3989656, 0.025862051), (-10.000029, 0.47088933, 1.1380721), (-0.00030925954, 0.56549937, 0.8906778), (-0.004435514, 0.95710063, 1.2429593), (-10.001239, 0.4191073, 1.6932119), (-8.191917, -0.36968207, 2.2986808), (0.00017348476, 0.7833532, 1.7393407), (-10.000152, 0.2882993, 2.231903), (-4.4274735, -0.33409622, 2.9214716), (-0.5181119, 1.4009104, 2.695588), (-9.99743, 0.47115567, 2.5392544), (-0.000050601873, 1.3161393, 2.4183578), (-6.881732, -0.039580896, 3.1043646), (-1.8383243, 0.11836078, 3.9044614), (-3.8819528, 0.012426106, 3.6227684), (0.0002456332, 1.0442704, 3.0295599), (-0.00095603144, 0.707585, 3.524309), (-9.998367, 0.44588733, 3.9232266), (-9.121323, 0.32526731, 4.146303), (-10.000343, 0.5434633, 3.1757424), (-7.6852994, 0.124275744, 4.086043), (-5.2595644, -0.19538657, 4.548328), (-6.9969153, 0.64014846, 5.3357415), (-1.0387834, 1.3436394, 5.5044885), (-3.1769397, -0.14826623, 5.952294), (0.000029974275, 0.8242304, 4.0807214), (-9.999104, 0.27480802, 4.4685087), (-9.042818, 1.256201, 5.0123715), (-9.999303, 0.38688928, 5.095911), (-0.000120678334, 1.1211319, 4.917401), (-5.4496984, 0.039542094, 6.244606), (-8.138512, 0.26081806, 5.8245344), (-9.138939, 0.9478817, 5.985649), (-9.999597, 0.53654546, 5.8840437), (0.00030599034, 0.36346146, 6.0281053), (-6.961801, 0.8135886, 6.416823), (-9.999783, 0.32964614, 6.2732472), (-0.0009739149, -0.5945043, 7.062473), (-8.209528, 1.1321791, 7.2075396), (-0.000021189844, -0.19566469, 6.4419317), (-6.317146, 0.12759632, 7.220769), (-10.000026, -0.063367836, 6.7303224), (-9.99931, -0.16234018, 7.3007197), (-3.2671583, -1.097742, 7.966015), (-0.00042910385, -0.6037597, 7.636227), (-9.99535, 0.007222817, 8.383708), (-10.000879, -0.06382115, 7.9393363), (-9.103094, 0.34471714, 8.643771), (-7.706025, -0.90790945, 8.659134), (0.00000767549, -0.36120105, 8.358003), (-0.8101375, 0.80844206, 9.9991865), (-9.187175, -0.96545434, 9.99893), (-9.999074, -0.10399173, 8.718787), (0.0001531393, 0.13622184, 9.300176), (-10.00005, -0.1227651, 9.088374), (-9.999552, -0.8670991, 9.992111), (-8.515007, -0.8532597, 9.999611), (-1.2180009, 0.71777374, 9.996216), (-0.0006791701, 0.39366466, 9.705791), (-2.8466666, 0.56828874, 9.993566), (-1.7033682, 0.7773198, 9.995028), (-0.3341531, 0.711339, 10.000468), (-4.564453, -0.7199208, 9.999356), (-5.144329, -1.1474189, 10.000011), (-3.550381, -0.2842394, 9.999954), (-2.339618, 0.73097503, 9.998213), (-2.6095967, 0.79028517, 9.999507), (-7.628775, -1.2940797, 9.999984), (-6.367797, -1.4490227, 10.000012), (-0.0018070202, 0.36999017, 9.999918)] (
                    interpolation = "vertex"
                )
                uniform token subdivisionScheme = "none"
            }
        }

        def Xform "Area144"
        {
            vector3f[] primvars:P (
                interpolation = "constant"
            )
            vector3f[] primvars:P.timeSamples = {
                1: [(-115.789474, 0, -52.631577)],
            }
            matrix4d xformOp:transform:copytopoints1 = ( (1, 0, 0, 0), (0, 1, 0, 0), (0, 0, 1, 0), (-115.78947448730469, 0, -52.63157653808594, 1) )
            uniform token[] xformOpOrder = ["xformOp:transform:copytopoints1"]
        }

        def Xform "Area145"
        {
            vector3f[] primvars:P (
                interpolation = "constant"
            )
            vector3f[] primvars:P.timeSamples = {
                1: [(-94.73685, 0, -52.631577)],
            }
            matrix4d xformOp:transform:copytopoints1 = ( (1, 0, 0, 0), (0, 1, 0, 0), (0, 0, 1, 0), (-94.73684692382812, 0, -52.63157653808594, 1) )
            uniform token[] xformOpOrder = ["xformOp:transform:copytopoints1"]
        }

        def Xform "Area146"
        {
            vector3f[] primvars:P (
                interpolation = "constant"
            )
            vector3f[] primvars:P.timeSamples = {
                1: [(-73.68421, 0, -52.631577)],
            }
            matrix4d xformOp:transform:copytopoints1 = ( (1, 0, 0, 0), (0, 1, 0, 0), (0, 0, 1, 0), (-73.68421173095703, 0, -52.63157653808594, 1) )
            uniform token[] xformOpOrder = ["xformOp:transform:copytopoints1"]
        }

        def Xform "Area147"
        {
            vector3f[] primvars:P (
                interpolation = "constant"
            )
            vector3f[] primvars:P.timeSamples = {
                1: [(-52.631577, 0, -52.631577)],
            }
            matrix4d xformOp:transform:copytopoints1 = ( (1, 0, 0, 0), (0, 1, 0, 0), (0, 0, 1, 0), (-52.63157653808594, 0, -52.63157653808594, 1) )
            uniform token[] xformOpOrder = ["xformOp:transform:copytopoints1"]
        }

        def Xform "Area148"
        {
            vector3f[] primvars:P (
                interpolation = "constant"
            )
            vector3f[] primvars:P.timeSamples = {
                1: [(-31.578949, 0, -52.631577)],
            }
            matrix4d xformOp:transform:copytopoints1 = ( (1, 0, 0, 0), (0, 1, 0, 0), (0, 0, 1, 0), (-31.578948974609375, 0, -52.63157653808594, 1) )
            uniform token[] xformOpOrder = ["xformOp:transform:copytopoints1"]
        }

        def Xform "Area149"
        {
            vector3f[] primvars:P (
                interpolation = "constant"
            )
            vector3f[] primvars:P.timeSamples = {
                1: [(-10.526321, 0, -52.631577)],
            }
            matrix4d xformOp:transform:copytopoints1 = ( (1, 0, 0, 0), (0, 1, 0, 0), (0, 0, 1, 0), (-10.526321411132812, 0, -52.63157653808594, 1) )
            uniform token[] xformOpOrder = ["xformOp:transform:copytopoints1"]
        }

        def Xform "Area150"
        {
            vector3f[] primvars:P (
                interpolation = "constant"
            )
            vector3f[] primvars:P.timeSamples = {
                1: [(10.526306, 0, -52.631577)],
            }
            matrix4d xformOp:transform:copytopoints1 = ( (1, 0, 0, 0), (0, 1, 0, 0), (0, 0, 1, 0), (10.52630615234375, 0, -52.63157653808594, 1) )
            uniform token[] xformOpOrder = ["xformOp:transform:copytopoints1"]
        }

        def Xform "Area151"
        {
            vector3f[] primvars:P (
                interpolation = "constant"
            )
            vector3f[] primvars:P.timeSamples = {
                1: [(31.578949, 0, -52.631577)],
            }
            matrix4d xformOp:transform:copytopoints1 = ( (1, 0, 0, 0), (0, 1, 0, 0), (0, 0, 1, 0), (31.578948974609375, 0, -52.63157653808594, 1) )
            uniform token[] xformOpOrder = ["xformOp:transform:copytopoints1"]
        }

        def Xform "Area152"
        {
            vector3f[] primvars:P (
                interpolation = "constant"
            )
            vector3f[] primvars:P.timeSamples = {
                1: [(52.631577, 0, -52.631577)],
            }
            matrix4d xformOp:transform:copytopoints1 = ( (1, 0, 0, 0), (0, 1, 0, 0), (0, 0, 1, 0), (52.63157653808594, 0, -52.63157653808594, 1) )
            uniform token[] xformOpOrder = ["xformOp:transform:copytopoints1"]
        }

        def Xform "Area153"
        {
            vector3f[] primvars:P (
                interpolation = "constant"
            )
            vector3f[] primvars:P.timeSamples = {
                1: [(73.684204, 0, -52.631577)],
            }
            matrix4d xformOp:transform:copytopoints1 = ( (1, 0, 0, 0), (0, 1, 0, 0), (0, 0, 1, 0), (73.6842041015625, 0, -52.63157653808594, 1) )
            uniform token[] xformOpOrder = ["xformOp:transform:copytopoints1"]
        }

        def Xform "Area154"
        {
            vector3f[] primvars:P (
                interpolation = "constant"
            )
            vector3f[] primvars:P.timeSamples = {
                1: [(94.73685, 0, -52.631577)],
            }
            matrix4d xformOp:transform:copytopoints1 = ( (1, 0, 0, 0), (0, 1, 0, 0), (0, 0, 1, 0), (94.73684692382812, 0, -52.63157653808594, 1) )
            uniform token[] xformOpOrder = ["xformOp:transform:copytopoints1"]
        }

        def Xform "Area155"
        {
            vector3f[] primvars:P (
                interpolation = "constant"
            )
            vector3f[] primvars:P.timeSamples = {
                1: [(115.78946, 0, -52.631577)],
            }
            matrix4d xformOp:transform:copytopoints1 = ( (1, 0, 0, 0), (0, 1, 0, 0), (0, 0, 1, 0), (115.78945922851562, 0, -52.63157653808594, 1) )
            uniform token[] xformOpOrder = ["xformOp:transform:copytopoints1"]
        }

        def Xform "Area156"
        {
            vector3f[] primvars:P (
                interpolation = "constant"
            )
            vector3f[] primvars:P.timeSamples = {
                1: [(136.8421, 0, -52.631577)],
            }
            matrix4d xformOp:transform:copytopoints1 = ( (1, 0, 0, 0), (0, 1, 0, 0), (0, 0, 1, 0), (136.84210205078125, 0, -52.63157653808594, 1) )
            uniform token[] xformOpOrder = ["xformOp:transform:copytopoints1"]
        }

        def Xform "Area157"
        {
            vector3f[] primvars:P (
                interpolation = "constant"
            )
            vector3f[] primvars:P.timeSamples = {
                1: [(157.89474, 0, -52.631577)],
            }
            matrix4d xformOp:transform:copytopoints1 = ( (1, 0, 0, 0), (0, 1, 0, 0), (0, 0, 1, 0), (157.89474487304688, 0, -52.63157653808594, 1) )
            uniform token[] xformOpOrder = ["xformOp:transform:copytopoints1"]
        }

        def Xform "Area158"
        {
            vector3f[] primvars:P (
                interpolation = "constant"
            )
            vector3f[] primvars:P.timeSamples = {
                1: [(178.94736, 0, -52.631577)],
            }
            matrix4d xformOp:transform:copytopoints1 = ( (1, 0, 0, 0), (0, 1, 0, 0), (0, 0, 1, 0), (178.94735717773438, 0, -52.63157653808594, 1) )
            uniform token[] xformOpOrder = ["xformOp:transform:copytopoints1"]
        }

        def Xform "Area159"
        {
            vector3f[] primvars:P (
                interpolation = "constant"
            )
            vector3f[] primvars:P.timeSamples = {
                1: [(200, 0, -52.631577)],
            }
            matrix4d xformOp:transform:copytopoints1 = ( (1, 0, 0, 0), (0, 1, 0, 0), (0, 0, 1, 0), (200, 0, -52.63157653808594, 1) )
            uniform token[] xformOpOrder = ["xformOp:transform:copytopoints1"]
        }

        def Xform "Area160"
        {
            vector3f[] primvars:P (
                interpolation = "constant"
            )
            vector3f[] primvars:P.timeSamples = {
                1: [(-200, 0, -31.578949)],
            }
            matrix4d xformOp:transform:copytopoints1 = ( (1, 0, 0, 0), (0, 1, 0, 0), (0, 0, 1, 0), (-200, 0, -31.578948974609375, 1) )
            uniform token[] xformOpOrder = ["xformOp:transform:copytopoints1"]
        }

        def Xform "Area161"
        {
            vector3f[] primvars:P (
                interpolation = "constant"
            )
            vector3f[] primvars:P.timeSamples = {
                1: [(-178.94737, 0, -31.578949)],
            }
            matrix4d xformOp:transform:copytopoints1 = ( (1, 0, 0, 0), (0, 1, 0, 0), (0, 0, 1, 0), (-178.94737243652344, 0, -31.578948974609375, 1) )
            uniform token[] xformOpOrder = ["xformOp:transform:copytopoints1"]

            def Mesh "Mesh_3"
            {
                float3[] extent = [(-0.00074660836, -1.3812666, -0.0044252677), (10.000592, 1.348178, 10.000207)]
                int[] faceVertexCounts = [3, 3, 3, 3, 3, 3, 3, 3, 3, 3, 3, 3, 3, 3, 3, 3, 3, 3, 3, 3, 3, 3, 3, 3, 3, 3, 3, 3, 3, 3, 3, 3, 3, 3, 3, 3, 3, 3, 3, 3, 3, 3, 3, 3, 3, 3, 3, 3, 3, 3, 3, 3, 3, 3, 3, 3, 3, 3, 3, 3, 3, 3, 3, 3, 3, 3, 3, 3, 3, 3, 3, 3, 3, 3, 3, 3, 3, 3, 3, 3, 3, 3, 3, 3, 3, 3, 3, 3, 3, 3, 3, 3, 3, 3, 3, 3, 3, 3, 3, 3, 3, 3, 3, 3, 3, 3, 3, 3, 3, 3, 3, 3, 3, 3, 3, 3, 3, 3, 3, 3, 3, 3, 3, 3, 3, 3, 3, 3, 3, 3, 3, 3, 3, 3, 3]
                int[] faceVertexIndices = [0, 1, 2, 3, 4, 5, 6, 7, 3, 8, 7, 6, 8, 9, 7, 5, 4, 10, 4, 3, 7, 11, 12, 13, 0, 10, 14, 15, 16, 17, 18, 2, 1, 4, 14, 10, 9, 13, 7, 9, 11, 13, 12, 19, 13, 12, 20, 19, 0, 14, 1, 20, 21, 22, 17, 23, 15, 22, 19, 20, 18, 24, 17, 1, 24, 18, 7, 25, 4, 23, 17, 24, 22, 26, 19, 27, 23, 24, 13, 28, 7, 27, 24, 29, 28, 13, 30, 1, 14, 31, 7, 28, 25, 4, 25, 32, 14, 4, 31, 1, 31, 24, 26, 33, 19, 4, 34, 31, 4, 32, 34, 19, 35, 13, 24, 36, 29, 28, 30, 25, 30, 13, 35, 19, 37, 35, 19, 33, 37, 32, 25, 30, 36, 24, 38, 24, 31, 39, 32, 30, 40, 32, 41, 34, 42, 37, 33, 38, 24, 43, 34, 44, 31, 41, 32, 40, 42, 45, 37, 41, 44, 34, 40, 30, 35, 24, 39, 43, 43, 39, 46, 31, 47, 39, 45, 48, 37, 40, 35, 41, 35, 37, 49, 48, 49, 37, 44, 47, 31, 46, 39, 50, 41, 35, 51, 35, 49, 51, 52, 51, 49, 39, 53, 50, 41, 51, 54, 54, 44, 41, 52, 55, 51, 53, 39, 56, 39, 57, 56, 51, 55, 58, 47, 59, 39, 47, 44, 59, 54, 59, 44, 39, 59, 57, 60, 58, 55, 55, 61, 60, 56, 57, 62, 63, 59, 54, 51, 58, 64, 60, 65, 58, 62, 57, 66, 59, 63, 57, 54, 67, 63, 58, 65, 68, 64, 54, 51, 64, 67, 54, 58, 68, 69, 66, 57, 70, 71, 70, 57, 72, 63, 67, 67, 73, 72, 67, 64, 73, 58, 69, 74, 71, 57, 63, 64, 58, 75, 70, 71, 76, 76, 71, 77, 58, 74, 75, 78, 74, 69, 79, 77, 71, 74, 78, 80, 74, 80, 81, 80, 82, 81, 71, 63, 83, 82, 84, 81, 83, 63, 85, 73, 86, 72, 64, 75, 87, 84, 88, 81, 63, 72, 89, 63, 89, 85, 64, 90, 73, 75, 91, 87, 92, 75, 74, 92, 74, 93, 81, 93, 74, 71, 94, 79, 95, 71, 83, 73, 90, 86, 64, 87, 96, 91, 75, 97, 88, 98, 81, 79, 94, 99, 89, 72, 100, 101, 90, 64, 75, 102, 97, 79, 99, 103, 71, 95, 94, 72, 86, 100, 96, 101, 64, 75, 92, 102]
                uniform token orientation = "leftHanded"
                point3f[] points = [(2.8943965, -0.34084094, 0.0027933456), (1.8552501, 0.32608774, 0.7658776), (2.2979782, -0.21123311, 0.0008774642), (5.549406, -0.61758476, -0.000025660082), (4.2861977, 0.6111545, 1.1882676), (4.8450885, -0.31858498, 0.0008828862), (6.1088567, -0.59070164, 0.0010576145), (6.1641645, -0.126713, 0.6369208), (6.4923353, -0.37560493, 0.00049446686), (7.090108, -0.30016994, 0.001911814), (3.8884335, -0.22729632, 0.00032808044), (7.9327054, 0.026152628, 0.00045602783), (8.887859, 0.03203948, 0.0007945308), (8.013441, 0.27973345, 0.8550754), (3.0180473, 0.5254889, 0.8971376), (0.00001057233, 0.29951736, 0.3654708), (0.00036419905, -0.02600508, -0.0044252677), (0.67390877, -0.16641131, 0.0006273171), (1.4092294, -0.23169188, -0.00026471246), (9.053648, 0.5825587, 1.8117192), (9.532316, 0.4498498, 0.00017752318), (9.99824, 0.5091095, 0.061147723), (9.999879, 0.31378645, 0.6908857), (0.000294897, 0.5484, 0.7525085), (0.91933393, 1.1508236, 1.8563362), (5.6901364, 0.87855965, 1.5415351), (9.999911, 0.44232926, 1.3805523), (-0.00033322634, 0.97657865, 1.2524095), (6.531583, 0.60427475, 1.565258), (0.00033318903, 0.7904561, 1.7498404), (6.846838, 0.27131203, 2.2173436), (2.3783004, 1.2357157, 2.2087762), (4.962761, 0.76007265, 2.36267), (9.999258, 1.2718464, 2.333364), (3.5008845, 0.23054777, 2.5995264), (7.558619, 0.28244686, 3.4428), (0.00004999658, 1.3209214, 2.4234085), (9.087664, 1.0683389, 2.8367007), (-0.00008982531, 1.0658573, 3.0256326), (1.1619868, 0.77176887, 4.243704), (5.5680013, 1.348178, 3.4338677), (4.796837, 1.2362864, 4.2278423), (10.00001, 1.0262262, 2.9119048), (0.00005206988, 0.7623755, 3.325766), (3.593932, 0.7705062, 4.49798), (9.99976, 0.53716874, 3.364431), (-0.0000029535374, 0.7585327, 3.9362178), (2.4363434, 1.2213511, 4.642625), (9.999062, 0.41622767, 3.7688012), (9.997211, 0.5305753, 4.1767554), (-0.00002489864, 1.0252103, 4.5140305), (7.130494, -1.3812666, 5.1997757), (10.000305, 0.21414861, 4.652356), (0.00004942083, 1.1326565, 4.9090033), (4.9347773, 0.4115234, 6.127354), (9.999035, -0.09885473, 5.228463), (-0.00074660836, 0.3579084, 6.029711), (1.3706224, -0.4905172, 6.907195), (8.963642, -0.0014859807, 7.008174), (3.028913, 0.18794109, 6.030603), (10.000581, 0.29463196, 6.3640304), (10.000098, -0.19514313, 5.744232), (0.000043713568, -0.16183603, 6.416344), (2.8666465, -0.76254433, 7.5822973), (6.902529, -0.3192306, 8.26561), (10.000027, 0.618925, 6.87531), (0.000033370787, -0.58461976, 7.019601), (4.9897323, 0.0117714, 7.344164), (9.997617, 0.8170502, 7.155068), (9.995385, 0.8667968, 7.6746993), (0.00005463851, -0.5580389, 7.9238954), (1.6189348, -0.65363085, 8.96309), (4.171208, 0.035686728, 8.589618), (4.982885, 0.6952391, 8.667858), (9.020889, 0.91649014, 8.641582), (7.88434, -0.31020004, 9.199286), (-0.00020935929, 0.00067761756, 8.9133005), (0.0004217218, 0.1352124, 9.355778), (9.998977, 0.80069447, 8.325907), (0.0034511162, 0.40133613, 9.726118), (9.999526, 1.1511991, 8.796258), (9.797138, 0.7015084, 9.997199), (10.000592, 0.87321174, 9.117289), (2.5347831, -0.7184808, 9.9984665), (9.999235, 0.990058, 9.307717), (2.888453, -0.68268126, 9.999639), (4.5169067, 0.14857554, 9.999828), (6.7376456, -0.14023787, 9.998619), (9.997016, 1.0051557, 9.634751), (3.3549628, -0.40326142, 9.999194), (5.1062355, 0.35834163, 9.999572), (7.2815437, 0.010874761, 10.000207), (8.886041, 0.4181061, 9.99802), (9.190625, 0.37871298, 9.99969), (1.3315306, -0.7188837, 10.000146), (1.9813026, -0.90666145, 9.999916), (6.1606593, -0.078209914, 10.000027), (8.084097, 0.015738236, 9.999919), (9.999322, 0.76716125, 9.958075), (0.6461925, -0.18122016, 9.999994), (3.7479675, -0.3708659, 10.000072), (5.73463, 0.29394633, 9.999717), (8.629975, 0.13828777, 10.000178), (0.02161542, 0.35039085, 10.000113)] (
                    interpolation = "vertex"
                )
                uniform token subdivisionScheme = "none"
            }

            def Mesh "Mesh_2"
            {
                float3[] extent = [(-0.00027717845, -1.131625, -10.00058), (10.004538, 1.4215744, 0.00021584799)]
                int[] faceVertexCounts = [3, 3, 3, 3, 3, 3, 3, 3, 3, 3, 3, 3, 3, 3, 3, 3, 3, 3, 3, 3, 3, 3, 3, 3, 3, 3, 3, 3, 3, 3, 3, 3, 3, 3, 3, 3, 3, 3, 3, 3, 3, 3, 3, 3, 3, 3, 3, 3, 3, 3, 3, 3, 3, 3, 3, 3, 3, 3, 3, 3, 3, 3, 3, 3, 3, 3, 3, 3, 3, 3, 3, 3, 3, 3, 3, 3, 3, 3, 3, 3, 3, 3, 3, 3, 3, 3, 3, 3, 3, 3, 3, 3, 3, 3, 3, 3, 3, 3, 3, 3, 3, 3, 3, 3, 3, 3, 3, 3, 3, 3, 3, 3, 3, 3, 3, 3, 3, 3, 3, 3, 3, 3, 3, 3, 3, 3, 3, 3, 3, 3, 3, 3, 3, 3, 3, 3, 3, 3]
                int[] faceVertexIndices = [0, 1, 2, 3, 4, 5, 4, 6, 5, 6, 7, 8, 9, 10, 11, 12, 13, 14, 14, 3, 5, 6, 8, 15, 16, 8, 7, 16, 17, 8, 18, 19, 20, 21, 1, 22, 1, 0, 13, 14, 5, 12, 6, 15, 5, 11, 23, 9, 19, 21, 20, 1, 13, 22, 17, 23, 8, 17, 24, 23, 9, 23, 24, 21, 22, 25, 22, 13, 26, 11, 27, 23, 21, 25, 20, 13, 12, 26, 27, 28, 23, 25, 22, 29, 22, 26, 30, 15, 31, 5, 32, 8, 23, 22, 30, 29, 5, 26, 12, 32, 23, 33, 28, 34, 23, 31, 15, 35, 15, 8, 32, 29, 36, 25, 30, 37, 29, 31, 38, 5, 26, 5, 30, 32, 35, 15, 30, 5, 38, 32, 33, 39, 23, 34, 40, 36, 29, 37, 31, 35, 38, 25, 36, 41, 35, 32, 42, 23, 40, 43, 41, 36, 44, 23, 43, 33, 38, 37, 30, 39, 45, 32, 33, 43, 46, 36, 47, 44, 38, 35, 48, 36, 37, 49, 35, 42, 48, 42, 32, 50, 33, 45, 39, 37, 38, 48, 33, 46, 45, 32, 45, 50, 36, 51, 47, 37, 48, 52, 45, 46, 53, 52, 48, 54, 48, 42, 54, 49, 51, 36, 46, 55, 53, 50, 56, 42, 57, 53, 55, 49, 37, 58, 37, 52, 58, 50, 45, 56, 49, 58, 51, 57, 59, 53, 56, 54, 42, 56, 45, 60, 45, 53, 60, 51, 58, 61, 62, 52, 54, 53, 59, 63, 56, 60, 64, 60, 53, 65, 52, 66, 58, 54, 56, 62, 58, 67, 61, 64, 62, 56, 62, 68, 52, 63, 69, 53, 58, 66, 67, 66, 52, 68, 69, 70, 53, 60, 65, 71, 61, 72, 73, 61, 67, 72, 67, 66, 72, 65, 53, 71, 53, 70, 71, 64, 60, 74, 60, 71, 74, 70, 75, 71, 71, 75, 76, 73, 72, 77, 68, 78, 66, 62, 78, 68, 62, 64, 74, 77, 79, 80, 77, 72, 79, 76, 81, 71, 72, 66, 79, 81, 82, 71, 74, 78, 62, 82, 74, 71, 83, 82, 81, 74, 84, 78, 80, 79, 85, 66, 78, 79, 86, 84, 74, 74, 82, 87, 74, 87, 88, 78, 89, 90, 84, 89, 78, 82, 91, 87, 83, 92, 82, 90, 93, 78, 94, 85, 79, 95, 96, 79, 79, 78, 95, 78, 93, 95, 74, 88, 86, 82, 92, 97, 82, 97, 91, 98, 85, 99, 94, 99, 85, 79, 96, 94]
                uniform token orientation = "leftHanded"
                point3f[] points = [(2.7583492, 1.0962907, -9.999616), (1.9640596, 0.6737012, -9.999759), (2.3292115, 1.1214632, -10.00058), (4.6342535, 0.13572413, -9.999863), (5.604427, -0.3069892, -10), (4.5997186, 0.89573187, -8.48553), (6.556837, 0.116695374, -9.999257), (6.992344, -0.06539539, -9.999873), (6.8920774, 0.37527648, -9.146613), (9.083476, -0.6367808, -9.99988), (9.771715, -0.37492302, -10.000342), (10.001207, -0.50230694, -9.982504), (3.8947072, 0.9939292, -9.061935), (3.147575, 0.95046914, -9.996039), (3.5916953, 1.0459424, -9.999621), (6.2273464, 1.020487, -8.584788), (7.3343277, -0.002357599, -10.000165), (7.9127016, -0.24274597, -9.999914), (0.0010770396, -1.131625, -9.99856), (0.64121056, -0.7454107, -10.000193), (0.0011309874, -1.1306096, -8.971585), (1.2104007, -0.44384998, -9.999938), (1.8108432, 0.0049735573, -9.193383), (8.801111, -1.1189419, -8.567703), (8.471359, -0.59977174, -9.999316), (0.0024950923, -0.9239112, -8.057134), (3.0485122, 1.2601576, -8.327549), (10.0000515, -0.76770157, -9.557916), (10.00012, -0.89071566, -8.511646), (1.5430222, 0.20193078, -7.6943774), (2.8064504, 0.64842993, -7.172941), (5.1427584, 1.2765179, -8.045158), (7.183857, 1.4215744, -6.6583514), (9.027691, 0.6831764, -6.5723987), (10.000082, -0.7042042, -7.8367543), (5.6617794, 0.03283201, -6.8199205), (0.9246491, -0.0072204336, -6.232078), (2.664653, 0.027789779, -5.8937745), (4.0329914, 1.2453492, -6.68167), (8.171457, 0.80212784, -6.32109), (9.999631, -0.09829389, -6.9828153), (0.00011323037, -0.48974088, -6.929484), (5.6019464, 0.17006671, -5.400031), (9.999802, 0.62080246, -6.406232), (-0.00027717845, -0.37186474, -6.292745), (7.905797, 0.7523402, -5.236907), (9.998449, 0.4171405, -5.8655257), (0.00006401227, -0.6446728, -5.718661), (4.1306615, -0.0673465, -5.354119), (1.4527597, 0.76774883, -5.12021), (6.6191115, 1.1537616, -5.151418), (0.00091307604, -0.4706481, -4.604914), (3.424885, 0.3586958, -4.0524445), (9.181076, 1.0161483, -3.8461714), (4.502193, -0.54476255, -4.273304), (9.999611, 0.45992368, -5.108479), (5.937324, 0.038023014, -4.0916204), (10.00004, 0.503979, -4.701283), (1.9849557, 0.8534905, -4.02859), (9.99971, 0.74868256, -4.121224), (7.691059, 0.07158081, -3.4895744), (0.0010406472, -0.106621176, -3.2557652), (4.9499397, 0.069397695, -2.8588622), (9.99954, 0.9085353, -3.6136682), (6.164506, 0.10650249, -2.5460522), (8.560573, 1.2696545, -3.2410448), (2.4442487, -0.19864294, -2.4508739), (1.7964007, 0.24453972, -3.0013442), (3.587544, 0.47710395, -2.8900058), (9.999997, 1.099967, -3.3341546), (9.997488, 0.9423328, -2.8984585), (8.54398, 0.3270415, -1.7002652), (1.1044073, 0.07610664, -1.982446), (0.0000127207, -0.32245547, -2.6764872), (6.301271, -0.77474153, -1.3483629), (10.00019, 0.70341295, -2.424567), (10.000196, 0.72881275, -1.735711), (0.0011318881, -0.24887337, -1.6291308), (3.9048283, -0.4352798, -0.99524045), (1.6160203, -0.34859902, -0.9226662), (0.00079791946, -0.3182843, -1.2557065), (9.999669, 0.5430709, -1.356473), (9.361356, 0.41880992, -0.69411236), (10.000167, 0.5647362, -0.6882416), (5.5253854, -0.6019573, -0.00153797), (0.0009776165, -0.24742691, -0.63289326), (6.111553, -0.5637177, -0.00018780101), (7.965034, 0.02488713, -0.00012648953), (6.84445, -0.30969372, -0.00021343678), (4.9171567, -0.31691542, -0.00012581548), (4.4129605, -0.354038, -0.0010547836), (8.759693, -0.026042553, -0.000019544144), (10.004538, 0.6415813, -0.020929908), (3.9376602, -0.23551756, 0.00021584799), (1.414708, -0.23433705, 0.00005491659), (2.8705118, -0.32439744, 0.00018930956), (2.2710757, -0.2096417, -0.00004395064), (9.39195, 0.3675225, -0.000059904414), (0.0022855904, -0.03990526, -0.0034305558), (0.60907805, -0.16654019, -0.000015183145)] (
                    interpolation = "vertex"
                )
                uniform token subdivisionScheme = "none"
            }

            def Mesh "Mesh_0"
            {
                float3[] extent = [(-10.00206, -1.691203, -10.000099), (0.0003972602, 1.8125514, 0.004959765)]
                int[] faceVertexCounts = [3, 3, 3, 3, 3, 3, 3, 3, 3, 3, 3, 3, 3, 3, 3, 3, 3, 3, 3, 3, 3, 3, 3, 3, 3, 3, 3, 3, 3, 3, 3, 3, 3, 3, 3, 3, 3, 3, 3, 3, 3, 3, 3, 3, 3, 3, 3, 3, 3, 3, 3, 3, 3, 3, 3, 3, 3, 3, 3, 3, 3, 3, 3, 3, 3, 3, 3, 3, 3, 3, 3, 3, 3, 3, 3, 3, 3, 3, 3, 3, 3, 3, 3, 3, 3, 3, 3, 3, 3, 3, 3, 3, 3, 3, 3, 3, 3, 3]
                int[] faceVertexIndices = [0, 1, 2, 0, 3, 4, 3, 5, 4, 5, 6, 7, 8, 9, 10, 11, 12, 9, 13, 14, 15, 16, 2, 1, 4, 1, 0, 11, 9, 8, 17, 18, 19, 9, 20, 10, 18, 14, 19, 5, 7, 4, 6, 20, 7, 12, 17, 19, 1, 4, 21, 21, 22, 1, 20, 9, 7, 19, 14, 23, 12, 19, 9, 1, 22, 24, 13, 25, 14, 7, 26, 4, 14, 25, 23, 26, 7, 9, 27, 24, 22, 9, 19, 26, 23, 25, 28, 29, 21, 4, 27, 22, 30, 4, 26, 31, 21, 32, 22, 26, 19, 33, 32, 34, 30, 30, 22, 32, 35, 36, 19, 31, 29, 4, 33, 31, 26, 35, 19, 23, 21, 29, 32, 33, 19, 36, 23, 28, 35, 32, 37, 34, 33, 36, 38, 39, 35, 28, 28, 40, 39, 37, 32, 41, 42, 41, 32, 42, 32, 29, 42, 29, 31, 39, 43, 35, 36, 35, 44, 36, 44, 38, 41, 42, 45, 38, 46, 33, 31, 33, 47, 47, 33, 46, 45, 42, 48, 35, 43, 49, 44, 35, 50, 35, 49, 50, 44, 51, 38, 46, 38, 51, 48, 42, 52, 44, 50, 51, 47, 42, 31, 53, 47, 46, 52, 54, 48, 51, 50, 55, 52, 42, 47, 47, 53, 52, 49, 56, 50, 50, 56, 57, 52, 58, 54, 55, 50, 59, 51, 53, 46, 58, 52, 60, 60, 52, 61, 51, 55, 62, 59, 62, 55, 52, 53, 63, 57, 64, 50, 61, 52, 65, 51, 62, 53, 61, 66, 60, 59, 50, 67, 68, 53, 62, 53, 69, 63, 67, 70, 59, 64, 67, 50, 66, 61, 71, 65, 72, 61, 73, 53, 68, 52, 63, 65, 69, 53, 74, 73, 74, 53, 62, 59, 70]
                uniform token orientation = "leftHanded"
                point3f[] points = [(-9.049906, -0.49202147, -9.999949), (-9.99872, 0.36926907, -9.032454), (-9.543219, -0.27327624, -9.999985), (-8.309603, -0.48925424, -10.000004), (-7.1204777, 0.016261257, -8.498981), (-7.3970346, 0.29389733, -9.999919), (-6.8825107, 0.25643107, -9.999268), (-6.4113073, 0.6244961, -8.890567), (-5.094887, 1.8125514, -10.000099), (-4.8157206, 0.8717174, -8.89243), (-5.4772816, 1.6316204, -9.999215), (-4.782157, 1.2893611, -9.999862), (-3.9678767, 0.6568336, -9.998886), (0.00012235975, -1.097938, -8.807033), (-0.9319989, -1.411448, -9.997782), (-0.00512517, -1.1244214, -9.999858), (-9.99986, -0.19308126, -9.979775), (-2.6864746, -0.64270717, -9.999943), (-1.65639, -1.2408261, -10.000015), (-3.2344122, -0.79618293, -7.6666484), (-6.033589, 0.7965264, -9.998835), (-8.250168, 1.4787289, -7.7345166), (-9.252794, 1.5364057, -7.938712), (-0.9688915, -0.90468216, -7.757146), (-10.00206, 0.70178825, -8.174141), (-0.000019122315, -0.8518864, -7.836686), (-4.9213424, 1.3254658, -7.489939), (-9.999372, 0.4952885, -7.642874), (-0.000947154, -0.48773888, -6.916671), (-7.8822613, 1.4293852, -6.2273483), (-9.999876, 0.6432832, -7.027577), (-6.5171685, -0.18371083, -5.9775596), (-9.139656, 0.08163952, -6.203966), (-5.384306, 0.19747107, -5.368073), (-9.999947, 0.093167864, -6.3616705), (-1.2826536, -1.0769709, -5.3489976), (-3.722286, -0.11824, -6.133447), (-9.999934, -0.3805464, -5.8656197), (-4.046102, -0.3988115, -5.2557626), (-0.00041820738, -0.6325576, -5.746745), (0.00029329245, -0.3729104, -6.3006673), (-10.000267, -0.6861183, -5.257105), (-8.411023, -0.20698734, -4.6610484), (0.000045661014, -0.49851295, -4.7247224), (-2.4524574, -0.09798113, -4.554067), (-10.000255, -1.3695823, -4.4188004), (-4.1529226, 1.0367978, -3.6523087), (-6.000788, -0.3902182, -3.984503), (-9.99946, -1.6068727, -3.7588623), (0.0003972602, -0.11004483, -3.287571), (-1.2914625, -0.3536366, -2.8851736), (-3.0802333, 0.33706325, -3.1153667), (-8.223735, -1.691203, -2.0050852), (-4.8613853, -0.99107575, -1.7742401), (-9.999939, -1.6350838, -2.561936), (-2.4487977, 0.34559944, -2.041343), (0.000020726588, -0.32575977, -2.6627777), (-0.0001444932, -0.2967661, -1.4025623), (-9.999925, -1.3113011, -1.6659088), (-1.3562057, 0.11065678, -1.2671137), (-9.999995, -1.0040818, -0.8868251), (-8.862473, -0.8374684, -0.000056493373), (-1.7336651, -0.07694651, -0.0012895463), (-6.3539, -1.4739083, -0.00048509648), (-0.00046355725, -0.22883804, -0.5210658), (-7.1957974, -1.4448305, -0.0014618724), (-10.001454, -0.36511785, -0.035709582), (-0.014177267, 0.02512797, 0.004959765), (-2.4165273, -0.20546341, -0.000021072918), (-5.311727, -1.1508042, 0.000002395322), (-1.0785443, 0.06516249, -0.000018093304), (-9.551274, -0.50196284, 0.000019477502), (-7.9265246, -1.0876433, -0.000004593857), (-3.3006623, -0.5869527, -0.000026094776), (-3.9247386, -0.6623031, -0.000008871536)] (
                    interpolation = "vertex"
                )
                uniform token subdivisionScheme = "none"
            }

            def Mesh "Mesh_1"
            {
                float3[] extent = [(-10.001239, -1.5165114, -0.00037971576), (0.00030599034, 1.4009104, 10.000468)]
                int[] faceVertexCounts = [3, 3, 3, 3, 3, 3, 3, 3, 3, 3, 3, 3, 3, 3, 3, 3, 3, 3, 3, 3, 3, 3, 3, 3, 3, 3, 3, 3, 3, 3, 3, 3, 3, 3, 3, 3, 3, 3, 3, 3, 3, 3, 3, 3, 3, 3, 3, 3, 3, 3, 3, 3, 3, 3, 3, 3, 3, 3, 3, 3, 3, 3, 3, 3, 3, 3, 3, 3, 3, 3, 3, 3, 3, 3, 3, 3, 3, 3, 3, 3, 3, 3, 3, 3, 3, 3, 3, 3, 3, 3, 3, 3, 3, 3, 3, 3, 3, 3, 3, 3, 3, 3, 3, 3, 3, 3, 3, 3, 3, 3, 3, 3]
                int[] faceVertexIndices = [0, 1, 2, 0, 3, 4, 5, 6, 7, 8, 9, 10, 10, 9, 11, 12, 13, 14, 14, 15, 12, 4, 1, 0, 4, 3, 6, 7, 8, 5, 10, 11, 13, 11, 16, 13, 8, 10, 5, 16, 14, 13, 5, 4, 6, 13, 12, 17, 18, 1, 19, 13, 17, 20, 13, 20, 21, 19, 1, 4, 19, 4, 22, 4, 5, 23, 21, 24, 13, 4, 25, 22, 10, 26, 5, 13, 24, 27, 25, 4, 28, 24, 29, 27, 4, 23, 28, 23, 5, 30, 13, 27, 31, 10, 32, 26, 29, 33, 27, 13, 31, 10, 10, 31, 32, 31, 27, 34, 23, 35, 28, 27, 33, 34, 35, 23, 36, 28, 35, 37, 38, 36, 23, 30, 38, 23, 5, 26, 39, 39, 26, 32, 30, 40, 38, 34, 41, 31, 5, 40, 30, 32, 31, 42, 34, 43, 41, 36, 44, 35, 38, 45, 36, 44, 36, 45, 44, 45, 46, 41, 43, 47, 40, 5, 48, 45, 38, 49, 42, 31, 41, 39, 48, 5, 50, 46, 45, 50, 51, 46, 49, 38, 40, 47, 52, 41, 45, 49, 50, 40, 48, 53, 49, 40, 53, 39, 32, 42, 50, 54, 51, 42, 41, 55, 50, 49, 56, 39, 42, 48, 52, 57, 41, 49, 53, 56, 41, 57, 55, 48, 58, 53, 50, 59, 54, 59, 50, 60, 50, 56, 60, 42, 55, 61, 53, 58, 56, 55, 62, 61, 60, 56, 63, 61, 48, 42, 60, 63, 64, 56, 65, 63, 56, 66, 65, 56, 58, 66, 67, 68, 62, 58, 48, 61, 66, 69, 65, 58, 61, 66, 62, 68, 61, 70, 63, 65, 68, 67, 71, 70, 65, 72, 72, 65, 73, 69, 73, 65, 66, 74, 69, 61, 68, 75, 71, 76, 68, 75, 77, 61, 77, 75, 78, 79, 68, 76, 61, 80, 81, 61, 82, 80, 77, 83, 84, 77, 78, 83, 74, 66, 85, 66, 86, 85, 66, 61, 86, 86, 61, 81, 61, 77, 82, 79, 76, 87]
                uniform token orientation = "leftHanded"
                point3f[] points = [(-8.576203, -0.9058066, -0.00037971576), (-9.527224, -0.5154664, 0.007149644), (-9.115877, -0.7544043, 0.00014382685), (-7.847249, -1.1077986, 0.00022236438), (-9.11622, 0.52682847, 1.4854237), (-5.5845795, -0.8747413, 2.8297062), (-7.4022317, -1.351118, 0.0002675286), (-6.5671067, -1.5165114, -0.00006590116), (-5.1393642, -1.0849848, 0.000017358476), (-3.9248424, -0.657401, 0.000042045875), (-3.8630705, -0.6775026, 1.4244405), (-3.3722582, -0.6100214, -0.00007763196), (-0.0000727314, 0.29797858, 0.3687093), (-1.359001, 0.21161355, 1.5590525), (-0.79433286, 0.10413965, 0.00003138875), (-0.00011828118, -0.0063765505, 0.0005127035), (-1.9337195, -0.08940035, 0.000010715429), (-0.0038403873, 0.56892234, 0.63688475), (-9.999495, -0.3989656, 0.025862051), (-10.000029, 0.47088933, 1.1380721), (-0.00030925954, 0.56549937, 0.8906778), (-0.004435514, 0.95710063, 1.2429593), (-10.001239, 0.4191073, 1.6932119), (-8.191917, -0.36968207, 2.2986808), (0.00017348476, 0.7833532, 1.7393407), (-10.000152, 0.2882993, 2.231903), (-4.4274735, -0.33409622, 2.9214716), (-0.5181119, 1.4009104, 2.695588), (-9.99743, 0.47115567, 2.5392544), (-0.000050601873, 1.3161393, 2.4183578), (-6.881732, -0.039580896, 3.1043646), (-1.8383243, 0.11836078, 3.9044614), (-3.8819528, 0.012426106, 3.6227684), (0.0002456332, 1.0442704, 3.0295599), (-0.00095603144, 0.707585, 3.524309), (-9.998367, 0.44588733, 3.9232266), (-9.121323, 0.32526731, 4.146303), (-10.000343, 0.5434633, 3.1757424), (-7.6852994, 0.124275744, 4.086043), (-5.2595644, -0.19538657, 4.548328), (-6.9969153, 0.64014846, 5.3357415), (-1.0387834, 1.3436394, 5.5044885), (-3.1769397, -0.14826623, 5.952294), (0.000029974275, 0.8242304, 4.0807214), (-9.999104, 0.27480802, 4.4685087), (-9.042818, 1.256201, 5.0123715), (-9.999303, 0.38688928, 5.095911), (-0.000120678334, 1.1211319, 4.917401), (-5.4496984, 0.039542094, 6.244606), (-8.138512, 0.26081806, 5.8245344), (-9.138939, 0.9478817, 5.985649), (-9.999597, 0.53654546, 5.8840437), (0.00030599034, 0.36346146, 6.0281053), (-6.961801, 0.8135886, 6.416823), (-9.999783, 0.32964614, 6.2732472), (-0.0009739149, -0.5945043, 7.062473), (-8.209528, 1.1321791, 7.2075396), (-0.000021189844, -0.19566469, 6.4419317), (-6.317146, 0.12759632, 7.220769), (-10.000026, -0.063367836, 6.7303224), (-9.99931, -0.16234018, 7.3007197), (-3.2671583, -1.097742, 7.966015), (-0.00042910385, -0.6037597, 7.636227), (-9.99535, 0.007222817, 8.383708), (-10.000879, -0.06382115, 7.9393363), (-9.103094, 0.34471714, 8.643771), (-7.706025, -0.90790945, 8.659134), (0.00000767549, -0.36120105, 8.358003), (-0.8101375, 0.80844206, 9.9991865), (-9.187175, -0.96545434, 9.99893), (-9.999074, -0.10399173, 8.718787), (0.0001531393, 0.13622184, 9.300176), (-10.00005, -0.1227651, 9.088374), (-9.999552, -0.8670991, 9.992111), (-8.515007, -0.8532597, 9.999611), (-1.2180009, 0.71777374, 9.996216), (-0.0006791701, 0.39366466, 9.705791), (-2.8466666, 0.56828874, 9.993566), (-1.7033682, 0.7773198, 9.995028), (-0.3341531, 0.711339, 10.000468), (-4.564453, -0.7199208, 9.999356), (-5.144329, -1.1474189, 10.000011), (-3.550381, -0.2842394, 9.999954), (-2.339618, 0.73097503, 9.998213), (-2.6095967, 0.79028517, 9.999507), (-7.628775, -1.2940797, 9.999984), (-6.367797, -1.4490227, 10.000012), (-0.0018070202, 0.36999017, 9.999918)] (
                    interpolation = "vertex"
                )
                uniform token subdivisionScheme = "none"
            }
        }

        def Xform "Area162"
        {
            vector3f[] primvars:P (
                interpolation = "constant"
            )
            vector3f[] primvars:P.timeSamples = {
                1: [(-157.89474, 0, -31.578949)],
            }
            matrix4d xformOp:transform:copytopoints1 = ( (1, 0, 0, 0), (0, 1, 0, 0), (0, 0, 1, 0), (-157.89474487304688, 0, -31.578948974609375, 1) )
            uniform token[] xformOpOrder = ["xformOp:transform:copytopoints1"]

            def Mesh "Mesh_3"
            {
                float3[] extent = [(-0.00074660836, -1.3812666, -0.0044252677), (10.000592, 1.348178, 10.000207)]
                int[] faceVertexCounts = [3, 3, 3, 3, 3, 3, 3, 3, 3, 3, 3, 3, 3, 3, 3, 3, 3, 3, 3, 3, 3, 3, 3, 3, 3, 3, 3, 3, 3, 3, 3, 3, 3, 3, 3, 3, 3, 3, 3, 3, 3, 3, 3, 3, 3, 3, 3, 3, 3, 3, 3, 3, 3, 3, 3, 3, 3, 3, 3, 3, 3, 3, 3, 3, 3, 3, 3, 3, 3, 3, 3, 3, 3, 3, 3, 3, 3, 3, 3, 3, 3, 3, 3, 3, 3, 3, 3, 3, 3, 3, 3, 3, 3, 3, 3, 3, 3, 3, 3, 3, 3, 3, 3, 3, 3, 3, 3, 3, 3, 3, 3, 3, 3, 3, 3, 3, 3, 3, 3, 3, 3, 3, 3, 3, 3, 3, 3, 3, 3, 3, 3, 3, 3, 3, 3]
                int[] faceVertexIndices = [0, 1, 2, 3, 4, 5, 6, 7, 3, 8, 7, 6, 8, 9, 7, 5, 4, 10, 4, 3, 7, 11, 12, 13, 0, 10, 14, 15, 16, 17, 18, 2, 1, 4, 14, 10, 9, 13, 7, 9, 11, 13, 12, 19, 13, 12, 20, 19, 0, 14, 1, 20, 21, 22, 17, 23, 15, 22, 19, 20, 18, 24, 17, 1, 24, 18, 7, 25, 4, 23, 17, 24, 22, 26, 19, 27, 23, 24, 13, 28, 7, 27, 24, 29, 28, 13, 30, 1, 14, 31, 7, 28, 25, 4, 25, 32, 14, 4, 31, 1, 31, 24, 26, 33, 19, 4, 34, 31, 4, 32, 34, 19, 35, 13, 24, 36, 29, 28, 30, 25, 30, 13, 35, 19, 37, 35, 19, 33, 37, 32, 25, 30, 36, 24, 38, 24, 31, 39, 32, 30, 40, 32, 41, 34, 42, 37, 33, 38, 24, 43, 34, 44, 31, 41, 32, 40, 42, 45, 37, 41, 44, 34, 40, 30, 35, 24, 39, 43, 43, 39, 46, 31, 47, 39, 45, 48, 37, 40, 35, 41, 35, 37, 49, 48, 49, 37, 44, 47, 31, 46, 39, 50, 41, 35, 51, 35, 49, 51, 52, 51, 49, 39, 53, 50, 41, 51, 54, 54, 44, 41, 52, 55, 51, 53, 39, 56, 39, 57, 56, 51, 55, 58, 47, 59, 39, 47, 44, 59, 54, 59, 44, 39, 59, 57, 60, 58, 55, 55, 61, 60, 56, 57, 62, 63, 59, 54, 51, 58, 64, 60, 65, 58, 62, 57, 66, 59, 63, 57, 54, 67, 63, 58, 65, 68, 64, 54, 51, 64, 67, 54, 58, 68, 69, 66, 57, 70, 71, 70, 57, 72, 63, 67, 67, 73, 72, 67, 64, 73, 58, 69, 74, 71, 57, 63, 64, 58, 75, 70, 71, 76, 76, 71, 77, 58, 74, 75, 78, 74, 69, 79, 77, 71, 74, 78, 80, 74, 80, 81, 80, 82, 81, 71, 63, 83, 82, 84, 81, 83, 63, 85, 73, 86, 72, 64, 75, 87, 84, 88, 81, 63, 72, 89, 63, 89, 85, 64, 90, 73, 75, 91, 87, 92, 75, 74, 92, 74, 93, 81, 93, 74, 71, 94, 79, 95, 71, 83, 73, 90, 86, 64, 87, 96, 91, 75, 97, 88, 98, 81, 79, 94, 99, 89, 72, 100, 101, 90, 64, 75, 102, 97, 79, 99, 103, 71, 95, 94, 72, 86, 100, 96, 101, 64, 75, 92, 102]
                uniform token orientation = "leftHanded"
                point3f[] points = [(2.8943965, -0.34084094, 0.0027933456), (1.8552501, 0.32608774, 0.7658776), (2.2979782, -0.21123311, 0.0008774642), (5.549406, -0.61758476, -0.000025660082), (4.2861977, 0.6111545, 1.1882676), (4.8450885, -0.31858498, 0.0008828862), (6.1088567, -0.59070164, 0.0010576145), (6.1641645, -0.126713, 0.6369208), (6.4923353, -0.37560493, 0.00049446686), (7.090108, -0.30016994, 0.001911814), (3.8884335, -0.22729632, 0.00032808044), (7.9327054, 0.026152628, 0.00045602783), (8.887859, 0.03203948, 0.0007945308), (8.013441, 0.27973345, 0.8550754), (3.0180473, 0.5254889, 0.8971376), (0.00001057233, 0.29951736, 0.3654708), (0.00036419905, -0.02600508, -0.0044252677), (0.67390877, -0.16641131, 0.0006273171), (1.4092294, -0.23169188, -0.00026471246), (9.053648, 0.5825587, 1.8117192), (9.532316, 0.4498498, 0.00017752318), (9.99824, 0.5091095, 0.061147723), (9.999879, 0.31378645, 0.6908857), (0.000294897, 0.5484, 0.7525085), (0.91933393, 1.1508236, 1.8563362), (5.6901364, 0.87855965, 1.5415351), (9.999911, 0.44232926, 1.3805523), (-0.00033322634, 0.97657865, 1.2524095), (6.531583, 0.60427475, 1.565258), (0.00033318903, 0.7904561, 1.7498404), (6.846838, 0.27131203, 2.2173436), (2.3783004, 1.2357157, 2.2087762), (4.962761, 0.76007265, 2.36267), (9.999258, 1.2718464, 2.333364), (3.5008845, 0.23054777, 2.5995264), (7.558619, 0.28244686, 3.4428), (0.00004999658, 1.3209214, 2.4234085), (9.087664, 1.0683389, 2.8367007), (-0.00008982531, 1.0658573, 3.0256326), (1.1619868, 0.77176887, 4.243704), (5.5680013, 1.348178, 3.4338677), (4.796837, 1.2362864, 4.2278423), (10.00001, 1.0262262, 2.9119048), (0.00005206988, 0.7623755, 3.325766), (3.593932, 0.7705062, 4.49798), (9.99976, 0.53716874, 3.364431), (-0.0000029535374, 0.7585327, 3.9362178), (2.4363434, 1.2213511, 4.642625), (9.999062, 0.41622767, 3.7688012), (9.997211, 0.5305753, 4.1767554), (-0.00002489864, 1.0252103, 4.5140305), (7.130494, -1.3812666, 5.1997757), (10.000305, 0.21414861, 4.652356), (0.00004942083, 1.1326565, 4.9090033), (4.9347773, 0.4115234, 6.127354), (9.999035, -0.09885473, 5.228463), (-0.00074660836, 0.3579084, 6.029711), (1.3706224, -0.4905172, 6.907195), (8.963642, -0.0014859807, 7.008174), (3.028913, 0.18794109, 6.030603), (10.000581, 0.29463196, 6.3640304), (10.000098, -0.19514313, 5.744232), (0.000043713568, -0.16183603, 6.416344), (2.8666465, -0.76254433, 7.5822973), (6.902529, -0.3192306, 8.26561), (10.000027, 0.618925, 6.87531), (0.000033370787, -0.58461976, 7.019601), (4.9897323, 0.0117714, 7.344164), (9.997617, 0.8170502, 7.155068), (9.995385, 0.8667968, 7.6746993), (0.00005463851, -0.5580389, 7.9238954), (1.6189348, -0.65363085, 8.96309), (4.171208, 0.035686728, 8.589618), (4.982885, 0.6952391, 8.667858), (9.020889, 0.91649014, 8.641582), (7.88434, -0.31020004, 9.199286), (-0.00020935929, 0.00067761756, 8.9133005), (0.0004217218, 0.1352124, 9.355778), (9.998977, 0.80069447, 8.325907), (0.0034511162, 0.40133613, 9.726118), (9.999526, 1.1511991, 8.796258), (9.797138, 0.7015084, 9.997199), (10.000592, 0.87321174, 9.117289), (2.5347831, -0.7184808, 9.9984665), (9.999235, 0.990058, 9.307717), (2.888453, -0.68268126, 9.999639), (4.5169067, 0.14857554, 9.999828), (6.7376456, -0.14023787, 9.998619), (9.997016, 1.0051557, 9.634751), (3.3549628, -0.40326142, 9.999194), (5.1062355, 0.35834163, 9.999572), (7.2815437, 0.010874761, 10.000207), (8.886041, 0.4181061, 9.99802), (9.190625, 0.37871298, 9.99969), (1.3315306, -0.7188837, 10.000146), (1.9813026, -0.90666145, 9.999916), (6.1606593, -0.078209914, 10.000027), (8.084097, 0.015738236, 9.999919), (9.999322, 0.76716125, 9.958075), (0.6461925, -0.18122016, 9.999994), (3.7479675, -0.3708659, 10.000072), (5.73463, 0.29394633, 9.999717), (8.629975, 0.13828777, 10.000178), (0.02161542, 0.35039085, 10.000113)] (
                    interpolation = "vertex"
                )
                uniform token subdivisionScheme = "none"
            }

            def Mesh "Mesh_2"
            {
                float3[] extent = [(-0.00027717845, -1.131625, -10.00058), (10.004538, 1.4215744, 0.00021584799)]
                int[] faceVertexCounts = [3, 3, 3, 3, 3, 3, 3, 3, 3, 3, 3, 3, 3, 3, 3, 3, 3, 3, 3, 3, 3, 3, 3, 3, 3, 3, 3, 3, 3, 3, 3, 3, 3, 3, 3, 3, 3, 3, 3, 3, 3, 3, 3, 3, 3, 3, 3, 3, 3, 3, 3, 3, 3, 3, 3, 3, 3, 3, 3, 3, 3, 3, 3, 3, 3, 3, 3, 3, 3, 3, 3, 3, 3, 3, 3, 3, 3, 3, 3, 3, 3, 3, 3, 3, 3, 3, 3, 3, 3, 3, 3, 3, 3, 3, 3, 3, 3, 3, 3, 3, 3, 3, 3, 3, 3, 3, 3, 3, 3, 3, 3, 3, 3, 3, 3, 3, 3, 3, 3, 3, 3, 3, 3, 3, 3, 3, 3, 3, 3, 3, 3, 3, 3, 3, 3, 3, 3, 3]
                int[] faceVertexIndices = [0, 1, 2, 3, 4, 5, 4, 6, 5, 6, 7, 8, 9, 10, 11, 12, 13, 14, 14, 3, 5, 6, 8, 15, 16, 8, 7, 16, 17, 8, 18, 19, 20, 21, 1, 22, 1, 0, 13, 14, 5, 12, 6, 15, 5, 11, 23, 9, 19, 21, 20, 1, 13, 22, 17, 23, 8, 17, 24, 23, 9, 23, 24, 21, 22, 25, 22, 13, 26, 11, 27, 23, 21, 25, 20, 13, 12, 26, 27, 28, 23, 25, 22, 29, 22, 26, 30, 15, 31, 5, 32, 8, 23, 22, 30, 29, 5, 26, 12, 32, 23, 33, 28, 34, 23, 31, 15, 35, 15, 8, 32, 29, 36, 25, 30, 37, 29, 31, 38, 5, 26, 5, 30, 32, 35, 15, 30, 5, 38, 32, 33, 39, 23, 34, 40, 36, 29, 37, 31, 35, 38, 25, 36, 41, 35, 32, 42, 23, 40, 43, 41, 36, 44, 23, 43, 33, 38, 37, 30, 39, 45, 32, 33, 43, 46, 36, 47, 44, 38, 35, 48, 36, 37, 49, 35, 42, 48, 42, 32, 50, 33, 45, 39, 37, 38, 48, 33, 46, 45, 32, 45, 50, 36, 51, 47, 37, 48, 52, 45, 46, 53, 52, 48, 54, 48, 42, 54, 49, 51, 36, 46, 55, 53, 50, 56, 42, 57, 53, 55, 49, 37, 58, 37, 52, 58, 50, 45, 56, 49, 58, 51, 57, 59, 53, 56, 54, 42, 56, 45, 60, 45, 53, 60, 51, 58, 61, 62, 52, 54, 53, 59, 63, 56, 60, 64, 60, 53, 65, 52, 66, 58, 54, 56, 62, 58, 67, 61, 64, 62, 56, 62, 68, 52, 63, 69, 53, 58, 66, 67, 66, 52, 68, 69, 70, 53, 60, 65, 71, 61, 72, 73, 61, 67, 72, 67, 66, 72, 65, 53, 71, 53, 70, 71, 64, 60, 74, 60, 71, 74, 70, 75, 71, 71, 75, 76, 73, 72, 77, 68, 78, 66, 62, 78, 68, 62, 64, 74, 77, 79, 80, 77, 72, 79, 76, 81, 71, 72, 66, 79, 81, 82, 71, 74, 78, 62, 82, 74, 71, 83, 82, 81, 74, 84, 78, 80, 79, 85, 66, 78, 79, 86, 84, 74, 74, 82, 87, 74, 87, 88, 78, 89, 90, 84, 89, 78, 82, 91, 87, 83, 92, 82, 90, 93, 78, 94, 85, 79, 95, 96, 79, 79, 78, 95, 78, 93, 95, 74, 88, 86, 82, 92, 97, 82, 97, 91, 98, 85, 99, 94, 99, 85, 79, 96, 94]
                uniform token orientation = "leftHanded"
                point3f[] points = [(2.7583492, 1.0962907, -9.999616), (1.9640596, 0.6737012, -9.999759), (2.3292115, 1.1214632, -10.00058), (4.6342535, 0.13572413, -9.999863), (5.604427, -0.3069892, -10), (4.5997186, 0.89573187, -8.48553), (6.556837, 0.116695374, -9.999257), (6.992344, -0.06539539, -9.999873), (6.8920774, 0.37527648, -9.146613), (9.083476, -0.6367808, -9.99988), (9.771715, -0.37492302, -10.000342), (10.001207, -0.50230694, -9.982504), (3.8947072, 0.9939292, -9.061935), (3.147575, 0.95046914, -9.996039), (3.5916953, 1.0459424, -9.999621), (6.2273464, 1.020487, -8.584788), (7.3343277, -0.002357599, -10.000165), (7.9127016, -0.24274597, -9.999914), (0.0010770396, -1.131625, -9.99856), (0.64121056, -0.7454107, -10.000193), (0.0011309874, -1.1306096, -8.971585), (1.2104007, -0.44384998, -9.999938), (1.8108432, 0.0049735573, -9.193383), (8.801111, -1.1189419, -8.567703), (8.471359, -0.59977174, -9.999316), (0.0024950923, -0.9239112, -8.057134), (3.0485122, 1.2601576, -8.327549), (10.0000515, -0.76770157, -9.557916), (10.00012, -0.89071566, -8.511646), (1.5430222, 0.20193078, -7.6943774), (2.8064504, 0.64842993, -7.172941), (5.1427584, 1.2765179, -8.045158), (7.183857, 1.4215744, -6.6583514), (9.027691, 0.6831764, -6.5723987), (10.000082, -0.7042042, -7.8367543), (5.6617794, 0.03283201, -6.8199205), (0.9246491, -0.0072204336, -6.232078), (2.664653, 0.027789779, -5.8937745), (4.0329914, 1.2453492, -6.68167), (8.171457, 0.80212784, -6.32109), (9.999631, -0.09829389, -6.9828153), (0.00011323037, -0.48974088, -6.929484), (5.6019464, 0.17006671, -5.400031), (9.999802, 0.62080246, -6.406232), (-0.00027717845, -0.37186474, -6.292745), (7.905797, 0.7523402, -5.236907), (9.998449, 0.4171405, -5.8655257), (0.00006401227, -0.6446728, -5.718661), (4.1306615, -0.0673465, -5.354119), (1.4527597, 0.76774883, -5.12021), (6.6191115, 1.1537616, -5.151418), (0.00091307604, -0.4706481, -4.604914), (3.424885, 0.3586958, -4.0524445), (9.181076, 1.0161483, -3.8461714), (4.502193, -0.54476255, -4.273304), (9.999611, 0.45992368, -5.108479), (5.937324, 0.038023014, -4.0916204), (10.00004, 0.503979, -4.701283), (1.9849557, 0.8534905, -4.02859), (9.99971, 0.74868256, -4.121224), (7.691059, 0.07158081, -3.4895744), (0.0010406472, -0.106621176, -3.2557652), (4.9499397, 0.069397695, -2.8588622), (9.99954, 0.9085353, -3.6136682), (6.164506, 0.10650249, -2.5460522), (8.560573, 1.2696545, -3.2410448), (2.4442487, -0.19864294, -2.4508739), (1.7964007, 0.24453972, -3.0013442), (3.587544, 0.47710395, -2.8900058), (9.999997, 1.099967, -3.3341546), (9.997488, 0.9423328, -2.8984585), (8.54398, 0.3270415, -1.7002652), (1.1044073, 0.07610664, -1.982446), (0.0000127207, -0.32245547, -2.6764872), (6.301271, -0.77474153, -1.3483629), (10.00019, 0.70341295, -2.424567), (10.000196, 0.72881275, -1.735711), (0.0011318881, -0.24887337, -1.6291308), (3.9048283, -0.4352798, -0.99524045), (1.6160203, -0.34859902, -0.9226662), (0.00079791946, -0.3182843, -1.2557065), (9.999669, 0.5430709, -1.356473), (9.361356, 0.41880992, -0.69411236), (10.000167, 0.5647362, -0.6882416), (5.5253854, -0.6019573, -0.00153797), (0.0009776165, -0.24742691, -0.63289326), (6.111553, -0.5637177, -0.00018780101), (7.965034, 0.02488713, -0.00012648953), (6.84445, -0.30969372, -0.00021343678), (4.9171567, -0.31691542, -0.00012581548), (4.4129605, -0.354038, -0.0010547836), (8.759693, -0.026042553, -0.000019544144), (10.004538, 0.6415813, -0.020929908), (3.9376602, -0.23551756, 0.00021584799), (1.414708, -0.23433705, 0.00005491659), (2.8705118, -0.32439744, 0.00018930956), (2.2710757, -0.2096417, -0.00004395064), (9.39195, 0.3675225, -0.000059904414), (0.0022855904, -0.03990526, -0.0034305558), (0.60907805, -0.16654019, -0.000015183145)] (
                    interpolation = "vertex"
                )
                uniform token subdivisionScheme = "none"
            }

            def Mesh "Mesh_0"
            {
                float3[] extent = [(-10.00206, -1.691203, -10.000099), (0.0003972602, 1.8125514, 0.004959765)]
                int[] faceVertexCounts = [3, 3, 3, 3, 3, 3, 3, 3, 3, 3, 3, 3, 3, 3, 3, 3, 3, 3, 3, 3, 3, 3, 3, 3, 3, 3, 3, 3, 3, 3, 3, 3, 3, 3, 3, 3, 3, 3, 3, 3, 3, 3, 3, 3, 3, 3, 3, 3, 3, 3, 3, 3, 3, 3, 3, 3, 3, 3, 3, 3, 3, 3, 3, 3, 3, 3, 3, 3, 3, 3, 3, 3, 3, 3, 3, 3, 3, 3, 3, 3, 3, 3, 3, 3, 3, 3, 3, 3, 3, 3, 3, 3, 3, 3, 3, 3, 3, 3]
                int[] faceVertexIndices = [0, 1, 2, 0, 3, 4, 3, 5, 4, 5, 6, 7, 8, 9, 10, 11, 12, 9, 13, 14, 15, 16, 2, 1, 4, 1, 0, 11, 9, 8, 17, 18, 19, 9, 20, 10, 18, 14, 19, 5, 7, 4, 6, 20, 7, 12, 17, 19, 1, 4, 21, 21, 22, 1, 20, 9, 7, 19, 14, 23, 12, 19, 9, 1, 22, 24, 13, 25, 14, 7, 26, 4, 14, 25, 23, 26, 7, 9, 27, 24, 22, 9, 19, 26, 23, 25, 28, 29, 21, 4, 27, 22, 30, 4, 26, 31, 21, 32, 22, 26, 19, 33, 32, 34, 30, 30, 22, 32, 35, 36, 19, 31, 29, 4, 33, 31, 26, 35, 19, 23, 21, 29, 32, 33, 19, 36, 23, 28, 35, 32, 37, 34, 33, 36, 38, 39, 35, 28, 28, 40, 39, 37, 32, 41, 42, 41, 32, 42, 32, 29, 42, 29, 31, 39, 43, 35, 36, 35, 44, 36, 44, 38, 41, 42, 45, 38, 46, 33, 31, 33, 47, 47, 33, 46, 45, 42, 48, 35, 43, 49, 44, 35, 50, 35, 49, 50, 44, 51, 38, 46, 38, 51, 48, 42, 52, 44, 50, 51, 47, 42, 31, 53, 47, 46, 52, 54, 48, 51, 50, 55, 52, 42, 47, 47, 53, 52, 49, 56, 50, 50, 56, 57, 52, 58, 54, 55, 50, 59, 51, 53, 46, 58, 52, 60, 60, 52, 61, 51, 55, 62, 59, 62, 55, 52, 53, 63, 57, 64, 50, 61, 52, 65, 51, 62, 53, 61, 66, 60, 59, 50, 67, 68, 53, 62, 53, 69, 63, 67, 70, 59, 64, 67, 50, 66, 61, 71, 65, 72, 61, 73, 53, 68, 52, 63, 65, 69, 53, 74, 73, 74, 53, 62, 59, 70]
                uniform token orientation = "leftHanded"
                point3f[] points = [(-9.049906, -0.49202147, -9.999949), (-9.99872, 0.36926907, -9.032454), (-9.543219, -0.27327624, -9.999985), (-8.309603, -0.48925424, -10.000004), (-7.1204777, 0.016261257, -8.498981), (-7.3970346, 0.29389733, -9.999919), (-6.8825107, 0.25643107, -9.999268), (-6.4113073, 0.6244961, -8.890567), (-5.094887, 1.8125514, -10.000099), (-4.8157206, 0.8717174, -8.89243), (-5.4772816, 1.6316204, -9.999215), (-4.782157, 1.2893611, -9.999862), (-3.9678767, 0.6568336, -9.998886), (0.00012235975, -1.097938, -8.807033), (-0.9319989, -1.411448, -9.997782), (-0.00512517, -1.1244214, -9.999858), (-9.99986, -0.19308126, -9.979775), (-2.6864746, -0.64270717, -9.999943), (-1.65639, -1.2408261, -10.000015), (-3.2344122, -0.79618293, -7.6666484), (-6.033589, 0.7965264, -9.998835), (-8.250168, 1.4787289, -7.7345166), (-9.252794, 1.5364057, -7.938712), (-0.9688915, -0.90468216, -7.757146), (-10.00206, 0.70178825, -8.174141), (-0.000019122315, -0.8518864, -7.836686), (-4.9213424, 1.3254658, -7.489939), (-9.999372, 0.4952885, -7.642874), (-0.000947154, -0.48773888, -6.916671), (-7.8822613, 1.4293852, -6.2273483), (-9.999876, 0.6432832, -7.027577), (-6.5171685, -0.18371083, -5.9775596), (-9.139656, 0.08163952, -6.203966), (-5.384306, 0.19747107, -5.368073), (-9.999947, 0.093167864, -6.3616705), (-1.2826536, -1.0769709, -5.3489976), (-3.722286, -0.11824, -6.133447), (-9.999934, -0.3805464, -5.8656197), (-4.046102, -0.3988115, -5.2557626), (-0.00041820738, -0.6325576, -5.746745), (0.00029329245, -0.3729104, -6.3006673), (-10.000267, -0.6861183, -5.257105), (-8.411023, -0.20698734, -4.6610484), (0.000045661014, -0.49851295, -4.7247224), (-2.4524574, -0.09798113, -4.554067), (-10.000255, -1.3695823, -4.4188004), (-4.1529226, 1.0367978, -3.6523087), (-6.000788, -0.3902182, -3.984503), (-9.99946, -1.6068727, -3.7588623), (0.0003972602, -0.11004483, -3.287571), (-1.2914625, -0.3536366, -2.8851736), (-3.0802333, 0.33706325, -3.1153667), (-8.223735, -1.691203, -2.0050852), (-4.8613853, -0.99107575, -1.7742401), (-9.999939, -1.6350838, -2.561936), (-2.4487977, 0.34559944, -2.041343), (0.000020726588, -0.32575977, -2.6627777), (-0.0001444932, -0.2967661, -1.4025623), (-9.999925, -1.3113011, -1.6659088), (-1.3562057, 0.11065678, -1.2671137), (-9.999995, -1.0040818, -0.8868251), (-8.862473, -0.8374684, -0.000056493373), (-1.7336651, -0.07694651, -0.0012895463), (-6.3539, -1.4739083, -0.00048509648), (-0.00046355725, -0.22883804, -0.5210658), (-7.1957974, -1.4448305, -0.0014618724), (-10.001454, -0.36511785, -0.035709582), (-0.014177267, 0.02512797, 0.004959765), (-2.4165273, -0.20546341, -0.000021072918), (-5.311727, -1.1508042, 0.000002395322), (-1.0785443, 0.06516249, -0.000018093304), (-9.551274, -0.50196284, 0.000019477502), (-7.9265246, -1.0876433, -0.000004593857), (-3.3006623, -0.5869527, -0.000026094776), (-3.9247386, -0.6623031, -0.000008871536)] (
                    interpolation = "vertex"
                )
                uniform token subdivisionScheme = "none"
            }

            def Mesh "Mesh_1"
            {
                float3[] extent = [(-10.001239, -1.5165114, -0.00037971576), (0.00030599034, 1.4009104, 10.000468)]
                int[] faceVertexCounts = [3, 3, 3, 3, 3, 3, 3, 3, 3, 3, 3, 3, 3, 3, 3, 3, 3, 3, 3, 3, 3, 3, 3, 3, 3, 3, 3, 3, 3, 3, 3, 3, 3, 3, 3, 3, 3, 3, 3, 3, 3, 3, 3, 3, 3, 3, 3, 3, 3, 3, 3, 3, 3, 3, 3, 3, 3, 3, 3, 3, 3, 3, 3, 3, 3, 3, 3, 3, 3, 3, 3, 3, 3, 3, 3, 3, 3, 3, 3, 3, 3, 3, 3, 3, 3, 3, 3, 3, 3, 3, 3, 3, 3, 3, 3, 3, 3, 3, 3, 3, 3, 3, 3, 3, 3, 3, 3, 3, 3, 3, 3, 3]
                int[] faceVertexIndices = [0, 1, 2, 0, 3, 4, 5, 6, 7, 8, 9, 10, 10, 9, 11, 12, 13, 14, 14, 15, 12, 4, 1, 0, 4, 3, 6, 7, 8, 5, 10, 11, 13, 11, 16, 13, 8, 10, 5, 16, 14, 13, 5, 4, 6, 13, 12, 17, 18, 1, 19, 13, 17, 20, 13, 20, 21, 19, 1, 4, 19, 4, 22, 4, 5, 23, 21, 24, 13, 4, 25, 22, 10, 26, 5, 13, 24, 27, 25, 4, 28, 24, 29, 27, 4, 23, 28, 23, 5, 30, 13, 27, 31, 10, 32, 26, 29, 33, 27, 13, 31, 10, 10, 31, 32, 31, 27, 34, 23, 35, 28, 27, 33, 34, 35, 23, 36, 28, 35, 37, 38, 36, 23, 30, 38, 23, 5, 26, 39, 39, 26, 32, 30, 40, 38, 34, 41, 31, 5, 40, 30, 32, 31, 42, 34, 43, 41, 36, 44, 35, 38, 45, 36, 44, 36, 45, 44, 45, 46, 41, 43, 47, 40, 5, 48, 45, 38, 49, 42, 31, 41, 39, 48, 5, 50, 46, 45, 50, 51, 46, 49, 38, 40, 47, 52, 41, 45, 49, 50, 40, 48, 53, 49, 40, 53, 39, 32, 42, 50, 54, 51, 42, 41, 55, 50, 49, 56, 39, 42, 48, 52, 57, 41, 49, 53, 56, 41, 57, 55, 48, 58, 53, 50, 59, 54, 59, 50, 60, 50, 56, 60, 42, 55, 61, 53, 58, 56, 55, 62, 61, 60, 56, 63, 61, 48, 42, 60, 63, 64, 56, 65, 63, 56, 66, 65, 56, 58, 66, 67, 68, 62, 58, 48, 61, 66, 69, 65, 58, 61, 66, 62, 68, 61, 70, 63, 65, 68, 67, 71, 70, 65, 72, 72, 65, 73, 69, 73, 65, 66, 74, 69, 61, 68, 75, 71, 76, 68, 75, 77, 61, 77, 75, 78, 79, 68, 76, 61, 80, 81, 61, 82, 80, 77, 83, 84, 77, 78, 83, 74, 66, 85, 66, 86, 85, 66, 61, 86, 86, 61, 81, 61, 77, 82, 79, 76, 87]
                uniform token orientation = "leftHanded"
                point3f[] points = [(-8.576203, -0.9058066, -0.00037971576), (-9.527224, -0.5154664, 0.007149644), (-9.115877, -0.7544043, 0.00014382685), (-7.847249, -1.1077986, 0.00022236438), (-9.11622, 0.52682847, 1.4854237), (-5.5845795, -0.8747413, 2.8297062), (-7.4022317, -1.351118, 0.0002675286), (-6.5671067, -1.5165114, -0.00006590116), (-5.1393642, -1.0849848, 0.000017358476), (-3.9248424, -0.657401, 0.000042045875), (-3.8630705, -0.6775026, 1.4244405), (-3.3722582, -0.6100214, -0.00007763196), (-0.0000727314, 0.29797858, 0.3687093), (-1.359001, 0.21161355, 1.5590525), (-0.79433286, 0.10413965, 0.00003138875), (-0.00011828118, -0.0063765505, 0.0005127035), (-1.9337195, -0.08940035, 0.000010715429), (-0.0038403873, 0.56892234, 0.63688475), (-9.999495, -0.3989656, 0.025862051), (-10.000029, 0.47088933, 1.1380721), (-0.00030925954, 0.56549937, 0.8906778), (-0.004435514, 0.95710063, 1.2429593), (-10.001239, 0.4191073, 1.6932119), (-8.191917, -0.36968207, 2.2986808), (0.00017348476, 0.7833532, 1.7393407), (-10.000152, 0.2882993, 2.231903), (-4.4274735, -0.33409622, 2.9214716), (-0.5181119, 1.4009104, 2.695588), (-9.99743, 0.47115567, 2.5392544), (-0.000050601873, 1.3161393, 2.4183578), (-6.881732, -0.039580896, 3.1043646), (-1.8383243, 0.11836078, 3.9044614), (-3.8819528, 0.012426106, 3.6227684), (0.0002456332, 1.0442704, 3.0295599), (-0.00095603144, 0.707585, 3.524309), (-9.998367, 0.44588733, 3.9232266), (-9.121323, 0.32526731, 4.146303), (-10.000343, 0.5434633, 3.1757424), (-7.6852994, 0.124275744, 4.086043), (-5.2595644, -0.19538657, 4.548328), (-6.9969153, 0.64014846, 5.3357415), (-1.0387834, 1.3436394, 5.5044885), (-3.1769397, -0.14826623, 5.952294), (0.000029974275, 0.8242304, 4.0807214), (-9.999104, 0.27480802, 4.4685087), (-9.042818, 1.256201, 5.0123715), (-9.999303, 0.38688928, 5.095911), (-0.000120678334, 1.1211319, 4.917401), (-5.4496984, 0.039542094, 6.244606), (-8.138512, 0.26081806, 5.8245344), (-9.138939, 0.9478817, 5.985649), (-9.999597, 0.53654546, 5.8840437), (0.00030599034, 0.36346146, 6.0281053), (-6.961801, 0.8135886, 6.416823), (-9.999783, 0.32964614, 6.2732472), (-0.0009739149, -0.5945043, 7.062473), (-8.209528, 1.1321791, 7.2075396), (-0.000021189844, -0.19566469, 6.4419317), (-6.317146, 0.12759632, 7.220769), (-10.000026, -0.063367836, 6.7303224), (-9.99931, -0.16234018, 7.3007197), (-3.2671583, -1.097742, 7.966015), (-0.00042910385, -0.6037597, 7.636227), (-9.99535, 0.007222817, 8.383708), (-10.000879, -0.06382115, 7.9393363), (-9.103094, 0.34471714, 8.643771), (-7.706025, -0.90790945, 8.659134), (0.00000767549, -0.36120105, 8.358003), (-0.8101375, 0.80844206, 9.9991865), (-9.187175, -0.96545434, 9.99893), (-9.999074, -0.10399173, 8.718787), (0.0001531393, 0.13622184, 9.300176), (-10.00005, -0.1227651, 9.088374), (-9.999552, -0.8670991, 9.992111), (-8.515007, -0.8532597, 9.999611), (-1.2180009, 0.71777374, 9.996216), (-0.0006791701, 0.39366466, 9.705791), (-2.8466666, 0.56828874, 9.993566), (-1.7033682, 0.7773198, 9.995028), (-0.3341531, 0.711339, 10.000468), (-4.564453, -0.7199208, 9.999356), (-5.144329, -1.1474189, 10.000011), (-3.550381, -0.2842394, 9.999954), (-2.339618, 0.73097503, 9.998213), (-2.6095967, 0.79028517, 9.999507), (-7.628775, -1.2940797, 9.999984), (-6.367797, -1.4490227, 10.000012), (-0.0018070202, 0.36999017, 9.999918)] (
                    interpolation = "vertex"
                )
                uniform token subdivisionScheme = "none"
            }
        }

        def Xform "Area163"
        {
            vector3f[] primvars:P (
                interpolation = "constant"
            )
            vector3f[] primvars:P.timeSamples = {
                1: [(-136.8421, 0, -31.578949)],
            }
            matrix4d xformOp:transform:copytopoints1 = ( (1, 0, 0, 0), (0, 1, 0, 0), (0, 0, 1, 0), (-136.84210205078125, 0, -31.578948974609375, 1) )
            uniform token[] xformOpOrder = ["xformOp:transform:copytopoints1"]

            def Mesh "Mesh_3"
            {
                float3[] extent = [(-0.00074660836, -1.3812666, -0.0044252677), (10.000592, 1.348178, 10.000207)]
                int[] faceVertexCounts = [3, 3, 3, 3, 3, 3, 3, 3, 3, 3, 3, 3, 3, 3, 3, 3, 3, 3, 3, 3, 3, 3, 3, 3, 3, 3, 3, 3, 3, 3, 3, 3, 3, 3, 3, 3, 3, 3, 3, 3, 3, 3, 3, 3, 3, 3, 3, 3, 3, 3, 3, 3, 3, 3, 3, 3, 3, 3, 3, 3, 3, 3, 3, 3, 3, 3, 3, 3, 3, 3, 3, 3, 3, 3, 3, 3, 3, 3, 3, 3, 3, 3, 3, 3, 3, 3, 3, 3, 3, 3, 3, 3, 3, 3, 3, 3, 3, 3, 3, 3, 3, 3, 3, 3, 3, 3, 3, 3, 3, 3, 3, 3, 3, 3, 3, 3, 3, 3, 3, 3, 3, 3, 3, 3, 3, 3, 3, 3, 3, 3, 3, 3, 3, 3, 3]
                int[] faceVertexIndices = [0, 1, 2, 3, 4, 5, 6, 7, 3, 8, 7, 6, 8, 9, 7, 5, 4, 10, 4, 3, 7, 11, 12, 13, 0, 10, 14, 15, 16, 17, 18, 2, 1, 4, 14, 10, 9, 13, 7, 9, 11, 13, 12, 19, 13, 12, 20, 19, 0, 14, 1, 20, 21, 22, 17, 23, 15, 22, 19, 20, 18, 24, 17, 1, 24, 18, 7, 25, 4, 23, 17, 24, 22, 26, 19, 27, 23, 24, 13, 28, 7, 27, 24, 29, 28, 13, 30, 1, 14, 31, 7, 28, 25, 4, 25, 32, 14, 4, 31, 1, 31, 24, 26, 33, 19, 4, 34, 31, 4, 32, 34, 19, 35, 13, 24, 36, 29, 28, 30, 25, 30, 13, 35, 19, 37, 35, 19, 33, 37, 32, 25, 30, 36, 24, 38, 24, 31, 39, 32, 30, 40, 32, 41, 34, 42, 37, 33, 38, 24, 43, 34, 44, 31, 41, 32, 40, 42, 45, 37, 41, 44, 34, 40, 30, 35, 24, 39, 43, 43, 39, 46, 31, 47, 39, 45, 48, 37, 40, 35, 41, 35, 37, 49, 48, 49, 37, 44, 47, 31, 46, 39, 50, 41, 35, 51, 35, 49, 51, 52, 51, 49, 39, 53, 50, 41, 51, 54, 54, 44, 41, 52, 55, 51, 53, 39, 56, 39, 57, 56, 51, 55, 58, 47, 59, 39, 47, 44, 59, 54, 59, 44, 39, 59, 57, 60, 58, 55, 55, 61, 60, 56, 57, 62, 63, 59, 54, 51, 58, 64, 60, 65, 58, 62, 57, 66, 59, 63, 57, 54, 67, 63, 58, 65, 68, 64, 54, 51, 64, 67, 54, 58, 68, 69, 66, 57, 70, 71, 70, 57, 72, 63, 67, 67, 73, 72, 67, 64, 73, 58, 69, 74, 71, 57, 63, 64, 58, 75, 70, 71, 76, 76, 71, 77, 58, 74, 75, 78, 74, 69, 79, 77, 71, 74, 78, 80, 74, 80, 81, 80, 82, 81, 71, 63, 83, 82, 84, 81, 83, 63, 85, 73, 86, 72, 64, 75, 87, 84, 88, 81, 63, 72, 89, 63, 89, 85, 64, 90, 73, 75, 91, 87, 92, 75, 74, 92, 74, 93, 81, 93, 74, 71, 94, 79, 95, 71, 83, 73, 90, 86, 64, 87, 96, 91, 75, 97, 88, 98, 81, 79, 94, 99, 89, 72, 100, 101, 90, 64, 75, 102, 97, 79, 99, 103, 71, 95, 94, 72, 86, 100, 96, 101, 64, 75, 92, 102]
                uniform token orientation = "leftHanded"
                point3f[] points = [(2.8943965, -0.34084094, 0.0027933456), (1.8552501, 0.32608774, 0.7658776), (2.2979782, -0.21123311, 0.0008774642), (5.549406, -0.61758476, -0.000025660082), (4.2861977, 0.6111545, 1.1882676), (4.8450885, -0.31858498, 0.0008828862), (6.1088567, -0.59070164, 0.0010576145), (6.1641645, -0.126713, 0.6369208), (6.4923353, -0.37560493, 0.00049446686), (7.090108, -0.30016994, 0.001911814), (3.8884335, -0.22729632, 0.00032808044), (7.9327054, 0.026152628, 0.00045602783), (8.887859, 0.03203948, 0.0007945308), (8.013441, 0.27973345, 0.8550754), (3.0180473, 0.5254889, 0.8971376), (0.00001057233, 0.29951736, 0.3654708), (0.00036419905, -0.02600508, -0.0044252677), (0.67390877, -0.16641131, 0.0006273171), (1.4092294, -0.23169188, -0.00026471246), (9.053648, 0.5825587, 1.8117192), (9.532316, 0.4498498, 0.00017752318), (9.99824, 0.5091095, 0.061147723), (9.999879, 0.31378645, 0.6908857), (0.000294897, 0.5484, 0.7525085), (0.91933393, 1.1508236, 1.8563362), (5.6901364, 0.87855965, 1.5415351), (9.999911, 0.44232926, 1.3805523), (-0.00033322634, 0.97657865, 1.2524095), (6.531583, 0.60427475, 1.565258), (0.00033318903, 0.7904561, 1.7498404), (6.846838, 0.27131203, 2.2173436), (2.3783004, 1.2357157, 2.2087762), (4.962761, 0.76007265, 2.36267), (9.999258, 1.2718464, 2.333364), (3.5008845, 0.23054777, 2.5995264), (7.558619, 0.28244686, 3.4428), (0.00004999658, 1.3209214, 2.4234085), (9.087664, 1.0683389, 2.8367007), (-0.00008982531, 1.0658573, 3.0256326), (1.1619868, 0.77176887, 4.243704), (5.5680013, 1.348178, 3.4338677), (4.796837, 1.2362864, 4.2278423), (10.00001, 1.0262262, 2.9119048), (0.00005206988, 0.7623755, 3.325766), (3.593932, 0.7705062, 4.49798), (9.99976, 0.53716874, 3.364431), (-0.0000029535374, 0.7585327, 3.9362178), (2.4363434, 1.2213511, 4.642625), (9.999062, 0.41622767, 3.7688012), (9.997211, 0.5305753, 4.1767554), (-0.00002489864, 1.0252103, 4.5140305), (7.130494, -1.3812666, 5.1997757), (10.000305, 0.21414861, 4.652356), (0.00004942083, 1.1326565, 4.9090033), (4.9347773, 0.4115234, 6.127354), (9.999035, -0.09885473, 5.228463), (-0.00074660836, 0.3579084, 6.029711), (1.3706224, -0.4905172, 6.907195), (8.963642, -0.0014859807, 7.008174), (3.028913, 0.18794109, 6.030603), (10.000581, 0.29463196, 6.3640304), (10.000098, -0.19514313, 5.744232), (0.000043713568, -0.16183603, 6.416344), (2.8666465, -0.76254433, 7.5822973), (6.902529, -0.3192306, 8.26561), (10.000027, 0.618925, 6.87531), (0.000033370787, -0.58461976, 7.019601), (4.9897323, 0.0117714, 7.344164), (9.997617, 0.8170502, 7.155068), (9.995385, 0.8667968, 7.6746993), (0.00005463851, -0.5580389, 7.9238954), (1.6189348, -0.65363085, 8.96309), (4.171208, 0.035686728, 8.589618), (4.982885, 0.6952391, 8.667858), (9.020889, 0.91649014, 8.641582), (7.88434, -0.31020004, 9.199286), (-0.00020935929, 0.00067761756, 8.9133005), (0.0004217218, 0.1352124, 9.355778), (9.998977, 0.80069447, 8.325907), (0.0034511162, 0.40133613, 9.726118), (9.999526, 1.1511991, 8.796258), (9.797138, 0.7015084, 9.997199), (10.000592, 0.87321174, 9.117289), (2.5347831, -0.7184808, 9.9984665), (9.999235, 0.990058, 9.307717), (2.888453, -0.68268126, 9.999639), (4.5169067, 0.14857554, 9.999828), (6.7376456, -0.14023787, 9.998619), (9.997016, 1.0051557, 9.634751), (3.3549628, -0.40326142, 9.999194), (5.1062355, 0.35834163, 9.999572), (7.2815437, 0.010874761, 10.000207), (8.886041, 0.4181061, 9.99802), (9.190625, 0.37871298, 9.99969), (1.3315306, -0.7188837, 10.000146), (1.9813026, -0.90666145, 9.999916), (6.1606593, -0.078209914, 10.000027), (8.084097, 0.015738236, 9.999919), (9.999322, 0.76716125, 9.958075), (0.6461925, -0.18122016, 9.999994), (3.7479675, -0.3708659, 10.000072), (5.73463, 0.29394633, 9.999717), (8.629975, 0.13828777, 10.000178), (0.02161542, 0.35039085, 10.000113)] (
                    interpolation = "vertex"
                )
                uniform token subdivisionScheme = "none"
            }

            def Mesh "Mesh_2"
            {
                float3[] extent = [(-0.00027717845, -1.131625, -10.00058), (10.004538, 1.4215744, 0.00021584799)]
                int[] faceVertexCounts = [3, 3, 3, 3, 3, 3, 3, 3, 3, 3, 3, 3, 3, 3, 3, 3, 3, 3, 3, 3, 3, 3, 3, 3, 3, 3, 3, 3, 3, 3, 3, 3, 3, 3, 3, 3, 3, 3, 3, 3, 3, 3, 3, 3, 3, 3, 3, 3, 3, 3, 3, 3, 3, 3, 3, 3, 3, 3, 3, 3, 3, 3, 3, 3, 3, 3, 3, 3, 3, 3, 3, 3, 3, 3, 3, 3, 3, 3, 3, 3, 3, 3, 3, 3, 3, 3, 3, 3, 3, 3, 3, 3, 3, 3, 3, 3, 3, 3, 3, 3, 3, 3, 3, 3, 3, 3, 3, 3, 3, 3, 3, 3, 3, 3, 3, 3, 3, 3, 3, 3, 3, 3, 3, 3, 3, 3, 3, 3, 3, 3, 3, 3, 3, 3, 3, 3, 3, 3]
                int[] faceVertexIndices = [0, 1, 2, 3, 4, 5, 4, 6, 5, 6, 7, 8, 9, 10, 11, 12, 13, 14, 14, 3, 5, 6, 8, 15, 16, 8, 7, 16, 17, 8, 18, 19, 20, 21, 1, 22, 1, 0, 13, 14, 5, 12, 6, 15, 5, 11, 23, 9, 19, 21, 20, 1, 13, 22, 17, 23, 8, 17, 24, 23, 9, 23, 24, 21, 22, 25, 22, 13, 26, 11, 27, 23, 21, 25, 20, 13, 12, 26, 27, 28, 23, 25, 22, 29, 22, 26, 30, 15, 31, 5, 32, 8, 23, 22, 30, 29, 5, 26, 12, 32, 23, 33, 28, 34, 23, 31, 15, 35, 15, 8, 32, 29, 36, 25, 30, 37, 29, 31, 38, 5, 26, 5, 30, 32, 35, 15, 30, 5, 38, 32, 33, 39, 23, 34, 40, 36, 29, 37, 31, 35, 38, 25, 36, 41, 35, 32, 42, 23, 40, 43, 41, 36, 44, 23, 43, 33, 38, 37, 30, 39, 45, 32, 33, 43, 46, 36, 47, 44, 38, 35, 48, 36, 37, 49, 35, 42, 48, 42, 32, 50, 33, 45, 39, 37, 38, 48, 33, 46, 45, 32, 45, 50, 36, 51, 47, 37, 48, 52, 45, 46, 53, 52, 48, 54, 48, 42, 54, 49, 51, 36, 46, 55, 53, 50, 56, 42, 57, 53, 55, 49, 37, 58, 37, 52, 58, 50, 45, 56, 49, 58, 51, 57, 59, 53, 56, 54, 42, 56, 45, 60, 45, 53, 60, 51, 58, 61, 62, 52, 54, 53, 59, 63, 56, 60, 64, 60, 53, 65, 52, 66, 58, 54, 56, 62, 58, 67, 61, 64, 62, 56, 62, 68, 52, 63, 69, 53, 58, 66, 67, 66, 52, 68, 69, 70, 53, 60, 65, 71, 61, 72, 73, 61, 67, 72, 67, 66, 72, 65, 53, 71, 53, 70, 71, 64, 60, 74, 60, 71, 74, 70, 75, 71, 71, 75, 76, 73, 72, 77, 68, 78, 66, 62, 78, 68, 62, 64, 74, 77, 79, 80, 77, 72, 79, 76, 81, 71, 72, 66, 79, 81, 82, 71, 74, 78, 62, 82, 74, 71, 83, 82, 81, 74, 84, 78, 80, 79, 85, 66, 78, 79, 86, 84, 74, 74, 82, 87, 74, 87, 88, 78, 89, 90, 84, 89, 78, 82, 91, 87, 83, 92, 82, 90, 93, 78, 94, 85, 79, 95, 96, 79, 79, 78, 95, 78, 93, 95, 74, 88, 86, 82, 92, 97, 82, 97, 91, 98, 85, 99, 94, 99, 85, 79, 96, 94]
                uniform token orientation = "leftHanded"
                point3f[] points = [(2.7583492, 1.0962907, -9.999616), (1.9640596, 0.6737012, -9.999759), (2.3292115, 1.1214632, -10.00058), (4.6342535, 0.13572413, -9.999863), (5.604427, -0.3069892, -10), (4.5997186, 0.89573187, -8.48553), (6.556837, 0.116695374, -9.999257), (6.992344, -0.06539539, -9.999873), (6.8920774, 0.37527648, -9.146613), (9.083476, -0.6367808, -9.99988), (9.771715, -0.37492302, -10.000342), (10.001207, -0.50230694, -9.982504), (3.8947072, 0.9939292, -9.061935), (3.147575, 0.95046914, -9.996039), (3.5916953, 1.0459424, -9.999621), (6.2273464, 1.020487, -8.584788), (7.3343277, -0.002357599, -10.000165), (7.9127016, -0.24274597, -9.999914), (0.0010770396, -1.131625, -9.99856), (0.64121056, -0.7454107, -10.000193), (0.0011309874, -1.1306096, -8.971585), (1.2104007, -0.44384998, -9.999938), (1.8108432, 0.0049735573, -9.193383), (8.801111, -1.1189419, -8.567703), (8.471359, -0.59977174, -9.999316), (0.0024950923, -0.9239112, -8.057134), (3.0485122, 1.2601576, -8.327549), (10.0000515, -0.76770157, -9.557916), (10.00012, -0.89071566, -8.511646), (1.5430222, 0.20193078, -7.6943774), (2.8064504, 0.64842993, -7.172941), (5.1427584, 1.2765179, -8.045158), (7.183857, 1.4215744, -6.6583514), (9.027691, 0.6831764, -6.5723987), (10.000082, -0.7042042, -7.8367543), (5.6617794, 0.03283201, -6.8199205), (0.9246491, -0.0072204336, -6.232078), (2.664653, 0.027789779, -5.8937745), (4.0329914, 1.2453492, -6.68167), (8.171457, 0.80212784, -6.32109), (9.999631, -0.09829389, -6.9828153), (0.00011323037, -0.48974088, -6.929484), (5.6019464, 0.17006671, -5.400031), (9.999802, 0.62080246, -6.406232), (-0.00027717845, -0.37186474, -6.292745), (7.905797, 0.7523402, -5.236907), (9.998449, 0.4171405, -5.8655257), (0.00006401227, -0.6446728, -5.718661), (4.1306615, -0.0673465, -5.354119), (1.4527597, 0.76774883, -5.12021), (6.6191115, 1.1537616, -5.151418), (0.00091307604, -0.4706481, -4.604914), (3.424885, 0.3586958, -4.0524445), (9.181076, 1.0161483, -3.8461714), (4.502193, -0.54476255, -4.273304), (9.999611, 0.45992368, -5.108479), (5.937324, 0.038023014, -4.0916204), (10.00004, 0.503979, -4.701283), (1.9849557, 0.8534905, -4.02859), (9.99971, 0.74868256, -4.121224), (7.691059, 0.07158081, -3.4895744), (0.0010406472, -0.106621176, -3.2557652), (4.9499397, 0.069397695, -2.8588622), (9.99954, 0.9085353, -3.6136682), (6.164506, 0.10650249, -2.5460522), (8.560573, 1.2696545, -3.2410448), (2.4442487, -0.19864294, -2.4508739), (1.7964007, 0.24453972, -3.0013442), (3.587544, 0.47710395, -2.8900058), (9.999997, 1.099967, -3.3341546), (9.997488, 0.9423328, -2.8984585), (8.54398, 0.3270415, -1.7002652), (1.1044073, 0.07610664, -1.982446), (0.0000127207, -0.32245547, -2.6764872), (6.301271, -0.77474153, -1.3483629), (10.00019, 0.70341295, -2.424567), (10.000196, 0.72881275, -1.735711), (0.0011318881, -0.24887337, -1.6291308), (3.9048283, -0.4352798, -0.99524045), (1.6160203, -0.34859902, -0.9226662), (0.00079791946, -0.3182843, -1.2557065), (9.999669, 0.5430709, -1.356473), (9.361356, 0.41880992, -0.69411236), (10.000167, 0.5647362, -0.6882416), (5.5253854, -0.6019573, -0.00153797), (0.0009776165, -0.24742691, -0.63289326), (6.111553, -0.5637177, -0.00018780101), (7.965034, 0.02488713, -0.00012648953), (6.84445, -0.30969372, -0.00021343678), (4.9171567, -0.31691542, -0.00012581548), (4.4129605, -0.354038, -0.0010547836), (8.759693, -0.026042553, -0.000019544144), (10.004538, 0.6415813, -0.020929908), (3.9376602, -0.23551756, 0.00021584799), (1.414708, -0.23433705, 0.00005491659), (2.8705118, -0.32439744, 0.00018930956), (2.2710757, -0.2096417, -0.00004395064), (9.39195, 0.3675225, -0.000059904414), (0.0022855904, -0.03990526, -0.0034305558), (0.60907805, -0.16654019, -0.000015183145)] (
                    interpolation = "vertex"
                )
                uniform token subdivisionScheme = "none"
            }

            def Mesh "Mesh_0"
            {
                float3[] extent = [(-10.00206, -1.691203, -10.000099), (0.0003972602, 1.8125514, 0.004959765)]
                int[] faceVertexCounts = [3, 3, 3, 3, 3, 3, 3, 3, 3, 3, 3, 3, 3, 3, 3, 3, 3, 3, 3, 3, 3, 3, 3, 3, 3, 3, 3, 3, 3, 3, 3, 3, 3, 3, 3, 3, 3, 3, 3, 3, 3, 3, 3, 3, 3, 3, 3, 3, 3, 3, 3, 3, 3, 3, 3, 3, 3, 3, 3, 3, 3, 3, 3, 3, 3, 3, 3, 3, 3, 3, 3, 3, 3, 3, 3, 3, 3, 3, 3, 3, 3, 3, 3, 3, 3, 3, 3, 3, 3, 3, 3, 3, 3, 3, 3, 3, 3, 3]
                int[] faceVertexIndices = [0, 1, 2, 0, 3, 4, 3, 5, 4, 5, 6, 7, 8, 9, 10, 11, 12, 9, 13, 14, 15, 16, 2, 1, 4, 1, 0, 11, 9, 8, 17, 18, 19, 9, 20, 10, 18, 14, 19, 5, 7, 4, 6, 20, 7, 12, 17, 19, 1, 4, 21, 21, 22, 1, 20, 9, 7, 19, 14, 23, 12, 19, 9, 1, 22, 24, 13, 25, 14, 7, 26, 4, 14, 25, 23, 26, 7, 9, 27, 24, 22, 9, 19, 26, 23, 25, 28, 29, 21, 4, 27, 22, 30, 4, 26, 31, 21, 32, 22, 26, 19, 33, 32, 34, 30, 30, 22, 32, 35, 36, 19, 31, 29, 4, 33, 31, 26, 35, 19, 23, 21, 29, 32, 33, 19, 36, 23, 28, 35, 32, 37, 34, 33, 36, 38, 39, 35, 28, 28, 40, 39, 37, 32, 41, 42, 41, 32, 42, 32, 29, 42, 29, 31, 39, 43, 35, 36, 35, 44, 36, 44, 38, 41, 42, 45, 38, 46, 33, 31, 33, 47, 47, 33, 46, 45, 42, 48, 35, 43, 49, 44, 35, 50, 35, 49, 50, 44, 51, 38, 46, 38, 51, 48, 42, 52, 44, 50, 51, 47, 42, 31, 53, 47, 46, 52, 54, 48, 51, 50, 55, 52, 42, 47, 47, 53, 52, 49, 56, 50, 50, 56, 57, 52, 58, 54, 55, 50, 59, 51, 53, 46, 58, 52, 60, 60, 52, 61, 51, 55, 62, 59, 62, 55, 52, 53, 63, 57, 64, 50, 61, 52, 65, 51, 62, 53, 61, 66, 60, 59, 50, 67, 68, 53, 62, 53, 69, 63, 67, 70, 59, 64, 67, 50, 66, 61, 71, 65, 72, 61, 73, 53, 68, 52, 63, 65, 69, 53, 74, 73, 74, 53, 62, 59, 70]
                uniform token orientation = "leftHanded"
                point3f[] points = [(-9.049906, -0.49202147, -9.999949), (-9.99872, 0.36926907, -9.032454), (-9.543219, -0.27327624, -9.999985), (-8.309603, -0.48925424, -10.000004), (-7.1204777, 0.016261257, -8.498981), (-7.3970346, 0.29389733, -9.999919), (-6.8825107, 0.25643107, -9.999268), (-6.4113073, 0.6244961, -8.890567), (-5.094887, 1.8125514, -10.000099), (-4.8157206, 0.8717174, -8.89243), (-5.4772816, 1.6316204, -9.999215), (-4.782157, 1.2893611, -9.999862), (-3.9678767, 0.6568336, -9.998886), (0.00012235975, -1.097938, -8.807033), (-0.9319989, -1.411448, -9.997782), (-0.00512517, -1.1244214, -9.999858), (-9.99986, -0.19308126, -9.979775), (-2.6864746, -0.64270717, -9.999943), (-1.65639, -1.2408261, -10.000015), (-3.2344122, -0.79618293, -7.6666484), (-6.033589, 0.7965264, -9.998835), (-8.250168, 1.4787289, -7.7345166), (-9.252794, 1.5364057, -7.938712), (-0.9688915, -0.90468216, -7.757146), (-10.00206, 0.70178825, -8.174141), (-0.000019122315, -0.8518864, -7.836686), (-4.9213424, 1.3254658, -7.489939), (-9.999372, 0.4952885, -7.642874), (-0.000947154, -0.48773888, -6.916671), (-7.8822613, 1.4293852, -6.2273483), (-9.999876, 0.6432832, -7.027577), (-6.5171685, -0.18371083, -5.9775596), (-9.139656, 0.08163952, -6.203966), (-5.384306, 0.19747107, -5.368073), (-9.999947, 0.093167864, -6.3616705), (-1.2826536, -1.0769709, -5.3489976), (-3.722286, -0.11824, -6.133447), (-9.999934, -0.3805464, -5.8656197), (-4.046102, -0.3988115, -5.2557626), (-0.00041820738, -0.6325576, -5.746745), (0.00029329245, -0.3729104, -6.3006673), (-10.000267, -0.6861183, -5.257105), (-8.411023, -0.20698734, -4.6610484), (0.000045661014, -0.49851295, -4.7247224), (-2.4524574, -0.09798113, -4.554067), (-10.000255, -1.3695823, -4.4188004), (-4.1529226, 1.0367978, -3.6523087), (-6.000788, -0.3902182, -3.984503), (-9.99946, -1.6068727, -3.7588623), (0.0003972602, -0.11004483, -3.287571), (-1.2914625, -0.3536366, -2.8851736), (-3.0802333, 0.33706325, -3.1153667), (-8.223735, -1.691203, -2.0050852), (-4.8613853, -0.99107575, -1.7742401), (-9.999939, -1.6350838, -2.561936), (-2.4487977, 0.34559944, -2.041343), (0.000020726588, -0.32575977, -2.6627777), (-0.0001444932, -0.2967661, -1.4025623), (-9.999925, -1.3113011, -1.6659088), (-1.3562057, 0.11065678, -1.2671137), (-9.999995, -1.0040818, -0.8868251), (-8.862473, -0.8374684, -0.000056493373), (-1.7336651, -0.07694651, -0.0012895463), (-6.3539, -1.4739083, -0.00048509648), (-0.00046355725, -0.22883804, -0.5210658), (-7.1957974, -1.4448305, -0.0014618724), (-10.001454, -0.36511785, -0.035709582), (-0.014177267, 0.02512797, 0.004959765), (-2.4165273, -0.20546341, -0.000021072918), (-5.311727, -1.1508042, 0.000002395322), (-1.0785443, 0.06516249, -0.000018093304), (-9.551274, -0.50196284, 0.000019477502), (-7.9265246, -1.0876433, -0.000004593857), (-3.3006623, -0.5869527, -0.000026094776), (-3.9247386, -0.6623031, -0.000008871536)] (
                    interpolation = "vertex"
                )
                uniform token subdivisionScheme = "none"
            }

            def Mesh "Mesh_1"
            {
                float3[] extent = [(-10.001239, -1.5165114, -0.00037971576), (0.00030599034, 1.4009104, 10.000468)]
                int[] faceVertexCounts = [3, 3, 3, 3, 3, 3, 3, 3, 3, 3, 3, 3, 3, 3, 3, 3, 3, 3, 3, 3, 3, 3, 3, 3, 3, 3, 3, 3, 3, 3, 3, 3, 3, 3, 3, 3, 3, 3, 3, 3, 3, 3, 3, 3, 3, 3, 3, 3, 3, 3, 3, 3, 3, 3, 3, 3, 3, 3, 3, 3, 3, 3, 3, 3, 3, 3, 3, 3, 3, 3, 3, 3, 3, 3, 3, 3, 3, 3, 3, 3, 3, 3, 3, 3, 3, 3, 3, 3, 3, 3, 3, 3, 3, 3, 3, 3, 3, 3, 3, 3, 3, 3, 3, 3, 3, 3, 3, 3, 3, 3, 3, 3]
                int[] faceVertexIndices = [0, 1, 2, 0, 3, 4, 5, 6, 7, 8, 9, 10, 10, 9, 11, 12, 13, 14, 14, 15, 12, 4, 1, 0, 4, 3, 6, 7, 8, 5, 10, 11, 13, 11, 16, 13, 8, 10, 5, 16, 14, 13, 5, 4, 6, 13, 12, 17, 18, 1, 19, 13, 17, 20, 13, 20, 21, 19, 1, 4, 19, 4, 22, 4, 5, 23, 21, 24, 13, 4, 25, 22, 10, 26, 5, 13, 24, 27, 25, 4, 28, 24, 29, 27, 4, 23, 28, 23, 5, 30, 13, 27, 31, 10, 32, 26, 29, 33, 27, 13, 31, 10, 10, 31, 32, 31, 27, 34, 23, 35, 28, 27, 33, 34, 35, 23, 36, 28, 35, 37, 38, 36, 23, 30, 38, 23, 5, 26, 39, 39, 26, 32, 30, 40, 38, 34, 41, 31, 5, 40, 30, 32, 31, 42, 34, 43, 41, 36, 44, 35, 38, 45, 36, 44, 36, 45, 44, 45, 46, 41, 43, 47, 40, 5, 48, 45, 38, 49, 42, 31, 41, 39, 48, 5, 50, 46, 45, 50, 51, 46, 49, 38, 40, 47, 52, 41, 45, 49, 50, 40, 48, 53, 49, 40, 53, 39, 32, 42, 50, 54, 51, 42, 41, 55, 50, 49, 56, 39, 42, 48, 52, 57, 41, 49, 53, 56, 41, 57, 55, 48, 58, 53, 50, 59, 54, 59, 50, 60, 50, 56, 60, 42, 55, 61, 53, 58, 56, 55, 62, 61, 60, 56, 63, 61, 48, 42, 60, 63, 64, 56, 65, 63, 56, 66, 65, 56, 58, 66, 67, 68, 62, 58, 48, 61, 66, 69, 65, 58, 61, 66, 62, 68, 61, 70, 63, 65, 68, 67, 71, 70, 65, 72, 72, 65, 73, 69, 73, 65, 66, 74, 69, 61, 68, 75, 71, 76, 68, 75, 77, 61, 77, 75, 78, 79, 68, 76, 61, 80, 81, 61, 82, 80, 77, 83, 84, 77, 78, 83, 74, 66, 85, 66, 86, 85, 66, 61, 86, 86, 61, 81, 61, 77, 82, 79, 76, 87]
                uniform token orientation = "leftHanded"
                point3f[] points = [(-8.576203, -0.9058066, -0.00037971576), (-9.527224, -0.5154664, 0.007149644), (-9.115877, -0.7544043, 0.00014382685), (-7.847249, -1.1077986, 0.00022236438), (-9.11622, 0.52682847, 1.4854237), (-5.5845795, -0.8747413, 2.8297062), (-7.4022317, -1.351118, 0.0002675286), (-6.5671067, -1.5165114, -0.00006590116), (-5.1393642, -1.0849848, 0.000017358476), (-3.9248424, -0.657401, 0.000042045875), (-3.8630705, -0.6775026, 1.4244405), (-3.3722582, -0.6100214, -0.00007763196), (-0.0000727314, 0.29797858, 0.3687093), (-1.359001, 0.21161355, 1.5590525), (-0.79433286, 0.10413965, 0.00003138875), (-0.00011828118, -0.0063765505, 0.0005127035), (-1.9337195, -0.08940035, 0.000010715429), (-0.0038403873, 0.56892234, 0.63688475), (-9.999495, -0.3989656, 0.025862051), (-10.000029, 0.47088933, 1.1380721), (-0.00030925954, 0.56549937, 0.8906778), (-0.004435514, 0.95710063, 1.2429593), (-10.001239, 0.4191073, 1.6932119), (-8.191917, -0.36968207, 2.2986808), (0.00017348476, 0.7833532, 1.7393407), (-10.000152, 0.2882993, 2.231903), (-4.4274735, -0.33409622, 2.9214716), (-0.5181119, 1.4009104, 2.695588), (-9.99743, 0.47115567, 2.5392544), (-0.000050601873, 1.3161393, 2.4183578), (-6.881732, -0.039580896, 3.1043646), (-1.8383243, 0.11836078, 3.9044614), (-3.8819528, 0.012426106, 3.6227684), (0.0002456332, 1.0442704, 3.0295599), (-0.00095603144, 0.707585, 3.524309), (-9.998367, 0.44588733, 3.9232266), (-9.121323, 0.32526731, 4.146303), (-10.000343, 0.5434633, 3.1757424), (-7.6852994, 0.124275744, 4.086043), (-5.2595644, -0.19538657, 4.548328), (-6.9969153, 0.64014846, 5.3357415), (-1.0387834, 1.3436394, 5.5044885), (-3.1769397, -0.14826623, 5.952294), (0.000029974275, 0.8242304, 4.0807214), (-9.999104, 0.27480802, 4.4685087), (-9.042818, 1.256201, 5.0123715), (-9.999303, 0.38688928, 5.095911), (-0.000120678334, 1.1211319, 4.917401), (-5.4496984, 0.039542094, 6.244606), (-8.138512, 0.26081806, 5.8245344), (-9.138939, 0.9478817, 5.985649), (-9.999597, 0.53654546, 5.8840437), (0.00030599034, 0.36346146, 6.0281053), (-6.961801, 0.8135886, 6.416823), (-9.999783, 0.32964614, 6.2732472), (-0.0009739149, -0.5945043, 7.062473), (-8.209528, 1.1321791, 7.2075396), (-0.000021189844, -0.19566469, 6.4419317), (-6.317146, 0.12759632, 7.220769), (-10.000026, -0.063367836, 6.7303224), (-9.99931, -0.16234018, 7.3007197), (-3.2671583, -1.097742, 7.966015), (-0.00042910385, -0.6037597, 7.636227), (-9.99535, 0.007222817, 8.383708), (-10.000879, -0.06382115, 7.9393363), (-9.103094, 0.34471714, 8.643771), (-7.706025, -0.90790945, 8.659134), (0.00000767549, -0.36120105, 8.358003), (-0.8101375, 0.80844206, 9.9991865), (-9.187175, -0.96545434, 9.99893), (-9.999074, -0.10399173, 8.718787), (0.0001531393, 0.13622184, 9.300176), (-10.00005, -0.1227651, 9.088374), (-9.999552, -0.8670991, 9.992111), (-8.515007, -0.8532597, 9.999611), (-1.2180009, 0.71777374, 9.996216), (-0.0006791701, 0.39366466, 9.705791), (-2.8466666, 0.56828874, 9.993566), (-1.7033682, 0.7773198, 9.995028), (-0.3341531, 0.711339, 10.000468), (-4.564453, -0.7199208, 9.999356), (-5.144329, -1.1474189, 10.000011), (-3.550381, -0.2842394, 9.999954), (-2.339618, 0.73097503, 9.998213), (-2.6095967, 0.79028517, 9.999507), (-7.628775, -1.2940797, 9.999984), (-6.367797, -1.4490227, 10.000012), (-0.0018070202, 0.36999017, 9.999918)] (
                    interpolation = "vertex"
                )
                uniform token subdivisionScheme = "none"
            }
        }

        def Xform "Area164"
        {
            vector3f[] primvars:P (
                interpolation = "constant"
            )
            vector3f[] primvars:P.timeSamples = {
                1: [(-115.789474, 0, -31.578949)],
            }
            matrix4d xformOp:transform:copytopoints1 = ( (1, 0, 0, 0), (0, 1, 0, 0), (0, 0, 1, 0), (-115.78947448730469, 0, -31.578948974609375, 1) )
            uniform token[] xformOpOrder = ["xformOp:transform:copytopoints1"]

            def Mesh "Mesh_3"
            {
                float3[] extent = [(-0.00074660836, -1.3812666, -0.0044252677), (10.000592, 1.348178, 10.000207)]
                int[] faceVertexCounts = [3, 3, 3, 3, 3, 3, 3, 3, 3, 3, 3, 3, 3, 3, 3, 3, 3, 3, 3, 3, 3, 3, 3, 3, 3, 3, 3, 3, 3, 3, 3, 3, 3, 3, 3, 3, 3, 3, 3, 3, 3, 3, 3, 3, 3, 3, 3, 3, 3, 3, 3, 3, 3, 3, 3, 3, 3, 3, 3, 3, 3, 3, 3, 3, 3, 3, 3, 3, 3, 3, 3, 3, 3, 3, 3, 3, 3, 3, 3, 3, 3, 3, 3, 3, 3, 3, 3, 3, 3, 3, 3, 3, 3, 3, 3, 3, 3, 3, 3, 3, 3, 3, 3, 3, 3, 3, 3, 3, 3, 3, 3, 3, 3, 3, 3, 3, 3, 3, 3, 3, 3, 3, 3, 3, 3, 3, 3, 3, 3, 3, 3, 3, 3, 3, 3]
                int[] faceVertexIndices = [0, 1, 2, 3, 4, 5, 6, 7, 3, 8, 7, 6, 8, 9, 7, 5, 4, 10, 4, 3, 7, 11, 12, 13, 0, 10, 14, 15, 16, 17, 18, 2, 1, 4, 14, 10, 9, 13, 7, 9, 11, 13, 12, 19, 13, 12, 20, 19, 0, 14, 1, 20, 21, 22, 17, 23, 15, 22, 19, 20, 18, 24, 17, 1, 24, 18, 7, 25, 4, 23, 17, 24, 22, 26, 19, 27, 23, 24, 13, 28, 7, 27, 24, 29, 28, 13, 30, 1, 14, 31, 7, 28, 25, 4, 25, 32, 14, 4, 31, 1, 31, 24, 26, 33, 19, 4, 34, 31, 4, 32, 34, 19, 35, 13, 24, 36, 29, 28, 30, 25, 30, 13, 35, 19, 37, 35, 19, 33, 37, 32, 25, 30, 36, 24, 38, 24, 31, 39, 32, 30, 40, 32, 41, 34, 42, 37, 33, 38, 24, 43, 34, 44, 31, 41, 32, 40, 42, 45, 37, 41, 44, 34, 40, 30, 35, 24, 39, 43, 43, 39, 46, 31, 47, 39, 45, 48, 37, 40, 35, 41, 35, 37, 49, 48, 49, 37, 44, 47, 31, 46, 39, 50, 41, 35, 51, 35, 49, 51, 52, 51, 49, 39, 53, 50, 41, 51, 54, 54, 44, 41, 52, 55, 51, 53, 39, 56, 39, 57, 56, 51, 55, 58, 47, 59, 39, 47, 44, 59, 54, 59, 44, 39, 59, 57, 60, 58, 55, 55, 61, 60, 56, 57, 62, 63, 59, 54, 51, 58, 64, 60, 65, 58, 62, 57, 66, 59, 63, 57, 54, 67, 63, 58, 65, 68, 64, 54, 51, 64, 67, 54, 58, 68, 69, 66, 57, 70, 71, 70, 57, 72, 63, 67, 67, 73, 72, 67, 64, 73, 58, 69, 74, 71, 57, 63, 64, 58, 75, 70, 71, 76, 76, 71, 77, 58, 74, 75, 78, 74, 69, 79, 77, 71, 74, 78, 80, 74, 80, 81, 80, 82, 81, 71, 63, 83, 82, 84, 81, 83, 63, 85, 73, 86, 72, 64, 75, 87, 84, 88, 81, 63, 72, 89, 63, 89, 85, 64, 90, 73, 75, 91, 87, 92, 75, 74, 92, 74, 93, 81, 93, 74, 71, 94, 79, 95, 71, 83, 73, 90, 86, 64, 87, 96, 91, 75, 97, 88, 98, 81, 79, 94, 99, 89, 72, 100, 101, 90, 64, 75, 102, 97, 79, 99, 103, 71, 95, 94, 72, 86, 100, 96, 101, 64, 75, 92, 102]
                uniform token orientation = "leftHanded"
                point3f[] points = [(2.8943965, -0.34084094, 0.0027933456), (1.8552501, 0.32608774, 0.7658776), (2.2979782, -0.21123311, 0.0008774642), (5.549406, -0.61758476, -0.000025660082), (4.2861977, 0.6111545, 1.1882676), (4.8450885, -0.31858498, 0.0008828862), (6.1088567, -0.59070164, 0.0010576145), (6.1641645, -0.126713, 0.6369208), (6.4923353, -0.37560493, 0.00049446686), (7.090108, -0.30016994, 0.001911814), (3.8884335, -0.22729632, 0.00032808044), (7.9327054, 0.026152628, 0.00045602783), (8.887859, 0.03203948, 0.0007945308), (8.013441, 0.27973345, 0.8550754), (3.0180473, 0.5254889, 0.8971376), (0.00001057233, 0.29951736, 0.3654708), (0.00036419905, -0.02600508, -0.0044252677), (0.67390877, -0.16641131, 0.0006273171), (1.4092294, -0.23169188, -0.00026471246), (9.053648, 0.5825587, 1.8117192), (9.532316, 0.4498498, 0.00017752318), (9.99824, 0.5091095, 0.061147723), (9.999879, 0.31378645, 0.6908857), (0.000294897, 0.5484, 0.7525085), (0.91933393, 1.1508236, 1.8563362), (5.6901364, 0.87855965, 1.5415351), (9.999911, 0.44232926, 1.3805523), (-0.00033322634, 0.97657865, 1.2524095), (6.531583, 0.60427475, 1.565258), (0.00033318903, 0.7904561, 1.7498404), (6.846838, 0.27131203, 2.2173436), (2.3783004, 1.2357157, 2.2087762), (4.962761, 0.76007265, 2.36267), (9.999258, 1.2718464, 2.333364), (3.5008845, 0.23054777, 2.5995264), (7.558619, 0.28244686, 3.4428), (0.00004999658, 1.3209214, 2.4234085), (9.087664, 1.0683389, 2.8367007), (-0.00008982531, 1.0658573, 3.0256326), (1.1619868, 0.77176887, 4.243704), (5.5680013, 1.348178, 3.4338677), (4.796837, 1.2362864, 4.2278423), (10.00001, 1.0262262, 2.9119048), (0.00005206988, 0.7623755, 3.325766), (3.593932, 0.7705062, 4.49798), (9.99976, 0.53716874, 3.364431), (-0.0000029535374, 0.7585327, 3.9362178), (2.4363434, 1.2213511, 4.642625), (9.999062, 0.41622767, 3.7688012), (9.997211, 0.5305753, 4.1767554), (-0.00002489864, 1.0252103, 4.5140305), (7.130494, -1.3812666, 5.1997757), (10.000305, 0.21414861, 4.652356), (0.00004942083, 1.1326565, 4.9090033), (4.9347773, 0.4115234, 6.127354), (9.999035, -0.09885473, 5.228463), (-0.00074660836, 0.3579084, 6.029711), (1.3706224, -0.4905172, 6.907195), (8.963642, -0.0014859807, 7.008174), (3.028913, 0.18794109, 6.030603), (10.000581, 0.29463196, 6.3640304), (10.000098, -0.19514313, 5.744232), (0.000043713568, -0.16183603, 6.416344), (2.8666465, -0.76254433, 7.5822973), (6.902529, -0.3192306, 8.26561), (10.000027, 0.618925, 6.87531), (0.000033370787, -0.58461976, 7.019601), (4.9897323, 0.0117714, 7.344164), (9.997617, 0.8170502, 7.155068), (9.995385, 0.8667968, 7.6746993), (0.00005463851, -0.5580389, 7.9238954), (1.6189348, -0.65363085, 8.96309), (4.171208, 0.035686728, 8.589618), (4.982885, 0.6952391, 8.667858), (9.020889, 0.91649014, 8.641582), (7.88434, -0.31020004, 9.199286), (-0.00020935929, 0.00067761756, 8.9133005), (0.0004217218, 0.1352124, 9.355778), (9.998977, 0.80069447, 8.325907), (0.0034511162, 0.40133613, 9.726118), (9.999526, 1.1511991, 8.796258), (9.797138, 0.7015084, 9.997199), (10.000592, 0.87321174, 9.117289), (2.5347831, -0.7184808, 9.9984665), (9.999235, 0.990058, 9.307717), (2.888453, -0.68268126, 9.999639), (4.5169067, 0.14857554, 9.999828), (6.7376456, -0.14023787, 9.998619), (9.997016, 1.0051557, 9.634751), (3.3549628, -0.40326142, 9.999194), (5.1062355, 0.35834163, 9.999572), (7.2815437, 0.010874761, 10.000207), (8.886041, 0.4181061, 9.99802), (9.190625, 0.37871298, 9.99969), (1.3315306, -0.7188837, 10.000146), (1.9813026, -0.90666145, 9.999916), (6.1606593, -0.078209914, 10.000027), (8.084097, 0.015738236, 9.999919), (9.999322, 0.76716125, 9.958075), (0.6461925, -0.18122016, 9.999994), (3.7479675, -0.3708659, 10.000072), (5.73463, 0.29394633, 9.999717), (8.629975, 0.13828777, 10.000178), (0.02161542, 0.35039085, 10.000113)] (
                    interpolation = "vertex"
                )
                uniform token subdivisionScheme = "none"
            }

            def Mesh "Mesh_0"
            {
                float3[] extent = [(-10.00206, -1.691203, -10.000099), (0.0003972602, 1.8125514, 0.004959765)]
                int[] faceVertexCounts = [3, 3, 3, 3, 3, 3, 3, 3, 3, 3, 3, 3, 3, 3, 3, 3, 3, 3, 3, 3, 3, 3, 3, 3, 3, 3, 3, 3, 3, 3, 3, 3, 3, 3, 3, 3, 3, 3, 3, 3, 3, 3, 3, 3, 3, 3, 3, 3, 3, 3, 3, 3, 3, 3, 3, 3, 3, 3, 3, 3, 3, 3, 3, 3, 3, 3, 3, 3, 3, 3, 3, 3, 3, 3, 3, 3, 3, 3, 3, 3, 3, 3, 3, 3, 3, 3, 3, 3, 3, 3, 3, 3, 3, 3, 3, 3, 3, 3]
                int[] faceVertexIndices = [0, 1, 2, 0, 3, 4, 3, 5, 4, 5, 6, 7, 8, 9, 10, 11, 12, 9, 13, 14, 15, 16, 2, 1, 4, 1, 0, 11, 9, 8, 17, 18, 19, 9, 20, 10, 18, 14, 19, 5, 7, 4, 6, 20, 7, 12, 17, 19, 1, 4, 21, 21, 22, 1, 20, 9, 7, 19, 14, 23, 12, 19, 9, 1, 22, 24, 13, 25, 14, 7, 26, 4, 14, 25, 23, 26, 7, 9, 27, 24, 22, 9, 19, 26, 23, 25, 28, 29, 21, 4, 27, 22, 30, 4, 26, 31, 21, 32, 22, 26, 19, 33, 32, 34, 30, 30, 22, 32, 35, 36, 19, 31, 29, 4, 33, 31, 26, 35, 19, 23, 21, 29, 32, 33, 19, 36, 23, 28, 35, 32, 37, 34, 33, 36, 38, 39, 35, 28, 28, 40, 39, 37, 32, 41, 42, 41, 32, 42, 32, 29, 42, 29, 31, 39, 43, 35, 36, 35, 44, 36, 44, 38, 41, 42, 45, 38, 46, 33, 31, 33, 47, 47, 33, 46, 45, 42, 48, 35, 43, 49, 44, 35, 50, 35, 49, 50, 44, 51, 38, 46, 38, 51, 48, 42, 52, 44, 50, 51, 47, 42, 31, 53, 47, 46, 52, 54, 48, 51, 50, 55, 52, 42, 47, 47, 53, 52, 49, 56, 50, 50, 56, 57, 52, 58, 54, 55, 50, 59, 51, 53, 46, 58, 52, 60, 60, 52, 61, 51, 55, 62, 59, 62, 55, 52, 53, 63, 57, 64, 50, 61, 52, 65, 51, 62, 53, 61, 66, 60, 59, 50, 67, 68, 53, 62, 53, 69, 63, 67, 70, 59, 64, 67, 50, 66, 61, 71, 65, 72, 61, 73, 53, 68, 52, 63, 65, 69, 53, 74, 73, 74, 53, 62, 59, 70]
                uniform token orientation = "leftHanded"
                point3f[] points = [(-9.049906, -0.49202147, -9.999949), (-9.99872, 0.36926907, -9.032454), (-9.543219, -0.27327624, -9.999985), (-8.309603, -0.48925424, -10.000004), (-7.1204777, 0.016261257, -8.498981), (-7.3970346, 0.29389733, -9.999919), (-6.8825107, 0.25643107, -9.999268), (-6.4113073, 0.6244961, -8.890567), (-5.094887, 1.8125514, -10.000099), (-4.8157206, 0.8717174, -8.89243), (-5.4772816, 1.6316204, -9.999215), (-4.782157, 1.2893611, -9.999862), (-3.9678767, 0.6568336, -9.998886), (0.00012235975, -1.097938, -8.807033), (-0.9319989, -1.411448, -9.997782), (-0.00512517, -1.1244214, -9.999858), (-9.99986, -0.19308126, -9.979775), (-2.6864746, -0.64270717, -9.999943), (-1.65639, -1.2408261, -10.000015), (-3.2344122, -0.79618293, -7.6666484), (-6.033589, 0.7965264, -9.998835), (-8.250168, 1.4787289, -7.7345166), (-9.252794, 1.5364057, -7.938712), (-0.9688915, -0.90468216, -7.757146), (-10.00206, 0.70178825, -8.174141), (-0.000019122315, -0.8518864, -7.836686), (-4.9213424, 1.3254658, -7.489939), (-9.999372, 0.4952885, -7.642874), (-0.000947154, -0.48773888, -6.916671), (-7.8822613, 1.4293852, -6.2273483), (-9.999876, 0.6432832, -7.027577), (-6.5171685, -0.18371083, -5.9775596), (-9.139656, 0.08163952, -6.203966), (-5.384306, 0.19747107, -5.368073), (-9.999947, 0.093167864, -6.3616705), (-1.2826536, -1.0769709, -5.3489976), (-3.722286, -0.11824, -6.133447), (-9.999934, -0.3805464, -5.8656197), (-4.046102, -0.3988115, -5.2557626), (-0.00041820738, -0.6325576, -5.746745), (0.00029329245, -0.3729104, -6.3006673), (-10.000267, -0.6861183, -5.257105), (-8.411023, -0.20698734, -4.6610484), (0.000045661014, -0.49851295, -4.7247224), (-2.4524574, -0.09798113, -4.554067), (-10.000255, -1.3695823, -4.4188004), (-4.1529226, 1.0367978, -3.6523087), (-6.000788, -0.3902182, -3.984503), (-9.99946, -1.6068727, -3.7588623), (0.0003972602, -0.11004483, -3.287571), (-1.2914625, -0.3536366, -2.8851736), (-3.0802333, 0.33706325, -3.1153667), (-8.223735, -1.691203, -2.0050852), (-4.8613853, -0.99107575, -1.7742401), (-9.999939, -1.6350838, -2.561936), (-2.4487977, 0.34559944, -2.041343), (0.000020726588, -0.32575977, -2.6627777), (-0.0001444932, -0.2967661, -1.4025623), (-9.999925, -1.3113011, -1.6659088), (-1.3562057, 0.11065678, -1.2671137), (-9.999995, -1.0040818, -0.8868251), (-8.862473, -0.8374684, -0.000056493373), (-1.7336651, -0.07694651, -0.0012895463), (-6.3539, -1.4739083, -0.00048509648), (-0.00046355725, -0.22883804, -0.5210658), (-7.1957974, -1.4448305, -0.0014618724), (-10.001454, -0.36511785, -0.035709582), (-0.014177267, 0.02512797, 0.004959765), (-2.4165273, -0.20546341, -0.000021072918), (-5.311727, -1.1508042, 0.000002395322), (-1.0785443, 0.06516249, -0.000018093304), (-9.551274, -0.50196284, 0.000019477502), (-7.9265246, -1.0876433, -0.000004593857), (-3.3006623, -0.5869527, -0.000026094776), (-3.9247386, -0.6623031, -0.000008871536)] (
                    interpolation = "vertex"
                )
                uniform token subdivisionScheme = "none"
            }

            def Mesh "Mesh_1"
            {
                float3[] extent = [(-10.001239, -1.5165114, -0.00037971576), (0.00030599034, 1.4009104, 10.000468)]
                int[] faceVertexCounts = [3, 3, 3, 3, 3, 3, 3, 3, 3, 3, 3, 3, 3, 3, 3, 3, 3, 3, 3, 3, 3, 3, 3, 3, 3, 3, 3, 3, 3, 3, 3, 3, 3, 3, 3, 3, 3, 3, 3, 3, 3, 3, 3, 3, 3, 3, 3, 3, 3, 3, 3, 3, 3, 3, 3, 3, 3, 3, 3, 3, 3, 3, 3, 3, 3, 3, 3, 3, 3, 3, 3, 3, 3, 3, 3, 3, 3, 3, 3, 3, 3, 3, 3, 3, 3, 3, 3, 3, 3, 3, 3, 3, 3, 3, 3, 3, 3, 3, 3, 3, 3, 3, 3, 3, 3, 3, 3, 3, 3, 3, 3, 3]
                int[] faceVertexIndices = [0, 1, 2, 0, 3, 4, 5, 6, 7, 8, 9, 10, 10, 9, 11, 12, 13, 14, 14, 15, 12, 4, 1, 0, 4, 3, 6, 7, 8, 5, 10, 11, 13, 11, 16, 13, 8, 10, 5, 16, 14, 13, 5, 4, 6, 13, 12, 17, 18, 1, 19, 13, 17, 20, 13, 20, 21, 19, 1, 4, 19, 4, 22, 4, 5, 23, 21, 24, 13, 4, 25, 22, 10, 26, 5, 13, 24, 27, 25, 4, 28, 24, 29, 27, 4, 23, 28, 23, 5, 30, 13, 27, 31, 10, 32, 26, 29, 33, 27, 13, 31, 10, 10, 31, 32, 31, 27, 34, 23, 35, 28, 27, 33, 34, 35, 23, 36, 28, 35, 37, 38, 36, 23, 30, 38, 23, 5, 26, 39, 39, 26, 32, 30, 40, 38, 34, 41, 31, 5, 40, 30, 32, 31, 42, 34, 43, 41, 36, 44, 35, 38, 45, 36, 44, 36, 45, 44, 45, 46, 41, 43, 47, 40, 5, 48, 45, 38, 49, 42, 31, 41, 39, 48, 5, 50, 46, 45, 50, 51, 46, 49, 38, 40, 47, 52, 41, 45, 49, 50, 40, 48, 53, 49, 40, 53, 39, 32, 42, 50, 54, 51, 42, 41, 55, 50, 49, 56, 39, 42, 48, 52, 57, 41, 49, 53, 56, 41, 57, 55, 48, 58, 53, 50, 59, 54, 59, 50, 60, 50, 56, 60, 42, 55, 61, 53, 58, 56, 55, 62, 61, 60, 56, 63, 61, 48, 42, 60, 63, 64, 56, 65, 63, 56, 66, 65, 56, 58, 66, 67, 68, 62, 58, 48, 61, 66, 69, 65, 58, 61, 66, 62, 68, 61, 70, 63, 65, 68, 67, 71, 70, 65, 72, 72, 65, 73, 69, 73, 65, 66, 74, 69, 61, 68, 75, 71, 76, 68, 75, 77, 61, 77, 75, 78, 79, 68, 76, 61, 80, 81, 61, 82, 80, 77, 83, 84, 77, 78, 83, 74, 66, 85, 66, 86, 85, 66, 61, 86, 86, 61, 81, 61, 77, 82, 79, 76, 87]
                uniform token orientation = "leftHanded"
                point3f[] points = [(-8.576203, -0.9058066, -0.00037971576), (-9.527224, -0.5154664, 0.007149644), (-9.115877, -0.7544043, 0.00014382685), (-7.847249, -1.1077986, 0.00022236438), (-9.11622, 0.52682847, 1.4854237), (-5.5845795, -0.8747413, 2.8297062), (-7.4022317, -1.351118, 0.0002675286), (-6.5671067, -1.5165114, -0.00006590116), (-5.1393642, -1.0849848, 0.000017358476), (-3.9248424, -0.657401, 0.000042045875), (-3.8630705, -0.6775026, 1.4244405), (-3.3722582, -0.6100214, -0.00007763196), (-0.0000727314, 0.29797858, 0.3687093), (-1.359001, 0.21161355, 1.5590525), (-0.79433286, 0.10413965, 0.00003138875), (-0.00011828118, -0.0063765505, 0.0005127035), (-1.9337195, -0.08940035, 0.000010715429), (-0.0038403873, 0.56892234, 0.63688475), (-9.999495, -0.3989656, 0.025862051), (-10.000029, 0.47088933, 1.1380721), (-0.00030925954, 0.56549937, 0.8906778), (-0.004435514, 0.95710063, 1.2429593), (-10.001239, 0.4191073, 1.6932119), (-8.191917, -0.36968207, 2.2986808), (0.00017348476, 0.7833532, 1.7393407), (-10.000152, 0.2882993, 2.231903), (-4.4274735, -0.33409622, 2.9214716), (-0.5181119, 1.4009104, 2.695588), (-9.99743, 0.47115567, 2.5392544), (-0.000050601873, 1.3161393, 2.4183578), (-6.881732, -0.039580896, 3.1043646), (-1.8383243, 0.11836078, 3.9044614), (-3.8819528, 0.012426106, 3.6227684), (0.0002456332, 1.0442704, 3.0295599), (-0.00095603144, 0.707585, 3.524309), (-9.998367, 0.44588733, 3.9232266), (-9.121323, 0.32526731, 4.146303), (-10.000343, 0.5434633, 3.1757424), (-7.6852994, 0.124275744, 4.086043), (-5.2595644, -0.19538657, 4.548328), (-6.9969153, 0.64014846, 5.3357415), (-1.0387834, 1.3436394, 5.5044885), (-3.1769397, -0.14826623, 5.952294), (0.000029974275, 0.8242304, 4.0807214), (-9.999104, 0.27480802, 4.4685087), (-9.042818, 1.256201, 5.0123715), (-9.999303, 0.38688928, 5.095911), (-0.000120678334, 1.1211319, 4.917401), (-5.4496984, 0.039542094, 6.244606), (-8.138512, 0.26081806, 5.8245344), (-9.138939, 0.9478817, 5.985649), (-9.999597, 0.53654546, 5.8840437), (0.00030599034, 0.36346146, 6.0281053), (-6.961801, 0.8135886, 6.416823), (-9.999783, 0.32964614, 6.2732472), (-0.0009739149, -0.5945043, 7.062473), (-8.209528, 1.1321791, 7.2075396), (-0.000021189844, -0.19566469, 6.4419317), (-6.317146, 0.12759632, 7.220769), (-10.000026, -0.063367836, 6.7303224), (-9.99931, -0.16234018, 7.3007197), (-3.2671583, -1.097742, 7.966015), (-0.00042910385, -0.6037597, 7.636227), (-9.99535, 0.007222817, 8.383708), (-10.000879, -0.06382115, 7.9393363), (-9.103094, 0.34471714, 8.643771), (-7.706025, -0.90790945, 8.659134), (0.00000767549, -0.36120105, 8.358003), (-0.8101375, 0.80844206, 9.9991865), (-9.187175, -0.96545434, 9.99893), (-9.999074, -0.10399173, 8.718787), (0.0001531393, 0.13622184, 9.300176), (-10.00005, -0.1227651, 9.088374), (-9.999552, -0.8670991, 9.992111), (-8.515007, -0.8532597, 9.999611), (-1.2180009, 0.71777374, 9.996216), (-0.0006791701, 0.39366466, 9.705791), (-2.8466666, 0.56828874, 9.993566), (-1.7033682, 0.7773198, 9.995028), (-0.3341531, 0.711339, 10.000468), (-4.564453, -0.7199208, 9.999356), (-5.144329, -1.1474189, 10.000011), (-3.550381, -0.2842394, 9.999954), (-2.339618, 0.73097503, 9.998213), (-2.6095967, 0.79028517, 9.999507), (-7.628775, -1.2940797, 9.999984), (-6.367797, -1.4490227, 10.000012), (-0.0018070202, 0.36999017, 9.999918)] (
                    interpolation = "vertex"
                )
                uniform token subdivisionScheme = "none"
            }
        }

        def Xform "Area165"
        {
            vector3f[] primvars:P (
                interpolation = "constant"
            )
            vector3f[] primvars:P.timeSamples = {
                1: [(-94.73685, 0, -31.578949)],
            }
            matrix4d xformOp:transform:copytopoints1 = ( (1, 0, 0, 0), (0, 1, 0, 0), (0, 0, 1, 0), (-94.73684692382812, 0, -31.578948974609375, 1) )
            uniform token[] xformOpOrder = ["xformOp:transform:copytopoints1"]
        }

        def Xform "Area166"
        {
            vector3f[] primvars:P (
                interpolation = "constant"
            )
            vector3f[] primvars:P.timeSamples = {
                1: [(-73.68421, 0, -31.578949)],
            }
            matrix4d xformOp:transform:copytopoints1 = ( (1, 0, 0, 0), (0, 1, 0, 0), (0, 0, 1, 0), (-73.68421173095703, 0, -31.578948974609375, 1) )
            uniform token[] xformOpOrder = ["xformOp:transform:copytopoints1"]
        }

        def Xform "Area167"
        {
            vector3f[] primvars:P (
                interpolation = "constant"
            )
            vector3f[] primvars:P.timeSamples = {
                1: [(-52.631577, 0, -31.578949)],
            }
            matrix4d xformOp:transform:copytopoints1 = ( (1, 0, 0, 0), (0, 1, 0, 0), (0, 0, 1, 0), (-52.63157653808594, 0, -31.578948974609375, 1) )
            uniform token[] xformOpOrder = ["xformOp:transform:copytopoints1"]
        }

        def Xform "Area168"
        {
            vector3f[] primvars:P (
                interpolation = "constant"
            )
            vector3f[] primvars:P.timeSamples = {
                1: [(-31.578949, 0, -31.578949)],
            }
            matrix4d xformOp:transform:copytopoints1 = ( (1, 0, 0, 0), (0, 1, 0, 0), (0, 0, 1, 0), (-31.578948974609375, 0, -31.578948974609375, 1) )
            uniform token[] xformOpOrder = ["xformOp:transform:copytopoints1"]
        }

        def Xform "Area169"
        {
            vector3f[] primvars:P (
                interpolation = "constant"
            )
            vector3f[] primvars:P.timeSamples = {
                1: [(-10.526321, 0, -31.578949)],
            }
            matrix4d xformOp:transform:copytopoints1 = ( (1, 0, 0, 0), (0, 1, 0, 0), (0, 0, 1, 0), (-10.526321411132812, 0, -31.578948974609375, 1) )
            uniform token[] xformOpOrder = ["xformOp:transform:copytopoints1"]
        }

        def Xform "Area170"
        {
            vector3f[] primvars:P (
                interpolation = "constant"
            )
            vector3f[] primvars:P.timeSamples = {
                1: [(10.526306, 0, -31.578949)],
            }
            matrix4d xformOp:transform:copytopoints1 = ( (1, 0, 0, 0), (0, 1, 0, 0), (0, 0, 1, 0), (10.52630615234375, 0, -31.578948974609375, 1) )
            uniform token[] xformOpOrder = ["xformOp:transform:copytopoints1"]
        }

        def Xform "Area171"
        {
            vector3f[] primvars:P (
                interpolation = "constant"
            )
            vector3f[] primvars:P.timeSamples = {
                1: [(31.578949, 0, -31.578949)],
            }
            matrix4d xformOp:transform:copytopoints1 = ( (1, 0, 0, 0), (0, 1, 0, 0), (0, 0, 1, 0), (31.578948974609375, 0, -31.578948974609375, 1) )
            uniform token[] xformOpOrder = ["xformOp:transform:copytopoints1"]
        }

        def Xform "Area172"
        {
            vector3f[] primvars:P (
                interpolation = "constant"
            )
            vector3f[] primvars:P.timeSamples = {
                1: [(52.631577, 0, -31.578949)],
            }
            matrix4d xformOp:transform:copytopoints1 = ( (1, 0, 0, 0), (0, 1, 0, 0), (0, 0, 1, 0), (52.63157653808594, 0, -31.578948974609375, 1) )
            uniform token[] xformOpOrder = ["xformOp:transform:copytopoints1"]
        }

        def Xform "Area173"
        {
            vector3f[] primvars:P (
                interpolation = "constant"
            )
            vector3f[] primvars:P.timeSamples = {
                1: [(73.684204, 0, -31.578949)],
            }
            matrix4d xformOp:transform:copytopoints1 = ( (1, 0, 0, 0), (0, 1, 0, 0), (0, 0, 1, 0), (73.6842041015625, 0, -31.578948974609375, 1) )
            uniform token[] xformOpOrder = ["xformOp:transform:copytopoints1"]
        }

        def Xform "Area174"
        {
            vector3f[] primvars:P (
                interpolation = "constant"
            )
            vector3f[] primvars:P.timeSamples = {
                1: [(94.73685, 0, -31.578949)],
            }
            matrix4d xformOp:transform:copytopoints1 = ( (1, 0, 0, 0), (0, 1, 0, 0), (0, 0, 1, 0), (94.73684692382812, 0, -31.578948974609375, 1) )
            uniform token[] xformOpOrder = ["xformOp:transform:copytopoints1"]
        }

        def Xform "Area175"
        {
            vector3f[] primvars:P (
                interpolation = "constant"
            )
            vector3f[] primvars:P.timeSamples = {
                1: [(115.78946, 0, -31.578949)],
            }
            matrix4d xformOp:transform:copytopoints1 = ( (1, 0, 0, 0), (0, 1, 0, 0), (0, 0, 1, 0), (115.78945922851562, 0, -31.578948974609375, 1) )
            uniform token[] xformOpOrder = ["xformOp:transform:copytopoints1"]
        }

        def Xform "Area176"
        {
            vector3f[] primvars:P (
                interpolation = "constant"
            )
            vector3f[] primvars:P.timeSamples = {
                1: [(136.8421, 0, -31.578949)],
            }
            matrix4d xformOp:transform:copytopoints1 = ( (1, 0, 0, 0), (0, 1, 0, 0), (0, 0, 1, 0), (136.84210205078125, 0, -31.578948974609375, 1) )
            uniform token[] xformOpOrder = ["xformOp:transform:copytopoints1"]
        }

        def Xform "Area177"
        {
            vector3f[] primvars:P (
                interpolation = "constant"
            )
            vector3f[] primvars:P.timeSamples = {
                1: [(157.89474, 0, -31.578949)],
            }
            matrix4d xformOp:transform:copytopoints1 = ( (1, 0, 0, 0), (0, 1, 0, 0), (0, 0, 1, 0), (157.89474487304688, 0, -31.578948974609375, 1) )
            uniform token[] xformOpOrder = ["xformOp:transform:copytopoints1"]
        }

        def Xform "Area178"
        {
            vector3f[] primvars:P (
                interpolation = "constant"
            )
            vector3f[] primvars:P.timeSamples = {
                1: [(178.94736, 0, -31.578949)],
            }
            matrix4d xformOp:transform:copytopoints1 = ( (1, 0, 0, 0), (0, 1, 0, 0), (0, 0, 1, 0), (178.94735717773438, 0, -31.578948974609375, 1) )
            uniform token[] xformOpOrder = ["xformOp:transform:copytopoints1"]
        }

        def Xform "Area179"
        {
            vector3f[] primvars:P (
                interpolation = "constant"
            )
            vector3f[] primvars:P.timeSamples = {
                1: [(200, 0, -31.578949)],
            }
            matrix4d xformOp:transform:copytopoints1 = ( (1, 0, 0, 0), (0, 1, 0, 0), (0, 0, 1, 0), (200, 0, -31.578948974609375, 1) )
            uniform token[] xformOpOrder = ["xformOp:transform:copytopoints1"]
        }

        def Xform "Area180"
        {
            vector3f[] primvars:P (
                interpolation = "constant"
            )
            vector3f[] primvars:P.timeSamples = {
                1: [(-200, 0, -10.526321)],
            }
            matrix4d xformOp:transform:copytopoints1 = ( (1, 0, 0, 0), (0, 1, 0, 0), (0, 0, 1, 0), (-200, 0, -10.526321411132812, 1) )
            uniform token[] xformOpOrder = ["xformOp:transform:copytopoints1"]
        }

        def Xform "Area181"
        {
            vector3f[] primvars:P (
                interpolation = "constant"
            )
            vector3f[] primvars:P.timeSamples = {
                1: [(-178.94737, 0, -10.526321)],
            }
            matrix4d xformOp:transform:copytopoints1 = ( (1, 0, 0, 0), (0, 1, 0, 0), (0, 0, 1, 0), (-178.94737243652344, 0, -10.526321411132812, 1) )
            uniform token[] xformOpOrder = ["xformOp:transform:copytopoints1"]

            def Mesh "Mesh_2"
            {
                float3[] extent = [(-0.00027717845, -1.131625, -10.00058), (10.004538, 1.4215744, 0.00021584799)]
                int[] faceVertexCounts = [3, 3, 3, 3, 3, 3, 3, 3, 3, 3, 3, 3, 3, 3, 3, 3, 3, 3, 3, 3, 3, 3, 3, 3, 3, 3, 3, 3, 3, 3, 3, 3, 3, 3, 3, 3, 3, 3, 3, 3, 3, 3, 3, 3, 3, 3, 3, 3, 3, 3, 3, 3, 3, 3, 3, 3, 3, 3, 3, 3, 3, 3, 3, 3, 3, 3, 3, 3, 3, 3, 3, 3, 3, 3, 3, 3, 3, 3, 3, 3, 3, 3, 3, 3, 3, 3, 3, 3, 3, 3, 3, 3, 3, 3, 3, 3, 3, 3, 3, 3, 3, 3, 3, 3, 3, 3, 3, 3, 3, 3, 3, 3, 3, 3, 3, 3, 3, 3, 3, 3, 3, 3, 3, 3, 3, 3, 3, 3, 3, 3, 3, 3, 3, 3, 3, 3, 3, 3]
                int[] faceVertexIndices = [0, 1, 2, 3, 4, 5, 4, 6, 5, 6, 7, 8, 9, 10, 11, 12, 13, 14, 14, 3, 5, 6, 8, 15, 16, 8, 7, 16, 17, 8, 18, 19, 20, 21, 1, 22, 1, 0, 13, 14, 5, 12, 6, 15, 5, 11, 23, 9, 19, 21, 20, 1, 13, 22, 17, 23, 8, 17, 24, 23, 9, 23, 24, 21, 22, 25, 22, 13, 26, 11, 27, 23, 21, 25, 20, 13, 12, 26, 27, 28, 23, 25, 22, 29, 22, 26, 30, 15, 31, 5, 32, 8, 23, 22, 30, 29, 5, 26, 12, 32, 23, 33, 28, 34, 23, 31, 15, 35, 15, 8, 32, 29, 36, 25, 30, 37, 29, 31, 38, 5, 26, 5, 30, 32, 35, 15, 30, 5, 38, 32, 33, 39, 23, 34, 40, 36, 29, 37, 31, 35, 38, 25, 36, 41, 35, 32, 42, 23, 40, 43, 41, 36, 44, 23, 43, 33, 38, 37, 30, 39, 45, 32, 33, 43, 46, 36, 47, 44, 38, 35, 48, 36, 37, 49, 35, 42, 48, 42, 32, 50, 33, 45, 39, 37, 38, 48, 33, 46, 45, 32, 45, 50, 36, 51, 47, 37, 48, 52, 45, 46, 53, 52, 48, 54, 48, 42, 54, 49, 51, 36, 46, 55, 53, 50, 56, 42, 57, 53, 55, 49, 37, 58, 37, 52, 58, 50, 45, 56, 49, 58, 51, 57, 59, 53, 56, 54, 42, 56, 45, 60, 45, 53, 60, 51, 58, 61, 62, 52, 54, 53, 59, 63, 56, 60, 64, 60, 53, 65, 52, 66, 58, 54, 56, 62, 58, 67, 61, 64, 62, 56, 62, 68, 52, 63, 69, 53, 58, 66, 67, 66, 52, 68, 69, 70, 53, 60, 65, 71, 61, 72, 73, 61, 67, 72, 67, 66, 72, 65, 53, 71, 53, 70, 71, 64, 60, 74, 60, 71, 74, 70, 75, 71, 71, 75, 76, 73, 72, 77, 68, 78, 66, 62, 78, 68, 62, 64, 74, 77, 79, 80, 77, 72, 79, 76, 81, 71, 72, 66, 79, 81, 82, 71, 74, 78, 62, 82, 74, 71, 83, 82, 81, 74, 84, 78, 80, 79, 85, 66, 78, 79, 86, 84, 74, 74, 82, 87, 74, 87, 88, 78, 89, 90, 84, 89, 78, 82, 91, 87, 83, 92, 82, 90, 93, 78, 94, 85, 79, 95, 96, 79, 79, 78, 95, 78, 93, 95, 74, 88, 86, 82, 92, 97, 82, 97, 91, 98, 85, 99, 94, 99, 85, 79, 96, 94]
                uniform token orientation = "leftHanded"
                point3f[] points = [(2.7583492, 1.0962907, -9.999616), (1.9640596, 0.6737012, -9.999759), (2.3292115, 1.1214632, -10.00058), (4.6342535, 0.13572413, -9.999863), (5.604427, -0.3069892, -10), (4.5997186, 0.89573187, -8.48553), (6.556837, 0.116695374, -9.999257), (6.992344, -0.06539539, -9.999873), (6.8920774, 0.37527648, -9.146613), (9.083476, -0.6367808, -9.99988), (9.771715, -0.37492302, -10.000342), (10.001207, -0.50230694, -9.982504), (3.8947072, 0.9939292, -9.061935), (3.147575, 0.95046914, -9.996039), (3.5916953, 1.0459424, -9.999621), (6.2273464, 1.020487, -8.584788), (7.3343277, -0.002357599, -10.000165), (7.9127016, -0.24274597, -9.999914), (0.0010770396, -1.131625, -9.99856), (0.64121056, -0.7454107, -10.000193), (0.0011309874, -1.1306096, -8.971585), (1.2104007, -0.44384998, -9.999938), (1.8108432, 0.0049735573, -9.193383), (8.801111, -1.1189419, -8.567703), (8.471359, -0.59977174, -9.999316), (0.0024950923, -0.9239112, -8.057134), (3.0485122, 1.2601576, -8.327549), (10.0000515, -0.76770157, -9.557916), (10.00012, -0.89071566, -8.511646), (1.5430222, 0.20193078, -7.6943774), (2.8064504, 0.64842993, -7.172941), (5.1427584, 1.2765179, -8.045158), (7.183857, 1.4215744, -6.6583514), (9.027691, 0.6831764, -6.5723987), (10.000082, -0.7042042, -7.8367543), (5.6617794, 0.03283201, -6.8199205), (0.9246491, -0.0072204336, -6.232078), (2.664653, 0.027789779, -5.8937745), (4.0329914, 1.2453492, -6.68167), (8.171457, 0.80212784, -6.32109), (9.999631, -0.09829389, -6.9828153), (0.00011323037, -0.48974088, -6.929484), (5.6019464, 0.17006671, -5.400031), (9.999802, 0.62080246, -6.406232), (-0.00027717845, -0.37186474, -6.292745), (7.905797, 0.7523402, -5.236907), (9.998449, 0.4171405, -5.8655257), (0.00006401227, -0.6446728, -5.718661), (4.1306615, -0.0673465, -5.354119), (1.4527597, 0.76774883, -5.12021), (6.6191115, 1.1537616, -5.151418), (0.00091307604, -0.4706481, -4.604914), (3.424885, 0.3586958, -4.0524445), (9.181076, 1.0161483, -3.8461714), (4.502193, -0.54476255, -4.273304), (9.999611, 0.45992368, -5.108479), (5.937324, 0.038023014, -4.0916204), (10.00004, 0.503979, -4.701283), (1.9849557, 0.8534905, -4.02859), (9.99971, 0.74868256, -4.121224), (7.691059, 0.07158081, -3.4895744), (0.0010406472, -0.106621176, -3.2557652), (4.9499397, 0.069397695, -2.8588622), (9.99954, 0.9085353, -3.6136682), (6.164506, 0.10650249, -2.5460522), (8.560573, 1.2696545, -3.2410448), (2.4442487, -0.19864294, -2.4508739), (1.7964007, 0.24453972, -3.0013442), (3.587544, 0.47710395, -2.8900058), (9.999997, 1.099967, -3.3341546), (9.997488, 0.9423328, -2.8984585), (8.54398, 0.3270415, -1.7002652), (1.1044073, 0.07610664, -1.982446), (0.0000127207, -0.32245547, -2.6764872), (6.301271, -0.77474153, -1.3483629), (10.00019, 0.70341295, -2.424567), (10.000196, 0.72881275, -1.735711), (0.0011318881, -0.24887337, -1.6291308), (3.9048283, -0.4352798, -0.99524045), (1.6160203, -0.34859902, -0.9226662), (0.00079791946, -0.3182843, -1.2557065), (9.999669, 0.5430709, -1.356473), (9.361356, 0.41880992, -0.69411236), (10.000167, 0.5647362, -0.6882416), (5.5253854, -0.6019573, -0.00153797), (0.0009776165, -0.24742691, -0.63289326), (6.111553, -0.5637177, -0.00018780101), (7.965034, 0.02488713, -0.00012648953), (6.84445, -0.30969372, -0.00021343678), (4.9171567, -0.31691542, -0.00012581548), (4.4129605, -0.354038, -0.0010547836), (8.759693, -0.026042553, -0.000019544144), (10.004538, 0.6415813, -0.020929908), (3.9376602, -0.23551756, 0.00021584799), (1.414708, -0.23433705, 0.00005491659), (2.8705118, -0.32439744, 0.00018930956), (2.2710757, -0.2096417, -0.00004395064), (9.39195, 0.3675225, -0.000059904414), (0.0022855904, -0.03990526, -0.0034305558), (0.60907805, -0.16654019, -0.000015183145)] (
                    interpolation = "vertex"
                )
                uniform token subdivisionScheme = "none"
            }
        }

        def Xform "Area182"
        {
            vector3f[] primvars:P (
                interpolation = "constant"
            )
            vector3f[] primvars:P.timeSamples = {
                1: [(-157.89474, 0, -10.526321)],
            }
            matrix4d xformOp:transform:copytopoints1 = ( (1, 0, 0, 0), (0, 1, 0, 0), (0, 0, 1, 0), (-157.89474487304688, 0, -10.526321411132812, 1) )
            uniform token[] xformOpOrder = ["xformOp:transform:copytopoints1"]

            def Mesh "Mesh_3"
            {
                float3[] extent = [(-0.00074660836, -1.3812666, -0.0044252677), (10.000592, 1.348178, 10.000207)]
                int[] faceVertexCounts = [3, 3, 3, 3, 3, 3, 3, 3, 3, 3, 3, 3, 3, 3, 3, 3, 3, 3, 3, 3, 3, 3, 3, 3, 3, 3, 3, 3, 3, 3, 3, 3, 3, 3, 3, 3, 3, 3, 3, 3, 3, 3, 3, 3, 3, 3, 3, 3, 3, 3, 3, 3, 3, 3, 3, 3, 3, 3, 3, 3, 3, 3, 3, 3, 3, 3, 3, 3, 3, 3, 3, 3, 3, 3, 3, 3, 3, 3, 3, 3, 3, 3, 3, 3, 3, 3, 3, 3, 3, 3, 3, 3, 3, 3, 3, 3, 3, 3, 3, 3, 3, 3, 3, 3, 3, 3, 3, 3, 3, 3, 3, 3, 3, 3, 3, 3, 3, 3, 3, 3, 3, 3, 3, 3, 3, 3, 3, 3, 3, 3, 3, 3, 3, 3, 3]
                int[] faceVertexIndices = [0, 1, 2, 3, 4, 5, 6, 7, 3, 8, 7, 6, 8, 9, 7, 5, 4, 10, 4, 3, 7, 11, 12, 13, 0, 10, 14, 15, 16, 17, 18, 2, 1, 4, 14, 10, 9, 13, 7, 9, 11, 13, 12, 19, 13, 12, 20, 19, 0, 14, 1, 20, 21, 22, 17, 23, 15, 22, 19, 20, 18, 24, 17, 1, 24, 18, 7, 25, 4, 23, 17, 24, 22, 26, 19, 27, 23, 24, 13, 28, 7, 27, 24, 29, 28, 13, 30, 1, 14, 31, 7, 28, 25, 4, 25, 32, 14, 4, 31, 1, 31, 24, 26, 33, 19, 4, 34, 31, 4, 32, 34, 19, 35, 13, 24, 36, 29, 28, 30, 25, 30, 13, 35, 19, 37, 35, 19, 33, 37, 32, 25, 30, 36, 24, 38, 24, 31, 39, 32, 30, 40, 32, 41, 34, 42, 37, 33, 38, 24, 43, 34, 44, 31, 41, 32, 40, 42, 45, 37, 41, 44, 34, 40, 30, 35, 24, 39, 43, 43, 39, 46, 31, 47, 39, 45, 48, 37, 40, 35, 41, 35, 37, 49, 48, 49, 37, 44, 47, 31, 46, 39, 50, 41, 35, 51, 35, 49, 51, 52, 51, 49, 39, 53, 50, 41, 51, 54, 54, 44, 41, 52, 55, 51, 53, 39, 56, 39, 57, 56, 51, 55, 58, 47, 59, 39, 47, 44, 59, 54, 59, 44, 39, 59, 57, 60, 58, 55, 55, 61, 60, 56, 57, 62, 63, 59, 54, 51, 58, 64, 60, 65, 58, 62, 57, 66, 59, 63, 57, 54, 67, 63, 58, 65, 68, 64, 54, 51, 64, 67, 54, 58, 68, 69, 66, 57, 70, 71, 70, 57, 72, 63, 67, 67, 73, 72, 67, 64, 73, 58, 69, 74, 71, 57, 63, 64, 58, 75, 70, 71, 76, 76, 71, 77, 58, 74, 75, 78, 74, 69, 79, 77, 71, 74, 78, 80, 74, 80, 81, 80, 82, 81, 71, 63, 83, 82, 84, 81, 83, 63, 85, 73, 86, 72, 64, 75, 87, 84, 88, 81, 63, 72, 89, 63, 89, 85, 64, 90, 73, 75, 91, 87, 92, 75, 74, 92, 74, 93, 81, 93, 74, 71, 94, 79, 95, 71, 83, 73, 90, 86, 64, 87, 96, 91, 75, 97, 88, 98, 81, 79, 94, 99, 89, 72, 100, 101, 90, 64, 75, 102, 97, 79, 99, 103, 71, 95, 94, 72, 86, 100, 96, 101, 64, 75, 92, 102]
                uniform token orientation = "leftHanded"
                point3f[] points = [(2.8943965, -0.34084094, 0.0027933456), (1.8552501, 0.32608774, 0.7658776), (2.2979782, -0.21123311, 0.0008774642), (5.549406, -0.61758476, -0.000025660082), (4.2861977, 0.6111545, 1.1882676), (4.8450885, -0.31858498, 0.0008828862), (6.1088567, -0.59070164, 0.0010576145), (6.1641645, -0.126713, 0.6369208), (6.4923353, -0.37560493, 0.00049446686), (7.090108, -0.30016994, 0.001911814), (3.8884335, -0.22729632, 0.00032808044), (7.9327054, 0.026152628, 0.00045602783), (8.887859, 0.03203948, 0.0007945308), (8.013441, 0.27973345, 0.8550754), (3.0180473, 0.5254889, 0.8971376), (0.00001057233, 0.29951736, 0.3654708), (0.00036419905, -0.02600508, -0.0044252677), (0.67390877, -0.16641131, 0.0006273171), (1.4092294, -0.23169188, -0.00026471246), (9.053648, 0.5825587, 1.8117192), (9.532316, 0.4498498, 0.00017752318), (9.99824, 0.5091095, 0.061147723), (9.999879, 0.31378645, 0.6908857), (0.000294897, 0.5484, 0.7525085), (0.91933393, 1.1508236, 1.8563362), (5.6901364, 0.87855965, 1.5415351), (9.999911, 0.44232926, 1.3805523), (-0.00033322634, 0.97657865, 1.2524095), (6.531583, 0.60427475, 1.565258), (0.00033318903, 0.7904561, 1.7498404), (6.846838, 0.27131203, 2.2173436), (2.3783004, 1.2357157, 2.2087762), (4.962761, 0.76007265, 2.36267), (9.999258, 1.2718464, 2.333364), (3.5008845, 0.23054777, 2.5995264), (7.558619, 0.28244686, 3.4428), (0.00004999658, 1.3209214, 2.4234085), (9.087664, 1.0683389, 2.8367007), (-0.00008982531, 1.0658573, 3.0256326), (1.1619868, 0.77176887, 4.243704), (5.5680013, 1.348178, 3.4338677), (4.796837, 1.2362864, 4.2278423), (10.00001, 1.0262262, 2.9119048), (0.00005206988, 0.7623755, 3.325766), (3.593932, 0.7705062, 4.49798), (9.99976, 0.53716874, 3.364431), (-0.0000029535374, 0.7585327, 3.9362178), (2.4363434, 1.2213511, 4.642625), (9.999062, 0.41622767, 3.7688012), (9.997211, 0.5305753, 4.1767554), (-0.00002489864, 1.0252103, 4.5140305), (7.130494, -1.3812666, 5.1997757), (10.000305, 0.21414861, 4.652356), (0.00004942083, 1.1326565, 4.9090033), (4.9347773, 0.4115234, 6.127354), (9.999035, -0.09885473, 5.228463), (-0.00074660836, 0.3579084, 6.029711), (1.3706224, -0.4905172, 6.907195), (8.963642, -0.0014859807, 7.008174), (3.028913, 0.18794109, 6.030603), (10.000581, 0.29463196, 6.3640304), (10.000098, -0.19514313, 5.744232), (0.000043713568, -0.16183603, 6.416344), (2.8666465, -0.76254433, 7.5822973), (6.902529, -0.3192306, 8.26561), (10.000027, 0.618925, 6.87531), (0.000033370787, -0.58461976, 7.019601), (4.9897323, 0.0117714, 7.344164), (9.997617, 0.8170502, 7.155068), (9.995385, 0.8667968, 7.6746993), (0.00005463851, -0.5580389, 7.9238954), (1.6189348, -0.65363085, 8.96309), (4.171208, 0.035686728, 8.589618), (4.982885, 0.6952391, 8.667858), (9.020889, 0.91649014, 8.641582), (7.88434, -0.31020004, 9.199286), (-0.00020935929, 0.00067761756, 8.9133005), (0.0004217218, 0.1352124, 9.355778), (9.998977, 0.80069447, 8.325907), (0.0034511162, 0.40133613, 9.726118), (9.999526, 1.1511991, 8.796258), (9.797138, 0.7015084, 9.997199), (10.000592, 0.87321174, 9.117289), (2.5347831, -0.7184808, 9.9984665), (9.999235, 0.990058, 9.307717), (2.888453, -0.68268126, 9.999639), (4.5169067, 0.14857554, 9.999828), (6.7376456, -0.14023787, 9.998619), (9.997016, 1.0051557, 9.634751), (3.3549628, -0.40326142, 9.999194), (5.1062355, 0.35834163, 9.999572), (7.2815437, 0.010874761, 10.000207), (8.886041, 0.4181061, 9.99802), (9.190625, 0.37871298, 9.99969), (1.3315306, -0.7188837, 10.000146), (1.9813026, -0.90666145, 9.999916), (6.1606593, -0.078209914, 10.000027), (8.084097, 0.015738236, 9.999919), (9.999322, 0.76716125, 9.958075), (0.6461925, -0.18122016, 9.999994), (3.7479675, -0.3708659, 10.000072), (5.73463, 0.29394633, 9.999717), (8.629975, 0.13828777, 10.000178), (0.02161542, 0.35039085, 10.000113)] (
                    interpolation = "vertex"
                )
                uniform token subdivisionScheme = "none"
            }

            def Mesh "Mesh_2"
            {
                float3[] extent = [(-0.00027717845, -1.131625, -10.00058), (10.004538, 1.4215744, 0.00021584799)]
                int[] faceVertexCounts = [3, 3, 3, 3, 3, 3, 3, 3, 3, 3, 3, 3, 3, 3, 3, 3, 3, 3, 3, 3, 3, 3, 3, 3, 3, 3, 3, 3, 3, 3, 3, 3, 3, 3, 3, 3, 3, 3, 3, 3, 3, 3, 3, 3, 3, 3, 3, 3, 3, 3, 3, 3, 3, 3, 3, 3, 3, 3, 3, 3, 3, 3, 3, 3, 3, 3, 3, 3, 3, 3, 3, 3, 3, 3, 3, 3, 3, 3, 3, 3, 3, 3, 3, 3, 3, 3, 3, 3, 3, 3, 3, 3, 3, 3, 3, 3, 3, 3, 3, 3, 3, 3, 3, 3, 3, 3, 3, 3, 3, 3, 3, 3, 3, 3, 3, 3, 3, 3, 3, 3, 3, 3, 3, 3, 3, 3, 3, 3, 3, 3, 3, 3, 3, 3, 3, 3, 3, 3]
                int[] faceVertexIndices = [0, 1, 2, 3, 4, 5, 4, 6, 5, 6, 7, 8, 9, 10, 11, 12, 13, 14, 14, 3, 5, 6, 8, 15, 16, 8, 7, 16, 17, 8, 18, 19, 20, 21, 1, 22, 1, 0, 13, 14, 5, 12, 6, 15, 5, 11, 23, 9, 19, 21, 20, 1, 13, 22, 17, 23, 8, 17, 24, 23, 9, 23, 24, 21, 22, 25, 22, 13, 26, 11, 27, 23, 21, 25, 20, 13, 12, 26, 27, 28, 23, 25, 22, 29, 22, 26, 30, 15, 31, 5, 32, 8, 23, 22, 30, 29, 5, 26, 12, 32, 23, 33, 28, 34, 23, 31, 15, 35, 15, 8, 32, 29, 36, 25, 30, 37, 29, 31, 38, 5, 26, 5, 30, 32, 35, 15, 30, 5, 38, 32, 33, 39, 23, 34, 40, 36, 29, 37, 31, 35, 38, 25, 36, 41, 35, 32, 42, 23, 40, 43, 41, 36, 44, 23, 43, 33, 38, 37, 30, 39, 45, 32, 33, 43, 46, 36, 47, 44, 38, 35, 48, 36, 37, 49, 35, 42, 48, 42, 32, 50, 33, 45, 39, 37, 38, 48, 33, 46, 45, 32, 45, 50, 36, 51, 47, 37, 48, 52, 45, 46, 53, 52, 48, 54, 48, 42, 54, 49, 51, 36, 46, 55, 53, 50, 56, 42, 57, 53, 55, 49, 37, 58, 37, 52, 58, 50, 45, 56, 49, 58, 51, 57, 59, 53, 56, 54, 42, 56, 45, 60, 45, 53, 60, 51, 58, 61, 62, 52, 54, 53, 59, 63, 56, 60, 64, 60, 53, 65, 52, 66, 58, 54, 56, 62, 58, 67, 61, 64, 62, 56, 62, 68, 52, 63, 69, 53, 58, 66, 67, 66, 52, 68, 69, 70, 53, 60, 65, 71, 61, 72, 73, 61, 67, 72, 67, 66, 72, 65, 53, 71, 53, 70, 71, 64, 60, 74, 60, 71, 74, 70, 75, 71, 71, 75, 76, 73, 72, 77, 68, 78, 66, 62, 78, 68, 62, 64, 74, 77, 79, 80, 77, 72, 79, 76, 81, 71, 72, 66, 79, 81, 82, 71, 74, 78, 62, 82, 74, 71, 83, 82, 81, 74, 84, 78, 80, 79, 85, 66, 78, 79, 86, 84, 74, 74, 82, 87, 74, 87, 88, 78, 89, 90, 84, 89, 78, 82, 91, 87, 83, 92, 82, 90, 93, 78, 94, 85, 79, 95, 96, 79, 79, 78, 95, 78, 93, 95, 74, 88, 86, 82, 92, 97, 82, 97, 91, 98, 85, 99, 94, 99, 85, 79, 96, 94]
                uniform token orientation = "leftHanded"
                point3f[] points = [(2.7583492, 1.0962907, -9.999616), (1.9640596, 0.6737012, -9.999759), (2.3292115, 1.1214632, -10.00058), (4.6342535, 0.13572413, -9.999863), (5.604427, -0.3069892, -10), (4.5997186, 0.89573187, -8.48553), (6.556837, 0.116695374, -9.999257), (6.992344, -0.06539539, -9.999873), (6.8920774, 0.37527648, -9.146613), (9.083476, -0.6367808, -9.99988), (9.771715, -0.37492302, -10.000342), (10.001207, -0.50230694, -9.982504), (3.8947072, 0.9939292, -9.061935), (3.147575, 0.95046914, -9.996039), (3.5916953, 1.0459424, -9.999621), (6.2273464, 1.020487, -8.584788), (7.3343277, -0.002357599, -10.000165), (7.9127016, -0.24274597, -9.999914), (0.0010770396, -1.131625, -9.99856), (0.64121056, -0.7454107, -10.000193), (0.0011309874, -1.1306096, -8.971585), (1.2104007, -0.44384998, -9.999938), (1.8108432, 0.0049735573, -9.193383), (8.801111, -1.1189419, -8.567703), (8.471359, -0.59977174, -9.999316), (0.0024950923, -0.9239112, -8.057134), (3.0485122, 1.2601576, -8.327549), (10.0000515, -0.76770157, -9.557916), (10.00012, -0.89071566, -8.511646), (1.5430222, 0.20193078, -7.6943774), (2.8064504, 0.64842993, -7.172941), (5.1427584, 1.2765179, -8.045158), (7.183857, 1.4215744, -6.6583514), (9.027691, 0.6831764, -6.5723987), (10.000082, -0.7042042, -7.8367543), (5.6617794, 0.03283201, -6.8199205), (0.9246491, -0.0072204336, -6.232078), (2.664653, 0.027789779, -5.8937745), (4.0329914, 1.2453492, -6.68167), (8.171457, 0.80212784, -6.32109), (9.999631, -0.09829389, -6.9828153), (0.00011323037, -0.48974088, -6.929484), (5.6019464, 0.17006671, -5.400031), (9.999802, 0.62080246, -6.406232), (-0.00027717845, -0.37186474, -6.292745), (7.905797, 0.7523402, -5.236907), (9.998449, 0.4171405, -5.8655257), (0.00006401227, -0.6446728, -5.718661), (4.1306615, -0.0673465, -5.354119), (1.4527597, 0.76774883, -5.12021), (6.6191115, 1.1537616, -5.151418), (0.00091307604, -0.4706481, -4.604914), (3.424885, 0.3586958, -4.0524445), (9.181076, 1.0161483, -3.8461714), (4.502193, -0.54476255, -4.273304), (9.999611, 0.45992368, -5.108479), (5.937324, 0.038023014, -4.0916204), (10.00004, 0.503979, -4.701283), (1.9849557, 0.8534905, -4.02859), (9.99971, 0.74868256, -4.121224), (7.691059, 0.07158081, -3.4895744), (0.0010406472, -0.106621176, -3.2557652), (4.9499397, 0.069397695, -2.8588622), (9.99954, 0.9085353, -3.6136682), (6.164506, 0.10650249, -2.5460522), (8.560573, 1.2696545, -3.2410448), (2.4442487, -0.19864294, -2.4508739), (1.7964007, 0.24453972, -3.0013442), (3.587544, 0.47710395, -2.8900058), (9.999997, 1.099967, -3.3341546), (9.997488, 0.9423328, -2.8984585), (8.54398, 0.3270415, -1.7002652), (1.1044073, 0.07610664, -1.982446), (0.0000127207, -0.32245547, -2.6764872), (6.301271, -0.77474153, -1.3483629), (10.00019, 0.70341295, -2.424567), (10.000196, 0.72881275, -1.735711), (0.0011318881, -0.24887337, -1.6291308), (3.9048283, -0.4352798, -0.99524045), (1.6160203, -0.34859902, -0.9226662), (0.00079791946, -0.3182843, -1.2557065), (9.999669, 0.5430709, -1.356473), (9.361356, 0.41880992, -0.69411236), (10.000167, 0.5647362, -0.6882416), (5.5253854, -0.6019573, -0.00153797), (0.0009776165, -0.24742691, -0.63289326), (6.111553, -0.5637177, -0.00018780101), (7.965034, 0.02488713, -0.00012648953), (6.84445, -0.30969372, -0.00021343678), (4.9171567, -0.31691542, -0.00012581548), (4.4129605, -0.354038, -0.0010547836), (8.759693, -0.026042553, -0.000019544144), (10.004538, 0.6415813, -0.020929908), (3.9376602, -0.23551756, 0.00021584799), (1.414708, -0.23433705, 0.00005491659), (2.8705118, -0.32439744, 0.00018930956), (2.2710757, -0.2096417, -0.00004395064), (9.39195, 0.3675225, -0.000059904414), (0.0022855904, -0.03990526, -0.0034305558), (0.60907805, -0.16654019, -0.000015183145)] (
                    interpolation = "vertex"
                )
                uniform token subdivisionScheme = "none"
            }

            def Mesh "Mesh_0"
            {
                float3[] extent = [(-10.00206, -1.691203, -10.000099), (0.0003972602, 1.8125514, 0.004959765)]
                int[] faceVertexCounts = [3, 3, 3, 3, 3, 3, 3, 3, 3, 3, 3, 3, 3, 3, 3, 3, 3, 3, 3, 3, 3, 3, 3, 3, 3, 3, 3, 3, 3, 3, 3, 3, 3, 3, 3, 3, 3, 3, 3, 3, 3, 3, 3, 3, 3, 3, 3, 3, 3, 3, 3, 3, 3, 3, 3, 3, 3, 3, 3, 3, 3, 3, 3, 3, 3, 3, 3, 3, 3, 3, 3, 3, 3, 3, 3, 3, 3, 3, 3, 3, 3, 3, 3, 3, 3, 3, 3, 3, 3, 3, 3, 3, 3, 3, 3, 3, 3, 3]
                int[] faceVertexIndices = [0, 1, 2, 0, 3, 4, 3, 5, 4, 5, 6, 7, 8, 9, 10, 11, 12, 9, 13, 14, 15, 16, 2, 1, 4, 1, 0, 11, 9, 8, 17, 18, 19, 9, 20, 10, 18, 14, 19, 5, 7, 4, 6, 20, 7, 12, 17, 19, 1, 4, 21, 21, 22, 1, 20, 9, 7, 19, 14, 23, 12, 19, 9, 1, 22, 24, 13, 25, 14, 7, 26, 4, 14, 25, 23, 26, 7, 9, 27, 24, 22, 9, 19, 26, 23, 25, 28, 29, 21, 4, 27, 22, 30, 4, 26, 31, 21, 32, 22, 26, 19, 33, 32, 34, 30, 30, 22, 32, 35, 36, 19, 31, 29, 4, 33, 31, 26, 35, 19, 23, 21, 29, 32, 33, 19, 36, 23, 28, 35, 32, 37, 34, 33, 36, 38, 39, 35, 28, 28, 40, 39, 37, 32, 41, 42, 41, 32, 42, 32, 29, 42, 29, 31, 39, 43, 35, 36, 35, 44, 36, 44, 38, 41, 42, 45, 38, 46, 33, 31, 33, 47, 47, 33, 46, 45, 42, 48, 35, 43, 49, 44, 35, 50, 35, 49, 50, 44, 51, 38, 46, 38, 51, 48, 42, 52, 44, 50, 51, 47, 42, 31, 53, 47, 46, 52, 54, 48, 51, 50, 55, 52, 42, 47, 47, 53, 52, 49, 56, 50, 50, 56, 57, 52, 58, 54, 55, 50, 59, 51, 53, 46, 58, 52, 60, 60, 52, 61, 51, 55, 62, 59, 62, 55, 52, 53, 63, 57, 64, 50, 61, 52, 65, 51, 62, 53, 61, 66, 60, 59, 50, 67, 68, 53, 62, 53, 69, 63, 67, 70, 59, 64, 67, 50, 66, 61, 71, 65, 72, 61, 73, 53, 68, 52, 63, 65, 69, 53, 74, 73, 74, 53, 62, 59, 70]
                uniform token orientation = "leftHanded"
                point3f[] points = [(-9.049906, -0.49202147, -9.999949), (-9.99872, 0.36926907, -9.032454), (-9.543219, -0.27327624, -9.999985), (-8.309603, -0.48925424, -10.000004), (-7.1204777, 0.016261257, -8.498981), (-7.3970346, 0.29389733, -9.999919), (-6.8825107, 0.25643107, -9.999268), (-6.4113073, 0.6244961, -8.890567), (-5.094887, 1.8125514, -10.000099), (-4.8157206, 0.8717174, -8.89243), (-5.4772816, 1.6316204, -9.999215), (-4.782157, 1.2893611, -9.999862), (-3.9678767, 0.6568336, -9.998886), (0.00012235975, -1.097938, -8.807033), (-0.9319989, -1.411448, -9.997782), (-0.00512517, -1.1244214, -9.999858), (-9.99986, -0.19308126, -9.979775), (-2.6864746, -0.64270717, -9.999943), (-1.65639, -1.2408261, -10.000015), (-3.2344122, -0.79618293, -7.6666484), (-6.033589, 0.7965264, -9.998835), (-8.250168, 1.4787289, -7.7345166), (-9.252794, 1.5364057, -7.938712), (-0.9688915, -0.90468216, -7.757146), (-10.00206, 0.70178825, -8.174141), (-0.000019122315, -0.8518864, -7.836686), (-4.9213424, 1.3254658, -7.489939), (-9.999372, 0.4952885, -7.642874), (-0.000947154, -0.48773888, -6.916671), (-7.8822613, 1.4293852, -6.2273483), (-9.999876, 0.6432832, -7.027577), (-6.5171685, -0.18371083, -5.9775596), (-9.139656, 0.08163952, -6.203966), (-5.384306, 0.19747107, -5.368073), (-9.999947, 0.093167864, -6.3616705), (-1.2826536, -1.0769709, -5.3489976), (-3.722286, -0.11824, -6.133447), (-9.999934, -0.3805464, -5.8656197), (-4.046102, -0.3988115, -5.2557626), (-0.00041820738, -0.6325576, -5.746745), (0.00029329245, -0.3729104, -6.3006673), (-10.000267, -0.6861183, -5.257105), (-8.411023, -0.20698734, -4.6610484), (0.000045661014, -0.49851295, -4.7247224), (-2.4524574, -0.09798113, -4.554067), (-10.000255, -1.3695823, -4.4188004), (-4.1529226, 1.0367978, -3.6523087), (-6.000788, -0.3902182, -3.984503), (-9.99946, -1.6068727, -3.7588623), (0.0003972602, -0.11004483, -3.287571), (-1.2914625, -0.3536366, -2.8851736), (-3.0802333, 0.33706325, -3.1153667), (-8.223735, -1.691203, -2.0050852), (-4.8613853, -0.99107575, -1.7742401), (-9.999939, -1.6350838, -2.561936), (-2.4487977, 0.34559944, -2.041343), (0.000020726588, -0.32575977, -2.6627777), (-0.0001444932, -0.2967661, -1.4025623), (-9.999925, -1.3113011, -1.6659088), (-1.3562057, 0.11065678, -1.2671137), (-9.999995, -1.0040818, -0.8868251), (-8.862473, -0.8374684, -0.000056493373), (-1.7336651, -0.07694651, -0.0012895463), (-6.3539, -1.4739083, -0.00048509648), (-0.00046355725, -0.22883804, -0.5210658), (-7.1957974, -1.4448305, -0.0014618724), (-10.001454, -0.36511785, -0.035709582), (-0.014177267, 0.02512797, 0.004959765), (-2.4165273, -0.20546341, -0.000021072918), (-5.311727, -1.1508042, 0.000002395322), (-1.0785443, 0.06516249, -0.000018093304), (-9.551274, -0.50196284, 0.000019477502), (-7.9265246, -1.0876433, -0.000004593857), (-3.3006623, -0.5869527, -0.000026094776), (-3.9247386, -0.6623031, -0.000008871536)] (
                    interpolation = "vertex"
                )
                uniform token subdivisionScheme = "none"
            }

            def Mesh "Mesh_1"
            {
                float3[] extent = [(-10.001239, -1.5165114, -0.00037971576), (0.00030599034, 1.4009104, 10.000468)]
                int[] faceVertexCounts = [3, 3, 3, 3, 3, 3, 3, 3, 3, 3, 3, 3, 3, 3, 3, 3, 3, 3, 3, 3, 3, 3, 3, 3, 3, 3, 3, 3, 3, 3, 3, 3, 3, 3, 3, 3, 3, 3, 3, 3, 3, 3, 3, 3, 3, 3, 3, 3, 3, 3, 3, 3, 3, 3, 3, 3, 3, 3, 3, 3, 3, 3, 3, 3, 3, 3, 3, 3, 3, 3, 3, 3, 3, 3, 3, 3, 3, 3, 3, 3, 3, 3, 3, 3, 3, 3, 3, 3, 3, 3, 3, 3, 3, 3, 3, 3, 3, 3, 3, 3, 3, 3, 3, 3, 3, 3, 3, 3, 3, 3, 3, 3]
                int[] faceVertexIndices = [0, 1, 2, 0, 3, 4, 5, 6, 7, 8, 9, 10, 10, 9, 11, 12, 13, 14, 14, 15, 12, 4, 1, 0, 4, 3, 6, 7, 8, 5, 10, 11, 13, 11, 16, 13, 8, 10, 5, 16, 14, 13, 5, 4, 6, 13, 12, 17, 18, 1, 19, 13, 17, 20, 13, 20, 21, 19, 1, 4, 19, 4, 22, 4, 5, 23, 21, 24, 13, 4, 25, 22, 10, 26, 5, 13, 24, 27, 25, 4, 28, 24, 29, 27, 4, 23, 28, 23, 5, 30, 13, 27, 31, 10, 32, 26, 29, 33, 27, 13, 31, 10, 10, 31, 32, 31, 27, 34, 23, 35, 28, 27, 33, 34, 35, 23, 36, 28, 35, 37, 38, 36, 23, 30, 38, 23, 5, 26, 39, 39, 26, 32, 30, 40, 38, 34, 41, 31, 5, 40, 30, 32, 31, 42, 34, 43, 41, 36, 44, 35, 38, 45, 36, 44, 36, 45, 44, 45, 46, 41, 43, 47, 40, 5, 48, 45, 38, 49, 42, 31, 41, 39, 48, 5, 50, 46, 45, 50, 51, 46, 49, 38, 40, 47, 52, 41, 45, 49, 50, 40, 48, 53, 49, 40, 53, 39, 32, 42, 50, 54, 51, 42, 41, 55, 50, 49, 56, 39, 42, 48, 52, 57, 41, 49, 53, 56, 41, 57, 55, 48, 58, 53, 50, 59, 54, 59, 50, 60, 50, 56, 60, 42, 55, 61, 53, 58, 56, 55, 62, 61, 60, 56, 63, 61, 48, 42, 60, 63, 64, 56, 65, 63, 56, 66, 65, 56, 58, 66, 67, 68, 62, 58, 48, 61, 66, 69, 65, 58, 61, 66, 62, 68, 61, 70, 63, 65, 68, 67, 71, 70, 65, 72, 72, 65, 73, 69, 73, 65, 66, 74, 69, 61, 68, 75, 71, 76, 68, 75, 77, 61, 77, 75, 78, 79, 68, 76, 61, 80, 81, 61, 82, 80, 77, 83, 84, 77, 78, 83, 74, 66, 85, 66, 86, 85, 66, 61, 86, 86, 61, 81, 61, 77, 82, 79, 76, 87]
                uniform token orientation = "leftHanded"
                point3f[] points = [(-8.576203, -0.9058066, -0.00037971576), (-9.527224, -0.5154664, 0.007149644), (-9.115877, -0.7544043, 0.00014382685), (-7.847249, -1.1077986, 0.00022236438), (-9.11622, 0.52682847, 1.4854237), (-5.5845795, -0.8747413, 2.8297062), (-7.4022317, -1.351118, 0.0002675286), (-6.5671067, -1.5165114, -0.00006590116), (-5.1393642, -1.0849848, 0.000017358476), (-3.9248424, -0.657401, 0.000042045875), (-3.8630705, -0.6775026, 1.4244405), (-3.3722582, -0.6100214, -0.00007763196), (-0.0000727314, 0.29797858, 0.3687093), (-1.359001, 0.21161355, 1.5590525), (-0.79433286, 0.10413965, 0.00003138875), (-0.00011828118, -0.0063765505, 0.0005127035), (-1.9337195, -0.08940035, 0.000010715429), (-0.0038403873, 0.56892234, 0.63688475), (-9.999495, -0.3989656, 0.025862051), (-10.000029, 0.47088933, 1.1380721), (-0.00030925954, 0.56549937, 0.8906778), (-0.004435514, 0.95710063, 1.2429593), (-10.001239, 0.4191073, 1.6932119), (-8.191917, -0.36968207, 2.2986808), (0.00017348476, 0.7833532, 1.7393407), (-10.000152, 0.2882993, 2.231903), (-4.4274735, -0.33409622, 2.9214716), (-0.5181119, 1.4009104, 2.695588), (-9.99743, 0.47115567, 2.5392544), (-0.000050601873, 1.3161393, 2.4183578), (-6.881732, -0.039580896, 3.1043646), (-1.8383243, 0.11836078, 3.9044614), (-3.8819528, 0.012426106, 3.6227684), (0.0002456332, 1.0442704, 3.0295599), (-0.00095603144, 0.707585, 3.524309), (-9.998367, 0.44588733, 3.9232266), (-9.121323, 0.32526731, 4.146303), (-10.000343, 0.5434633, 3.1757424), (-7.6852994, 0.124275744, 4.086043), (-5.2595644, -0.19538657, 4.548328), (-6.9969153, 0.64014846, 5.3357415), (-1.0387834, 1.3436394, 5.5044885), (-3.1769397, -0.14826623, 5.952294), (0.000029974275, 0.8242304, 4.0807214), (-9.999104, 0.27480802, 4.4685087), (-9.042818, 1.256201, 5.0123715), (-9.999303, 0.38688928, 5.095911), (-0.000120678334, 1.1211319, 4.917401), (-5.4496984, 0.039542094, 6.244606), (-8.138512, 0.26081806, 5.8245344), (-9.138939, 0.9478817, 5.985649), (-9.999597, 0.53654546, 5.8840437), (0.00030599034, 0.36346146, 6.0281053), (-6.961801, 0.8135886, 6.416823), (-9.999783, 0.32964614, 6.2732472), (-0.0009739149, -0.5945043, 7.062473), (-8.209528, 1.1321791, 7.2075396), (-0.000021189844, -0.19566469, 6.4419317), (-6.317146, 0.12759632, 7.220769), (-10.000026, -0.063367836, 6.7303224), (-9.99931, -0.16234018, 7.3007197), (-3.2671583, -1.097742, 7.966015), (-0.00042910385, -0.6037597, 7.636227), (-9.99535, 0.007222817, 8.383708), (-10.000879, -0.06382115, 7.9393363), (-9.103094, 0.34471714, 8.643771), (-7.706025, -0.90790945, 8.659134), (0.00000767549, -0.36120105, 8.358003), (-0.8101375, 0.80844206, 9.9991865), (-9.187175, -0.96545434, 9.99893), (-9.999074, -0.10399173, 8.718787), (0.0001531393, 0.13622184, 9.300176), (-10.00005, -0.1227651, 9.088374), (-9.999552, -0.8670991, 9.992111), (-8.515007, -0.8532597, 9.999611), (-1.2180009, 0.71777374, 9.996216), (-0.0006791701, 0.39366466, 9.705791), (-2.8466666, 0.56828874, 9.993566), (-1.7033682, 0.7773198, 9.995028), (-0.3341531, 0.711339, 10.000468), (-4.564453, -0.7199208, 9.999356), (-5.144329, -1.1474189, 10.000011), (-3.550381, -0.2842394, 9.999954), (-2.339618, 0.73097503, 9.998213), (-2.6095967, 0.79028517, 9.999507), (-7.628775, -1.2940797, 9.999984), (-6.367797, -1.4490227, 10.000012), (-0.0018070202, 0.36999017, 9.999918)] (
                    interpolation = "vertex"
                )
                uniform token subdivisionScheme = "none"
            }
        }

        def Xform "Area183"
        {
            vector3f[] primvars:P (
                interpolation = "constant"
            )
            vector3f[] primvars:P.timeSamples = {
                1: [(-136.8421, 0, -10.526321)],
            }
            matrix4d xformOp:transform:copytopoints1 = ( (1, 0, 0, 0), (0, 1, 0, 0), (0, 0, 1, 0), (-136.84210205078125, 0, -10.526321411132812, 1) )
            uniform token[] xformOpOrder = ["xformOp:transform:copytopoints1"]

            def Mesh "Mesh_3"
            {
                float3[] extent = [(-0.00074660836, -1.3812666, -0.0044252677), (10.000592, 1.348178, 10.000207)]
                int[] faceVertexCounts = [3, 3, 3, 3, 3, 3, 3, 3, 3, 3, 3, 3, 3, 3, 3, 3, 3, 3, 3, 3, 3, 3, 3, 3, 3, 3, 3, 3, 3, 3, 3, 3, 3, 3, 3, 3, 3, 3, 3, 3, 3, 3, 3, 3, 3, 3, 3, 3, 3, 3, 3, 3, 3, 3, 3, 3, 3, 3, 3, 3, 3, 3, 3, 3, 3, 3, 3, 3, 3, 3, 3, 3, 3, 3, 3, 3, 3, 3, 3, 3, 3, 3, 3, 3, 3, 3, 3, 3, 3, 3, 3, 3, 3, 3, 3, 3, 3, 3, 3, 3, 3, 3, 3, 3, 3, 3, 3, 3, 3, 3, 3, 3, 3, 3, 3, 3, 3, 3, 3, 3, 3, 3, 3, 3, 3, 3, 3, 3, 3, 3, 3, 3, 3, 3, 3]
                int[] faceVertexIndices = [0, 1, 2, 3, 4, 5, 6, 7, 3, 8, 7, 6, 8, 9, 7, 5, 4, 10, 4, 3, 7, 11, 12, 13, 0, 10, 14, 15, 16, 17, 18, 2, 1, 4, 14, 10, 9, 13, 7, 9, 11, 13, 12, 19, 13, 12, 20, 19, 0, 14, 1, 20, 21, 22, 17, 23, 15, 22, 19, 20, 18, 24, 17, 1, 24, 18, 7, 25, 4, 23, 17, 24, 22, 26, 19, 27, 23, 24, 13, 28, 7, 27, 24, 29, 28, 13, 30, 1, 14, 31, 7, 28, 25, 4, 25, 32, 14, 4, 31, 1, 31, 24, 26, 33, 19, 4, 34, 31, 4, 32, 34, 19, 35, 13, 24, 36, 29, 28, 30, 25, 30, 13, 35, 19, 37, 35, 19, 33, 37, 32, 25, 30, 36, 24, 38, 24, 31, 39, 32, 30, 40, 32, 41, 34, 42, 37, 33, 38, 24, 43, 34, 44, 31, 41, 32, 40, 42, 45, 37, 41, 44, 34, 40, 30, 35, 24, 39, 43, 43, 39, 46, 31, 47, 39, 45, 48, 37, 40, 35, 41, 35, 37, 49, 48, 49, 37, 44, 47, 31, 46, 39, 50, 41, 35, 51, 35, 49, 51, 52, 51, 49, 39, 53, 50, 41, 51, 54, 54, 44, 41, 52, 55, 51, 53, 39, 56, 39, 57, 56, 51, 55, 58, 47, 59, 39, 47, 44, 59, 54, 59, 44, 39, 59, 57, 60, 58, 55, 55, 61, 60, 56, 57, 62, 63, 59, 54, 51, 58, 64, 60, 65, 58, 62, 57, 66, 59, 63, 57, 54, 67, 63, 58, 65, 68, 64, 54, 51, 64, 67, 54, 58, 68, 69, 66, 57, 70, 71, 70, 57, 72, 63, 67, 67, 73, 72, 67, 64, 73, 58, 69, 74, 71, 57, 63, 64, 58, 75, 70, 71, 76, 76, 71, 77, 58, 74, 75, 78, 74, 69, 79, 77, 71, 74, 78, 80, 74, 80, 81, 80, 82, 81, 71, 63, 83, 82, 84, 81, 83, 63, 85, 73, 86, 72, 64, 75, 87, 84, 88, 81, 63, 72, 89, 63, 89, 85, 64, 90, 73, 75, 91, 87, 92, 75, 74, 92, 74, 93, 81, 93, 74, 71, 94, 79, 95, 71, 83, 73, 90, 86, 64, 87, 96, 91, 75, 97, 88, 98, 81, 79, 94, 99, 89, 72, 100, 101, 90, 64, 75, 102, 97, 79, 99, 103, 71, 95, 94, 72, 86, 100, 96, 101, 64, 75, 92, 102]
                uniform token orientation = "leftHanded"
                point3f[] points = [(2.8943965, -0.34084094, 0.0027933456), (1.8552501, 0.32608774, 0.7658776), (2.2979782, -0.21123311, 0.0008774642), (5.549406, -0.61758476, -0.000025660082), (4.2861977, 0.6111545, 1.1882676), (4.8450885, -0.31858498, 0.0008828862), (6.1088567, -0.59070164, 0.0010576145), (6.1641645, -0.126713, 0.6369208), (6.4923353, -0.37560493, 0.00049446686), (7.090108, -0.30016994, 0.001911814), (3.8884335, -0.22729632, 0.00032808044), (7.9327054, 0.026152628, 0.00045602783), (8.887859, 0.03203948, 0.0007945308), (8.013441, 0.27973345, 0.8550754), (3.0180473, 0.5254889, 0.8971376), (0.00001057233, 0.29951736, 0.3654708), (0.00036419905, -0.02600508, -0.0044252677), (0.67390877, -0.16641131, 0.0006273171), (1.4092294, -0.23169188, -0.00026471246), (9.053648, 0.5825587, 1.8117192), (9.532316, 0.4498498, 0.00017752318), (9.99824, 0.5091095, 0.061147723), (9.999879, 0.31378645, 0.6908857), (0.000294897, 0.5484, 0.7525085), (0.91933393, 1.1508236, 1.8563362), (5.6901364, 0.87855965, 1.5415351), (9.999911, 0.44232926, 1.3805523), (-0.00033322634, 0.97657865, 1.2524095), (6.531583, 0.60427475, 1.565258), (0.00033318903, 0.7904561, 1.7498404), (6.846838, 0.27131203, 2.2173436), (2.3783004, 1.2357157, 2.2087762), (4.962761, 0.76007265, 2.36267), (9.999258, 1.2718464, 2.333364), (3.5008845, 0.23054777, 2.5995264), (7.558619, 0.28244686, 3.4428), (0.00004999658, 1.3209214, 2.4234085), (9.087664, 1.0683389, 2.8367007), (-0.00008982531, 1.0658573, 3.0256326), (1.1619868, 0.77176887, 4.243704), (5.5680013, 1.348178, 3.4338677), (4.796837, 1.2362864, 4.2278423), (10.00001, 1.0262262, 2.9119048), (0.00005206988, 0.7623755, 3.325766), (3.593932, 0.7705062, 4.49798), (9.99976, 0.53716874, 3.364431), (-0.0000029535374, 0.7585327, 3.9362178), (2.4363434, 1.2213511, 4.642625), (9.999062, 0.41622767, 3.7688012), (9.997211, 0.5305753, 4.1767554), (-0.00002489864, 1.0252103, 4.5140305), (7.130494, -1.3812666, 5.1997757), (10.000305, 0.21414861, 4.652356), (0.00004942083, 1.1326565, 4.9090033), (4.9347773, 0.4115234, 6.127354), (9.999035, -0.09885473, 5.228463), (-0.00074660836, 0.3579084, 6.029711), (1.3706224, -0.4905172, 6.907195), (8.963642, -0.0014859807, 7.008174), (3.028913, 0.18794109, 6.030603), (10.000581, 0.29463196, 6.3640304), (10.000098, -0.19514313, 5.744232), (0.000043713568, -0.16183603, 6.416344), (2.8666465, -0.76254433, 7.5822973), (6.902529, -0.3192306, 8.26561), (10.000027, 0.618925, 6.87531), (0.000033370787, -0.58461976, 7.019601), (4.9897323, 0.0117714, 7.344164), (9.997617, 0.8170502, 7.155068), (9.995385, 0.8667968, 7.6746993), (0.00005463851, -0.5580389, 7.9238954), (1.6189348, -0.65363085, 8.96309), (4.171208, 0.035686728, 8.589618), (4.982885, 0.6952391, 8.667858), (9.020889, 0.91649014, 8.641582), (7.88434, -0.31020004, 9.199286), (-0.00020935929, 0.00067761756, 8.9133005), (0.0004217218, 0.1352124, 9.355778), (9.998977, 0.80069447, 8.325907), (0.0034511162, 0.40133613, 9.726118), (9.999526, 1.1511991, 8.796258), (9.797138, 0.7015084, 9.997199), (10.000592, 0.87321174, 9.117289), (2.5347831, -0.7184808, 9.9984665), (9.999235, 0.990058, 9.307717), (2.888453, -0.68268126, 9.999639), (4.5169067, 0.14857554, 9.999828), (6.7376456, -0.14023787, 9.998619), (9.997016, 1.0051557, 9.634751), (3.3549628, -0.40326142, 9.999194), (5.1062355, 0.35834163, 9.999572), (7.2815437, 0.010874761, 10.000207), (8.886041, 0.4181061, 9.99802), (9.190625, 0.37871298, 9.99969), (1.3315306, -0.7188837, 10.000146), (1.9813026, -0.90666145, 9.999916), (6.1606593, -0.078209914, 10.000027), (8.084097, 0.015738236, 9.999919), (9.999322, 0.76716125, 9.958075), (0.6461925, -0.18122016, 9.999994), (3.7479675, -0.3708659, 10.000072), (5.73463, 0.29394633, 9.999717), (8.629975, 0.13828777, 10.000178), (0.02161542, 0.35039085, 10.000113)] (
                    interpolation = "vertex"
                )
                uniform token subdivisionScheme = "none"
            }

            def Mesh "Mesh_2"
            {
                float3[] extent = [(-0.00027717845, -1.131625, -10.00058), (10.004538, 1.4215744, 0.00021584799)]
                int[] faceVertexCounts = [3, 3, 3, 3, 3, 3, 3, 3, 3, 3, 3, 3, 3, 3, 3, 3, 3, 3, 3, 3, 3, 3, 3, 3, 3, 3, 3, 3, 3, 3, 3, 3, 3, 3, 3, 3, 3, 3, 3, 3, 3, 3, 3, 3, 3, 3, 3, 3, 3, 3, 3, 3, 3, 3, 3, 3, 3, 3, 3, 3, 3, 3, 3, 3, 3, 3, 3, 3, 3, 3, 3, 3, 3, 3, 3, 3, 3, 3, 3, 3, 3, 3, 3, 3, 3, 3, 3, 3, 3, 3, 3, 3, 3, 3, 3, 3, 3, 3, 3, 3, 3, 3, 3, 3, 3, 3, 3, 3, 3, 3, 3, 3, 3, 3, 3, 3, 3, 3, 3, 3, 3, 3, 3, 3, 3, 3, 3, 3, 3, 3, 3, 3, 3, 3, 3, 3, 3, 3]
                int[] faceVertexIndices = [0, 1, 2, 3, 4, 5, 4, 6, 5, 6, 7, 8, 9, 10, 11, 12, 13, 14, 14, 3, 5, 6, 8, 15, 16, 8, 7, 16, 17, 8, 18, 19, 20, 21, 1, 22, 1, 0, 13, 14, 5, 12, 6, 15, 5, 11, 23, 9, 19, 21, 20, 1, 13, 22, 17, 23, 8, 17, 24, 23, 9, 23, 24, 21, 22, 25, 22, 13, 26, 11, 27, 23, 21, 25, 20, 13, 12, 26, 27, 28, 23, 25, 22, 29, 22, 26, 30, 15, 31, 5, 32, 8, 23, 22, 30, 29, 5, 26, 12, 32, 23, 33, 28, 34, 23, 31, 15, 35, 15, 8, 32, 29, 36, 25, 30, 37, 29, 31, 38, 5, 26, 5, 30, 32, 35, 15, 30, 5, 38, 32, 33, 39, 23, 34, 40, 36, 29, 37, 31, 35, 38, 25, 36, 41, 35, 32, 42, 23, 40, 43, 41, 36, 44, 23, 43, 33, 38, 37, 30, 39, 45, 32, 33, 43, 46, 36, 47, 44, 38, 35, 48, 36, 37, 49, 35, 42, 48, 42, 32, 50, 33, 45, 39, 37, 38, 48, 33, 46, 45, 32, 45, 50, 36, 51, 47, 37, 48, 52, 45, 46, 53, 52, 48, 54, 48, 42, 54, 49, 51, 36, 46, 55, 53, 50, 56, 42, 57, 53, 55, 49, 37, 58, 37, 52, 58, 50, 45, 56, 49, 58, 51, 57, 59, 53, 56, 54, 42, 56, 45, 60, 45, 53, 60, 51, 58, 61, 62, 52, 54, 53, 59, 63, 56, 60, 64, 60, 53, 65, 52, 66, 58, 54, 56, 62, 58, 67, 61, 64, 62, 56, 62, 68, 52, 63, 69, 53, 58, 66, 67, 66, 52, 68, 69, 70, 53, 60, 65, 71, 61, 72, 73, 61, 67, 72, 67, 66, 72, 65, 53, 71, 53, 70, 71, 64, 60, 74, 60, 71, 74, 70, 75, 71, 71, 75, 76, 73, 72, 77, 68, 78, 66, 62, 78, 68, 62, 64, 74, 77, 79, 80, 77, 72, 79, 76, 81, 71, 72, 66, 79, 81, 82, 71, 74, 78, 62, 82, 74, 71, 83, 82, 81, 74, 84, 78, 80, 79, 85, 66, 78, 79, 86, 84, 74, 74, 82, 87, 74, 87, 88, 78, 89, 90, 84, 89, 78, 82, 91, 87, 83, 92, 82, 90, 93, 78, 94, 85, 79, 95, 96, 79, 79, 78, 95, 78, 93, 95, 74, 88, 86, 82, 92, 97, 82, 97, 91, 98, 85, 99, 94, 99, 85, 79, 96, 94]
                uniform token orientation = "leftHanded"
                point3f[] points = [(2.7583492, 1.0962907, -9.999616), (1.9640596, 0.6737012, -9.999759), (2.3292115, 1.1214632, -10.00058), (4.6342535, 0.13572413, -9.999863), (5.604427, -0.3069892, -10), (4.5997186, 0.89573187, -8.48553), (6.556837, 0.116695374, -9.999257), (6.992344, -0.06539539, -9.999873), (6.8920774, 0.37527648, -9.146613), (9.083476, -0.6367808, -9.99988), (9.771715, -0.37492302, -10.000342), (10.001207, -0.50230694, -9.982504), (3.8947072, 0.9939292, -9.061935), (3.147575, 0.95046914, -9.996039), (3.5916953, 1.0459424, -9.999621), (6.2273464, 1.020487, -8.584788), (7.3343277, -0.002357599, -10.000165), (7.9127016, -0.24274597, -9.999914), (0.0010770396, -1.131625, -9.99856), (0.64121056, -0.7454107, -10.000193), (0.0011309874, -1.1306096, -8.971585), (1.2104007, -0.44384998, -9.999938), (1.8108432, 0.0049735573, -9.193383), (8.801111, -1.1189419, -8.567703), (8.471359, -0.59977174, -9.999316), (0.0024950923, -0.9239112, -8.057134), (3.0485122, 1.2601576, -8.327549), (10.0000515, -0.76770157, -9.557916), (10.00012, -0.89071566, -8.511646), (1.5430222, 0.20193078, -7.6943774), (2.8064504, 0.64842993, -7.172941), (5.1427584, 1.2765179, -8.045158), (7.183857, 1.4215744, -6.6583514), (9.027691, 0.6831764, -6.5723987), (10.000082, -0.7042042, -7.8367543), (5.6617794, 0.03283201, -6.8199205), (0.9246491, -0.0072204336, -6.232078), (2.664653, 0.027789779, -5.8937745), (4.0329914, 1.2453492, -6.68167), (8.171457, 0.80212784, -6.32109), (9.999631, -0.09829389, -6.9828153), (0.00011323037, -0.48974088, -6.929484), (5.6019464, 0.17006671, -5.400031), (9.999802, 0.62080246, -6.406232), (-0.00027717845, -0.37186474, -6.292745), (7.905797, 0.7523402, -5.236907), (9.998449, 0.4171405, -5.8655257), (0.00006401227, -0.6446728, -5.718661), (4.1306615, -0.0673465, -5.354119), (1.4527597, 0.76774883, -5.12021), (6.6191115, 1.1537616, -5.151418), (0.00091307604, -0.4706481, -4.604914), (3.424885, 0.3586958, -4.0524445), (9.181076, 1.0161483, -3.8461714), (4.502193, -0.54476255, -4.273304), (9.999611, 0.45992368, -5.108479), (5.937324, 0.038023014, -4.0916204), (10.00004, 0.503979, -4.701283), (1.9849557, 0.8534905, -4.02859), (9.99971, 0.74868256, -4.121224), (7.691059, 0.07158081, -3.4895744), (0.0010406472, -0.106621176, -3.2557652), (4.9499397, 0.069397695, -2.8588622), (9.99954, 0.9085353, -3.6136682), (6.164506, 0.10650249, -2.5460522), (8.560573, 1.2696545, -3.2410448), (2.4442487, -0.19864294, -2.4508739), (1.7964007, 0.24453972, -3.0013442), (3.587544, 0.47710395, -2.8900058), (9.999997, 1.099967, -3.3341546), (9.997488, 0.9423328, -2.8984585), (8.54398, 0.3270415, -1.7002652), (1.1044073, 0.07610664, -1.982446), (0.0000127207, -0.32245547, -2.6764872), (6.301271, -0.77474153, -1.3483629), (10.00019, 0.70341295, -2.424567), (10.000196, 0.72881275, -1.735711), (0.0011318881, -0.24887337, -1.6291308), (3.9048283, -0.4352798, -0.99524045), (1.6160203, -0.34859902, -0.9226662), (0.00079791946, -0.3182843, -1.2557065), (9.999669, 0.5430709, -1.356473), (9.361356, 0.41880992, -0.69411236), (10.000167, 0.5647362, -0.6882416), (5.5253854, -0.6019573, -0.00153797), (0.0009776165, -0.24742691, -0.63289326), (6.111553, -0.5637177, -0.00018780101), (7.965034, 0.02488713, -0.00012648953), (6.84445, -0.30969372, -0.00021343678), (4.9171567, -0.31691542, -0.00012581548), (4.4129605, -0.354038, -0.0010547836), (8.759693, -0.026042553, -0.000019544144), (10.004538, 0.6415813, -0.020929908), (3.9376602, -0.23551756, 0.00021584799), (1.414708, -0.23433705, 0.00005491659), (2.8705118, -0.32439744, 0.00018930956), (2.2710757, -0.2096417, -0.00004395064), (9.39195, 0.3675225, -0.000059904414), (0.0022855904, -0.03990526, -0.0034305558), (0.60907805, -0.16654019, -0.000015183145)] (
                    interpolation = "vertex"
                )
                uniform token subdivisionScheme = "none"
            }

            def Mesh "Mesh_0"
            {
                float3[] extent = [(-10.00206, -1.691203, -10.000099), (0.0003972602, 1.8125514, 0.004959765)]
                int[] faceVertexCounts = [3, 3, 3, 3, 3, 3, 3, 3, 3, 3, 3, 3, 3, 3, 3, 3, 3, 3, 3, 3, 3, 3, 3, 3, 3, 3, 3, 3, 3, 3, 3, 3, 3, 3, 3, 3, 3, 3, 3, 3, 3, 3, 3, 3, 3, 3, 3, 3, 3, 3, 3, 3, 3, 3, 3, 3, 3, 3, 3, 3, 3, 3, 3, 3, 3, 3, 3, 3, 3, 3, 3, 3, 3, 3, 3, 3, 3, 3, 3, 3, 3, 3, 3, 3, 3, 3, 3, 3, 3, 3, 3, 3, 3, 3, 3, 3, 3, 3]
                int[] faceVertexIndices = [0, 1, 2, 0, 3, 4, 3, 5, 4, 5, 6, 7, 8, 9, 10, 11, 12, 9, 13, 14, 15, 16, 2, 1, 4, 1, 0, 11, 9, 8, 17, 18, 19, 9, 20, 10, 18, 14, 19, 5, 7, 4, 6, 20, 7, 12, 17, 19, 1, 4, 21, 21, 22, 1, 20, 9, 7, 19, 14, 23, 12, 19, 9, 1, 22, 24, 13, 25, 14, 7, 26, 4, 14, 25, 23, 26, 7, 9, 27, 24, 22, 9, 19, 26, 23, 25, 28, 29, 21, 4, 27, 22, 30, 4, 26, 31, 21, 32, 22, 26, 19, 33, 32, 34, 30, 30, 22, 32, 35, 36, 19, 31, 29, 4, 33, 31, 26, 35, 19, 23, 21, 29, 32, 33, 19, 36, 23, 28, 35, 32, 37, 34, 33, 36, 38, 39, 35, 28, 28, 40, 39, 37, 32, 41, 42, 41, 32, 42, 32, 29, 42, 29, 31, 39, 43, 35, 36, 35, 44, 36, 44, 38, 41, 42, 45, 38, 46, 33, 31, 33, 47, 47, 33, 46, 45, 42, 48, 35, 43, 49, 44, 35, 50, 35, 49, 50, 44, 51, 38, 46, 38, 51, 48, 42, 52, 44, 50, 51, 47, 42, 31, 53, 47, 46, 52, 54, 48, 51, 50, 55, 52, 42, 47, 47, 53, 52, 49, 56, 50, 50, 56, 57, 52, 58, 54, 55, 50, 59, 51, 53, 46, 58, 52, 60, 60, 52, 61, 51, 55, 62, 59, 62, 55, 52, 53, 63, 57, 64, 50, 61, 52, 65, 51, 62, 53, 61, 66, 60, 59, 50, 67, 68, 53, 62, 53, 69, 63, 67, 70, 59, 64, 67, 50, 66, 61, 71, 65, 72, 61, 73, 53, 68, 52, 63, 65, 69, 53, 74, 73, 74, 53, 62, 59, 70]
                uniform token orientation = "leftHanded"
                point3f[] points = [(-9.049906, -0.49202147, -9.999949), (-9.99872, 0.36926907, -9.032454), (-9.543219, -0.27327624, -9.999985), (-8.309603, -0.48925424, -10.000004), (-7.1204777, 0.016261257, -8.498981), (-7.3970346, 0.29389733, -9.999919), (-6.8825107, 0.25643107, -9.999268), (-6.4113073, 0.6244961, -8.890567), (-5.094887, 1.8125514, -10.000099), (-4.8157206, 0.8717174, -8.89243), (-5.4772816, 1.6316204, -9.999215), (-4.782157, 1.2893611, -9.999862), (-3.9678767, 0.6568336, -9.998886), (0.00012235975, -1.097938, -8.807033), (-0.9319989, -1.411448, -9.997782), (-0.00512517, -1.1244214, -9.999858), (-9.99986, -0.19308126, -9.979775), (-2.6864746, -0.64270717, -9.999943), (-1.65639, -1.2408261, -10.000015), (-3.2344122, -0.79618293, -7.6666484), (-6.033589, 0.7965264, -9.998835), (-8.250168, 1.4787289, -7.7345166), (-9.252794, 1.5364057, -7.938712), (-0.9688915, -0.90468216, -7.757146), (-10.00206, 0.70178825, -8.174141), (-0.000019122315, -0.8518864, -7.836686), (-4.9213424, 1.3254658, -7.489939), (-9.999372, 0.4952885, -7.642874), (-0.000947154, -0.48773888, -6.916671), (-7.8822613, 1.4293852, -6.2273483), (-9.999876, 0.6432832, -7.027577), (-6.5171685, -0.18371083, -5.9775596), (-9.139656, 0.08163952, -6.203966), (-5.384306, 0.19747107, -5.368073), (-9.999947, 0.093167864, -6.3616705), (-1.2826536, -1.0769709, -5.3489976), (-3.722286, -0.11824, -6.133447), (-9.999934, -0.3805464, -5.8656197), (-4.046102, -0.3988115, -5.2557626), (-0.00041820738, -0.6325576, -5.746745), (0.00029329245, -0.3729104, -6.3006673), (-10.000267, -0.6861183, -5.257105), (-8.411023, -0.20698734, -4.6610484), (0.000045661014, -0.49851295, -4.7247224), (-2.4524574, -0.09798113, -4.554067), (-10.000255, -1.3695823, -4.4188004), (-4.1529226, 1.0367978, -3.6523087), (-6.000788, -0.3902182, -3.984503), (-9.99946, -1.6068727, -3.7588623), (0.0003972602, -0.11004483, -3.287571), (-1.2914625, -0.3536366, -2.8851736), (-3.0802333, 0.33706325, -3.1153667), (-8.223735, -1.691203, -2.0050852), (-4.8613853, -0.99107575, -1.7742401), (-9.999939, -1.6350838, -2.561936), (-2.4487977, 0.34559944, -2.041343), (0.000020726588, -0.32575977, -2.6627777), (-0.0001444932, -0.2967661, -1.4025623), (-9.999925, -1.3113011, -1.6659088), (-1.3562057, 0.11065678, -1.2671137), (-9.999995, -1.0040818, -0.8868251), (-8.862473, -0.8374684, -0.000056493373), (-1.7336651, -0.07694651, -0.0012895463), (-6.3539, -1.4739083, -0.00048509648), (-0.00046355725, -0.22883804, -0.5210658), (-7.1957974, -1.4448305, -0.0014618724), (-10.001454, -0.36511785, -0.035709582), (-0.014177267, 0.02512797, 0.004959765), (-2.4165273, -0.20546341, -0.000021072918), (-5.311727, -1.1508042, 0.000002395322), (-1.0785443, 0.06516249, -0.000018093304), (-9.551274, -0.50196284, 0.000019477502), (-7.9265246, -1.0876433, -0.000004593857), (-3.3006623, -0.5869527, -0.000026094776), (-3.9247386, -0.6623031, -0.000008871536)] (
                    interpolation = "vertex"
                )
                uniform token subdivisionScheme = "none"
            }

            def Mesh "Mesh_1"
            {
                float3[] extent = [(-10.001239, -1.5165114, -0.00037971576), (0.00030599034, 1.4009104, 10.000468)]
                int[] faceVertexCounts = [3, 3, 3, 3, 3, 3, 3, 3, 3, 3, 3, 3, 3, 3, 3, 3, 3, 3, 3, 3, 3, 3, 3, 3, 3, 3, 3, 3, 3, 3, 3, 3, 3, 3, 3, 3, 3, 3, 3, 3, 3, 3, 3, 3, 3, 3, 3, 3, 3, 3, 3, 3, 3, 3, 3, 3, 3, 3, 3, 3, 3, 3, 3, 3, 3, 3, 3, 3, 3, 3, 3, 3, 3, 3, 3, 3, 3, 3, 3, 3, 3, 3, 3, 3, 3, 3, 3, 3, 3, 3, 3, 3, 3, 3, 3, 3, 3, 3, 3, 3, 3, 3, 3, 3, 3, 3, 3, 3, 3, 3, 3, 3]
                int[] faceVertexIndices = [0, 1, 2, 0, 3, 4, 5, 6, 7, 8, 9, 10, 10, 9, 11, 12, 13, 14, 14, 15, 12, 4, 1, 0, 4, 3, 6, 7, 8, 5, 10, 11, 13, 11, 16, 13, 8, 10, 5, 16, 14, 13, 5, 4, 6, 13, 12, 17, 18, 1, 19, 13, 17, 20, 13, 20, 21, 19, 1, 4, 19, 4, 22, 4, 5, 23, 21, 24, 13, 4, 25, 22, 10, 26, 5, 13, 24, 27, 25, 4, 28, 24, 29, 27, 4, 23, 28, 23, 5, 30, 13, 27, 31, 10, 32, 26, 29, 33, 27, 13, 31, 10, 10, 31, 32, 31, 27, 34, 23, 35, 28, 27, 33, 34, 35, 23, 36, 28, 35, 37, 38, 36, 23, 30, 38, 23, 5, 26, 39, 39, 26, 32, 30, 40, 38, 34, 41, 31, 5, 40, 30, 32, 31, 42, 34, 43, 41, 36, 44, 35, 38, 45, 36, 44, 36, 45, 44, 45, 46, 41, 43, 47, 40, 5, 48, 45, 38, 49, 42, 31, 41, 39, 48, 5, 50, 46, 45, 50, 51, 46, 49, 38, 40, 47, 52, 41, 45, 49, 50, 40, 48, 53, 49, 40, 53, 39, 32, 42, 50, 54, 51, 42, 41, 55, 50, 49, 56, 39, 42, 48, 52, 57, 41, 49, 53, 56, 41, 57, 55, 48, 58, 53, 50, 59, 54, 59, 50, 60, 50, 56, 60, 42, 55, 61, 53, 58, 56, 55, 62, 61, 60, 56, 63, 61, 48, 42, 60, 63, 64, 56, 65, 63, 56, 66, 65, 56, 58, 66, 67, 68, 62, 58, 48, 61, 66, 69, 65, 58, 61, 66, 62, 68, 61, 70, 63, 65, 68, 67, 71, 70, 65, 72, 72, 65, 73, 69, 73, 65, 66, 74, 69, 61, 68, 75, 71, 76, 68, 75, 77, 61, 77, 75, 78, 79, 68, 76, 61, 80, 81, 61, 82, 80, 77, 83, 84, 77, 78, 83, 74, 66, 85, 66, 86, 85, 66, 61, 86, 86, 61, 81, 61, 77, 82, 79, 76, 87]
                uniform token orientation = "leftHanded"
                point3f[] points = [(-8.576203, -0.9058066, -0.00037971576), (-9.527224, -0.5154664, 0.007149644), (-9.115877, -0.7544043, 0.00014382685), (-7.847249, -1.1077986, 0.00022236438), (-9.11622, 0.52682847, 1.4854237), (-5.5845795, -0.8747413, 2.8297062), (-7.4022317, -1.351118, 0.0002675286), (-6.5671067, -1.5165114, -0.00006590116), (-5.1393642, -1.0849848, 0.000017358476), (-3.9248424, -0.657401, 0.000042045875), (-3.8630705, -0.6775026, 1.4244405), (-3.3722582, -0.6100214, -0.00007763196), (-0.0000727314, 0.29797858, 0.3687093), (-1.359001, 0.21161355, 1.5590525), (-0.79433286, 0.10413965, 0.00003138875), (-0.00011828118, -0.0063765505, 0.0005127035), (-1.9337195, -0.08940035, 0.000010715429), (-0.0038403873, 0.56892234, 0.63688475), (-9.999495, -0.3989656, 0.025862051), (-10.000029, 0.47088933, 1.1380721), (-0.00030925954, 0.56549937, 0.8906778), (-0.004435514, 0.95710063, 1.2429593), (-10.001239, 0.4191073, 1.6932119), (-8.191917, -0.36968207, 2.2986808), (0.00017348476, 0.7833532, 1.7393407), (-10.000152, 0.2882993, 2.231903), (-4.4274735, -0.33409622, 2.9214716), (-0.5181119, 1.4009104, 2.695588), (-9.99743, 0.47115567, 2.5392544), (-0.000050601873, 1.3161393, 2.4183578), (-6.881732, -0.039580896, 3.1043646), (-1.8383243, 0.11836078, 3.9044614), (-3.8819528, 0.012426106, 3.6227684), (0.0002456332, 1.0442704, 3.0295599), (-0.00095603144, 0.707585, 3.524309), (-9.998367, 0.44588733, 3.9232266), (-9.121323, 0.32526731, 4.146303), (-10.000343, 0.5434633, 3.1757424), (-7.6852994, 0.124275744, 4.086043), (-5.2595644, -0.19538657, 4.548328), (-6.9969153, 0.64014846, 5.3357415), (-1.0387834, 1.3436394, 5.5044885), (-3.1769397, -0.14826623, 5.952294), (0.000029974275, 0.8242304, 4.0807214), (-9.999104, 0.27480802, 4.4685087), (-9.042818, 1.256201, 5.0123715), (-9.999303, 0.38688928, 5.095911), (-0.000120678334, 1.1211319, 4.917401), (-5.4496984, 0.039542094, 6.244606), (-8.138512, 0.26081806, 5.8245344), (-9.138939, 0.9478817, 5.985649), (-9.999597, 0.53654546, 5.8840437), (0.00030599034, 0.36346146, 6.0281053), (-6.961801, 0.8135886, 6.416823), (-9.999783, 0.32964614, 6.2732472), (-0.0009739149, -0.5945043, 7.062473), (-8.209528, 1.1321791, 7.2075396), (-0.000021189844, -0.19566469, 6.4419317), (-6.317146, 0.12759632, 7.220769), (-10.000026, -0.063367836, 6.7303224), (-9.99931, -0.16234018, 7.3007197), (-3.2671583, -1.097742, 7.966015), (-0.00042910385, -0.6037597, 7.636227), (-9.99535, 0.007222817, 8.383708), (-10.000879, -0.06382115, 7.9393363), (-9.103094, 0.34471714, 8.643771), (-7.706025, -0.90790945, 8.659134), (0.00000767549, -0.36120105, 8.358003), (-0.8101375, 0.80844206, 9.9991865), (-9.187175, -0.96545434, 9.99893), (-9.999074, -0.10399173, 8.718787), (0.0001531393, 0.13622184, 9.300176), (-10.00005, -0.1227651, 9.088374), (-9.999552, -0.8670991, 9.992111), (-8.515007, -0.8532597, 9.999611), (-1.2180009, 0.71777374, 9.996216), (-0.0006791701, 0.39366466, 9.705791), (-2.8466666, 0.56828874, 9.993566), (-1.7033682, 0.7773198, 9.995028), (-0.3341531, 0.711339, 10.000468), (-4.564453, -0.7199208, 9.999356), (-5.144329, -1.1474189, 10.000011), (-3.550381, -0.2842394, 9.999954), (-2.339618, 0.73097503, 9.998213), (-2.6095967, 0.79028517, 9.999507), (-7.628775, -1.2940797, 9.999984), (-6.367797, -1.4490227, 10.000012), (-0.0018070202, 0.36999017, 9.999918)] (
                    interpolation = "vertex"
                )
                uniform token subdivisionScheme = "none"
            }
        }

        def Xform "Area184"
        {
            vector3f[] primvars:P (
                interpolation = "constant"
            )
            vector3f[] primvars:P.timeSamples = {
                1: [(-115.789474, 0, -10.526321)],
            }
            matrix4d xformOp:transform:copytopoints1 = ( (1, 0, 0, 0), (0, 1, 0, 0), (0, 0, 1, 0), (-115.78947448730469, 0, -10.526321411132812, 1) )
            uniform token[] xformOpOrder = ["xformOp:transform:copytopoints1"]

            def Mesh "Mesh_3"
            {
                float3[] extent = [(-0.00074660836, -1.3812666, -0.0044252677), (10.000592, 1.348178, 10.000207)]
                int[] faceVertexCounts = [3, 3, 3, 3, 3, 3, 3, 3, 3, 3, 3, 3, 3, 3, 3, 3, 3, 3, 3, 3, 3, 3, 3, 3, 3, 3, 3, 3, 3, 3, 3, 3, 3, 3, 3, 3, 3, 3, 3, 3, 3, 3, 3, 3, 3, 3, 3, 3, 3, 3, 3, 3, 3, 3, 3, 3, 3, 3, 3, 3, 3, 3, 3, 3, 3, 3, 3, 3, 3, 3, 3, 3, 3, 3, 3, 3, 3, 3, 3, 3, 3, 3, 3, 3, 3, 3, 3, 3, 3, 3, 3, 3, 3, 3, 3, 3, 3, 3, 3, 3, 3, 3, 3, 3, 3, 3, 3, 3, 3, 3, 3, 3, 3, 3, 3, 3, 3, 3, 3, 3, 3, 3, 3, 3, 3, 3, 3, 3, 3, 3, 3, 3, 3, 3, 3]
                int[] faceVertexIndices = [0, 1, 2, 3, 4, 5, 6, 7, 3, 8, 7, 6, 8, 9, 7, 5, 4, 10, 4, 3, 7, 11, 12, 13, 0, 10, 14, 15, 16, 17, 18, 2, 1, 4, 14, 10, 9, 13, 7, 9, 11, 13, 12, 19, 13, 12, 20, 19, 0, 14, 1, 20, 21, 22, 17, 23, 15, 22, 19, 20, 18, 24, 17, 1, 24, 18, 7, 25, 4, 23, 17, 24, 22, 26, 19, 27, 23, 24, 13, 28, 7, 27, 24, 29, 28, 13, 30, 1, 14, 31, 7, 28, 25, 4, 25, 32, 14, 4, 31, 1, 31, 24, 26, 33, 19, 4, 34, 31, 4, 32, 34, 19, 35, 13, 24, 36, 29, 28, 30, 25, 30, 13, 35, 19, 37, 35, 19, 33, 37, 32, 25, 30, 36, 24, 38, 24, 31, 39, 32, 30, 40, 32, 41, 34, 42, 37, 33, 38, 24, 43, 34, 44, 31, 41, 32, 40, 42, 45, 37, 41, 44, 34, 40, 30, 35, 24, 39, 43, 43, 39, 46, 31, 47, 39, 45, 48, 37, 40, 35, 41, 35, 37, 49, 48, 49, 37, 44, 47, 31, 46, 39, 50, 41, 35, 51, 35, 49, 51, 52, 51, 49, 39, 53, 50, 41, 51, 54, 54, 44, 41, 52, 55, 51, 53, 39, 56, 39, 57, 56, 51, 55, 58, 47, 59, 39, 47, 44, 59, 54, 59, 44, 39, 59, 57, 60, 58, 55, 55, 61, 60, 56, 57, 62, 63, 59, 54, 51, 58, 64, 60, 65, 58, 62, 57, 66, 59, 63, 57, 54, 67, 63, 58, 65, 68, 64, 54, 51, 64, 67, 54, 58, 68, 69, 66, 57, 70, 71, 70, 57, 72, 63, 67, 67, 73, 72, 67, 64, 73, 58, 69, 74, 71, 57, 63, 64, 58, 75, 70, 71, 76, 76, 71, 77, 58, 74, 75, 78, 74, 69, 79, 77, 71, 74, 78, 80, 74, 80, 81, 80, 82, 81, 71, 63, 83, 82, 84, 81, 83, 63, 85, 73, 86, 72, 64, 75, 87, 84, 88, 81, 63, 72, 89, 63, 89, 85, 64, 90, 73, 75, 91, 87, 92, 75, 74, 92, 74, 93, 81, 93, 74, 71, 94, 79, 95, 71, 83, 73, 90, 86, 64, 87, 96, 91, 75, 97, 88, 98, 81, 79, 94, 99, 89, 72, 100, 101, 90, 64, 75, 102, 97, 79, 99, 103, 71, 95, 94, 72, 86, 100, 96, 101, 64, 75, 92, 102]
                uniform token orientation = "leftHanded"
                point3f[] points = [(2.8943965, -0.34084094, 0.0027933456), (1.8552501, 0.32608774, 0.7658776), (2.2979782, -0.21123311, 0.0008774642), (5.549406, -0.61758476, -0.000025660082), (4.2861977, 0.6111545, 1.1882676), (4.8450885, -0.31858498, 0.0008828862), (6.1088567, -0.59070164, 0.0010576145), (6.1641645, -0.126713, 0.6369208), (6.4923353, -0.37560493, 0.00049446686), (7.090108, -0.30016994, 0.001911814), (3.8884335, -0.22729632, 0.00032808044), (7.9327054, 0.026152628, 0.00045602783), (8.887859, 0.03203948, 0.0007945308), (8.013441, 0.27973345, 0.8550754), (3.0180473, 0.5254889, 0.8971376), (0.00001057233, 0.29951736, 0.3654708), (0.00036419905, -0.02600508, -0.0044252677), (0.67390877, -0.16641131, 0.0006273171), (1.4092294, -0.23169188, -0.00026471246), (9.053648, 0.5825587, 1.8117192), (9.532316, 0.4498498, 0.00017752318), (9.99824, 0.5091095, 0.061147723), (9.999879, 0.31378645, 0.6908857), (0.000294897, 0.5484, 0.7525085), (0.91933393, 1.1508236, 1.8563362), (5.6901364, 0.87855965, 1.5415351), (9.999911, 0.44232926, 1.3805523), (-0.00033322634, 0.97657865, 1.2524095), (6.531583, 0.60427475, 1.565258), (0.00033318903, 0.7904561, 1.7498404), (6.846838, 0.27131203, 2.2173436), (2.3783004, 1.2357157, 2.2087762), (4.962761, 0.76007265, 2.36267), (9.999258, 1.2718464, 2.333364), (3.5008845, 0.23054777, 2.5995264), (7.558619, 0.28244686, 3.4428), (0.00004999658, 1.3209214, 2.4234085), (9.087664, 1.0683389, 2.8367007), (-0.00008982531, 1.0658573, 3.0256326), (1.1619868, 0.77176887, 4.243704), (5.5680013, 1.348178, 3.4338677), (4.796837, 1.2362864, 4.2278423), (10.00001, 1.0262262, 2.9119048), (0.00005206988, 0.7623755, 3.325766), (3.593932, 0.7705062, 4.49798), (9.99976, 0.53716874, 3.364431), (-0.0000029535374, 0.7585327, 3.9362178), (2.4363434, 1.2213511, 4.642625), (9.999062, 0.41622767, 3.7688012), (9.997211, 0.5305753, 4.1767554), (-0.00002489864, 1.0252103, 4.5140305), (7.130494, -1.3812666, 5.1997757), (10.000305, 0.21414861, 4.652356), (0.00004942083, 1.1326565, 4.9090033), (4.9347773, 0.4115234, 6.127354), (9.999035, -0.09885473, 5.228463), (-0.00074660836, 0.3579084, 6.029711), (1.3706224, -0.4905172, 6.907195), (8.963642, -0.0014859807, 7.008174), (3.028913, 0.18794109, 6.030603), (10.000581, 0.29463196, 6.3640304), (10.000098, -0.19514313, 5.744232), (0.000043713568, -0.16183603, 6.416344), (2.8666465, -0.76254433, 7.5822973), (6.902529, -0.3192306, 8.26561), (10.000027, 0.618925, 6.87531), (0.000033370787, -0.58461976, 7.019601), (4.9897323, 0.0117714, 7.344164), (9.997617, 0.8170502, 7.155068), (9.995385, 0.8667968, 7.6746993), (0.00005463851, -0.5580389, 7.9238954), (1.6189348, -0.65363085, 8.96309), (4.171208, 0.035686728, 8.589618), (4.982885, 0.6952391, 8.667858), (9.020889, 0.91649014, 8.641582), (7.88434, -0.31020004, 9.199286), (-0.00020935929, 0.00067761756, 8.9133005), (0.0004217218, 0.1352124, 9.355778), (9.998977, 0.80069447, 8.325907), (0.0034511162, 0.40133613, 9.726118), (9.999526, 1.1511991, 8.796258), (9.797138, 0.7015084, 9.997199), (10.000592, 0.87321174, 9.117289), (2.5347831, -0.7184808, 9.9984665), (9.999235, 0.990058, 9.307717), (2.888453, -0.68268126, 9.999639), (4.5169067, 0.14857554, 9.999828), (6.7376456, -0.14023787, 9.998619), (9.997016, 1.0051557, 9.634751), (3.3549628, -0.40326142, 9.999194), (5.1062355, 0.35834163, 9.999572), (7.2815437, 0.010874761, 10.000207), (8.886041, 0.4181061, 9.99802), (9.190625, 0.37871298, 9.99969), (1.3315306, -0.7188837, 10.000146), (1.9813026, -0.90666145, 9.999916), (6.1606593, -0.078209914, 10.000027), (8.084097, 0.015738236, 9.999919), (9.999322, 0.76716125, 9.958075), (0.6461925, -0.18122016, 9.999994), (3.7479675, -0.3708659, 10.000072), (5.73463, 0.29394633, 9.999717), (8.629975, 0.13828777, 10.000178), (0.02161542, 0.35039085, 10.000113)] (
                    interpolation = "vertex"
                )
                uniform token subdivisionScheme = "none"
            }

            def Mesh "Mesh_2"
            {
                float3[] extent = [(-0.00027717845, -1.131625, -10.00058), (10.004538, 1.4215744, 0.00021584799)]
                int[] faceVertexCounts = [3, 3, 3, 3, 3, 3, 3, 3, 3, 3, 3, 3, 3, 3, 3, 3, 3, 3, 3, 3, 3, 3, 3, 3, 3, 3, 3, 3, 3, 3, 3, 3, 3, 3, 3, 3, 3, 3, 3, 3, 3, 3, 3, 3, 3, 3, 3, 3, 3, 3, 3, 3, 3, 3, 3, 3, 3, 3, 3, 3, 3, 3, 3, 3, 3, 3, 3, 3, 3, 3, 3, 3, 3, 3, 3, 3, 3, 3, 3, 3, 3, 3, 3, 3, 3, 3, 3, 3, 3, 3, 3, 3, 3, 3, 3, 3, 3, 3, 3, 3, 3, 3, 3, 3, 3, 3, 3, 3, 3, 3, 3, 3, 3, 3, 3, 3, 3, 3, 3, 3, 3, 3, 3, 3, 3, 3, 3, 3, 3, 3, 3, 3, 3, 3, 3, 3, 3, 3]
                int[] faceVertexIndices = [0, 1, 2, 3, 4, 5, 4, 6, 5, 6, 7, 8, 9, 10, 11, 12, 13, 14, 14, 3, 5, 6, 8, 15, 16, 8, 7, 16, 17, 8, 18, 19, 20, 21, 1, 22, 1, 0, 13, 14, 5, 12, 6, 15, 5, 11, 23, 9, 19, 21, 20, 1, 13, 22, 17, 23, 8, 17, 24, 23, 9, 23, 24, 21, 22, 25, 22, 13, 26, 11, 27, 23, 21, 25, 20, 13, 12, 26, 27, 28, 23, 25, 22, 29, 22, 26, 30, 15, 31, 5, 32, 8, 23, 22, 30, 29, 5, 26, 12, 32, 23, 33, 28, 34, 23, 31, 15, 35, 15, 8, 32, 29, 36, 25, 30, 37, 29, 31, 38, 5, 26, 5, 30, 32, 35, 15, 30, 5, 38, 32, 33, 39, 23, 34, 40, 36, 29, 37, 31, 35, 38, 25, 36, 41, 35, 32, 42, 23, 40, 43, 41, 36, 44, 23, 43, 33, 38, 37, 30, 39, 45, 32, 33, 43, 46, 36, 47, 44, 38, 35, 48, 36, 37, 49, 35, 42, 48, 42, 32, 50, 33, 45, 39, 37, 38, 48, 33, 46, 45, 32, 45, 50, 36, 51, 47, 37, 48, 52, 45, 46, 53, 52, 48, 54, 48, 42, 54, 49, 51, 36, 46, 55, 53, 50, 56, 42, 57, 53, 55, 49, 37, 58, 37, 52, 58, 50, 45, 56, 49, 58, 51, 57, 59, 53, 56, 54, 42, 56, 45, 60, 45, 53, 60, 51, 58, 61, 62, 52, 54, 53, 59, 63, 56, 60, 64, 60, 53, 65, 52, 66, 58, 54, 56, 62, 58, 67, 61, 64, 62, 56, 62, 68, 52, 63, 69, 53, 58, 66, 67, 66, 52, 68, 69, 70, 53, 60, 65, 71, 61, 72, 73, 61, 67, 72, 67, 66, 72, 65, 53, 71, 53, 70, 71, 64, 60, 74, 60, 71, 74, 70, 75, 71, 71, 75, 76, 73, 72, 77, 68, 78, 66, 62, 78, 68, 62, 64, 74, 77, 79, 80, 77, 72, 79, 76, 81, 71, 72, 66, 79, 81, 82, 71, 74, 78, 62, 82, 74, 71, 83, 82, 81, 74, 84, 78, 80, 79, 85, 66, 78, 79, 86, 84, 74, 74, 82, 87, 74, 87, 88, 78, 89, 90, 84, 89, 78, 82, 91, 87, 83, 92, 82, 90, 93, 78, 94, 85, 79, 95, 96, 79, 79, 78, 95, 78, 93, 95, 74, 88, 86, 82, 92, 97, 82, 97, 91, 98, 85, 99, 94, 99, 85, 79, 96, 94]
                uniform token orientation = "leftHanded"
                point3f[] points = [(2.7583492, 1.0962907, -9.999616), (1.9640596, 0.6737012, -9.999759), (2.3292115, 1.1214632, -10.00058), (4.6342535, 0.13572413, -9.999863), (5.604427, -0.3069892, -10), (4.5997186, 0.89573187, -8.48553), (6.556837, 0.116695374, -9.999257), (6.992344, -0.06539539, -9.999873), (6.8920774, 0.37527648, -9.146613), (9.083476, -0.6367808, -9.99988), (9.771715, -0.37492302, -10.000342), (10.001207, -0.50230694, -9.982504), (3.8947072, 0.9939292, -9.061935), (3.147575, 0.95046914, -9.996039), (3.5916953, 1.0459424, -9.999621), (6.2273464, 1.020487, -8.584788), (7.3343277, -0.002357599, -10.000165), (7.9127016, -0.24274597, -9.999914), (0.0010770396, -1.131625, -9.99856), (0.64121056, -0.7454107, -10.000193), (0.0011309874, -1.1306096, -8.971585), (1.2104007, -0.44384998, -9.999938), (1.8108432, 0.0049735573, -9.193383), (8.801111, -1.1189419, -8.567703), (8.471359, -0.59977174, -9.999316), (0.0024950923, -0.9239112, -8.057134), (3.0485122, 1.2601576, -8.327549), (10.0000515, -0.76770157, -9.557916), (10.00012, -0.89071566, -8.511646), (1.5430222, 0.20193078, -7.6943774), (2.8064504, 0.64842993, -7.172941), (5.1427584, 1.2765179, -8.045158), (7.183857, 1.4215744, -6.6583514), (9.027691, 0.6831764, -6.5723987), (10.000082, -0.7042042, -7.8367543), (5.6617794, 0.03283201, -6.8199205), (0.9246491, -0.0072204336, -6.232078), (2.664653, 0.027789779, -5.8937745), (4.0329914, 1.2453492, -6.68167), (8.171457, 0.80212784, -6.32109), (9.999631, -0.09829389, -6.9828153), (0.00011323037, -0.48974088, -6.929484), (5.6019464, 0.17006671, -5.400031), (9.999802, 0.62080246, -6.406232), (-0.00027717845, -0.37186474, -6.292745), (7.905797, 0.7523402, -5.236907), (9.998449, 0.4171405, -5.8655257), (0.00006401227, -0.6446728, -5.718661), (4.1306615, -0.0673465, -5.354119), (1.4527597, 0.76774883, -5.12021), (6.6191115, 1.1537616, -5.151418), (0.00091307604, -0.4706481, -4.604914), (3.424885, 0.3586958, -4.0524445), (9.181076, 1.0161483, -3.8461714), (4.502193, -0.54476255, -4.273304), (9.999611, 0.45992368, -5.108479), (5.937324, 0.038023014, -4.0916204), (10.00004, 0.503979, -4.701283), (1.9849557, 0.8534905, -4.02859), (9.99971, 0.74868256, -4.121224), (7.691059, 0.07158081, -3.4895744), (0.0010406472, -0.106621176, -3.2557652), (4.9499397, 0.069397695, -2.8588622), (9.99954, 0.9085353, -3.6136682), (6.164506, 0.10650249, -2.5460522), (8.560573, 1.2696545, -3.2410448), (2.4442487, -0.19864294, -2.4508739), (1.7964007, 0.24453972, -3.0013442), (3.587544, 0.47710395, -2.8900058), (9.999997, 1.099967, -3.3341546), (9.997488, 0.9423328, -2.8984585), (8.54398, 0.3270415, -1.7002652), (1.1044073, 0.07610664, -1.982446), (0.0000127207, -0.32245547, -2.6764872), (6.301271, -0.77474153, -1.3483629), (10.00019, 0.70341295, -2.424567), (10.000196, 0.72881275, -1.735711), (0.0011318881, -0.24887337, -1.6291308), (3.9048283, -0.4352798, -0.99524045), (1.6160203, -0.34859902, -0.9226662), (0.00079791946, -0.3182843, -1.2557065), (9.999669, 0.5430709, -1.356473), (9.361356, 0.41880992, -0.69411236), (10.000167, 0.5647362, -0.6882416), (5.5253854, -0.6019573, -0.00153797), (0.0009776165, -0.24742691, -0.63289326), (6.111553, -0.5637177, -0.00018780101), (7.965034, 0.02488713, -0.00012648953), (6.84445, -0.30969372, -0.00021343678), (4.9171567, -0.31691542, -0.00012581548), (4.4129605, -0.354038, -0.0010547836), (8.759693, -0.026042553, -0.000019544144), (10.004538, 0.6415813, -0.020929908), (3.9376602, -0.23551756, 0.00021584799), (1.414708, -0.23433705, 0.00005491659), (2.8705118, -0.32439744, 0.00018930956), (2.2710757, -0.2096417, -0.00004395064), (9.39195, 0.3675225, -0.000059904414), (0.0022855904, -0.03990526, -0.0034305558), (0.60907805, -0.16654019, -0.000015183145)] (
                    interpolation = "vertex"
                )
                uniform token subdivisionScheme = "none"
            }

            def Mesh "Mesh_0"
            {
                float3[] extent = [(-10.00206, -1.691203, -10.000099), (0.0003972602, 1.8125514, 0.004959765)]
                int[] faceVertexCounts = [3, 3, 3, 3, 3, 3, 3, 3, 3, 3, 3, 3, 3, 3, 3, 3, 3, 3, 3, 3, 3, 3, 3, 3, 3, 3, 3, 3, 3, 3, 3, 3, 3, 3, 3, 3, 3, 3, 3, 3, 3, 3, 3, 3, 3, 3, 3, 3, 3, 3, 3, 3, 3, 3, 3, 3, 3, 3, 3, 3, 3, 3, 3, 3, 3, 3, 3, 3, 3, 3, 3, 3, 3, 3, 3, 3, 3, 3, 3, 3, 3, 3, 3, 3, 3, 3, 3, 3, 3, 3, 3, 3, 3, 3, 3, 3, 3, 3]
                int[] faceVertexIndices = [0, 1, 2, 0, 3, 4, 3, 5, 4, 5, 6, 7, 8, 9, 10, 11, 12, 9, 13, 14, 15, 16, 2, 1, 4, 1, 0, 11, 9, 8, 17, 18, 19, 9, 20, 10, 18, 14, 19, 5, 7, 4, 6, 20, 7, 12, 17, 19, 1, 4, 21, 21, 22, 1, 20, 9, 7, 19, 14, 23, 12, 19, 9, 1, 22, 24, 13, 25, 14, 7, 26, 4, 14, 25, 23, 26, 7, 9, 27, 24, 22, 9, 19, 26, 23, 25, 28, 29, 21, 4, 27, 22, 30, 4, 26, 31, 21, 32, 22, 26, 19, 33, 32, 34, 30, 30, 22, 32, 35, 36, 19, 31, 29, 4, 33, 31, 26, 35, 19, 23, 21, 29, 32, 33, 19, 36, 23, 28, 35, 32, 37, 34, 33, 36, 38, 39, 35, 28, 28, 40, 39, 37, 32, 41, 42, 41, 32, 42, 32, 29, 42, 29, 31, 39, 43, 35, 36, 35, 44, 36, 44, 38, 41, 42, 45, 38, 46, 33, 31, 33, 47, 47, 33, 46, 45, 42, 48, 35, 43, 49, 44, 35, 50, 35, 49, 50, 44, 51, 38, 46, 38, 51, 48, 42, 52, 44, 50, 51, 47, 42, 31, 53, 47, 46, 52, 54, 48, 51, 50, 55, 52, 42, 47, 47, 53, 52, 49, 56, 50, 50, 56, 57, 52, 58, 54, 55, 50, 59, 51, 53, 46, 58, 52, 60, 60, 52, 61, 51, 55, 62, 59, 62, 55, 52, 53, 63, 57, 64, 50, 61, 52, 65, 51, 62, 53, 61, 66, 60, 59, 50, 67, 68, 53, 62, 53, 69, 63, 67, 70, 59, 64, 67, 50, 66, 61, 71, 65, 72, 61, 73, 53, 68, 52, 63, 65, 69, 53, 74, 73, 74, 53, 62, 59, 70]
                uniform token orientation = "leftHanded"
                point3f[] points = [(-9.049906, -0.49202147, -9.999949), (-9.99872, 0.36926907, -9.032454), (-9.543219, -0.27327624, -9.999985), (-8.309603, -0.48925424, -10.000004), (-7.1204777, 0.016261257, -8.498981), (-7.3970346, 0.29389733, -9.999919), (-6.8825107, 0.25643107, -9.999268), (-6.4113073, 0.6244961, -8.890567), (-5.094887, 1.8125514, -10.000099), (-4.8157206, 0.8717174, -8.89243), (-5.4772816, 1.6316204, -9.999215), (-4.782157, 1.2893611, -9.999862), (-3.9678767, 0.6568336, -9.998886), (0.00012235975, -1.097938, -8.807033), (-0.9319989, -1.411448, -9.997782), (-0.00512517, -1.1244214, -9.999858), (-9.99986, -0.19308126, -9.979775), (-2.6864746, -0.64270717, -9.999943), (-1.65639, -1.2408261, -10.000015), (-3.2344122, -0.79618293, -7.6666484), (-6.033589, 0.7965264, -9.998835), (-8.250168, 1.4787289, -7.7345166), (-9.252794, 1.5364057, -7.938712), (-0.9688915, -0.90468216, -7.757146), (-10.00206, 0.70178825, -8.174141), (-0.000019122315, -0.8518864, -7.836686), (-4.9213424, 1.3254658, -7.489939), (-9.999372, 0.4952885, -7.642874), (-0.000947154, -0.48773888, -6.916671), (-7.8822613, 1.4293852, -6.2273483), (-9.999876, 0.6432832, -7.027577), (-6.5171685, -0.18371083, -5.9775596), (-9.139656, 0.08163952, -6.203966), (-5.384306, 0.19747107, -5.368073), (-9.999947, 0.093167864, -6.3616705), (-1.2826536, -1.0769709, -5.3489976), (-3.722286, -0.11824, -6.133447), (-9.999934, -0.3805464, -5.8656197), (-4.046102, -0.3988115, -5.2557626), (-0.00041820738, -0.6325576, -5.746745), (0.00029329245, -0.3729104, -6.3006673), (-10.000267, -0.6861183, -5.257105), (-8.411023, -0.20698734, -4.6610484), (0.000045661014, -0.49851295, -4.7247224), (-2.4524574, -0.09798113, -4.554067), (-10.000255, -1.3695823, -4.4188004), (-4.1529226, 1.0367978, -3.6523087), (-6.000788, -0.3902182, -3.984503), (-9.99946, -1.6068727, -3.7588623), (0.0003972602, -0.11004483, -3.287571), (-1.2914625, -0.3536366, -2.8851736), (-3.0802333, 0.33706325, -3.1153667), (-8.223735, -1.691203, -2.0050852), (-4.8613853, -0.99107575, -1.7742401), (-9.999939, -1.6350838, -2.561936), (-2.4487977, 0.34559944, -2.041343), (0.000020726588, -0.32575977, -2.6627777), (-0.0001444932, -0.2967661, -1.4025623), (-9.999925, -1.3113011, -1.6659088), (-1.3562057, 0.11065678, -1.2671137), (-9.999995, -1.0040818, -0.8868251), (-8.862473, -0.8374684, -0.000056493373), (-1.7336651, -0.07694651, -0.0012895463), (-6.3539, -1.4739083, -0.00048509648), (-0.00046355725, -0.22883804, -0.5210658), (-7.1957974, -1.4448305, -0.0014618724), (-10.001454, -0.36511785, -0.035709582), (-0.014177267, 0.02512797, 0.004959765), (-2.4165273, -0.20546341, -0.000021072918), (-5.311727, -1.1508042, 0.000002395322), (-1.0785443, 0.06516249, -0.000018093304), (-9.551274, -0.50196284, 0.000019477502), (-7.9265246, -1.0876433, -0.000004593857), (-3.3006623, -0.5869527, -0.000026094776), (-3.9247386, -0.6623031, -0.000008871536)] (
                    interpolation = "vertex"
                )
                uniform token subdivisionScheme = "none"
            }

            def Mesh "Mesh_1"
            {
                float3[] extent = [(-10.001239, -1.5165114, -0.00037971576), (0.00030599034, 1.4009104, 10.000468)]
                int[] faceVertexCounts = [3, 3, 3, 3, 3, 3, 3, 3, 3, 3, 3, 3, 3, 3, 3, 3, 3, 3, 3, 3, 3, 3, 3, 3, 3, 3, 3, 3, 3, 3, 3, 3, 3, 3, 3, 3, 3, 3, 3, 3, 3, 3, 3, 3, 3, 3, 3, 3, 3, 3, 3, 3, 3, 3, 3, 3, 3, 3, 3, 3, 3, 3, 3, 3, 3, 3, 3, 3, 3, 3, 3, 3, 3, 3, 3, 3, 3, 3, 3, 3, 3, 3, 3, 3, 3, 3, 3, 3, 3, 3, 3, 3, 3, 3, 3, 3, 3, 3, 3, 3, 3, 3, 3, 3, 3, 3, 3, 3, 3, 3, 3, 3]
                int[] faceVertexIndices = [0, 1, 2, 0, 3, 4, 5, 6, 7, 8, 9, 10, 10, 9, 11, 12, 13, 14, 14, 15, 12, 4, 1, 0, 4, 3, 6, 7, 8, 5, 10, 11, 13, 11, 16, 13, 8, 10, 5, 16, 14, 13, 5, 4, 6, 13, 12, 17, 18, 1, 19, 13, 17, 20, 13, 20, 21, 19, 1, 4, 19, 4, 22, 4, 5, 23, 21, 24, 13, 4, 25, 22, 10, 26, 5, 13, 24, 27, 25, 4, 28, 24, 29, 27, 4, 23, 28, 23, 5, 30, 13, 27, 31, 10, 32, 26, 29, 33, 27, 13, 31, 10, 10, 31, 32, 31, 27, 34, 23, 35, 28, 27, 33, 34, 35, 23, 36, 28, 35, 37, 38, 36, 23, 30, 38, 23, 5, 26, 39, 39, 26, 32, 30, 40, 38, 34, 41, 31, 5, 40, 30, 32, 31, 42, 34, 43, 41, 36, 44, 35, 38, 45, 36, 44, 36, 45, 44, 45, 46, 41, 43, 47, 40, 5, 48, 45, 38, 49, 42, 31, 41, 39, 48, 5, 50, 46, 45, 50, 51, 46, 49, 38, 40, 47, 52, 41, 45, 49, 50, 40, 48, 53, 49, 40, 53, 39, 32, 42, 50, 54, 51, 42, 41, 55, 50, 49, 56, 39, 42, 48, 52, 57, 41, 49, 53, 56, 41, 57, 55, 48, 58, 53, 50, 59, 54, 59, 50, 60, 50, 56, 60, 42, 55, 61, 53, 58, 56, 55, 62, 61, 60, 56, 63, 61, 48, 42, 60, 63, 64, 56, 65, 63, 56, 66, 65, 56, 58, 66, 67, 68, 62, 58, 48, 61, 66, 69, 65, 58, 61, 66, 62, 68, 61, 70, 63, 65, 68, 67, 71, 70, 65, 72, 72, 65, 73, 69, 73, 65, 66, 74, 69, 61, 68, 75, 71, 76, 68, 75, 77, 61, 77, 75, 78, 79, 68, 76, 61, 80, 81, 61, 82, 80, 77, 83, 84, 77, 78, 83, 74, 66, 85, 66, 86, 85, 66, 61, 86, 86, 61, 81, 61, 77, 82, 79, 76, 87]
                uniform token orientation = "leftHanded"
                point3f[] points = [(-8.576203, -0.9058066, -0.00037971576), (-9.527224, -0.5154664, 0.007149644), (-9.115877, -0.7544043, 0.00014382685), (-7.847249, -1.1077986, 0.00022236438), (-9.11622, 0.52682847, 1.4854237), (-5.5845795, -0.8747413, 2.8297062), (-7.4022317, -1.351118, 0.0002675286), (-6.5671067, -1.5165114, -0.00006590116), (-5.1393642, -1.0849848, 0.000017358476), (-3.9248424, -0.657401, 0.000042045875), (-3.8630705, -0.6775026, 1.4244405), (-3.3722582, -0.6100214, -0.00007763196), (-0.0000727314, 0.29797858, 0.3687093), (-1.359001, 0.21161355, 1.5590525), (-0.79433286, 0.10413965, 0.00003138875), (-0.00011828118, -0.0063765505, 0.0005127035), (-1.9337195, -0.08940035, 0.000010715429), (-0.0038403873, 0.56892234, 0.63688475), (-9.999495, -0.3989656, 0.025862051), (-10.000029, 0.47088933, 1.1380721), (-0.00030925954, 0.56549937, 0.8906778), (-0.004435514, 0.95710063, 1.2429593), (-10.001239, 0.4191073, 1.6932119), (-8.191917, -0.36968207, 2.2986808), (0.00017348476, 0.7833532, 1.7393407), (-10.000152, 0.2882993, 2.231903), (-4.4274735, -0.33409622, 2.9214716), (-0.5181119, 1.4009104, 2.695588), (-9.99743, 0.47115567, 2.5392544), (-0.000050601873, 1.3161393, 2.4183578), (-6.881732, -0.039580896, 3.1043646), (-1.8383243, 0.11836078, 3.9044614), (-3.8819528, 0.012426106, 3.6227684), (0.0002456332, 1.0442704, 3.0295599), (-0.00095603144, 0.707585, 3.524309), (-9.998367, 0.44588733, 3.9232266), (-9.121323, 0.32526731, 4.146303), (-10.000343, 0.5434633, 3.1757424), (-7.6852994, 0.124275744, 4.086043), (-5.2595644, -0.19538657, 4.548328), (-6.9969153, 0.64014846, 5.3357415), (-1.0387834, 1.3436394, 5.5044885), (-3.1769397, -0.14826623, 5.952294), (0.000029974275, 0.8242304, 4.0807214), (-9.999104, 0.27480802, 4.4685087), (-9.042818, 1.256201, 5.0123715), (-9.999303, 0.38688928, 5.095911), (-0.000120678334, 1.1211319, 4.917401), (-5.4496984, 0.039542094, 6.244606), (-8.138512, 0.26081806, 5.8245344), (-9.138939, 0.9478817, 5.985649), (-9.999597, 0.53654546, 5.8840437), (0.00030599034, 0.36346146, 6.0281053), (-6.961801, 0.8135886, 6.416823), (-9.999783, 0.32964614, 6.2732472), (-0.0009739149, -0.5945043, 7.062473), (-8.209528, 1.1321791, 7.2075396), (-0.000021189844, -0.19566469, 6.4419317), (-6.317146, 0.12759632, 7.220769), (-10.000026, -0.063367836, 6.7303224), (-9.99931, -0.16234018, 7.3007197), (-3.2671583, -1.097742, 7.966015), (-0.00042910385, -0.6037597, 7.636227), (-9.99535, 0.007222817, 8.383708), (-10.000879, -0.06382115, 7.9393363), (-9.103094, 0.34471714, 8.643771), (-7.706025, -0.90790945, 8.659134), (0.00000767549, -0.36120105, 8.358003), (-0.8101375, 0.80844206, 9.9991865), (-9.187175, -0.96545434, 9.99893), (-9.999074, -0.10399173, 8.718787), (0.0001531393, 0.13622184, 9.300176), (-10.00005, -0.1227651, 9.088374), (-9.999552, -0.8670991, 9.992111), (-8.515007, -0.8532597, 9.999611), (-1.2180009, 0.71777374, 9.996216), (-0.0006791701, 0.39366466, 9.705791), (-2.8466666, 0.56828874, 9.993566), (-1.7033682, 0.7773198, 9.995028), (-0.3341531, 0.711339, 10.000468), (-4.564453, -0.7199208, 9.999356), (-5.144329, -1.1474189, 10.000011), (-3.550381, -0.2842394, 9.999954), (-2.339618, 0.73097503, 9.998213), (-2.6095967, 0.79028517, 9.999507), (-7.628775, -1.2940797, 9.999984), (-6.367797, -1.4490227, 10.000012), (-0.0018070202, 0.36999017, 9.999918)] (
                    interpolation = "vertex"
                )
                uniform token subdivisionScheme = "none"
            }
        }

        def Xform "Area185"
        {
            vector3f[] primvars:P (
                interpolation = "constant"
            )
            vector3f[] primvars:P.timeSamples = {
                1: [(-94.73685, 0, -10.526321)],
            }
            matrix4d xformOp:transform:copytopoints1 = ( (1, 0, 0, 0), (0, 1, 0, 0), (0, 0, 1, 0), (-94.73684692382812, 0, -10.526321411132812, 1) )
            uniform token[] xformOpOrder = ["xformOp:transform:copytopoints1"]

            def Mesh "Mesh_3"
            {
                float3[] extent = [(-0.00074660836, -1.3812666, -0.0044252677), (10.000592, 1.348178, 10.000207)]
                int[] faceVertexCounts = [3, 3, 3, 3, 3, 3, 3, 3, 3, 3, 3, 3, 3, 3, 3, 3, 3, 3, 3, 3, 3, 3, 3, 3, 3, 3, 3, 3, 3, 3, 3, 3, 3, 3, 3, 3, 3, 3, 3, 3, 3, 3, 3, 3, 3, 3, 3, 3, 3, 3, 3, 3, 3, 3, 3, 3, 3, 3, 3, 3, 3, 3, 3, 3, 3, 3, 3, 3, 3, 3, 3, 3, 3, 3, 3, 3, 3, 3, 3, 3, 3, 3, 3, 3, 3, 3, 3, 3, 3, 3, 3, 3, 3, 3, 3, 3, 3, 3, 3, 3, 3, 3, 3, 3, 3, 3, 3, 3, 3, 3, 3, 3, 3, 3, 3, 3, 3, 3, 3, 3, 3, 3, 3, 3, 3, 3, 3, 3, 3, 3, 3, 3, 3, 3, 3]
                int[] faceVertexIndices = [0, 1, 2, 3, 4, 5, 6, 7, 3, 8, 7, 6, 8, 9, 7, 5, 4, 10, 4, 3, 7, 11, 12, 13, 0, 10, 14, 15, 16, 17, 18, 2, 1, 4, 14, 10, 9, 13, 7, 9, 11, 13, 12, 19, 13, 12, 20, 19, 0, 14, 1, 20, 21, 22, 17, 23, 15, 22, 19, 20, 18, 24, 17, 1, 24, 18, 7, 25, 4, 23, 17, 24, 22, 26, 19, 27, 23, 24, 13, 28, 7, 27, 24, 29, 28, 13, 30, 1, 14, 31, 7, 28, 25, 4, 25, 32, 14, 4, 31, 1, 31, 24, 26, 33, 19, 4, 34, 31, 4, 32, 34, 19, 35, 13, 24, 36, 29, 28, 30, 25, 30, 13, 35, 19, 37, 35, 19, 33, 37, 32, 25, 30, 36, 24, 38, 24, 31, 39, 32, 30, 40, 32, 41, 34, 42, 37, 33, 38, 24, 43, 34, 44, 31, 41, 32, 40, 42, 45, 37, 41, 44, 34, 40, 30, 35, 24, 39, 43, 43, 39, 46, 31, 47, 39, 45, 48, 37, 40, 35, 41, 35, 37, 49, 48, 49, 37, 44, 47, 31, 46, 39, 50, 41, 35, 51, 35, 49, 51, 52, 51, 49, 39, 53, 50, 41, 51, 54, 54, 44, 41, 52, 55, 51, 53, 39, 56, 39, 57, 56, 51, 55, 58, 47, 59, 39, 47, 44, 59, 54, 59, 44, 39, 59, 57, 60, 58, 55, 55, 61, 60, 56, 57, 62, 63, 59, 54, 51, 58, 64, 60, 65, 58, 62, 57, 66, 59, 63, 57, 54, 67, 63, 58, 65, 68, 64, 54, 51, 64, 67, 54, 58, 68, 69, 66, 57, 70, 71, 70, 57, 72, 63, 67, 67, 73, 72, 67, 64, 73, 58, 69, 74, 71, 57, 63, 64, 58, 75, 70, 71, 76, 76, 71, 77, 58, 74, 75, 78, 74, 69, 79, 77, 71, 74, 78, 80, 74, 80, 81, 80, 82, 81, 71, 63, 83, 82, 84, 81, 83, 63, 85, 73, 86, 72, 64, 75, 87, 84, 88, 81, 63, 72, 89, 63, 89, 85, 64, 90, 73, 75, 91, 87, 92, 75, 74, 92, 74, 93, 81, 93, 74, 71, 94, 79, 95, 71, 83, 73, 90, 86, 64, 87, 96, 91, 75, 97, 88, 98, 81, 79, 94, 99, 89, 72, 100, 101, 90, 64, 75, 102, 97, 79, 99, 103, 71, 95, 94, 72, 86, 100, 96, 101, 64, 75, 92, 102]
                uniform token orientation = "leftHanded"
                point3f[] points = [(2.8943965, -0.34084094, 0.0027933456), (1.8552501, 0.32608774, 0.7658776), (2.2979782, -0.21123311, 0.0008774642), (5.549406, -0.61758476, -0.000025660082), (4.2861977, 0.6111545, 1.1882676), (4.8450885, -0.31858498, 0.0008828862), (6.1088567, -0.59070164, 0.0010576145), (6.1641645, -0.126713, 0.6369208), (6.4923353, -0.37560493, 0.00049446686), (7.090108, -0.30016994, 0.001911814), (3.8884335, -0.22729632, 0.00032808044), (7.9327054, 0.026152628, 0.00045602783), (8.887859, 0.03203948, 0.0007945308), (8.013441, 0.27973345, 0.8550754), (3.0180473, 0.5254889, 0.8971376), (0.00001057233, 0.29951736, 0.3654708), (0.00036419905, -0.02600508, -0.0044252677), (0.67390877, -0.16641131, 0.0006273171), (1.4092294, -0.23169188, -0.00026471246), (9.053648, 0.5825587, 1.8117192), (9.532316, 0.4498498, 0.00017752318), (9.99824, 0.5091095, 0.061147723), (9.999879, 0.31378645, 0.6908857), (0.000294897, 0.5484, 0.7525085), (0.91933393, 1.1508236, 1.8563362), (5.6901364, 0.87855965, 1.5415351), (9.999911, 0.44232926, 1.3805523), (-0.00033322634, 0.97657865, 1.2524095), (6.531583, 0.60427475, 1.565258), (0.00033318903, 0.7904561, 1.7498404), (6.846838, 0.27131203, 2.2173436), (2.3783004, 1.2357157, 2.2087762), (4.962761, 0.76007265, 2.36267), (9.999258, 1.2718464, 2.333364), (3.5008845, 0.23054777, 2.5995264), (7.558619, 0.28244686, 3.4428), (0.00004999658, 1.3209214, 2.4234085), (9.087664, 1.0683389, 2.8367007), (-0.00008982531, 1.0658573, 3.0256326), (1.1619868, 0.77176887, 4.243704), (5.5680013, 1.348178, 3.4338677), (4.796837, 1.2362864, 4.2278423), (10.00001, 1.0262262, 2.9119048), (0.00005206988, 0.7623755, 3.325766), (3.593932, 0.7705062, 4.49798), (9.99976, 0.53716874, 3.364431), (-0.0000029535374, 0.7585327, 3.9362178), (2.4363434, 1.2213511, 4.642625), (9.999062, 0.41622767, 3.7688012), (9.997211, 0.5305753, 4.1767554), (-0.00002489864, 1.0252103, 4.5140305), (7.130494, -1.3812666, 5.1997757), (10.000305, 0.21414861, 4.652356), (0.00004942083, 1.1326565, 4.9090033), (4.9347773, 0.4115234, 6.127354), (9.999035, -0.09885473, 5.228463), (-0.00074660836, 0.3579084, 6.029711), (1.3706224, -0.4905172, 6.907195), (8.963642, -0.0014859807, 7.008174), (3.028913, 0.18794109, 6.030603), (10.000581, 0.29463196, 6.3640304), (10.000098, -0.19514313, 5.744232), (0.000043713568, -0.16183603, 6.416344), (2.8666465, -0.76254433, 7.5822973), (6.902529, -0.3192306, 8.26561), (10.000027, 0.618925, 6.87531), (0.000033370787, -0.58461976, 7.019601), (4.9897323, 0.0117714, 7.344164), (9.997617, 0.8170502, 7.155068), (9.995385, 0.8667968, 7.6746993), (0.00005463851, -0.5580389, 7.9238954), (1.6189348, -0.65363085, 8.96309), (4.171208, 0.035686728, 8.589618), (4.982885, 0.6952391, 8.667858), (9.020889, 0.91649014, 8.641582), (7.88434, -0.31020004, 9.199286), (-0.00020935929, 0.00067761756, 8.9133005), (0.0004217218, 0.1352124, 9.355778), (9.998977, 0.80069447, 8.325907), (0.0034511162, 0.40133613, 9.726118), (9.999526, 1.1511991, 8.796258), (9.797138, 0.7015084, 9.997199), (10.000592, 0.87321174, 9.117289), (2.5347831, -0.7184808, 9.9984665), (9.999235, 0.990058, 9.307717), (2.888453, -0.68268126, 9.999639), (4.5169067, 0.14857554, 9.999828), (6.7376456, -0.14023787, 9.998619), (9.997016, 1.0051557, 9.634751), (3.3549628, -0.40326142, 9.999194), (5.1062355, 0.35834163, 9.999572), (7.2815437, 0.010874761, 10.000207), (8.886041, 0.4181061, 9.99802), (9.190625, 0.37871298, 9.99969), (1.3315306, -0.7188837, 10.000146), (1.9813026, -0.90666145, 9.999916), (6.1606593, -0.078209914, 10.000027), (8.084097, 0.015738236, 9.999919), (9.999322, 0.76716125, 9.958075), (0.6461925, -0.18122016, 9.999994), (3.7479675, -0.3708659, 10.000072), (5.73463, 0.29394633, 9.999717), (8.629975, 0.13828777, 10.000178), (0.02161542, 0.35039085, 10.000113)] (
                    interpolation = "vertex"
                )
                uniform token subdivisionScheme = "none"
            }

            def Mesh "Mesh_0"
            {
                float3[] extent = [(-10.00206, -1.691203, -10.000099), (0.0003972602, 1.8125514, 0.004959765)]
                int[] faceVertexCounts = [3, 3, 3, 3, 3, 3, 3, 3, 3, 3, 3, 3, 3, 3, 3, 3, 3, 3, 3, 3, 3, 3, 3, 3, 3, 3, 3, 3, 3, 3, 3, 3, 3, 3, 3, 3, 3, 3, 3, 3, 3, 3, 3, 3, 3, 3, 3, 3, 3, 3, 3, 3, 3, 3, 3, 3, 3, 3, 3, 3, 3, 3, 3, 3, 3, 3, 3, 3, 3, 3, 3, 3, 3, 3, 3, 3, 3, 3, 3, 3, 3, 3, 3, 3, 3, 3, 3, 3, 3, 3, 3, 3, 3, 3, 3, 3, 3, 3]
                int[] faceVertexIndices = [0, 1, 2, 0, 3, 4, 3, 5, 4, 5, 6, 7, 8, 9, 10, 11, 12, 9, 13, 14, 15, 16, 2, 1, 4, 1, 0, 11, 9, 8, 17, 18, 19, 9, 20, 10, 18, 14, 19, 5, 7, 4, 6, 20, 7, 12, 17, 19, 1, 4, 21, 21, 22, 1, 20, 9, 7, 19, 14, 23, 12, 19, 9, 1, 22, 24, 13, 25, 14, 7, 26, 4, 14, 25, 23, 26, 7, 9, 27, 24, 22, 9, 19, 26, 23, 25, 28, 29, 21, 4, 27, 22, 30, 4, 26, 31, 21, 32, 22, 26, 19, 33, 32, 34, 30, 30, 22, 32, 35, 36, 19, 31, 29, 4, 33, 31, 26, 35, 19, 23, 21, 29, 32, 33, 19, 36, 23, 28, 35, 32, 37, 34, 33, 36, 38, 39, 35, 28, 28, 40, 39, 37, 32, 41, 42, 41, 32, 42, 32, 29, 42, 29, 31, 39, 43, 35, 36, 35, 44, 36, 44, 38, 41, 42, 45, 38, 46, 33, 31, 33, 47, 47, 33, 46, 45, 42, 48, 35, 43, 49, 44, 35, 50, 35, 49, 50, 44, 51, 38, 46, 38, 51, 48, 42, 52, 44, 50, 51, 47, 42, 31, 53, 47, 46, 52, 54, 48, 51, 50, 55, 52, 42, 47, 47, 53, 52, 49, 56, 50, 50, 56, 57, 52, 58, 54, 55, 50, 59, 51, 53, 46, 58, 52, 60, 60, 52, 61, 51, 55, 62, 59, 62, 55, 52, 53, 63, 57, 64, 50, 61, 52, 65, 51, 62, 53, 61, 66, 60, 59, 50, 67, 68, 53, 62, 53, 69, 63, 67, 70, 59, 64, 67, 50, 66, 61, 71, 65, 72, 61, 73, 53, 68, 52, 63, 65, 69, 53, 74, 73, 74, 53, 62, 59, 70]
                uniform token orientation = "leftHanded"
                point3f[] points = [(-9.049906, -0.49202147, -9.999949), (-9.99872, 0.36926907, -9.032454), (-9.543219, -0.27327624, -9.999985), (-8.309603, -0.48925424, -10.000004), (-7.1204777, 0.016261257, -8.498981), (-7.3970346, 0.29389733, -9.999919), (-6.8825107, 0.25643107, -9.999268), (-6.4113073, 0.6244961, -8.890567), (-5.094887, 1.8125514, -10.000099), (-4.8157206, 0.8717174, -8.89243), (-5.4772816, 1.6316204, -9.999215), (-4.782157, 1.2893611, -9.999862), (-3.9678767, 0.6568336, -9.998886), (0.00012235975, -1.097938, -8.807033), (-0.9319989, -1.411448, -9.997782), (-0.00512517, -1.1244214, -9.999858), (-9.99986, -0.19308126, -9.979775), (-2.6864746, -0.64270717, -9.999943), (-1.65639, -1.2408261, -10.000015), (-3.2344122, -0.79618293, -7.6666484), (-6.033589, 0.7965264, -9.998835), (-8.250168, 1.4787289, -7.7345166), (-9.252794, 1.5364057, -7.938712), (-0.9688915, -0.90468216, -7.757146), (-10.00206, 0.70178825, -8.174141), (-0.000019122315, -0.8518864, -7.836686), (-4.9213424, 1.3254658, -7.489939), (-9.999372, 0.4952885, -7.642874), (-0.000947154, -0.48773888, -6.916671), (-7.8822613, 1.4293852, -6.2273483), (-9.999876, 0.6432832, -7.027577), (-6.5171685, -0.18371083, -5.9775596), (-9.139656, 0.08163952, -6.203966), (-5.384306, 0.19747107, -5.368073), (-9.999947, 0.093167864, -6.3616705), (-1.2826536, -1.0769709, -5.3489976), (-3.722286, -0.11824, -6.133447), (-9.999934, -0.3805464, -5.8656197), (-4.046102, -0.3988115, -5.2557626), (-0.00041820738, -0.6325576, -5.746745), (0.00029329245, -0.3729104, -6.3006673), (-10.000267, -0.6861183, -5.257105), (-8.411023, -0.20698734, -4.6610484), (0.000045661014, -0.49851295, -4.7247224), (-2.4524574, -0.09798113, -4.554067), (-10.000255, -1.3695823, -4.4188004), (-4.1529226, 1.0367978, -3.6523087), (-6.000788, -0.3902182, -3.984503), (-9.99946, -1.6068727, -3.7588623), (0.0003972602, -0.11004483, -3.287571), (-1.2914625, -0.3536366, -2.8851736), (-3.0802333, 0.33706325, -3.1153667), (-8.223735, -1.691203, -2.0050852), (-4.8613853, -0.99107575, -1.7742401), (-9.999939, -1.6350838, -2.561936), (-2.4487977, 0.34559944, -2.041343), (0.000020726588, -0.32575977, -2.6627777), (-0.0001444932, -0.2967661, -1.4025623), (-9.999925, -1.3113011, -1.6659088), (-1.3562057, 0.11065678, -1.2671137), (-9.999995, -1.0040818, -0.8868251), (-8.862473, -0.8374684, -0.000056493373), (-1.7336651, -0.07694651, -0.0012895463), (-6.3539, -1.4739083, -0.00048509648), (-0.00046355725, -0.22883804, -0.5210658), (-7.1957974, -1.4448305, -0.0014618724), (-10.001454, -0.36511785, -0.035709582), (-0.014177267, 0.02512797, 0.004959765), (-2.4165273, -0.20546341, -0.000021072918), (-5.311727, -1.1508042, 0.000002395322), (-1.0785443, 0.06516249, -0.000018093304), (-9.551274, -0.50196284, 0.000019477502), (-7.9265246, -1.0876433, -0.000004593857), (-3.3006623, -0.5869527, -0.000026094776), (-3.9247386, -0.6623031, -0.000008871536)] (
                    interpolation = "vertex"
                )
                uniform token subdivisionScheme = "none"
            }

            def Mesh "Mesh_1"
            {
                float3[] extent = [(-10.001239, -1.5165114, -0.00037971576), (0.00030599034, 1.4009104, 10.000468)]
                int[] faceVertexCounts = [3, 3, 3, 3, 3, 3, 3, 3, 3, 3, 3, 3, 3, 3, 3, 3, 3, 3, 3, 3, 3, 3, 3, 3, 3, 3, 3, 3, 3, 3, 3, 3, 3, 3, 3, 3, 3, 3, 3, 3, 3, 3, 3, 3, 3, 3, 3, 3, 3, 3, 3, 3, 3, 3, 3, 3, 3, 3, 3, 3, 3, 3, 3, 3, 3, 3, 3, 3, 3, 3, 3, 3, 3, 3, 3, 3, 3, 3, 3, 3, 3, 3, 3, 3, 3, 3, 3, 3, 3, 3, 3, 3, 3, 3, 3, 3, 3, 3, 3, 3, 3, 3, 3, 3, 3, 3, 3, 3, 3, 3, 3, 3]
                int[] faceVertexIndices = [0, 1, 2, 0, 3, 4, 5, 6, 7, 8, 9, 10, 10, 9, 11, 12, 13, 14, 14, 15, 12, 4, 1, 0, 4, 3, 6, 7, 8, 5, 10, 11, 13, 11, 16, 13, 8, 10, 5, 16, 14, 13, 5, 4, 6, 13, 12, 17, 18, 1, 19, 13, 17, 20, 13, 20, 21, 19, 1, 4, 19, 4, 22, 4, 5, 23, 21, 24, 13, 4, 25, 22, 10, 26, 5, 13, 24, 27, 25, 4, 28, 24, 29, 27, 4, 23, 28, 23, 5, 30, 13, 27, 31, 10, 32, 26, 29, 33, 27, 13, 31, 10, 10, 31, 32, 31, 27, 34, 23, 35, 28, 27, 33, 34, 35, 23, 36, 28, 35, 37, 38, 36, 23, 30, 38, 23, 5, 26, 39, 39, 26, 32, 30, 40, 38, 34, 41, 31, 5, 40, 30, 32, 31, 42, 34, 43, 41, 36, 44, 35, 38, 45, 36, 44, 36, 45, 44, 45, 46, 41, 43, 47, 40, 5, 48, 45, 38, 49, 42, 31, 41, 39, 48, 5, 50, 46, 45, 50, 51, 46, 49, 38, 40, 47, 52, 41, 45, 49, 50, 40, 48, 53, 49, 40, 53, 39, 32, 42, 50, 54, 51, 42, 41, 55, 50, 49, 56, 39, 42, 48, 52, 57, 41, 49, 53, 56, 41, 57, 55, 48, 58, 53, 50, 59, 54, 59, 50, 60, 50, 56, 60, 42, 55, 61, 53, 58, 56, 55, 62, 61, 60, 56, 63, 61, 48, 42, 60, 63, 64, 56, 65, 63, 56, 66, 65, 56, 58, 66, 67, 68, 62, 58, 48, 61, 66, 69, 65, 58, 61, 66, 62, 68, 61, 70, 63, 65, 68, 67, 71, 70, 65, 72, 72, 65, 73, 69, 73, 65, 66, 74, 69, 61, 68, 75, 71, 76, 68, 75, 77, 61, 77, 75, 78, 79, 68, 76, 61, 80, 81, 61, 82, 80, 77, 83, 84, 77, 78, 83, 74, 66, 85, 66, 86, 85, 66, 61, 86, 86, 61, 81, 61, 77, 82, 79, 76, 87]
                uniform token orientation = "leftHanded"
                point3f[] points = [(-8.576203, -0.9058066, -0.00037971576), (-9.527224, -0.5154664, 0.007149644), (-9.115877, -0.7544043, 0.00014382685), (-7.847249, -1.1077986, 0.00022236438), (-9.11622, 0.52682847, 1.4854237), (-5.5845795, -0.8747413, 2.8297062), (-7.4022317, -1.351118, 0.0002675286), (-6.5671067, -1.5165114, -0.00006590116), (-5.1393642, -1.0849848, 0.000017358476), (-3.9248424, -0.657401, 0.000042045875), (-3.8630705, -0.6775026, 1.4244405), (-3.3722582, -0.6100214, -0.00007763196), (-0.0000727314, 0.29797858, 0.3687093), (-1.359001, 0.21161355, 1.5590525), (-0.79433286, 0.10413965, 0.00003138875), (-0.00011828118, -0.0063765505, 0.0005127035), (-1.9337195, -0.08940035, 0.000010715429), (-0.0038403873, 0.56892234, 0.63688475), (-9.999495, -0.3989656, 0.025862051), (-10.000029, 0.47088933, 1.1380721), (-0.00030925954, 0.56549937, 0.8906778), (-0.004435514, 0.95710063, 1.2429593), (-10.001239, 0.4191073, 1.6932119), (-8.191917, -0.36968207, 2.2986808), (0.00017348476, 0.7833532, 1.7393407), (-10.000152, 0.2882993, 2.231903), (-4.4274735, -0.33409622, 2.9214716), (-0.5181119, 1.4009104, 2.695588), (-9.99743, 0.47115567, 2.5392544), (-0.000050601873, 1.3161393, 2.4183578), (-6.881732, -0.039580896, 3.1043646), (-1.8383243, 0.11836078, 3.9044614), (-3.8819528, 0.012426106, 3.6227684), (0.0002456332, 1.0442704, 3.0295599), (-0.00095603144, 0.707585, 3.524309), (-9.998367, 0.44588733, 3.9232266), (-9.121323, 0.32526731, 4.146303), (-10.000343, 0.5434633, 3.1757424), (-7.6852994, 0.124275744, 4.086043), (-5.2595644, -0.19538657, 4.548328), (-6.9969153, 0.64014846, 5.3357415), (-1.0387834, 1.3436394, 5.5044885), (-3.1769397, -0.14826623, 5.952294), (0.000029974275, 0.8242304, 4.0807214), (-9.999104, 0.27480802, 4.4685087), (-9.042818, 1.256201, 5.0123715), (-9.999303, 0.38688928, 5.095911), (-0.000120678334, 1.1211319, 4.917401), (-5.4496984, 0.039542094, 6.244606), (-8.138512, 0.26081806, 5.8245344), (-9.138939, 0.9478817, 5.985649), (-9.999597, 0.53654546, 5.8840437), (0.00030599034, 0.36346146, 6.0281053), (-6.961801, 0.8135886, 6.416823), (-9.999783, 0.32964614, 6.2732472), (-0.0009739149, -0.5945043, 7.062473), (-8.209528, 1.1321791, 7.2075396), (-0.000021189844, -0.19566469, 6.4419317), (-6.317146, 0.12759632, 7.220769), (-10.000026, -0.063367836, 6.7303224), (-9.99931, -0.16234018, 7.3007197), (-3.2671583, -1.097742, 7.966015), (-0.00042910385, -0.6037597, 7.636227), (-9.99535, 0.007222817, 8.383708), (-10.000879, -0.06382115, 7.9393363), (-9.103094, 0.34471714, 8.643771), (-7.706025, -0.90790945, 8.659134), (0.00000767549, -0.36120105, 8.358003), (-0.8101375, 0.80844206, 9.9991865), (-9.187175, -0.96545434, 9.99893), (-9.999074, -0.10399173, 8.718787), (0.0001531393, 0.13622184, 9.300176), (-10.00005, -0.1227651, 9.088374), (-9.999552, -0.8670991, 9.992111), (-8.515007, -0.8532597, 9.999611), (-1.2180009, 0.71777374, 9.996216), (-0.0006791701, 0.39366466, 9.705791), (-2.8466666, 0.56828874, 9.993566), (-1.7033682, 0.7773198, 9.995028), (-0.3341531, 0.711339, 10.000468), (-4.564453, -0.7199208, 9.999356), (-5.144329, -1.1474189, 10.000011), (-3.550381, -0.2842394, 9.999954), (-2.339618, 0.73097503, 9.998213), (-2.6095967, 0.79028517, 9.999507), (-7.628775, -1.2940797, 9.999984), (-6.367797, -1.4490227, 10.000012), (-0.0018070202, 0.36999017, 9.999918)] (
                    interpolation = "vertex"
                )
                uniform token subdivisionScheme = "none"
            }
        }

        def Xform "Area186"
        {
            vector3f[] primvars:P (
                interpolation = "constant"
            )
            vector3f[] primvars:P.timeSamples = {
                1: [(-73.68421, 0, -10.526321)],
            }
            matrix4d xformOp:transform:copytopoints1 = ( (1, 0, 0, 0), (0, 1, 0, 0), (0, 0, 1, 0), (-73.68421173095703, 0, -10.526321411132812, 1) )
            uniform token[] xformOpOrder = ["xformOp:transform:copytopoints1"]
        }

        def Xform "Area187"
        {
            vector3f[] primvars:P (
                interpolation = "constant"
            )
            vector3f[] primvars:P.timeSamples = {
                1: [(-52.631577, 0, -10.526321)],
            }
            matrix4d xformOp:transform:copytopoints1 = ( (1, 0, 0, 0), (0, 1, 0, 0), (0, 0, 1, 0), (-52.63157653808594, 0, -10.526321411132812, 1) )
            uniform token[] xformOpOrder = ["xformOp:transform:copytopoints1"]
        }

        def Xform "Area188"
        {
            vector3f[] primvars:P (
                interpolation = "constant"
            )
            vector3f[] primvars:P.timeSamples = {
                1: [(-31.578949, 0, -10.526321)],
            }
            matrix4d xformOp:transform:copytopoints1 = ( (1, 0, 0, 0), (0, 1, 0, 0), (0, 0, 1, 0), (-31.578948974609375, 0, -10.526321411132812, 1) )
            uniform token[] xformOpOrder = ["xformOp:transform:copytopoints1"]
        }

        def Xform "Area189"
        {
            vector3f[] primvars:P (
                interpolation = "constant"
            )
            vector3f[] primvars:P.timeSamples = {
                1: [(-10.526321, 0, -10.526321)],
            }
            matrix4d xformOp:transform:copytopoints1 = ( (1, 0, 0, 0), (0, 1, 0, 0), (0, 0, 1, 0), (-10.526321411132812, 0, -10.526321411132812, 1) )
            uniform token[] xformOpOrder = ["xformOp:transform:copytopoints1"]
        }

        def Xform "Area190"
        {
            vector3f[] primvars:P (
                interpolation = "constant"
            )
            vector3f[] primvars:P.timeSamples = {
                1: [(10.526306, 0, -10.526321)],
            }
            matrix4d xformOp:transform:copytopoints1 = ( (1, 0, 0, 0), (0, 1, 0, 0), (0, 0, 1, 0), (10.52630615234375, 0, -10.526321411132812, 1) )
            uniform token[] xformOpOrder = ["xformOp:transform:copytopoints1"]
        }

        def Xform "Area191"
        {
            vector3f[] primvars:P (
                interpolation = "constant"
            )
            vector3f[] primvars:P.timeSamples = {
                1: [(31.578949, 0, -10.526321)],
            }
            matrix4d xformOp:transform:copytopoints1 = ( (1, 0, 0, 0), (0, 1, 0, 0), (0, 0, 1, 0), (31.578948974609375, 0, -10.526321411132812, 1) )
            uniform token[] xformOpOrder = ["xformOp:transform:copytopoints1"]
        }

        def Xform "Area192"
        {
            vector3f[] primvars:P (
                interpolation = "constant"
            )
            vector3f[] primvars:P.timeSamples = {
                1: [(52.631577, 0, -10.526321)],
            }
            matrix4d xformOp:transform:copytopoints1 = ( (1, 0, 0, 0), (0, 1, 0, 0), (0, 0, 1, 0), (52.63157653808594, 0, -10.526321411132812, 1) )
            uniform token[] xformOpOrder = ["xformOp:transform:copytopoints1"]
        }

        def Xform "Area193"
        {
            vector3f[] primvars:P (
                interpolation = "constant"
            )
            vector3f[] primvars:P.timeSamples = {
                1: [(73.684204, 0, -10.526321)],
            }
            matrix4d xformOp:transform:copytopoints1 = ( (1, 0, 0, 0), (0, 1, 0, 0), (0, 0, 1, 0), (73.6842041015625, 0, -10.526321411132812, 1) )
            uniform token[] xformOpOrder = ["xformOp:transform:copytopoints1"]
        }

        def Xform "Area194"
        {
            vector3f[] primvars:P (
                interpolation = "constant"
            )
            vector3f[] primvars:P.timeSamples = {
                1: [(94.73685, 0, -10.526321)],
            }
            matrix4d xformOp:transform:copytopoints1 = ( (1, 0, 0, 0), (0, 1, 0, 0), (0, 0, 1, 0), (94.73684692382812, 0, -10.526321411132812, 1) )
            uniform token[] xformOpOrder = ["xformOp:transform:copytopoints1"]
        }

        def Xform "Area195"
        {
            vector3f[] primvars:P (
                interpolation = "constant"
            )
            vector3f[] primvars:P.timeSamples = {
                1: [(115.78946, 0, -10.526321)],
            }
            matrix4d xformOp:transform:copytopoints1 = ( (1, 0, 0, 0), (0, 1, 0, 0), (0, 0, 1, 0), (115.78945922851562, 0, -10.526321411132812, 1) )
            uniform token[] xformOpOrder = ["xformOp:transform:copytopoints1"]
        }

        def Xform "Area196"
        {
            vector3f[] primvars:P (
                interpolation = "constant"
            )
            vector3f[] primvars:P.timeSamples = {
                1: [(136.8421, 0, -10.526321)],
            }
            matrix4d xformOp:transform:copytopoints1 = ( (1, 0, 0, 0), (0, 1, 0, 0), (0, 0, 1, 0), (136.84210205078125, 0, -10.526321411132812, 1) )
            uniform token[] xformOpOrder = ["xformOp:transform:copytopoints1"]
        }

        def Xform "Area197"
        {
            vector3f[] primvars:P (
                interpolation = "constant"
            )
            vector3f[] primvars:P.timeSamples = {
                1: [(157.89474, 0, -10.526321)],
            }
            matrix4d xformOp:transform:copytopoints1 = ( (1, 0, 0, 0), (0, 1, 0, 0), (0, 0, 1, 0), (157.89474487304688, 0, -10.526321411132812, 1) )
            uniform token[] xformOpOrder = ["xformOp:transform:copytopoints1"]
        }

        def Xform "Area198"
        {
            vector3f[] primvars:P (
                interpolation = "constant"
            )
            vector3f[] primvars:P.timeSamples = {
                1: [(178.94736, 0, -10.526321)],
            }
            matrix4d xformOp:transform:copytopoints1 = ( (1, 0, 0, 0), (0, 1, 0, 0), (0, 0, 1, 0), (178.94735717773438, 0, -10.526321411132812, 1) )
            uniform token[] xformOpOrder = ["xformOp:transform:copytopoints1"]
        }

        def Xform "Area199"
        {
            vector3f[] primvars:P (
                interpolation = "constant"
            )
            vector3f[] primvars:P.timeSamples = {
                1: [(200, 0, -10.526321)],
            }
            matrix4d xformOp:transform:copytopoints1 = ( (1, 0, 0, 0), (0, 1, 0, 0), (0, 0, 1, 0), (200, 0, -10.526321411132812, 1) )
            uniform token[] xformOpOrder = ["xformOp:transform:copytopoints1"]
        }

        def Xform "Area200"
        {
            vector3f[] primvars:P (
                interpolation = "constant"
            )
            vector3f[] primvars:P.timeSamples = {
                1: [(-200, 0, 10.526306)],
            }
            matrix4d xformOp:transform:copytopoints1 = ( (1, 0, 0, 0), (0, 1, 0, 0), (0, 0, 1, 0), (-200, 0, 10.52630615234375, 1) )
            uniform token[] xformOpOrder = ["xformOp:transform:copytopoints1"]
        }

        def Xform "Area201"
        {
            vector3f[] primvars:P (
                interpolation = "constant"
            )
            vector3f[] primvars:P.timeSamples = {
                1: [(-178.94737, 0, 10.526306)],
            }
            matrix4d xformOp:transform:copytopoints1 = ( (1, 0, 0, 0), (0, 1, 0, 0), (0, 0, 1, 0), (-178.94737243652344, 0, 10.52630615234375, 1) )
            uniform token[] xformOpOrder = ["xformOp:transform:copytopoints1"]
        }

        def Xform "Area202"
        {
            vector3f[] primvars:P (
                interpolation = "constant"
            )
            vector3f[] primvars:P.timeSamples = {
                1: [(-157.89474, 0, 10.526306)],
            }
            matrix4d xformOp:transform:copytopoints1 = ( (1, 0, 0, 0), (0, 1, 0, 0), (0, 0, 1, 0), (-157.89474487304688, 0, 10.52630615234375, 1) )
            uniform token[] xformOpOrder = ["xformOp:transform:copytopoints1"]
        }

        def Xform "Area203"
        {
            vector3f[] primvars:P (
                interpolation = "constant"
            )
            vector3f[] primvars:P.timeSamples = {
                1: [(-136.8421, 0, 10.526306)],
            }
            matrix4d xformOp:transform:copytopoints1 = ( (1, 0, 0, 0), (0, 1, 0, 0), (0, 0, 1, 0), (-136.84210205078125, 0, 10.52630615234375, 1) )
            uniform token[] xformOpOrder = ["xformOp:transform:copytopoints1"]

            def Mesh "Mesh_3"
            {
                float3[] extent = [(-0.00074660836, -1.3812666, -0.0044252677), (10.000592, 1.348178, 10.000207)]
                int[] faceVertexCounts = [3, 3, 3, 3, 3, 3, 3, 3, 3, 3, 3, 3, 3, 3, 3, 3, 3, 3, 3, 3, 3, 3, 3, 3, 3, 3, 3, 3, 3, 3, 3, 3, 3, 3, 3, 3, 3, 3, 3, 3, 3, 3, 3, 3, 3, 3, 3, 3, 3, 3, 3, 3, 3, 3, 3, 3, 3, 3, 3, 3, 3, 3, 3, 3, 3, 3, 3, 3, 3, 3, 3, 3, 3, 3, 3, 3, 3, 3, 3, 3, 3, 3, 3, 3, 3, 3, 3, 3, 3, 3, 3, 3, 3, 3, 3, 3, 3, 3, 3, 3, 3, 3, 3, 3, 3, 3, 3, 3, 3, 3, 3, 3, 3, 3, 3, 3, 3, 3, 3, 3, 3, 3, 3, 3, 3, 3, 3, 3, 3, 3, 3, 3, 3, 3, 3]
                int[] faceVertexIndices = [0, 1, 2, 3, 4, 5, 6, 7, 3, 8, 7, 6, 8, 9, 7, 5, 4, 10, 4, 3, 7, 11, 12, 13, 0, 10, 14, 15, 16, 17, 18, 2, 1, 4, 14, 10, 9, 13, 7, 9, 11, 13, 12, 19, 13, 12, 20, 19, 0, 14, 1, 20, 21, 22, 17, 23, 15, 22, 19, 20, 18, 24, 17, 1, 24, 18, 7, 25, 4, 23, 17, 24, 22, 26, 19, 27, 23, 24, 13, 28, 7, 27, 24, 29, 28, 13, 30, 1, 14, 31, 7, 28, 25, 4, 25, 32, 14, 4, 31, 1, 31, 24, 26, 33, 19, 4, 34, 31, 4, 32, 34, 19, 35, 13, 24, 36, 29, 28, 30, 25, 30, 13, 35, 19, 37, 35, 19, 33, 37, 32, 25, 30, 36, 24, 38, 24, 31, 39, 32, 30, 40, 32, 41, 34, 42, 37, 33, 38, 24, 43, 34, 44, 31, 41, 32, 40, 42, 45, 37, 41, 44, 34, 40, 30, 35, 24, 39, 43, 43, 39, 46, 31, 47, 39, 45, 48, 37, 40, 35, 41, 35, 37, 49, 48, 49, 37, 44, 47, 31, 46, 39, 50, 41, 35, 51, 35, 49, 51, 52, 51, 49, 39, 53, 50, 41, 51, 54, 54, 44, 41, 52, 55, 51, 53, 39, 56, 39, 57, 56, 51, 55, 58, 47, 59, 39, 47, 44, 59, 54, 59, 44, 39, 59, 57, 60, 58, 55, 55, 61, 60, 56, 57, 62, 63, 59, 54, 51, 58, 64, 60, 65, 58, 62, 57, 66, 59, 63, 57, 54, 67, 63, 58, 65, 68, 64, 54, 51, 64, 67, 54, 58, 68, 69, 66, 57, 70, 71, 70, 57, 72, 63, 67, 67, 73, 72, 67, 64, 73, 58, 69, 74, 71, 57, 63, 64, 58, 75, 70, 71, 76, 76, 71, 77, 58, 74, 75, 78, 74, 69, 79, 77, 71, 74, 78, 80, 74, 80, 81, 80, 82, 81, 71, 63, 83, 82, 84, 81, 83, 63, 85, 73, 86, 72, 64, 75, 87, 84, 88, 81, 63, 72, 89, 63, 89, 85, 64, 90, 73, 75, 91, 87, 92, 75, 74, 92, 74, 93, 81, 93, 74, 71, 94, 79, 95, 71, 83, 73, 90, 86, 64, 87, 96, 91, 75, 97, 88, 98, 81, 79, 94, 99, 89, 72, 100, 101, 90, 64, 75, 102, 97, 79, 99, 103, 71, 95, 94, 72, 86, 100, 96, 101, 64, 75, 92, 102]
                uniform token orientation = "leftHanded"
                point3f[] points = [(2.8943965, -0.34084094, 0.0027933456), (1.8552501, 0.32608774, 0.7658776), (2.2979782, -0.21123311, 0.0008774642), (5.549406, -0.61758476, -0.000025660082), (4.2861977, 0.6111545, 1.1882676), (4.8450885, -0.31858498, 0.0008828862), (6.1088567, -0.59070164, 0.0010576145), (6.1641645, -0.126713, 0.6369208), (6.4923353, -0.37560493, 0.00049446686), (7.090108, -0.30016994, 0.001911814), (3.8884335, -0.22729632, 0.00032808044), (7.9327054, 0.026152628, 0.00045602783), (8.887859, 0.03203948, 0.0007945308), (8.013441, 0.27973345, 0.8550754), (3.0180473, 0.5254889, 0.8971376), (0.00001057233, 0.29951736, 0.3654708), (0.00036419905, -0.02600508, -0.0044252677), (0.67390877, -0.16641131, 0.0006273171), (1.4092294, -0.23169188, -0.00026471246), (9.053648, 0.5825587, 1.8117192), (9.532316, 0.4498498, 0.00017752318), (9.99824, 0.5091095, 0.061147723), (9.999879, 0.31378645, 0.6908857), (0.000294897, 0.5484, 0.7525085), (0.91933393, 1.1508236, 1.8563362), (5.6901364, 0.87855965, 1.5415351), (9.999911, 0.44232926, 1.3805523), (-0.00033322634, 0.97657865, 1.2524095), (6.531583, 0.60427475, 1.565258), (0.00033318903, 0.7904561, 1.7498404), (6.846838, 0.27131203, 2.2173436), (2.3783004, 1.2357157, 2.2087762), (4.962761, 0.76007265, 2.36267), (9.999258, 1.2718464, 2.333364), (3.5008845, 0.23054777, 2.5995264), (7.558619, 0.28244686, 3.4428), (0.00004999658, 1.3209214, 2.4234085), (9.087664, 1.0683389, 2.8367007), (-0.00008982531, 1.0658573, 3.0256326), (1.1619868, 0.77176887, 4.243704), (5.5680013, 1.348178, 3.4338677), (4.796837, 1.2362864, 4.2278423), (10.00001, 1.0262262, 2.9119048), (0.00005206988, 0.7623755, 3.325766), (3.593932, 0.7705062, 4.49798), (9.99976, 0.53716874, 3.364431), (-0.0000029535374, 0.7585327, 3.9362178), (2.4363434, 1.2213511, 4.642625), (9.999062, 0.41622767, 3.7688012), (9.997211, 0.5305753, 4.1767554), (-0.00002489864, 1.0252103, 4.5140305), (7.130494, -1.3812666, 5.1997757), (10.000305, 0.21414861, 4.652356), (0.00004942083, 1.1326565, 4.9090033), (4.9347773, 0.4115234, 6.127354), (9.999035, -0.09885473, 5.228463), (-0.00074660836, 0.3579084, 6.029711), (1.3706224, -0.4905172, 6.907195), (8.963642, -0.0014859807, 7.008174), (3.028913, 0.18794109, 6.030603), (10.000581, 0.29463196, 6.3640304), (10.000098, -0.19514313, 5.744232), (0.000043713568, -0.16183603, 6.416344), (2.8666465, -0.76254433, 7.5822973), (6.902529, -0.3192306, 8.26561), (10.000027, 0.618925, 6.87531), (0.000033370787, -0.58461976, 7.019601), (4.9897323, 0.0117714, 7.344164), (9.997617, 0.8170502, 7.155068), (9.995385, 0.8667968, 7.6746993), (0.00005463851, -0.5580389, 7.9238954), (1.6189348, -0.65363085, 8.96309), (4.171208, 0.035686728, 8.589618), (4.982885, 0.6952391, 8.667858), (9.020889, 0.91649014, 8.641582), (7.88434, -0.31020004, 9.199286), (-0.00020935929, 0.00067761756, 8.9133005), (0.0004217218, 0.1352124, 9.355778), (9.998977, 0.80069447, 8.325907), (0.0034511162, 0.40133613, 9.726118), (9.999526, 1.1511991, 8.796258), (9.797138, 0.7015084, 9.997199), (10.000592, 0.87321174, 9.117289), (2.5347831, -0.7184808, 9.9984665), (9.999235, 0.990058, 9.307717), (2.888453, -0.68268126, 9.999639), (4.5169067, 0.14857554, 9.999828), (6.7376456, -0.14023787, 9.998619), (9.997016, 1.0051557, 9.634751), (3.3549628, -0.40326142, 9.999194), (5.1062355, 0.35834163, 9.999572), (7.2815437, 0.010874761, 10.000207), (8.886041, 0.4181061, 9.99802), (9.190625, 0.37871298, 9.99969), (1.3315306, -0.7188837, 10.000146), (1.9813026, -0.90666145, 9.999916), (6.1606593, -0.078209914, 10.000027), (8.084097, 0.015738236, 9.999919), (9.999322, 0.76716125, 9.958075), (0.6461925, -0.18122016, 9.999994), (3.7479675, -0.3708659, 10.000072), (5.73463, 0.29394633, 9.999717), (8.629975, 0.13828777, 10.000178), (0.02161542, 0.35039085, 10.000113)] (
                    interpolation = "vertex"
                )
                uniform token subdivisionScheme = "none"
            }

            def Mesh "Mesh_2"
            {
                float3[] extent = [(-0.00027717845, -1.131625, -10.00058), (10.004538, 1.4215744, 0.00021584799)]
                int[] faceVertexCounts = [3, 3, 3, 3, 3, 3, 3, 3, 3, 3, 3, 3, 3, 3, 3, 3, 3, 3, 3, 3, 3, 3, 3, 3, 3, 3, 3, 3, 3, 3, 3, 3, 3, 3, 3, 3, 3, 3, 3, 3, 3, 3, 3, 3, 3, 3, 3, 3, 3, 3, 3, 3, 3, 3, 3, 3, 3, 3, 3, 3, 3, 3, 3, 3, 3, 3, 3, 3, 3, 3, 3, 3, 3, 3, 3, 3, 3, 3, 3, 3, 3, 3, 3, 3, 3, 3, 3, 3, 3, 3, 3, 3, 3, 3, 3, 3, 3, 3, 3, 3, 3, 3, 3, 3, 3, 3, 3, 3, 3, 3, 3, 3, 3, 3, 3, 3, 3, 3, 3, 3, 3, 3, 3, 3, 3, 3, 3, 3, 3, 3, 3, 3, 3, 3, 3, 3, 3, 3]
                int[] faceVertexIndices = [0, 1, 2, 3, 4, 5, 4, 6, 5, 6, 7, 8, 9, 10, 11, 12, 13, 14, 14, 3, 5, 6, 8, 15, 16, 8, 7, 16, 17, 8, 18, 19, 20, 21, 1, 22, 1, 0, 13, 14, 5, 12, 6, 15, 5, 11, 23, 9, 19, 21, 20, 1, 13, 22, 17, 23, 8, 17, 24, 23, 9, 23, 24, 21, 22, 25, 22, 13, 26, 11, 27, 23, 21, 25, 20, 13, 12, 26, 27, 28, 23, 25, 22, 29, 22, 26, 30, 15, 31, 5, 32, 8, 23, 22, 30, 29, 5, 26, 12, 32, 23, 33, 28, 34, 23, 31, 15, 35, 15, 8, 32, 29, 36, 25, 30, 37, 29, 31, 38, 5, 26, 5, 30, 32, 35, 15, 30, 5, 38, 32, 33, 39, 23, 34, 40, 36, 29, 37, 31, 35, 38, 25, 36, 41, 35, 32, 42, 23, 40, 43, 41, 36, 44, 23, 43, 33, 38, 37, 30, 39, 45, 32, 33, 43, 46, 36, 47, 44, 38, 35, 48, 36, 37, 49, 35, 42, 48, 42, 32, 50, 33, 45, 39, 37, 38, 48, 33, 46, 45, 32, 45, 50, 36, 51, 47, 37, 48, 52, 45, 46, 53, 52, 48, 54, 48, 42, 54, 49, 51, 36, 46, 55, 53, 50, 56, 42, 57, 53, 55, 49, 37, 58, 37, 52, 58, 50, 45, 56, 49, 58, 51, 57, 59, 53, 56, 54, 42, 56, 45, 60, 45, 53, 60, 51, 58, 61, 62, 52, 54, 53, 59, 63, 56, 60, 64, 60, 53, 65, 52, 66, 58, 54, 56, 62, 58, 67, 61, 64, 62, 56, 62, 68, 52, 63, 69, 53, 58, 66, 67, 66, 52, 68, 69, 70, 53, 60, 65, 71, 61, 72, 73, 61, 67, 72, 67, 66, 72, 65, 53, 71, 53, 70, 71, 64, 60, 74, 60, 71, 74, 70, 75, 71, 71, 75, 76, 73, 72, 77, 68, 78, 66, 62, 78, 68, 62, 64, 74, 77, 79, 80, 77, 72, 79, 76, 81, 71, 72, 66, 79, 81, 82, 71, 74, 78, 62, 82, 74, 71, 83, 82, 81, 74, 84, 78, 80, 79, 85, 66, 78, 79, 86, 84, 74, 74, 82, 87, 74, 87, 88, 78, 89, 90, 84, 89, 78, 82, 91, 87, 83, 92, 82, 90, 93, 78, 94, 85, 79, 95, 96, 79, 79, 78, 95, 78, 93, 95, 74, 88, 86, 82, 92, 97, 82, 97, 91, 98, 85, 99, 94, 99, 85, 79, 96, 94]
                uniform token orientation = "leftHanded"
                point3f[] points = [(2.7583492, 1.0962907, -9.999616), (1.9640596, 0.6737012, -9.999759), (2.3292115, 1.1214632, -10.00058), (4.6342535, 0.13572413, -9.999863), (5.604427, -0.3069892, -10), (4.5997186, 0.89573187, -8.48553), (6.556837, 0.116695374, -9.999257), (6.992344, -0.06539539, -9.999873), (6.8920774, 0.37527648, -9.146613), (9.083476, -0.6367808, -9.99988), (9.771715, -0.37492302, -10.000342), (10.001207, -0.50230694, -9.982504), (3.8947072, 0.9939292, -9.061935), (3.147575, 0.95046914, -9.996039), (3.5916953, 1.0459424, -9.999621), (6.2273464, 1.020487, -8.584788), (7.3343277, -0.002357599, -10.000165), (7.9127016, -0.24274597, -9.999914), (0.0010770396, -1.131625, -9.99856), (0.64121056, -0.7454107, -10.000193), (0.0011309874, -1.1306096, -8.971585), (1.2104007, -0.44384998, -9.999938), (1.8108432, 0.0049735573, -9.193383), (8.801111, -1.1189419, -8.567703), (8.471359, -0.59977174, -9.999316), (0.0024950923, -0.9239112, -8.057134), (3.0485122, 1.2601576, -8.327549), (10.0000515, -0.76770157, -9.557916), (10.00012, -0.89071566, -8.511646), (1.5430222, 0.20193078, -7.6943774), (2.8064504, 0.64842993, -7.172941), (5.1427584, 1.2765179, -8.045158), (7.183857, 1.4215744, -6.6583514), (9.027691, 0.6831764, -6.5723987), (10.000082, -0.7042042, -7.8367543), (5.6617794, 0.03283201, -6.8199205), (0.9246491, -0.0072204336, -6.232078), (2.664653, 0.027789779, -5.8937745), (4.0329914, 1.2453492, -6.68167), (8.171457, 0.80212784, -6.32109), (9.999631, -0.09829389, -6.9828153), (0.00011323037, -0.48974088, -6.929484), (5.6019464, 0.17006671, -5.400031), (9.999802, 0.62080246, -6.406232), (-0.00027717845, -0.37186474, -6.292745), (7.905797, 0.7523402, -5.236907), (9.998449, 0.4171405, -5.8655257), (0.00006401227, -0.6446728, -5.718661), (4.1306615, -0.0673465, -5.354119), (1.4527597, 0.76774883, -5.12021), (6.6191115, 1.1537616, -5.151418), (0.00091307604, -0.4706481, -4.604914), (3.424885, 0.3586958, -4.0524445), (9.181076, 1.0161483, -3.8461714), (4.502193, -0.54476255, -4.273304), (9.999611, 0.45992368, -5.108479), (5.937324, 0.038023014, -4.0916204), (10.00004, 0.503979, -4.701283), (1.9849557, 0.8534905, -4.02859), (9.99971, 0.74868256, -4.121224), (7.691059, 0.07158081, -3.4895744), (0.0010406472, -0.106621176, -3.2557652), (4.9499397, 0.069397695, -2.8588622), (9.99954, 0.9085353, -3.6136682), (6.164506, 0.10650249, -2.5460522), (8.560573, 1.2696545, -3.2410448), (2.4442487, -0.19864294, -2.4508739), (1.7964007, 0.24453972, -3.0013442), (3.587544, 0.47710395, -2.8900058), (9.999997, 1.099967, -3.3341546), (9.997488, 0.9423328, -2.8984585), (8.54398, 0.3270415, -1.7002652), (1.1044073, 0.07610664, -1.982446), (0.0000127207, -0.32245547, -2.6764872), (6.301271, -0.77474153, -1.3483629), (10.00019, 0.70341295, -2.424567), (10.000196, 0.72881275, -1.735711), (0.0011318881, -0.24887337, -1.6291308), (3.9048283, -0.4352798, -0.99524045), (1.6160203, -0.34859902, -0.9226662), (0.00079791946, -0.3182843, -1.2557065), (9.999669, 0.5430709, -1.356473), (9.361356, 0.41880992, -0.69411236), (10.000167, 0.5647362, -0.6882416), (5.5253854, -0.6019573, -0.00153797), (0.0009776165, -0.24742691, -0.63289326), (6.111553, -0.5637177, -0.00018780101), (7.965034, 0.02488713, -0.00012648953), (6.84445, -0.30969372, -0.00021343678), (4.9171567, -0.31691542, -0.00012581548), (4.4129605, -0.354038, -0.0010547836), (8.759693, -0.026042553, -0.000019544144), (10.004538, 0.6415813, -0.020929908), (3.9376602, -0.23551756, 0.00021584799), (1.414708, -0.23433705, 0.00005491659), (2.8705118, -0.32439744, 0.00018930956), (2.2710757, -0.2096417, -0.00004395064), (9.39195, 0.3675225, -0.000059904414), (0.0022855904, -0.03990526, -0.0034305558), (0.60907805, -0.16654019, -0.000015183145)] (
                    interpolation = "vertex"
                )
                uniform token subdivisionScheme = "none"
            }

            def Mesh "Mesh_0"
            {
                float3[] extent = [(-10.00206, -1.691203, -10.000099), (0.0003972602, 1.8125514, 0.004959765)]
                int[] faceVertexCounts = [3, 3, 3, 3, 3, 3, 3, 3, 3, 3, 3, 3, 3, 3, 3, 3, 3, 3, 3, 3, 3, 3, 3, 3, 3, 3, 3, 3, 3, 3, 3, 3, 3, 3, 3, 3, 3, 3, 3, 3, 3, 3, 3, 3, 3, 3, 3, 3, 3, 3, 3, 3, 3, 3, 3, 3, 3, 3, 3, 3, 3, 3, 3, 3, 3, 3, 3, 3, 3, 3, 3, 3, 3, 3, 3, 3, 3, 3, 3, 3, 3, 3, 3, 3, 3, 3, 3, 3, 3, 3, 3, 3, 3, 3, 3, 3, 3, 3]
                int[] faceVertexIndices = [0, 1, 2, 0, 3, 4, 3, 5, 4, 5, 6, 7, 8, 9, 10, 11, 12, 9, 13, 14, 15, 16, 2, 1, 4, 1, 0, 11, 9, 8, 17, 18, 19, 9, 20, 10, 18, 14, 19, 5, 7, 4, 6, 20, 7, 12, 17, 19, 1, 4, 21, 21, 22, 1, 20, 9, 7, 19, 14, 23, 12, 19, 9, 1, 22, 24, 13, 25, 14, 7, 26, 4, 14, 25, 23, 26, 7, 9, 27, 24, 22, 9, 19, 26, 23, 25, 28, 29, 21, 4, 27, 22, 30, 4, 26, 31, 21, 32, 22, 26, 19, 33, 32, 34, 30, 30, 22, 32, 35, 36, 19, 31, 29, 4, 33, 31, 26, 35, 19, 23, 21, 29, 32, 33, 19, 36, 23, 28, 35, 32, 37, 34, 33, 36, 38, 39, 35, 28, 28, 40, 39, 37, 32, 41, 42, 41, 32, 42, 32, 29, 42, 29, 31, 39, 43, 35, 36, 35, 44, 36, 44, 38, 41, 42, 45, 38, 46, 33, 31, 33, 47, 47, 33, 46, 45, 42, 48, 35, 43, 49, 44, 35, 50, 35, 49, 50, 44, 51, 38, 46, 38, 51, 48, 42, 52, 44, 50, 51, 47, 42, 31, 53, 47, 46, 52, 54, 48, 51, 50, 55, 52, 42, 47, 47, 53, 52, 49, 56, 50, 50, 56, 57, 52, 58, 54, 55, 50, 59, 51, 53, 46, 58, 52, 60, 60, 52, 61, 51, 55, 62, 59, 62, 55, 52, 53, 63, 57, 64, 50, 61, 52, 65, 51, 62, 53, 61, 66, 60, 59, 50, 67, 68, 53, 62, 53, 69, 63, 67, 70, 59, 64, 67, 50, 66, 61, 71, 65, 72, 61, 73, 53, 68, 52, 63, 65, 69, 53, 74, 73, 74, 53, 62, 59, 70]
                uniform token orientation = "leftHanded"
                point3f[] points = [(-9.049906, -0.49202147, -9.999949), (-9.99872, 0.36926907, -9.032454), (-9.543219, -0.27327624, -9.999985), (-8.309603, -0.48925424, -10.000004), (-7.1204777, 0.016261257, -8.498981), (-7.3970346, 0.29389733, -9.999919), (-6.8825107, 0.25643107, -9.999268), (-6.4113073, 0.6244961, -8.890567), (-5.094887, 1.8125514, -10.000099), (-4.8157206, 0.8717174, -8.89243), (-5.4772816, 1.6316204, -9.999215), (-4.782157, 1.2893611, -9.999862), (-3.9678767, 0.6568336, -9.998886), (0.00012235975, -1.097938, -8.807033), (-0.9319989, -1.411448, -9.997782), (-0.00512517, -1.1244214, -9.999858), (-9.99986, -0.19308126, -9.979775), (-2.6864746, -0.64270717, -9.999943), (-1.65639, -1.2408261, -10.000015), (-3.2344122, -0.79618293, -7.6666484), (-6.033589, 0.7965264, -9.998835), (-8.250168, 1.4787289, -7.7345166), (-9.252794, 1.5364057, -7.938712), (-0.9688915, -0.90468216, -7.757146), (-10.00206, 0.70178825, -8.174141), (-0.000019122315, -0.8518864, -7.836686), (-4.9213424, 1.3254658, -7.489939), (-9.999372, 0.4952885, -7.642874), (-0.000947154, -0.48773888, -6.916671), (-7.8822613, 1.4293852, -6.2273483), (-9.999876, 0.6432832, -7.027577), (-6.5171685, -0.18371083, -5.9775596), (-9.139656, 0.08163952, -6.203966), (-5.384306, 0.19747107, -5.368073), (-9.999947, 0.093167864, -6.3616705), (-1.2826536, -1.0769709, -5.3489976), (-3.722286, -0.11824, -6.133447), (-9.999934, -0.3805464, -5.8656197), (-4.046102, -0.3988115, -5.2557626), (-0.00041820738, -0.6325576, -5.746745), (0.00029329245, -0.3729104, -6.3006673), (-10.000267, -0.6861183, -5.257105), (-8.411023, -0.20698734, -4.6610484), (0.000045661014, -0.49851295, -4.7247224), (-2.4524574, -0.09798113, -4.554067), (-10.000255, -1.3695823, -4.4188004), (-4.1529226, 1.0367978, -3.6523087), (-6.000788, -0.3902182, -3.984503), (-9.99946, -1.6068727, -3.7588623), (0.0003972602, -0.11004483, -3.287571), (-1.2914625, -0.3536366, -2.8851736), (-3.0802333, 0.33706325, -3.1153667), (-8.223735, -1.691203, -2.0050852), (-4.8613853, -0.99107575, -1.7742401), (-9.999939, -1.6350838, -2.561936), (-2.4487977, 0.34559944, -2.041343), (0.000020726588, -0.32575977, -2.6627777), (-0.0001444932, -0.2967661, -1.4025623), (-9.999925, -1.3113011, -1.6659088), (-1.3562057, 0.11065678, -1.2671137), (-9.999995, -1.0040818, -0.8868251), (-8.862473, -0.8374684, -0.000056493373), (-1.7336651, -0.07694651, -0.0012895463), (-6.3539, -1.4739083, -0.00048509648), (-0.00046355725, -0.22883804, -0.5210658), (-7.1957974, -1.4448305, -0.0014618724), (-10.001454, -0.36511785, -0.035709582), (-0.014177267, 0.02512797, 0.004959765), (-2.4165273, -0.20546341, -0.000021072918), (-5.311727, -1.1508042, 0.000002395322), (-1.0785443, 0.06516249, -0.000018093304), (-9.551274, -0.50196284, 0.000019477502), (-7.9265246, -1.0876433, -0.000004593857), (-3.3006623, -0.5869527, -0.000026094776), (-3.9247386, -0.6623031, -0.000008871536)] (
                    interpolation = "vertex"
                )
                uniform token subdivisionScheme = "none"
            }
        }

        def Xform "Area204"
        {
            vector3f[] primvars:P (
                interpolation = "constant"
            )
            vector3f[] primvars:P.timeSamples = {
                1: [(-115.789474, 0, 10.526306)],
            }
            matrix4d xformOp:transform:copytopoints1 = ( (1, 0, 0, 0), (0, 1, 0, 0), (0, 0, 1, 0), (-115.78947448730469, 0, 10.52630615234375, 1) )
            uniform token[] xformOpOrder = ["xformOp:transform:copytopoints1"]

            def Mesh "Mesh_3"
            {
                float3[] extent = [(-0.00074660836, -1.3812666, -0.0044252677), (10.000592, 1.348178, 10.000207)]
                int[] faceVertexCounts = [3, 3, 3, 3, 3, 3, 3, 3, 3, 3, 3, 3, 3, 3, 3, 3, 3, 3, 3, 3, 3, 3, 3, 3, 3, 3, 3, 3, 3, 3, 3, 3, 3, 3, 3, 3, 3, 3, 3, 3, 3, 3, 3, 3, 3, 3, 3, 3, 3, 3, 3, 3, 3, 3, 3, 3, 3, 3, 3, 3, 3, 3, 3, 3, 3, 3, 3, 3, 3, 3, 3, 3, 3, 3, 3, 3, 3, 3, 3, 3, 3, 3, 3, 3, 3, 3, 3, 3, 3, 3, 3, 3, 3, 3, 3, 3, 3, 3, 3, 3, 3, 3, 3, 3, 3, 3, 3, 3, 3, 3, 3, 3, 3, 3, 3, 3, 3, 3, 3, 3, 3, 3, 3, 3, 3, 3, 3, 3, 3, 3, 3, 3, 3, 3, 3]
                int[] faceVertexIndices = [0, 1, 2, 3, 4, 5, 6, 7, 3, 8, 7, 6, 8, 9, 7, 5, 4, 10, 4, 3, 7, 11, 12, 13, 0, 10, 14, 15, 16, 17, 18, 2, 1, 4, 14, 10, 9, 13, 7, 9, 11, 13, 12, 19, 13, 12, 20, 19, 0, 14, 1, 20, 21, 22, 17, 23, 15, 22, 19, 20, 18, 24, 17, 1, 24, 18, 7, 25, 4, 23, 17, 24, 22, 26, 19, 27, 23, 24, 13, 28, 7, 27, 24, 29, 28, 13, 30, 1, 14, 31, 7, 28, 25, 4, 25, 32, 14, 4, 31, 1, 31, 24, 26, 33, 19, 4, 34, 31, 4, 32, 34, 19, 35, 13, 24, 36, 29, 28, 30, 25, 30, 13, 35, 19, 37, 35, 19, 33, 37, 32, 25, 30, 36, 24, 38, 24, 31, 39, 32, 30, 40, 32, 41, 34, 42, 37, 33, 38, 24, 43, 34, 44, 31, 41, 32, 40, 42, 45, 37, 41, 44, 34, 40, 30, 35, 24, 39, 43, 43, 39, 46, 31, 47, 39, 45, 48, 37, 40, 35, 41, 35, 37, 49, 48, 49, 37, 44, 47, 31, 46, 39, 50, 41, 35, 51, 35, 49, 51, 52, 51, 49, 39, 53, 50, 41, 51, 54, 54, 44, 41, 52, 55, 51, 53, 39, 56, 39, 57, 56, 51, 55, 58, 47, 59, 39, 47, 44, 59, 54, 59, 44, 39, 59, 57, 60, 58, 55, 55, 61, 60, 56, 57, 62, 63, 59, 54, 51, 58, 64, 60, 65, 58, 62, 57, 66, 59, 63, 57, 54, 67, 63, 58, 65, 68, 64, 54, 51, 64, 67, 54, 58, 68, 69, 66, 57, 70, 71, 70, 57, 72, 63, 67, 67, 73, 72, 67, 64, 73, 58, 69, 74, 71, 57, 63, 64, 58, 75, 70, 71, 76, 76, 71, 77, 58, 74, 75, 78, 74, 69, 79, 77, 71, 74, 78, 80, 74, 80, 81, 80, 82, 81, 71, 63, 83, 82, 84, 81, 83, 63, 85, 73, 86, 72, 64, 75, 87, 84, 88, 81, 63, 72, 89, 63, 89, 85, 64, 90, 73, 75, 91, 87, 92, 75, 74, 92, 74, 93, 81, 93, 74, 71, 94, 79, 95, 71, 83, 73, 90, 86, 64, 87, 96, 91, 75, 97, 88, 98, 81, 79, 94, 99, 89, 72, 100, 101, 90, 64, 75, 102, 97, 79, 99, 103, 71, 95, 94, 72, 86, 100, 96, 101, 64, 75, 92, 102]
                uniform token orientation = "leftHanded"
                point3f[] points = [(2.8943965, -0.34084094, 0.0027933456), (1.8552501, 0.32608774, 0.7658776), (2.2979782, -0.21123311, 0.0008774642), (5.549406, -0.61758476, -0.000025660082), (4.2861977, 0.6111545, 1.1882676), (4.8450885, -0.31858498, 0.0008828862), (6.1088567, -0.59070164, 0.0010576145), (6.1641645, -0.126713, 0.6369208), (6.4923353, -0.37560493, 0.00049446686), (7.090108, -0.30016994, 0.001911814), (3.8884335, -0.22729632, 0.00032808044), (7.9327054, 0.026152628, 0.00045602783), (8.887859, 0.03203948, 0.0007945308), (8.013441, 0.27973345, 0.8550754), (3.0180473, 0.5254889, 0.8971376), (0.00001057233, 0.29951736, 0.3654708), (0.00036419905, -0.02600508, -0.0044252677), (0.67390877, -0.16641131, 0.0006273171), (1.4092294, -0.23169188, -0.00026471246), (9.053648, 0.5825587, 1.8117192), (9.532316, 0.4498498, 0.00017752318), (9.99824, 0.5091095, 0.061147723), (9.999879, 0.31378645, 0.6908857), (0.000294897, 0.5484, 0.7525085), (0.91933393, 1.1508236, 1.8563362), (5.6901364, 0.87855965, 1.5415351), (9.999911, 0.44232926, 1.3805523), (-0.00033322634, 0.97657865, 1.2524095), (6.531583, 0.60427475, 1.565258), (0.00033318903, 0.7904561, 1.7498404), (6.846838, 0.27131203, 2.2173436), (2.3783004, 1.2357157, 2.2087762), (4.962761, 0.76007265, 2.36267), (9.999258, 1.2718464, 2.333364), (3.5008845, 0.23054777, 2.5995264), (7.558619, 0.28244686, 3.4428), (0.00004999658, 1.3209214, 2.4234085), (9.087664, 1.0683389, 2.8367007), (-0.00008982531, 1.0658573, 3.0256326), (1.1619868, 0.77176887, 4.243704), (5.5680013, 1.348178, 3.4338677), (4.796837, 1.2362864, 4.2278423), (10.00001, 1.0262262, 2.9119048), (0.00005206988, 0.7623755, 3.325766), (3.593932, 0.7705062, 4.49798), (9.99976, 0.53716874, 3.364431), (-0.0000029535374, 0.7585327, 3.9362178), (2.4363434, 1.2213511, 4.642625), (9.999062, 0.41622767, 3.7688012), (9.997211, 0.5305753, 4.1767554), (-0.00002489864, 1.0252103, 4.5140305), (7.130494, -1.3812666, 5.1997757), (10.000305, 0.21414861, 4.652356), (0.00004942083, 1.1326565, 4.9090033), (4.9347773, 0.4115234, 6.127354), (9.999035, -0.09885473, 5.228463), (-0.00074660836, 0.3579084, 6.029711), (1.3706224, -0.4905172, 6.907195), (8.963642, -0.0014859807, 7.008174), (3.028913, 0.18794109, 6.030603), (10.000581, 0.29463196, 6.3640304), (10.000098, -0.19514313, 5.744232), (0.000043713568, -0.16183603, 6.416344), (2.8666465, -0.76254433, 7.5822973), (6.902529, -0.3192306, 8.26561), (10.000027, 0.618925, 6.87531), (0.000033370787, -0.58461976, 7.019601), (4.9897323, 0.0117714, 7.344164), (9.997617, 0.8170502, 7.155068), (9.995385, 0.8667968, 7.6746993), (0.00005463851, -0.5580389, 7.9238954), (1.6189348, -0.65363085, 8.96309), (4.171208, 0.035686728, 8.589618), (4.982885, 0.6952391, 8.667858), (9.020889, 0.91649014, 8.641582), (7.88434, -0.31020004, 9.199286), (-0.00020935929, 0.00067761756, 8.9133005), (0.0004217218, 0.1352124, 9.355778), (9.998977, 0.80069447, 8.325907), (0.0034511162, 0.40133613, 9.726118), (9.999526, 1.1511991, 8.796258), (9.797138, 0.7015084, 9.997199), (10.000592, 0.87321174, 9.117289), (2.5347831, -0.7184808, 9.9984665), (9.999235, 0.990058, 9.307717), (2.888453, -0.68268126, 9.999639), (4.5169067, 0.14857554, 9.999828), (6.7376456, -0.14023787, 9.998619), (9.997016, 1.0051557, 9.634751), (3.3549628, -0.40326142, 9.999194), (5.1062355, 0.35834163, 9.999572), (7.2815437, 0.010874761, 10.000207), (8.886041, 0.4181061, 9.99802), (9.190625, 0.37871298, 9.99969), (1.3315306, -0.7188837, 10.000146), (1.9813026, -0.90666145, 9.999916), (6.1606593, -0.078209914, 10.000027), (8.084097, 0.015738236, 9.999919), (9.999322, 0.76716125, 9.958075), (0.6461925, -0.18122016, 9.999994), (3.7479675, -0.3708659, 10.000072), (5.73463, 0.29394633, 9.999717), (8.629975, 0.13828777, 10.000178), (0.02161542, 0.35039085, 10.000113)] (
                    interpolation = "vertex"
                )
                uniform token subdivisionScheme = "none"
            }

            def Mesh "Mesh_2"
            {
                float3[] extent = [(-0.00027717845, -1.131625, -10.00058), (10.004538, 1.4215744, 0.00021584799)]
                int[] faceVertexCounts = [3, 3, 3, 3, 3, 3, 3, 3, 3, 3, 3, 3, 3, 3, 3, 3, 3, 3, 3, 3, 3, 3, 3, 3, 3, 3, 3, 3, 3, 3, 3, 3, 3, 3, 3, 3, 3, 3, 3, 3, 3, 3, 3, 3, 3, 3, 3, 3, 3, 3, 3, 3, 3, 3, 3, 3, 3, 3, 3, 3, 3, 3, 3, 3, 3, 3, 3, 3, 3, 3, 3, 3, 3, 3, 3, 3, 3, 3, 3, 3, 3, 3, 3, 3, 3, 3, 3, 3, 3, 3, 3, 3, 3, 3, 3, 3, 3, 3, 3, 3, 3, 3, 3, 3, 3, 3, 3, 3, 3, 3, 3, 3, 3, 3, 3, 3, 3, 3, 3, 3, 3, 3, 3, 3, 3, 3, 3, 3, 3, 3, 3, 3, 3, 3, 3, 3, 3, 3]
                int[] faceVertexIndices = [0, 1, 2, 3, 4, 5, 4, 6, 5, 6, 7, 8, 9, 10, 11, 12, 13, 14, 14, 3, 5, 6, 8, 15, 16, 8, 7, 16, 17, 8, 18, 19, 20, 21, 1, 22, 1, 0, 13, 14, 5, 12, 6, 15, 5, 11, 23, 9, 19, 21, 20, 1, 13, 22, 17, 23, 8, 17, 24, 23, 9, 23, 24, 21, 22, 25, 22, 13, 26, 11, 27, 23, 21, 25, 20, 13, 12, 26, 27, 28, 23, 25, 22, 29, 22, 26, 30, 15, 31, 5, 32, 8, 23, 22, 30, 29, 5, 26, 12, 32, 23, 33, 28, 34, 23, 31, 15, 35, 15, 8, 32, 29, 36, 25, 30, 37, 29, 31, 38, 5, 26, 5, 30, 32, 35, 15, 30, 5, 38, 32, 33, 39, 23, 34, 40, 36, 29, 37, 31, 35, 38, 25, 36, 41, 35, 32, 42, 23, 40, 43, 41, 36, 44, 23, 43, 33, 38, 37, 30, 39, 45, 32, 33, 43, 46, 36, 47, 44, 38, 35, 48, 36, 37, 49, 35, 42, 48, 42, 32, 50, 33, 45, 39, 37, 38, 48, 33, 46, 45, 32, 45, 50, 36, 51, 47, 37, 48, 52, 45, 46, 53, 52, 48, 54, 48, 42, 54, 49, 51, 36, 46, 55, 53, 50, 56, 42, 57, 53, 55, 49, 37, 58, 37, 52, 58, 50, 45, 56, 49, 58, 51, 57, 59, 53, 56, 54, 42, 56, 45, 60, 45, 53, 60, 51, 58, 61, 62, 52, 54, 53, 59, 63, 56, 60, 64, 60, 53, 65, 52, 66, 58, 54, 56, 62, 58, 67, 61, 64, 62, 56, 62, 68, 52, 63, 69, 53, 58, 66, 67, 66, 52, 68, 69, 70, 53, 60, 65, 71, 61, 72, 73, 61, 67, 72, 67, 66, 72, 65, 53, 71, 53, 70, 71, 64, 60, 74, 60, 71, 74, 70, 75, 71, 71, 75, 76, 73, 72, 77, 68, 78, 66, 62, 78, 68, 62, 64, 74, 77, 79, 80, 77, 72, 79, 76, 81, 71, 72, 66, 79, 81, 82, 71, 74, 78, 62, 82, 74, 71, 83, 82, 81, 74, 84, 78, 80, 79, 85, 66, 78, 79, 86, 84, 74, 74, 82, 87, 74, 87, 88, 78, 89, 90, 84, 89, 78, 82, 91, 87, 83, 92, 82, 90, 93, 78, 94, 85, 79, 95, 96, 79, 79, 78, 95, 78, 93, 95, 74, 88, 86, 82, 92, 97, 82, 97, 91, 98, 85, 99, 94, 99, 85, 79, 96, 94]
                uniform token orientation = "leftHanded"
                point3f[] points = [(2.7583492, 1.0962907, -9.999616), (1.9640596, 0.6737012, -9.999759), (2.3292115, 1.1214632, -10.00058), (4.6342535, 0.13572413, -9.999863), (5.604427, -0.3069892, -10), (4.5997186, 0.89573187, -8.48553), (6.556837, 0.116695374, -9.999257), (6.992344, -0.06539539, -9.999873), (6.8920774, 0.37527648, -9.146613), (9.083476, -0.6367808, -9.99988), (9.771715, -0.37492302, -10.000342), (10.001207, -0.50230694, -9.982504), (3.8947072, 0.9939292, -9.061935), (3.147575, 0.95046914, -9.996039), (3.5916953, 1.0459424, -9.999621), (6.2273464, 1.020487, -8.584788), (7.3343277, -0.002357599, -10.000165), (7.9127016, -0.24274597, -9.999914), (0.0010770396, -1.131625, -9.99856), (0.64121056, -0.7454107, -10.000193), (0.0011309874, -1.1306096, -8.971585), (1.2104007, -0.44384998, -9.999938), (1.8108432, 0.0049735573, -9.193383), (8.801111, -1.1189419, -8.567703), (8.471359, -0.59977174, -9.999316), (0.0024950923, -0.9239112, -8.057134), (3.0485122, 1.2601576, -8.327549), (10.0000515, -0.76770157, -9.557916), (10.00012, -0.89071566, -8.511646), (1.5430222, 0.20193078, -7.6943774), (2.8064504, 0.64842993, -7.172941), (5.1427584, 1.2765179, -8.045158), (7.183857, 1.4215744, -6.6583514), (9.027691, 0.6831764, -6.5723987), (10.000082, -0.7042042, -7.8367543), (5.6617794, 0.03283201, -6.8199205), (0.9246491, -0.0072204336, -6.232078), (2.664653, 0.027789779, -5.8937745), (4.0329914, 1.2453492, -6.68167), (8.171457, 0.80212784, -6.32109), (9.999631, -0.09829389, -6.9828153), (0.00011323037, -0.48974088, -6.929484), (5.6019464, 0.17006671, -5.400031), (9.999802, 0.62080246, -6.406232), (-0.00027717845, -0.37186474, -6.292745), (7.905797, 0.7523402, -5.236907), (9.998449, 0.4171405, -5.8655257), (0.00006401227, -0.6446728, -5.718661), (4.1306615, -0.0673465, -5.354119), (1.4527597, 0.76774883, -5.12021), (6.6191115, 1.1537616, -5.151418), (0.00091307604, -0.4706481, -4.604914), (3.424885, 0.3586958, -4.0524445), (9.181076, 1.0161483, -3.8461714), (4.502193, -0.54476255, -4.273304), (9.999611, 0.45992368, -5.108479), (5.937324, 0.038023014, -4.0916204), (10.00004, 0.503979, -4.701283), (1.9849557, 0.8534905, -4.02859), (9.99971, 0.74868256, -4.121224), (7.691059, 0.07158081, -3.4895744), (0.0010406472, -0.106621176, -3.2557652), (4.9499397, 0.069397695, -2.8588622), (9.99954, 0.9085353, -3.6136682), (6.164506, 0.10650249, -2.5460522), (8.560573, 1.2696545, -3.2410448), (2.4442487, -0.19864294, -2.4508739), (1.7964007, 0.24453972, -3.0013442), (3.587544, 0.47710395, -2.8900058), (9.999997, 1.099967, -3.3341546), (9.997488, 0.9423328, -2.8984585), (8.54398, 0.3270415, -1.7002652), (1.1044073, 0.07610664, -1.982446), (0.0000127207, -0.32245547, -2.6764872), (6.301271, -0.77474153, -1.3483629), (10.00019, 0.70341295, -2.424567), (10.000196, 0.72881275, -1.735711), (0.0011318881, -0.24887337, -1.6291308), (3.9048283, -0.4352798, -0.99524045), (1.6160203, -0.34859902, -0.9226662), (0.00079791946, -0.3182843, -1.2557065), (9.999669, 0.5430709, -1.356473), (9.361356, 0.41880992, -0.69411236), (10.000167, 0.5647362, -0.6882416), (5.5253854, -0.6019573, -0.00153797), (0.0009776165, -0.24742691, -0.63289326), (6.111553, -0.5637177, -0.00018780101), (7.965034, 0.02488713, -0.00012648953), (6.84445, -0.30969372, -0.00021343678), (4.9171567, -0.31691542, -0.00012581548), (4.4129605, -0.354038, -0.0010547836), (8.759693, -0.026042553, -0.000019544144), (10.004538, 0.6415813, -0.020929908), (3.9376602, -0.23551756, 0.00021584799), (1.414708, -0.23433705, 0.00005491659), (2.8705118, -0.32439744, 0.00018930956), (2.2710757, -0.2096417, -0.00004395064), (9.39195, 0.3675225, -0.000059904414), (0.0022855904, -0.03990526, -0.0034305558), (0.60907805, -0.16654019, -0.000015183145)] (
                    interpolation = "vertex"
                )
                uniform token subdivisionScheme = "none"
            }

            def Mesh "Mesh_0"
            {
                float3[] extent = [(-10.00206, -1.691203, -10.000099), (0.0003972602, 1.8125514, 0.004959765)]
                int[] faceVertexCounts = [3, 3, 3, 3, 3, 3, 3, 3, 3, 3, 3, 3, 3, 3, 3, 3, 3, 3, 3, 3, 3, 3, 3, 3, 3, 3, 3, 3, 3, 3, 3, 3, 3, 3, 3, 3, 3, 3, 3, 3, 3, 3, 3, 3, 3, 3, 3, 3, 3, 3, 3, 3, 3, 3, 3, 3, 3, 3, 3, 3, 3, 3, 3, 3, 3, 3, 3, 3, 3, 3, 3, 3, 3, 3, 3, 3, 3, 3, 3, 3, 3, 3, 3, 3, 3, 3, 3, 3, 3, 3, 3, 3, 3, 3, 3, 3, 3, 3]
                int[] faceVertexIndices = [0, 1, 2, 0, 3, 4, 3, 5, 4, 5, 6, 7, 8, 9, 10, 11, 12, 9, 13, 14, 15, 16, 2, 1, 4, 1, 0, 11, 9, 8, 17, 18, 19, 9, 20, 10, 18, 14, 19, 5, 7, 4, 6, 20, 7, 12, 17, 19, 1, 4, 21, 21, 22, 1, 20, 9, 7, 19, 14, 23, 12, 19, 9, 1, 22, 24, 13, 25, 14, 7, 26, 4, 14, 25, 23, 26, 7, 9, 27, 24, 22, 9, 19, 26, 23, 25, 28, 29, 21, 4, 27, 22, 30, 4, 26, 31, 21, 32, 22, 26, 19, 33, 32, 34, 30, 30, 22, 32, 35, 36, 19, 31, 29, 4, 33, 31, 26, 35, 19, 23, 21, 29, 32, 33, 19, 36, 23, 28, 35, 32, 37, 34, 33, 36, 38, 39, 35, 28, 28, 40, 39, 37, 32, 41, 42, 41, 32, 42, 32, 29, 42, 29, 31, 39, 43, 35, 36, 35, 44, 36, 44, 38, 41, 42, 45, 38, 46, 33, 31, 33, 47, 47, 33, 46, 45, 42, 48, 35, 43, 49, 44, 35, 50, 35, 49, 50, 44, 51, 38, 46, 38, 51, 48, 42, 52, 44, 50, 51, 47, 42, 31, 53, 47, 46, 52, 54, 48, 51, 50, 55, 52, 42, 47, 47, 53, 52, 49, 56, 50, 50, 56, 57, 52, 58, 54, 55, 50, 59, 51, 53, 46, 58, 52, 60, 60, 52, 61, 51, 55, 62, 59, 62, 55, 52, 53, 63, 57, 64, 50, 61, 52, 65, 51, 62, 53, 61, 66, 60, 59, 50, 67, 68, 53, 62, 53, 69, 63, 67, 70, 59, 64, 67, 50, 66, 61, 71, 65, 72, 61, 73, 53, 68, 52, 63, 65, 69, 53, 74, 73, 74, 53, 62, 59, 70]
                uniform token orientation = "leftHanded"
                point3f[] points = [(-9.049906, -0.49202147, -9.999949), (-9.99872, 0.36926907, -9.032454), (-9.543219, -0.27327624, -9.999985), (-8.309603, -0.48925424, -10.000004), (-7.1204777, 0.016261257, -8.498981), (-7.3970346, 0.29389733, -9.999919), (-6.8825107, 0.25643107, -9.999268), (-6.4113073, 0.6244961, -8.890567), (-5.094887, 1.8125514, -10.000099), (-4.8157206, 0.8717174, -8.89243), (-5.4772816, 1.6316204, -9.999215), (-4.782157, 1.2893611, -9.999862), (-3.9678767, 0.6568336, -9.998886), (0.00012235975, -1.097938, -8.807033), (-0.9319989, -1.411448, -9.997782), (-0.00512517, -1.1244214, -9.999858), (-9.99986, -0.19308126, -9.979775), (-2.6864746, -0.64270717, -9.999943), (-1.65639, -1.2408261, -10.000015), (-3.2344122, -0.79618293, -7.6666484), (-6.033589, 0.7965264, -9.998835), (-8.250168, 1.4787289, -7.7345166), (-9.252794, 1.5364057, -7.938712), (-0.9688915, -0.90468216, -7.757146), (-10.00206, 0.70178825, -8.174141), (-0.000019122315, -0.8518864, -7.836686), (-4.9213424, 1.3254658, -7.489939), (-9.999372, 0.4952885, -7.642874), (-0.000947154, -0.48773888, -6.916671), (-7.8822613, 1.4293852, -6.2273483), (-9.999876, 0.6432832, -7.027577), (-6.5171685, -0.18371083, -5.9775596), (-9.139656, 0.08163952, -6.203966), (-5.384306, 0.19747107, -5.368073), (-9.999947, 0.093167864, -6.3616705), (-1.2826536, -1.0769709, -5.3489976), (-3.722286, -0.11824, -6.133447), (-9.999934, -0.3805464, -5.8656197), (-4.046102, -0.3988115, -5.2557626), (-0.00041820738, -0.6325576, -5.746745), (0.00029329245, -0.3729104, -6.3006673), (-10.000267, -0.6861183, -5.257105), (-8.411023, -0.20698734, -4.6610484), (0.000045661014, -0.49851295, -4.7247224), (-2.4524574, -0.09798113, -4.554067), (-10.000255, -1.3695823, -4.4188004), (-4.1529226, 1.0367978, -3.6523087), (-6.000788, -0.3902182, -3.984503), (-9.99946, -1.6068727, -3.7588623), (0.0003972602, -0.11004483, -3.287571), (-1.2914625, -0.3536366, -2.8851736), (-3.0802333, 0.33706325, -3.1153667), (-8.223735, -1.691203, -2.0050852), (-4.8613853, -0.99107575, -1.7742401), (-9.999939, -1.6350838, -2.561936), (-2.4487977, 0.34559944, -2.041343), (0.000020726588, -0.32575977, -2.6627777), (-0.0001444932, -0.2967661, -1.4025623), (-9.999925, -1.3113011, -1.6659088), (-1.3562057, 0.11065678, -1.2671137), (-9.999995, -1.0040818, -0.8868251), (-8.862473, -0.8374684, -0.000056493373), (-1.7336651, -0.07694651, -0.0012895463), (-6.3539, -1.4739083, -0.00048509648), (-0.00046355725, -0.22883804, -0.5210658), (-7.1957974, -1.4448305, -0.0014618724), (-10.001454, -0.36511785, -0.035709582), (-0.014177267, 0.02512797, 0.004959765), (-2.4165273, -0.20546341, -0.000021072918), (-5.311727, -1.1508042, 0.000002395322), (-1.0785443, 0.06516249, -0.000018093304), (-9.551274, -0.50196284, 0.000019477502), (-7.9265246, -1.0876433, -0.000004593857), (-3.3006623, -0.5869527, -0.000026094776), (-3.9247386, -0.6623031, -0.000008871536)] (
                    interpolation = "vertex"
                )
                uniform token subdivisionScheme = "none"
            }

            def Mesh "Mesh_1"
            {
                float3[] extent = [(-10.001239, -1.5165114, -0.00037971576), (0.00030599034, 1.4009104, 10.000468)]
                int[] faceVertexCounts = [3, 3, 3, 3, 3, 3, 3, 3, 3, 3, 3, 3, 3, 3, 3, 3, 3, 3, 3, 3, 3, 3, 3, 3, 3, 3, 3, 3, 3, 3, 3, 3, 3, 3, 3, 3, 3, 3, 3, 3, 3, 3, 3, 3, 3, 3, 3, 3, 3, 3, 3, 3, 3, 3, 3, 3, 3, 3, 3, 3, 3, 3, 3, 3, 3, 3, 3, 3, 3, 3, 3, 3, 3, 3, 3, 3, 3, 3, 3, 3, 3, 3, 3, 3, 3, 3, 3, 3, 3, 3, 3, 3, 3, 3, 3, 3, 3, 3, 3, 3, 3, 3, 3, 3, 3, 3, 3, 3, 3, 3, 3, 3]
                int[] faceVertexIndices = [0, 1, 2, 0, 3, 4, 5, 6, 7, 8, 9, 10, 10, 9, 11, 12, 13, 14, 14, 15, 12, 4, 1, 0, 4, 3, 6, 7, 8, 5, 10, 11, 13, 11, 16, 13, 8, 10, 5, 16, 14, 13, 5, 4, 6, 13, 12, 17, 18, 1, 19, 13, 17, 20, 13, 20, 21, 19, 1, 4, 19, 4, 22, 4, 5, 23, 21, 24, 13, 4, 25, 22, 10, 26, 5, 13, 24, 27, 25, 4, 28, 24, 29, 27, 4, 23, 28, 23, 5, 30, 13, 27, 31, 10, 32, 26, 29, 33, 27, 13, 31, 10, 10, 31, 32, 31, 27, 34, 23, 35, 28, 27, 33, 34, 35, 23, 36, 28, 35, 37, 38, 36, 23, 30, 38, 23, 5, 26, 39, 39, 26, 32, 30, 40, 38, 34, 41, 31, 5, 40, 30, 32, 31, 42, 34, 43, 41, 36, 44, 35, 38, 45, 36, 44, 36, 45, 44, 45, 46, 41, 43, 47, 40, 5, 48, 45, 38, 49, 42, 31, 41, 39, 48, 5, 50, 46, 45, 50, 51, 46, 49, 38, 40, 47, 52, 41, 45, 49, 50, 40, 48, 53, 49, 40, 53, 39, 32, 42, 50, 54, 51, 42, 41, 55, 50, 49, 56, 39, 42, 48, 52, 57, 41, 49, 53, 56, 41, 57, 55, 48, 58, 53, 50, 59, 54, 59, 50, 60, 50, 56, 60, 42, 55, 61, 53, 58, 56, 55, 62, 61, 60, 56, 63, 61, 48, 42, 60, 63, 64, 56, 65, 63, 56, 66, 65, 56, 58, 66, 67, 68, 62, 58, 48, 61, 66, 69, 65, 58, 61, 66, 62, 68, 61, 70, 63, 65, 68, 67, 71, 70, 65, 72, 72, 65, 73, 69, 73, 65, 66, 74, 69, 61, 68, 75, 71, 76, 68, 75, 77, 61, 77, 75, 78, 79, 68, 76, 61, 80, 81, 61, 82, 80, 77, 83, 84, 77, 78, 83, 74, 66, 85, 66, 86, 85, 66, 61, 86, 86, 61, 81, 61, 77, 82, 79, 76, 87]
                uniform token orientation = "leftHanded"
                point3f[] points = [(-8.576203, -0.9058066, -0.00037971576), (-9.527224, -0.5154664, 0.007149644), (-9.115877, -0.7544043, 0.00014382685), (-7.847249, -1.1077986, 0.00022236438), (-9.11622, 0.52682847, 1.4854237), (-5.5845795, -0.8747413, 2.8297062), (-7.4022317, -1.351118, 0.0002675286), (-6.5671067, -1.5165114, -0.00006590116), (-5.1393642, -1.0849848, 0.000017358476), (-3.9248424, -0.657401, 0.000042045875), (-3.8630705, -0.6775026, 1.4244405), (-3.3722582, -0.6100214, -0.00007763196), (-0.0000727314, 0.29797858, 0.3687093), (-1.359001, 0.21161355, 1.5590525), (-0.79433286, 0.10413965, 0.00003138875), (-0.00011828118, -0.0063765505, 0.0005127035), (-1.9337195, -0.08940035, 0.000010715429), (-0.0038403873, 0.56892234, 0.63688475), (-9.999495, -0.3989656, 0.025862051), (-10.000029, 0.47088933, 1.1380721), (-0.00030925954, 0.56549937, 0.8906778), (-0.004435514, 0.95710063, 1.2429593), (-10.001239, 0.4191073, 1.6932119), (-8.191917, -0.36968207, 2.2986808), (0.00017348476, 0.7833532, 1.7393407), (-10.000152, 0.2882993, 2.231903), (-4.4274735, -0.33409622, 2.9214716), (-0.5181119, 1.4009104, 2.695588), (-9.99743, 0.47115567, 2.5392544), (-0.000050601873, 1.3161393, 2.4183578), (-6.881732, -0.039580896, 3.1043646), (-1.8383243, 0.11836078, 3.9044614), (-3.8819528, 0.012426106, 3.6227684), (0.0002456332, 1.0442704, 3.0295599), (-0.00095603144, 0.707585, 3.524309), (-9.998367, 0.44588733, 3.9232266), (-9.121323, 0.32526731, 4.146303), (-10.000343, 0.5434633, 3.1757424), (-7.6852994, 0.124275744, 4.086043), (-5.2595644, -0.19538657, 4.548328), (-6.9969153, 0.64014846, 5.3357415), (-1.0387834, 1.3436394, 5.5044885), (-3.1769397, -0.14826623, 5.952294), (0.000029974275, 0.8242304, 4.0807214), (-9.999104, 0.27480802, 4.4685087), (-9.042818, 1.256201, 5.0123715), (-9.999303, 0.38688928, 5.095911), (-0.000120678334, 1.1211319, 4.917401), (-5.4496984, 0.039542094, 6.244606), (-8.138512, 0.26081806, 5.8245344), (-9.138939, 0.9478817, 5.985649), (-9.999597, 0.53654546, 5.8840437), (0.00030599034, 0.36346146, 6.0281053), (-6.961801, 0.8135886, 6.416823), (-9.999783, 0.32964614, 6.2732472), (-0.0009739149, -0.5945043, 7.062473), (-8.209528, 1.1321791, 7.2075396), (-0.000021189844, -0.19566469, 6.4419317), (-6.317146, 0.12759632, 7.220769), (-10.000026, -0.063367836, 6.7303224), (-9.99931, -0.16234018, 7.3007197), (-3.2671583, -1.097742, 7.966015), (-0.00042910385, -0.6037597, 7.636227), (-9.99535, 0.007222817, 8.383708), (-10.000879, -0.06382115, 7.9393363), (-9.103094, 0.34471714, 8.643771), (-7.706025, -0.90790945, 8.659134), (0.00000767549, -0.36120105, 8.358003), (-0.8101375, 0.80844206, 9.9991865), (-9.187175, -0.96545434, 9.99893), (-9.999074, -0.10399173, 8.718787), (0.0001531393, 0.13622184, 9.300176), (-10.00005, -0.1227651, 9.088374), (-9.999552, -0.8670991, 9.992111), (-8.515007, -0.8532597, 9.999611), (-1.2180009, 0.71777374, 9.996216), (-0.0006791701, 0.39366466, 9.705791), (-2.8466666, 0.56828874, 9.993566), (-1.7033682, 0.7773198, 9.995028), (-0.3341531, 0.711339, 10.000468), (-4.564453, -0.7199208, 9.999356), (-5.144329, -1.1474189, 10.000011), (-3.550381, -0.2842394, 9.999954), (-2.339618, 0.73097503, 9.998213), (-2.6095967, 0.79028517, 9.999507), (-7.628775, -1.2940797, 9.999984), (-6.367797, -1.4490227, 10.000012), (-0.0018070202, 0.36999017, 9.999918)] (
                    interpolation = "vertex"
                )
                uniform token subdivisionScheme = "none"
            }
        }

        def Xform "Area205"
        {
            vector3f[] primvars:P (
                interpolation = "constant"
            )
            vector3f[] primvars:P.timeSamples = {
                1: [(-94.73685, 0, 10.526306)],
            }
            matrix4d xformOp:transform:copytopoints1 = ( (1, 0, 0, 0), (0, 1, 0, 0), (0, 0, 1, 0), (-94.73684692382812, 0, 10.52630615234375, 1) )
            uniform token[] xformOpOrder = ["xformOp:transform:copytopoints1"]

            def Mesh "Mesh_2"
            {
                float3[] extent = [(-0.00027717845, -1.131625, -10.00058), (10.004538, 1.4215744, 0.00021584799)]
                int[] faceVertexCounts = [3, 3, 3, 3, 3, 3, 3, 3, 3, 3, 3, 3, 3, 3, 3, 3, 3, 3, 3, 3, 3, 3, 3, 3, 3, 3, 3, 3, 3, 3, 3, 3, 3, 3, 3, 3, 3, 3, 3, 3, 3, 3, 3, 3, 3, 3, 3, 3, 3, 3, 3, 3, 3, 3, 3, 3, 3, 3, 3, 3, 3, 3, 3, 3, 3, 3, 3, 3, 3, 3, 3, 3, 3, 3, 3, 3, 3, 3, 3, 3, 3, 3, 3, 3, 3, 3, 3, 3, 3, 3, 3, 3, 3, 3, 3, 3, 3, 3, 3, 3, 3, 3, 3, 3, 3, 3, 3, 3, 3, 3, 3, 3, 3, 3, 3, 3, 3, 3, 3, 3, 3, 3, 3, 3, 3, 3, 3, 3, 3, 3, 3, 3, 3, 3, 3, 3, 3, 3]
                int[] faceVertexIndices = [0, 1, 2, 3, 4, 5, 4, 6, 5, 6, 7, 8, 9, 10, 11, 12, 13, 14, 14, 3, 5, 6, 8, 15, 16, 8, 7, 16, 17, 8, 18, 19, 20, 21, 1, 22, 1, 0, 13, 14, 5, 12, 6, 15, 5, 11, 23, 9, 19, 21, 20, 1, 13, 22, 17, 23, 8, 17, 24, 23, 9, 23, 24, 21, 22, 25, 22, 13, 26, 11, 27, 23, 21, 25, 20, 13, 12, 26, 27, 28, 23, 25, 22, 29, 22, 26, 30, 15, 31, 5, 32, 8, 23, 22, 30, 29, 5, 26, 12, 32, 23, 33, 28, 34, 23, 31, 15, 35, 15, 8, 32, 29, 36, 25, 30, 37, 29, 31, 38, 5, 26, 5, 30, 32, 35, 15, 30, 5, 38, 32, 33, 39, 23, 34, 40, 36, 29, 37, 31, 35, 38, 25, 36, 41, 35, 32, 42, 23, 40, 43, 41, 36, 44, 23, 43, 33, 38, 37, 30, 39, 45, 32, 33, 43, 46, 36, 47, 44, 38, 35, 48, 36, 37, 49, 35, 42, 48, 42, 32, 50, 33, 45, 39, 37, 38, 48, 33, 46, 45, 32, 45, 50, 36, 51, 47, 37, 48, 52, 45, 46, 53, 52, 48, 54, 48, 42, 54, 49, 51, 36, 46, 55, 53, 50, 56, 42, 57, 53, 55, 49, 37, 58, 37, 52, 58, 50, 45, 56, 49, 58, 51, 57, 59, 53, 56, 54, 42, 56, 45, 60, 45, 53, 60, 51, 58, 61, 62, 52, 54, 53, 59, 63, 56, 60, 64, 60, 53, 65, 52, 66, 58, 54, 56, 62, 58, 67, 61, 64, 62, 56, 62, 68, 52, 63, 69, 53, 58, 66, 67, 66, 52, 68, 69, 70, 53, 60, 65, 71, 61, 72, 73, 61, 67, 72, 67, 66, 72, 65, 53, 71, 53, 70, 71, 64, 60, 74, 60, 71, 74, 70, 75, 71, 71, 75, 76, 73, 72, 77, 68, 78, 66, 62, 78, 68, 62, 64, 74, 77, 79, 80, 77, 72, 79, 76, 81, 71, 72, 66, 79, 81, 82, 71, 74, 78, 62, 82, 74, 71, 83, 82, 81, 74, 84, 78, 80, 79, 85, 66, 78, 79, 86, 84, 74, 74, 82, 87, 74, 87, 88, 78, 89, 90, 84, 89, 78, 82, 91, 87, 83, 92, 82, 90, 93, 78, 94, 85, 79, 95, 96, 79, 79, 78, 95, 78, 93, 95, 74, 88, 86, 82, 92, 97, 82, 97, 91, 98, 85, 99, 94, 99, 85, 79, 96, 94]
                uniform token orientation = "leftHanded"
                point3f[] points = [(2.7583492, 1.0962907, -9.999616), (1.9640596, 0.6737012, -9.999759), (2.3292115, 1.1214632, -10.00058), (4.6342535, 0.13572413, -9.999863), (5.604427, -0.3069892, -10), (4.5997186, 0.89573187, -8.48553), (6.556837, 0.116695374, -9.999257), (6.992344, -0.06539539, -9.999873), (6.8920774, 0.37527648, -9.146613), (9.083476, -0.6367808, -9.99988), (9.771715, -0.37492302, -10.000342), (10.001207, -0.50230694, -9.982504), (3.8947072, 0.9939292, -9.061935), (3.147575, 0.95046914, -9.996039), (3.5916953, 1.0459424, -9.999621), (6.2273464, 1.020487, -8.584788), (7.3343277, -0.002357599, -10.000165), (7.9127016, -0.24274597, -9.999914), (0.0010770396, -1.131625, -9.99856), (0.64121056, -0.7454107, -10.000193), (0.0011309874, -1.1306096, -8.971585), (1.2104007, -0.44384998, -9.999938), (1.8108432, 0.0049735573, -9.193383), (8.801111, -1.1189419, -8.567703), (8.471359, -0.59977174, -9.999316), (0.0024950923, -0.9239112, -8.057134), (3.0485122, 1.2601576, -8.327549), (10.0000515, -0.76770157, -9.557916), (10.00012, -0.89071566, -8.511646), (1.5430222, 0.20193078, -7.6943774), (2.8064504, 0.64842993, -7.172941), (5.1427584, 1.2765179, -8.045158), (7.183857, 1.4215744, -6.6583514), (9.027691, 0.6831764, -6.5723987), (10.000082, -0.7042042, -7.8367543), (5.6617794, 0.03283201, -6.8199205), (0.9246491, -0.0072204336, -6.232078), (2.664653, 0.027789779, -5.8937745), (4.0329914, 1.2453492, -6.68167), (8.171457, 0.80212784, -6.32109), (9.999631, -0.09829389, -6.9828153), (0.00011323037, -0.48974088, -6.929484), (5.6019464, 0.17006671, -5.400031), (9.999802, 0.62080246, -6.406232), (-0.00027717845, -0.37186474, -6.292745), (7.905797, 0.7523402, -5.236907), (9.998449, 0.4171405, -5.8655257), (0.00006401227, -0.6446728, -5.718661), (4.1306615, -0.0673465, -5.354119), (1.4527597, 0.76774883, -5.12021), (6.6191115, 1.1537616, -5.151418), (0.00091307604, -0.4706481, -4.604914), (3.424885, 0.3586958, -4.0524445), (9.181076, 1.0161483, -3.8461714), (4.502193, -0.54476255, -4.273304), (9.999611, 0.45992368, -5.108479), (5.937324, 0.038023014, -4.0916204), (10.00004, 0.503979, -4.701283), (1.9849557, 0.8534905, -4.02859), (9.99971, 0.74868256, -4.121224), (7.691059, 0.07158081, -3.4895744), (0.0010406472, -0.106621176, -3.2557652), (4.9499397, 0.069397695, -2.8588622), (9.99954, 0.9085353, -3.6136682), (6.164506, 0.10650249, -2.5460522), (8.560573, 1.2696545, -3.2410448), (2.4442487, -0.19864294, -2.4508739), (1.7964007, 0.24453972, -3.0013442), (3.587544, 0.47710395, -2.8900058), (9.999997, 1.099967, -3.3341546), (9.997488, 0.9423328, -2.8984585), (8.54398, 0.3270415, -1.7002652), (1.1044073, 0.07610664, -1.982446), (0.0000127207, -0.32245547, -2.6764872), (6.301271, -0.77474153, -1.3483629), (10.00019, 0.70341295, -2.424567), (10.000196, 0.72881275, -1.735711), (0.0011318881, -0.24887337, -1.6291308), (3.9048283, -0.4352798, -0.99524045), (1.6160203, -0.34859902, -0.9226662), (0.00079791946, -0.3182843, -1.2557065), (9.999669, 0.5430709, -1.356473), (9.361356, 0.41880992, -0.69411236), (10.000167, 0.5647362, -0.6882416), (5.5253854, -0.6019573, -0.00153797), (0.0009776165, -0.24742691, -0.63289326), (6.111553, -0.5637177, -0.00018780101), (7.965034, 0.02488713, -0.00012648953), (6.84445, -0.30969372, -0.00021343678), (4.9171567, -0.31691542, -0.00012581548), (4.4129605, -0.354038, -0.0010547836), (8.759693, -0.026042553, -0.000019544144), (10.004538, 0.6415813, -0.020929908), (3.9376602, -0.23551756, 0.00021584799), (1.414708, -0.23433705, 0.00005491659), (2.8705118, -0.32439744, 0.00018930956), (2.2710757, -0.2096417, -0.00004395064), (9.39195, 0.3675225, -0.000059904414), (0.0022855904, -0.03990526, -0.0034305558), (0.60907805, -0.16654019, -0.000015183145)] (
                    interpolation = "vertex"
                )
                uniform token subdivisionScheme = "none"
            }

            def Mesh "Mesh_0"
            {
                float3[] extent = [(-10.00206, -1.691203, -10.000099), (0.0003972602, 1.8125514, 0.004959765)]
                int[] faceVertexCounts = [3, 3, 3, 3, 3, 3, 3, 3, 3, 3, 3, 3, 3, 3, 3, 3, 3, 3, 3, 3, 3, 3, 3, 3, 3, 3, 3, 3, 3, 3, 3, 3, 3, 3, 3, 3, 3, 3, 3, 3, 3, 3, 3, 3, 3, 3, 3, 3, 3, 3, 3, 3, 3, 3, 3, 3, 3, 3, 3, 3, 3, 3, 3, 3, 3, 3, 3, 3, 3, 3, 3, 3, 3, 3, 3, 3, 3, 3, 3, 3, 3, 3, 3, 3, 3, 3, 3, 3, 3, 3, 3, 3, 3, 3, 3, 3, 3, 3]
                int[] faceVertexIndices = [0, 1, 2, 0, 3, 4, 3, 5, 4, 5, 6, 7, 8, 9, 10, 11, 12, 9, 13, 14, 15, 16, 2, 1, 4, 1, 0, 11, 9, 8, 17, 18, 19, 9, 20, 10, 18, 14, 19, 5, 7, 4, 6, 20, 7, 12, 17, 19, 1, 4, 21, 21, 22, 1, 20, 9, 7, 19, 14, 23, 12, 19, 9, 1, 22, 24, 13, 25, 14, 7, 26, 4, 14, 25, 23, 26, 7, 9, 27, 24, 22, 9, 19, 26, 23, 25, 28, 29, 21, 4, 27, 22, 30, 4, 26, 31, 21, 32, 22, 26, 19, 33, 32, 34, 30, 30, 22, 32, 35, 36, 19, 31, 29, 4, 33, 31, 26, 35, 19, 23, 21, 29, 32, 33, 19, 36, 23, 28, 35, 32, 37, 34, 33, 36, 38, 39, 35, 28, 28, 40, 39, 37, 32, 41, 42, 41, 32, 42, 32, 29, 42, 29, 31, 39, 43, 35, 36, 35, 44, 36, 44, 38, 41, 42, 45, 38, 46, 33, 31, 33, 47, 47, 33, 46, 45, 42, 48, 35, 43, 49, 44, 35, 50, 35, 49, 50, 44, 51, 38, 46, 38, 51, 48, 42, 52, 44, 50, 51, 47, 42, 31, 53, 47, 46, 52, 54, 48, 51, 50, 55, 52, 42, 47, 47, 53, 52, 49, 56, 50, 50, 56, 57, 52, 58, 54, 55, 50, 59, 51, 53, 46, 58, 52, 60, 60, 52, 61, 51, 55, 62, 59, 62, 55, 52, 53, 63, 57, 64, 50, 61, 52, 65, 51, 62, 53, 61, 66, 60, 59, 50, 67, 68, 53, 62, 53, 69, 63, 67, 70, 59, 64, 67, 50, 66, 61, 71, 65, 72, 61, 73, 53, 68, 52, 63, 65, 69, 53, 74, 73, 74, 53, 62, 59, 70]
                uniform token orientation = "leftHanded"
                point3f[] points = [(-9.049906, -0.49202147, -9.999949), (-9.99872, 0.36926907, -9.032454), (-9.543219, -0.27327624, -9.999985), (-8.309603, -0.48925424, -10.000004), (-7.1204777, 0.016261257, -8.498981), (-7.3970346, 0.29389733, -9.999919), (-6.8825107, 0.25643107, -9.999268), (-6.4113073, 0.6244961, -8.890567), (-5.094887, 1.8125514, -10.000099), (-4.8157206, 0.8717174, -8.89243), (-5.4772816, 1.6316204, -9.999215), (-4.782157, 1.2893611, -9.999862), (-3.9678767, 0.6568336, -9.998886), (0.00012235975, -1.097938, -8.807033), (-0.9319989, -1.411448, -9.997782), (-0.00512517, -1.1244214, -9.999858), (-9.99986, -0.19308126, -9.979775), (-2.6864746, -0.64270717, -9.999943), (-1.65639, -1.2408261, -10.000015), (-3.2344122, -0.79618293, -7.6666484), (-6.033589, 0.7965264, -9.998835), (-8.250168, 1.4787289, -7.7345166), (-9.252794, 1.5364057, -7.938712), (-0.9688915, -0.90468216, -7.757146), (-10.00206, 0.70178825, -8.174141), (-0.000019122315, -0.8518864, -7.836686), (-4.9213424, 1.3254658, -7.489939), (-9.999372, 0.4952885, -7.642874), (-0.000947154, -0.48773888, -6.916671), (-7.8822613, 1.4293852, -6.2273483), (-9.999876, 0.6432832, -7.027577), (-6.5171685, -0.18371083, -5.9775596), (-9.139656, 0.08163952, -6.203966), (-5.384306, 0.19747107, -5.368073), (-9.999947, 0.093167864, -6.3616705), (-1.2826536, -1.0769709, -5.3489976), (-3.722286, -0.11824, -6.133447), (-9.999934, -0.3805464, -5.8656197), (-4.046102, -0.3988115, -5.2557626), (-0.00041820738, -0.6325576, -5.746745), (0.00029329245, -0.3729104, -6.3006673), (-10.000267, -0.6861183, -5.257105), (-8.411023, -0.20698734, -4.6610484), (0.000045661014, -0.49851295, -4.7247224), (-2.4524574, -0.09798113, -4.554067), (-10.000255, -1.3695823, -4.4188004), (-4.1529226, 1.0367978, -3.6523087), (-6.000788, -0.3902182, -3.984503), (-9.99946, -1.6068727, -3.7588623), (0.0003972602, -0.11004483, -3.287571), (-1.2914625, -0.3536366, -2.8851736), (-3.0802333, 0.33706325, -3.1153667), (-8.223735, -1.691203, -2.0050852), (-4.8613853, -0.99107575, -1.7742401), (-9.999939, -1.6350838, -2.561936), (-2.4487977, 0.34559944, -2.041343), (0.000020726588, -0.32575977, -2.6627777), (-0.0001444932, -0.2967661, -1.4025623), (-9.999925, -1.3113011, -1.6659088), (-1.3562057, 0.11065678, -1.2671137), (-9.999995, -1.0040818, -0.8868251), (-8.862473, -0.8374684, -0.000056493373), (-1.7336651, -0.07694651, -0.0012895463), (-6.3539, -1.4739083, -0.00048509648), (-0.00046355725, -0.22883804, -0.5210658), (-7.1957974, -1.4448305, -0.0014618724), (-10.001454, -0.36511785, -0.035709582), (-0.014177267, 0.02512797, 0.004959765), (-2.4165273, -0.20546341, -0.000021072918), (-5.311727, -1.1508042, 0.000002395322), (-1.0785443, 0.06516249, -0.000018093304), (-9.551274, -0.50196284, 0.000019477502), (-7.9265246, -1.0876433, -0.000004593857), (-3.3006623, -0.5869527, -0.000026094776), (-3.9247386, -0.6623031, -0.000008871536)] (
                    interpolation = "vertex"
                )
                uniform token subdivisionScheme = "none"
            }
        }

        def Xform "Area206"
        {
            vector3f[] primvars:P (
                interpolation = "constant"
            )
            vector3f[] primvars:P.timeSamples = {
                1: [(-73.68421, 0, 10.526306)],
            }
            matrix4d xformOp:transform:copytopoints1 = ( (1, 0, 0, 0), (0, 1, 0, 0), (0, 0, 1, 0), (-73.68421173095703, 0, 10.52630615234375, 1) )
            uniform token[] xformOpOrder = ["xformOp:transform:copytopoints1"]
        }

        def Xform "Area207"
        {
            vector3f[] primvars:P (
                interpolation = "constant"
            )
            vector3f[] primvars:P.timeSamples = {
                1: [(-52.631577, 0, 10.526306)],
            }
            matrix4d xformOp:transform:copytopoints1 = ( (1, 0, 0, 0), (0, 1, 0, 0), (0, 0, 1, 0), (-52.63157653808594, 0, 10.52630615234375, 1) )
            uniform token[] xformOpOrder = ["xformOp:transform:copytopoints1"]
        }

        def Xform "Area208"
        {
            vector3f[] primvars:P (
                interpolation = "constant"
            )
            vector3f[] primvars:P.timeSamples = {
                1: [(-31.578949, 0, 10.526306)],
            }
            matrix4d xformOp:transform:copytopoints1 = ( (1, 0, 0, 0), (0, 1, 0, 0), (0, 0, 1, 0), (-31.578948974609375, 0, 10.52630615234375, 1) )
            uniform token[] xformOpOrder = ["xformOp:transform:copytopoints1"]
        }

        def Xform "Area209"
        {
            vector3f[] primvars:P (
                interpolation = "constant"
            )
            vector3f[] primvars:P.timeSamples = {
                1: [(-10.526321, 0, 10.526306)],
            }
            matrix4d xformOp:transform:copytopoints1 = ( (1, 0, 0, 0), (0, 1, 0, 0), (0, 0, 1, 0), (-10.526321411132812, 0, 10.52630615234375, 1) )
            uniform token[] xformOpOrder = ["xformOp:transform:copytopoints1"]
        }

        def Xform "Area210"
        {
            vector3f[] primvars:P (
                interpolation = "constant"
            )
            vector3f[] primvars:P.timeSamples = {
                1: [(10.526306, 0, 10.526306)],
            }
            matrix4d xformOp:transform:copytopoints1 = ( (1, 0, 0, 0), (0, 1, 0, 0), (0, 0, 1, 0), (10.52630615234375, 0, 10.52630615234375, 1) )
            uniform token[] xformOpOrder = ["xformOp:transform:copytopoints1"]
        }

        def Xform "Area211"
        {
            vector3f[] primvars:P (
                interpolation = "constant"
            )
            vector3f[] primvars:P.timeSamples = {
                1: [(31.578949, 0, 10.526306)],
            }
            matrix4d xformOp:transform:copytopoints1 = ( (1, 0, 0, 0), (0, 1, 0, 0), (0, 0, 1, 0), (31.578948974609375, 0, 10.52630615234375, 1) )
            uniform token[] xformOpOrder = ["xformOp:transform:copytopoints1"]
        }

        def Xform "Area212"
        {
            vector3f[] primvars:P (
                interpolation = "constant"
            )
            vector3f[] primvars:P.timeSamples = {
                1: [(52.631577, 0, 10.526306)],
            }
            matrix4d xformOp:transform:copytopoints1 = ( (1, 0, 0, 0), (0, 1, 0, 0), (0, 0, 1, 0), (52.63157653808594, 0, 10.52630615234375, 1) )
            uniform token[] xformOpOrder = ["xformOp:transform:copytopoints1"]
        }

        def Xform "Area213"
        {
            vector3f[] primvars:P (
                interpolation = "constant"
            )
            vector3f[] primvars:P.timeSamples = {
                1: [(73.684204, 0, 10.526306)],
            }
            matrix4d xformOp:transform:copytopoints1 = ( (1, 0, 0, 0), (0, 1, 0, 0), (0, 0, 1, 0), (73.6842041015625, 0, 10.52630615234375, 1) )
            uniform token[] xformOpOrder = ["xformOp:transform:copytopoints1"]
        }

        def Xform "Area214"
        {
            vector3f[] primvars:P (
                interpolation = "constant"
            )
            vector3f[] primvars:P.timeSamples = {
                1: [(94.73685, 0, 10.526306)],
            }
            matrix4d xformOp:transform:copytopoints1 = ( (1, 0, 0, 0), (0, 1, 0, 0), (0, 0, 1, 0), (94.73684692382812, 0, 10.52630615234375, 1) )
            uniform token[] xformOpOrder = ["xformOp:transform:copytopoints1"]
        }

        def Xform "Area215"
        {
            vector3f[] primvars:P (
                interpolation = "constant"
            )
            vector3f[] primvars:P.timeSamples = {
                1: [(115.78946, 0, 10.526306)],
            }
            matrix4d xformOp:transform:copytopoints1 = ( (1, 0, 0, 0), (0, 1, 0, 0), (0, 0, 1, 0), (115.78945922851562, 0, 10.52630615234375, 1) )
            uniform token[] xformOpOrder = ["xformOp:transform:copytopoints1"]
        }

        def Xform "Area216"
        {
            vector3f[] primvars:P (
                interpolation = "constant"
            )
            vector3f[] primvars:P.timeSamples = {
                1: [(136.8421, 0, 10.526306)],
            }
            matrix4d xformOp:transform:copytopoints1 = ( (1, 0, 0, 0), (0, 1, 0, 0), (0, 0, 1, 0), (136.84210205078125, 0, 10.52630615234375, 1) )
            uniform token[] xformOpOrder = ["xformOp:transform:copytopoints1"]
        }

        def Xform "Area217"
        {
            vector3f[] primvars:P (
                interpolation = "constant"
            )
            vector3f[] primvars:P.timeSamples = {
                1: [(157.89474, 0, 10.526306)],
            }
            matrix4d xformOp:transform:copytopoints1 = ( (1, 0, 0, 0), (0, 1, 0, 0), (0, 0, 1, 0), (157.89474487304688, 0, 10.52630615234375, 1) )
            uniform token[] xformOpOrder = ["xformOp:transform:copytopoints1"]
        }

        def Xform "Area218"
        {
            vector3f[] primvars:P (
                interpolation = "constant"
            )
            vector3f[] primvars:P.timeSamples = {
                1: [(178.94736, 0, 10.526306)],
            }
            matrix4d xformOp:transform:copytopoints1 = ( (1, 0, 0, 0), (0, 1, 0, 0), (0, 0, 1, 0), (178.94735717773438, 0, 10.52630615234375, 1) )
            uniform token[] xformOpOrder = ["xformOp:transform:copytopoints1"]
        }

        def Xform "Area219"
        {
            vector3f[] primvars:P (
                interpolation = "constant"
            )
            vector3f[] primvars:P.timeSamples = {
                1: [(200, 0, 10.526306)],
            }
            matrix4d xformOp:transform:copytopoints1 = ( (1, 0, 0, 0), (0, 1, 0, 0), (0, 0, 1, 0), (200, 0, 10.52630615234375, 1) )
            uniform token[] xformOpOrder = ["xformOp:transform:copytopoints1"]
        }

        def Xform "Area220"
        {
            vector3f[] primvars:P (
                interpolation = "constant"
            )
            vector3f[] primvars:P.timeSamples = {
                1: [(-200, 0, 31.578949)],
            }
            matrix4d xformOp:transform:copytopoints1 = ( (1, 0, 0, 0), (0, 1, 0, 0), (0, 0, 1, 0), (-200, 0, 31.578948974609375, 1) )
            uniform token[] xformOpOrder = ["xformOp:transform:copytopoints1"]
        }

        def Xform "Area221"
        {
            vector3f[] primvars:P (
                interpolation = "constant"
            )
            vector3f[] primvars:P.timeSamples = {
                1: [(-178.94737, 0, 31.578949)],
            }
            matrix4d xformOp:transform:copytopoints1 = ( (1, 0, 0, 0), (0, 1, 0, 0), (0, 0, 1, 0), (-178.94737243652344, 0, 31.578948974609375, 1) )
            uniform token[] xformOpOrder = ["xformOp:transform:copytopoints1"]
        }

        def Xform "Area222"
        {
            vector3f[] primvars:P (
                interpolation = "constant"
            )
            vector3f[] primvars:P.timeSamples = {
                1: [(-157.89474, 0, 31.578949)],
            }
            matrix4d xformOp:transform:copytopoints1 = ( (1, 0, 0, 0), (0, 1, 0, 0), (0, 0, 1, 0), (-157.89474487304688, 0, 31.578948974609375, 1) )
            uniform token[] xformOpOrder = ["xformOp:transform:copytopoints1"]
        }

        def Xform "Area223"
        {
            vector3f[] primvars:P (
                interpolation = "constant"
            )
            vector3f[] primvars:P.timeSamples = {
                1: [(-136.8421, 0, 31.578949)],
            }
            matrix4d xformOp:transform:copytopoints1 = ( (1, 0, 0, 0), (0, 1, 0, 0), (0, 0, 1, 0), (-136.84210205078125, 0, 31.578948974609375, 1) )
            uniform token[] xformOpOrder = ["xformOp:transform:copytopoints1"]
        }

        def Xform "Area224"
        {
            vector3f[] primvars:P (
                interpolation = "constant"
            )
            vector3f[] primvars:P.timeSamples = {
                1: [(-115.789474, 0, 31.578949)],
            }
            matrix4d xformOp:transform:copytopoints1 = ( (1, 0, 0, 0), (0, 1, 0, 0), (0, 0, 1, 0), (-115.78947448730469, 0, 31.578948974609375, 1) )
            uniform token[] xformOpOrder = ["xformOp:transform:copytopoints1"]

            def Mesh "Mesh_2"
            {
                float3[] extent = [(-0.00027717845, -1.131625, -10.00058), (10.004538, 1.4215744, 0.00021584799)]
                int[] faceVertexCounts = [3, 3, 3, 3, 3, 3, 3, 3, 3, 3, 3, 3, 3, 3, 3, 3, 3, 3, 3, 3, 3, 3, 3, 3, 3, 3, 3, 3, 3, 3, 3, 3, 3, 3, 3, 3, 3, 3, 3, 3, 3, 3, 3, 3, 3, 3, 3, 3, 3, 3, 3, 3, 3, 3, 3, 3, 3, 3, 3, 3, 3, 3, 3, 3, 3, 3, 3, 3, 3, 3, 3, 3, 3, 3, 3, 3, 3, 3, 3, 3, 3, 3, 3, 3, 3, 3, 3, 3, 3, 3, 3, 3, 3, 3, 3, 3, 3, 3, 3, 3, 3, 3, 3, 3, 3, 3, 3, 3, 3, 3, 3, 3, 3, 3, 3, 3, 3, 3, 3, 3, 3, 3, 3, 3, 3, 3, 3, 3, 3, 3, 3, 3, 3, 3, 3, 3, 3, 3]
                int[] faceVertexIndices = [0, 1, 2, 3, 4, 5, 4, 6, 5, 6, 7, 8, 9, 10, 11, 12, 13, 14, 14, 3, 5, 6, 8, 15, 16, 8, 7, 16, 17, 8, 18, 19, 20, 21, 1, 22, 1, 0, 13, 14, 5, 12, 6, 15, 5, 11, 23, 9, 19, 21, 20, 1, 13, 22, 17, 23, 8, 17, 24, 23, 9, 23, 24, 21, 22, 25, 22, 13, 26, 11, 27, 23, 21, 25, 20, 13, 12, 26, 27, 28, 23, 25, 22, 29, 22, 26, 30, 15, 31, 5, 32, 8, 23, 22, 30, 29, 5, 26, 12, 32, 23, 33, 28, 34, 23, 31, 15, 35, 15, 8, 32, 29, 36, 25, 30, 37, 29, 31, 38, 5, 26, 5, 30, 32, 35, 15, 30, 5, 38, 32, 33, 39, 23, 34, 40, 36, 29, 37, 31, 35, 38, 25, 36, 41, 35, 32, 42, 23, 40, 43, 41, 36, 44, 23, 43, 33, 38, 37, 30, 39, 45, 32, 33, 43, 46, 36, 47, 44, 38, 35, 48, 36, 37, 49, 35, 42, 48, 42, 32, 50, 33, 45, 39, 37, 38, 48, 33, 46, 45, 32, 45, 50, 36, 51, 47, 37, 48, 52, 45, 46, 53, 52, 48, 54, 48, 42, 54, 49, 51, 36, 46, 55, 53, 50, 56, 42, 57, 53, 55, 49, 37, 58, 37, 52, 58, 50, 45, 56, 49, 58, 51, 57, 59, 53, 56, 54, 42, 56, 45, 60, 45, 53, 60, 51, 58, 61, 62, 52, 54, 53, 59, 63, 56, 60, 64, 60, 53, 65, 52, 66, 58, 54, 56, 62, 58, 67, 61, 64, 62, 56, 62, 68, 52, 63, 69, 53, 58, 66, 67, 66, 52, 68, 69, 70, 53, 60, 65, 71, 61, 72, 73, 61, 67, 72, 67, 66, 72, 65, 53, 71, 53, 70, 71, 64, 60, 74, 60, 71, 74, 70, 75, 71, 71, 75, 76, 73, 72, 77, 68, 78, 66, 62, 78, 68, 62, 64, 74, 77, 79, 80, 77, 72, 79, 76, 81, 71, 72, 66, 79, 81, 82, 71, 74, 78, 62, 82, 74, 71, 83, 82, 81, 74, 84, 78, 80, 79, 85, 66, 78, 79, 86, 84, 74, 74, 82, 87, 74, 87, 88, 78, 89, 90, 84, 89, 78, 82, 91, 87, 83, 92, 82, 90, 93, 78, 94, 85, 79, 95, 96, 79, 79, 78, 95, 78, 93, 95, 74, 88, 86, 82, 92, 97, 82, 97, 91, 98, 85, 99, 94, 99, 85, 79, 96, 94]
                uniform token orientation = "leftHanded"
                point3f[] points = [(2.7583492, 1.0962907, -9.999616), (1.9640596, 0.6737012, -9.999759), (2.3292115, 1.1214632, -10.00058), (4.6342535, 0.13572413, -9.999863), (5.604427, -0.3069892, -10), (4.5997186, 0.89573187, -8.48553), (6.556837, 0.116695374, -9.999257), (6.992344, -0.06539539, -9.999873), (6.8920774, 0.37527648, -9.146613), (9.083476, -0.6367808, -9.99988), (9.771715, -0.37492302, -10.000342), (10.001207, -0.50230694, -9.982504), (3.8947072, 0.9939292, -9.061935), (3.147575, 0.95046914, -9.996039), (3.5916953, 1.0459424, -9.999621), (6.2273464, 1.020487, -8.584788), (7.3343277, -0.002357599, -10.000165), (7.9127016, -0.24274597, -9.999914), (0.0010770396, -1.131625, -9.99856), (0.64121056, -0.7454107, -10.000193), (0.0011309874, -1.1306096, -8.971585), (1.2104007, -0.44384998, -9.999938), (1.8108432, 0.0049735573, -9.193383), (8.801111, -1.1189419, -8.567703), (8.471359, -0.59977174, -9.999316), (0.0024950923, -0.9239112, -8.057134), (3.0485122, 1.2601576, -8.327549), (10.0000515, -0.76770157, -9.557916), (10.00012, -0.89071566, -8.511646), (1.5430222, 0.20193078, -7.6943774), (2.8064504, 0.64842993, -7.172941), (5.1427584, 1.2765179, -8.045158), (7.183857, 1.4215744, -6.6583514), (9.027691, 0.6831764, -6.5723987), (10.000082, -0.7042042, -7.8367543), (5.6617794, 0.03283201, -6.8199205), (0.9246491, -0.0072204336, -6.232078), (2.664653, 0.027789779, -5.8937745), (4.0329914, 1.2453492, -6.68167), (8.171457, 0.80212784, -6.32109), (9.999631, -0.09829389, -6.9828153), (0.00011323037, -0.48974088, -6.929484), (5.6019464, 0.17006671, -5.400031), (9.999802, 0.62080246, -6.406232), (-0.00027717845, -0.37186474, -6.292745), (7.905797, 0.7523402, -5.236907), (9.998449, 0.4171405, -5.8655257), (0.00006401227, -0.6446728, -5.718661), (4.1306615, -0.0673465, -5.354119), (1.4527597, 0.76774883, -5.12021), (6.6191115, 1.1537616, -5.151418), (0.00091307604, -0.4706481, -4.604914), (3.424885, 0.3586958, -4.0524445), (9.181076, 1.0161483, -3.8461714), (4.502193, -0.54476255, -4.273304), (9.999611, 0.45992368, -5.108479), (5.937324, 0.038023014, -4.0916204), (10.00004, 0.503979, -4.701283), (1.9849557, 0.8534905, -4.02859), (9.99971, 0.74868256, -4.121224), (7.691059, 0.07158081, -3.4895744), (0.0010406472, -0.106621176, -3.2557652), (4.9499397, 0.069397695, -2.8588622), (9.99954, 0.9085353, -3.6136682), (6.164506, 0.10650249, -2.5460522), (8.560573, 1.2696545, -3.2410448), (2.4442487, -0.19864294, -2.4508739), (1.7964007, 0.24453972, -3.0013442), (3.587544, 0.47710395, -2.8900058), (9.999997, 1.099967, -3.3341546), (9.997488, 0.9423328, -2.8984585), (8.54398, 0.3270415, -1.7002652), (1.1044073, 0.07610664, -1.982446), (0.0000127207, -0.32245547, -2.6764872), (6.301271, -0.77474153, -1.3483629), (10.00019, 0.70341295, -2.424567), (10.000196, 0.72881275, -1.735711), (0.0011318881, -0.24887337, -1.6291308), (3.9048283, -0.4352798, -0.99524045), (1.6160203, -0.34859902, -0.9226662), (0.00079791946, -0.3182843, -1.2557065), (9.999669, 0.5430709, -1.356473), (9.361356, 0.41880992, -0.69411236), (10.000167, 0.5647362, -0.6882416), (5.5253854, -0.6019573, -0.00153797), (0.0009776165, -0.24742691, -0.63289326), (6.111553, -0.5637177, -0.00018780101), (7.965034, 0.02488713, -0.00012648953), (6.84445, -0.30969372, -0.00021343678), (4.9171567, -0.31691542, -0.00012581548), (4.4129605, -0.354038, -0.0010547836), (8.759693, -0.026042553, -0.000019544144), (10.004538, 0.6415813, -0.020929908), (3.9376602, -0.23551756, 0.00021584799), (1.414708, -0.23433705, 0.00005491659), (2.8705118, -0.32439744, 0.00018930956), (2.2710757, -0.2096417, -0.00004395064), (9.39195, 0.3675225, -0.000059904414), (0.0022855904, -0.03990526, -0.0034305558), (0.60907805, -0.16654019, -0.000015183145)] (
                    interpolation = "vertex"
                )
                uniform token subdivisionScheme = "none"
            }

            def Mesh "Mesh_0"
            {
                float3[] extent = [(-10.00206, -1.691203, -10.000099), (0.0003972602, 1.8125514, 0.004959765)]
                int[] faceVertexCounts = [3, 3, 3, 3, 3, 3, 3, 3, 3, 3, 3, 3, 3, 3, 3, 3, 3, 3, 3, 3, 3, 3, 3, 3, 3, 3, 3, 3, 3, 3, 3, 3, 3, 3, 3, 3, 3, 3, 3, 3, 3, 3, 3, 3, 3, 3, 3, 3, 3, 3, 3, 3, 3, 3, 3, 3, 3, 3, 3, 3, 3, 3, 3, 3, 3, 3, 3, 3, 3, 3, 3, 3, 3, 3, 3, 3, 3, 3, 3, 3, 3, 3, 3, 3, 3, 3, 3, 3, 3, 3, 3, 3, 3, 3, 3, 3, 3, 3]
                int[] faceVertexIndices = [0, 1, 2, 0, 3, 4, 3, 5, 4, 5, 6, 7, 8, 9, 10, 11, 12, 9, 13, 14, 15, 16, 2, 1, 4, 1, 0, 11, 9, 8, 17, 18, 19, 9, 20, 10, 18, 14, 19, 5, 7, 4, 6, 20, 7, 12, 17, 19, 1, 4, 21, 21, 22, 1, 20, 9, 7, 19, 14, 23, 12, 19, 9, 1, 22, 24, 13, 25, 14, 7, 26, 4, 14, 25, 23, 26, 7, 9, 27, 24, 22, 9, 19, 26, 23, 25, 28, 29, 21, 4, 27, 22, 30, 4, 26, 31, 21, 32, 22, 26, 19, 33, 32, 34, 30, 30, 22, 32, 35, 36, 19, 31, 29, 4, 33, 31, 26, 35, 19, 23, 21, 29, 32, 33, 19, 36, 23, 28, 35, 32, 37, 34, 33, 36, 38, 39, 35, 28, 28, 40, 39, 37, 32, 41, 42, 41, 32, 42, 32, 29, 42, 29, 31, 39, 43, 35, 36, 35, 44, 36, 44, 38, 41, 42, 45, 38, 46, 33, 31, 33, 47, 47, 33, 46, 45, 42, 48, 35, 43, 49, 44, 35, 50, 35, 49, 50, 44, 51, 38, 46, 38, 51, 48, 42, 52, 44, 50, 51, 47, 42, 31, 53, 47, 46, 52, 54, 48, 51, 50, 55, 52, 42, 47, 47, 53, 52, 49, 56, 50, 50, 56, 57, 52, 58, 54, 55, 50, 59, 51, 53, 46, 58, 52, 60, 60, 52, 61, 51, 55, 62, 59, 62, 55, 52, 53, 63, 57, 64, 50, 61, 52, 65, 51, 62, 53, 61, 66, 60, 59, 50, 67, 68, 53, 62, 53, 69, 63, 67, 70, 59, 64, 67, 50, 66, 61, 71, 65, 72, 61, 73, 53, 68, 52, 63, 65, 69, 53, 74, 73, 74, 53, 62, 59, 70]
                uniform token orientation = "leftHanded"
                point3f[] points = [(-9.049906, -0.49202147, -9.999949), (-9.99872, 0.36926907, -9.032454), (-9.543219, -0.27327624, -9.999985), (-8.309603, -0.48925424, -10.000004), (-7.1204777, 0.016261257, -8.498981), (-7.3970346, 0.29389733, -9.999919), (-6.8825107, 0.25643107, -9.999268), (-6.4113073, 0.6244961, -8.890567), (-5.094887, 1.8125514, -10.000099), (-4.8157206, 0.8717174, -8.89243), (-5.4772816, 1.6316204, -9.999215), (-4.782157, 1.2893611, -9.999862), (-3.9678767, 0.6568336, -9.998886), (0.00012235975, -1.097938, -8.807033), (-0.9319989, -1.411448, -9.997782), (-0.00512517, -1.1244214, -9.999858), (-9.99986, -0.19308126, -9.979775), (-2.6864746, -0.64270717, -9.999943), (-1.65639, -1.2408261, -10.000015), (-3.2344122, -0.79618293, -7.6666484), (-6.033589, 0.7965264, -9.998835), (-8.250168, 1.4787289, -7.7345166), (-9.252794, 1.5364057, -7.938712), (-0.9688915, -0.90468216, -7.757146), (-10.00206, 0.70178825, -8.174141), (-0.000019122315, -0.8518864, -7.836686), (-4.9213424, 1.3254658, -7.489939), (-9.999372, 0.4952885, -7.642874), (-0.000947154, -0.48773888, -6.916671), (-7.8822613, 1.4293852, -6.2273483), (-9.999876, 0.6432832, -7.027577), (-6.5171685, -0.18371083, -5.9775596), (-9.139656, 0.08163952, -6.203966), (-5.384306, 0.19747107, -5.368073), (-9.999947, 0.093167864, -6.3616705), (-1.2826536, -1.0769709, -5.3489976), (-3.722286, -0.11824, -6.133447), (-9.999934, -0.3805464, -5.8656197), (-4.046102, -0.3988115, -5.2557626), (-0.00041820738, -0.6325576, -5.746745), (0.00029329245, -0.3729104, -6.3006673), (-10.000267, -0.6861183, -5.257105), (-8.411023, -0.20698734, -4.6610484), (0.000045661014, -0.49851295, -4.7247224), (-2.4524574, -0.09798113, -4.554067), (-10.000255, -1.3695823, -4.4188004), (-4.1529226, 1.0367978, -3.6523087), (-6.000788, -0.3902182, -3.984503), (-9.99946, -1.6068727, -3.7588623), (0.0003972602, -0.11004483, -3.287571), (-1.2914625, -0.3536366, -2.8851736), (-3.0802333, 0.33706325, -3.1153667), (-8.223735, -1.691203, -2.0050852), (-4.8613853, -0.99107575, -1.7742401), (-9.999939, -1.6350838, -2.561936), (-2.4487977, 0.34559944, -2.041343), (0.000020726588, -0.32575977, -2.6627777), (-0.0001444932, -0.2967661, -1.4025623), (-9.999925, -1.3113011, -1.6659088), (-1.3562057, 0.11065678, -1.2671137), (-9.999995, -1.0040818, -0.8868251), (-8.862473, -0.8374684, -0.000056493373), (-1.7336651, -0.07694651, -0.0012895463), (-6.3539, -1.4739083, -0.00048509648), (-0.00046355725, -0.22883804, -0.5210658), (-7.1957974, -1.4448305, -0.0014618724), (-10.001454, -0.36511785, -0.035709582), (-0.014177267, 0.02512797, 0.004959765), (-2.4165273, -0.20546341, -0.000021072918), (-5.311727, -1.1508042, 0.000002395322), (-1.0785443, 0.06516249, -0.000018093304), (-9.551274, -0.50196284, 0.000019477502), (-7.9265246, -1.0876433, -0.000004593857), (-3.3006623, -0.5869527, -0.000026094776), (-3.9247386, -0.6623031, -0.000008871536)] (
                    interpolation = "vertex"
                )
                uniform token subdivisionScheme = "none"
            }
        }

        def Xform "Area225"
        {
            vector3f[] primvars:P (
                interpolation = "constant"
            )
            vector3f[] primvars:P.timeSamples = {
                1: [(-94.73685, 0, 31.578949)],
            }
            matrix4d xformOp:transform:copytopoints1 = ( (1, 0, 0, 0), (0, 1, 0, 0), (0, 0, 1, 0), (-94.73684692382812, 0, 31.578948974609375, 1) )
            uniform token[] xformOpOrder = ["xformOp:transform:copytopoints1"]
        }

        def Xform "Area226"
        {
            vector3f[] primvars:P (
                interpolation = "constant"
            )
            vector3f[] primvars:P.timeSamples = {
                1: [(-73.68421, 0, 31.578949)],
            }
            matrix4d xformOp:transform:copytopoints1 = ( (1, 0, 0, 0), (0, 1, 0, 0), (0, 0, 1, 0), (-73.68421173095703, 0, 31.578948974609375, 1) )
            uniform token[] xformOpOrder = ["xformOp:transform:copytopoints1"]
        }

        def Xform "Area227"
        {
            vector3f[] primvars:P (
                interpolation = "constant"
            )
            vector3f[] primvars:P.timeSamples = {
                1: [(-52.631577, 0, 31.578949)],
            }
            matrix4d xformOp:transform:copytopoints1 = ( (1, 0, 0, 0), (0, 1, 0, 0), (0, 0, 1, 0), (-52.63157653808594, 0, 31.578948974609375, 1) )
            uniform token[] xformOpOrder = ["xformOp:transform:copytopoints1"]
        }

        def Xform "Area228"
        {
            vector3f[] primvars:P (
                interpolation = "constant"
            )
            vector3f[] primvars:P.timeSamples = {
                1: [(-31.578949, 0, 31.578949)],
            }
            matrix4d xformOp:transform:copytopoints1 = ( (1, 0, 0, 0), (0, 1, 0, 0), (0, 0, 1, 0), (-31.578948974609375, 0, 31.578948974609375, 1) )
            uniform token[] xformOpOrder = ["xformOp:transform:copytopoints1"]
        }

        def Xform "Area229"
        {
            vector3f[] primvars:P (
                interpolation = "constant"
            )
            vector3f[] primvars:P.timeSamples = {
                1: [(-10.526321, 0, 31.578949)],
            }
            matrix4d xformOp:transform:copytopoints1 = ( (1, 0, 0, 0), (0, 1, 0, 0), (0, 0, 1, 0), (-10.526321411132812, 0, 31.578948974609375, 1) )
            uniform token[] xformOpOrder = ["xformOp:transform:copytopoints1"]
        }

        def Xform "Area230"
        {
            vector3f[] primvars:P (
                interpolation = "constant"
            )
            vector3f[] primvars:P.timeSamples = {
                1: [(10.526306, 0, 31.578949)],
            }
            matrix4d xformOp:transform:copytopoints1 = ( (1, 0, 0, 0), (0, 1, 0, 0), (0, 0, 1, 0), (10.52630615234375, 0, 31.578948974609375, 1) )
            uniform token[] xformOpOrder = ["xformOp:transform:copytopoints1"]
        }

        def Xform "Area231"
        {
            vector3f[] primvars:P (
                interpolation = "constant"
            )
            vector3f[] primvars:P.timeSamples = {
                1: [(31.578949, 0, 31.578949)],
            }
            matrix4d xformOp:transform:copytopoints1 = ( (1, 0, 0, 0), (0, 1, 0, 0), (0, 0, 1, 0), (31.578948974609375, 0, 31.578948974609375, 1) )
            uniform token[] xformOpOrder = ["xformOp:transform:copytopoints1"]
        }

        def Xform "Area232"
        {
            vector3f[] primvars:P (
                interpolation = "constant"
            )
            vector3f[] primvars:P.timeSamples = {
                1: [(52.631577, 0, 31.578949)],
            }
            matrix4d xformOp:transform:copytopoints1 = ( (1, 0, 0, 0), (0, 1, 0, 0), (0, 0, 1, 0), (52.63157653808594, 0, 31.578948974609375, 1) )
            uniform token[] xformOpOrder = ["xformOp:transform:copytopoints1"]
        }

        def Xform "Area233"
        {
            vector3f[] primvars:P (
                interpolation = "constant"
            )
            vector3f[] primvars:P.timeSamples = {
                1: [(73.684204, 0, 31.578949)],
            }
            matrix4d xformOp:transform:copytopoints1 = ( (1, 0, 0, 0), (0, 1, 0, 0), (0, 0, 1, 0), (73.6842041015625, 0, 31.578948974609375, 1) )
            uniform token[] xformOpOrder = ["xformOp:transform:copytopoints1"]
        }

        def Xform "Area234"
        {
            vector3f[] primvars:P (
                interpolation = "constant"
            )
            vector3f[] primvars:P.timeSamples = {
                1: [(94.73685, 0, 31.578949)],
            }
            matrix4d xformOp:transform:copytopoints1 = ( (1, 0, 0, 0), (0, 1, 0, 0), (0, 0, 1, 0), (94.73684692382812, 0, 31.578948974609375, 1) )
            uniform token[] xformOpOrder = ["xformOp:transform:copytopoints1"]
        }

        def Xform "Area235"
        {
            vector3f[] primvars:P (
                interpolation = "constant"
            )
            vector3f[] primvars:P.timeSamples = {
                1: [(115.78946, 0, 31.578949)],
            }
            matrix4d xformOp:transform:copytopoints1 = ( (1, 0, 0, 0), (0, 1, 0, 0), (0, 0, 1, 0), (115.78945922851562, 0, 31.578948974609375, 1) )
            uniform token[] xformOpOrder = ["xformOp:transform:copytopoints1"]
        }

        def Xform "Area236"
        {
            vector3f[] primvars:P (
                interpolation = "constant"
            )
            vector3f[] primvars:P.timeSamples = {
                1: [(136.8421, 0, 31.578949)],
            }
            matrix4d xformOp:transform:copytopoints1 = ( (1, 0, 0, 0), (0, 1, 0, 0), (0, 0, 1, 0), (136.84210205078125, 0, 31.578948974609375, 1) )
            uniform token[] xformOpOrder = ["xformOp:transform:copytopoints1"]
        }

        def Xform "Area237"
        {
            vector3f[] primvars:P (
                interpolation = "constant"
            )
            vector3f[] primvars:P.timeSamples = {
                1: [(157.89474, 0, 31.578949)],
            }
            matrix4d xformOp:transform:copytopoints1 = ( (1, 0, 0, 0), (0, 1, 0, 0), (0, 0, 1, 0), (157.89474487304688, 0, 31.578948974609375, 1) )
            uniform token[] xformOpOrder = ["xformOp:transform:copytopoints1"]
        }

        def Xform "Area238"
        {
            vector3f[] primvars:P (
                interpolation = "constant"
            )
            vector3f[] primvars:P.timeSamples = {
                1: [(178.94736, 0, 31.578949)],
            }
            matrix4d xformOp:transform:copytopoints1 = ( (1, 0, 0, 0), (0, 1, 0, 0), (0, 0, 1, 0), (178.94735717773438, 0, 31.578948974609375, 1) )
            uniform token[] xformOpOrder = ["xformOp:transform:copytopoints1"]
        }

        def Xform "Area239"
        {
            vector3f[] primvars:P (
                interpolation = "constant"
            )
            vector3f[] primvars:P.timeSamples = {
                1: [(200, 0, 31.578949)],
            }
            matrix4d xformOp:transform:copytopoints1 = ( (1, 0, 0, 0), (0, 1, 0, 0), (0, 0, 1, 0), (200, 0, 31.578948974609375, 1) )
            uniform token[] xformOpOrder = ["xformOp:transform:copytopoints1"]
        }

        def Xform "Area240"
        {
            vector3f[] primvars:P (
                interpolation = "constant"
            )
            vector3f[] primvars:P.timeSamples = {
                1: [(-200, 0, 52.631577)],
            }
            matrix4d xformOp:transform:copytopoints1 = ( (1, 0, 0, 0), (0, 1, 0, 0), (0, 0, 1, 0), (-200, 0, 52.63157653808594, 1) )
            uniform token[] xformOpOrder = ["xformOp:transform:copytopoints1"]
        }

        def Xform "Area241"
        {
            vector3f[] primvars:P (
                interpolation = "constant"
            )
            vector3f[] primvars:P.timeSamples = {
                1: [(-178.94737, 0, 52.631577)],
            }
            matrix4d xformOp:transform:copytopoints1 = ( (1, 0, 0, 0), (0, 1, 0, 0), (0, 0, 1, 0), (-178.94737243652344, 0, 52.63157653808594, 1) )
            uniform token[] xformOpOrder = ["xformOp:transform:copytopoints1"]
        }

        def Xform "Area242"
        {
            vector3f[] primvars:P (
                interpolation = "constant"
            )
            vector3f[] primvars:P.timeSamples = {
                1: [(-157.89474, 0, 52.631577)],
            }
            matrix4d xformOp:transform:copytopoints1 = ( (1, 0, 0, 0), (0, 1, 0, 0), (0, 0, 1, 0), (-157.89474487304688, 0, 52.63157653808594, 1) )
            uniform token[] xformOpOrder = ["xformOp:transform:copytopoints1"]
        }

        def Xform "Area243"
        {
            vector3f[] primvars:P (
                interpolation = "constant"
            )
            vector3f[] primvars:P.timeSamples = {
                1: [(-136.8421, 0, 52.631577)],
            }
            matrix4d xformOp:transform:copytopoints1 = ( (1, 0, 0, 0), (0, 1, 0, 0), (0, 0, 1, 0), (-136.84210205078125, 0, 52.63157653808594, 1) )
            uniform token[] xformOpOrder = ["xformOp:transform:copytopoints1"]
        }

        def Xform "Area244"
        {
            vector3f[] primvars:P (
                interpolation = "constant"
            )
            vector3f[] primvars:P.timeSamples = {
                1: [(-115.789474, 0, 52.631577)],
            }
            matrix4d xformOp:transform:copytopoints1 = ( (1, 0, 0, 0), (0, 1, 0, 0), (0, 0, 1, 0), (-115.78947448730469, 0, 52.63157653808594, 1) )
            uniform token[] xformOpOrder = ["xformOp:transform:copytopoints1"]
        }

        def Xform "Area245"
        {
            vector3f[] primvars:P (
                interpolation = "constant"
            )
            vector3f[] primvars:P.timeSamples = {
                1: [(-94.73685, 0, 52.631577)],
            }
            matrix4d xformOp:transform:copytopoints1 = ( (1, 0, 0, 0), (0, 1, 0, 0), (0, 0, 1, 0), (-94.73684692382812, 0, 52.63157653808594, 1) )
            uniform token[] xformOpOrder = ["xformOp:transform:copytopoints1"]
        }

        def Xform "Area246"
        {
            vector3f[] primvars:P (
                interpolation = "constant"
            )
            vector3f[] primvars:P.timeSamples = {
                1: [(-73.68421, 0, 52.631577)],
            }
            matrix4d xformOp:transform:copytopoints1 = ( (1, 0, 0, 0), (0, 1, 0, 0), (0, 0, 1, 0), (-73.68421173095703, 0, 52.63157653808594, 1) )
            uniform token[] xformOpOrder = ["xformOp:transform:copytopoints1"]
        }

        def Xform "Area247"
        {
            vector3f[] primvars:P (
                interpolation = "constant"
            )
            vector3f[] primvars:P.timeSamples = {
                1: [(-52.631577, 0, 52.631577)],
            }
            matrix4d xformOp:transform:copytopoints1 = ( (1, 0, 0, 0), (0, 1, 0, 0), (0, 0, 1, 0), (-52.63157653808594, 0, 52.63157653808594, 1) )
            uniform token[] xformOpOrder = ["xformOp:transform:copytopoints1"]
        }

        def Xform "Area248"
        {
            vector3f[] primvars:P (
                interpolation = "constant"
            )
            vector3f[] primvars:P.timeSamples = {
                1: [(-31.578949, 0, 52.631577)],
            }
            matrix4d xformOp:transform:copytopoints1 = ( (1, 0, 0, 0), (0, 1, 0, 0), (0, 0, 1, 0), (-31.578948974609375, 0, 52.63157653808594, 1) )
            uniform token[] xformOpOrder = ["xformOp:transform:copytopoints1"]
        }

        def Xform "Area249"
        {
            vector3f[] primvars:P (
                interpolation = "constant"
            )
            vector3f[] primvars:P.timeSamples = {
                1: [(-10.526321, 0, 52.631577)],
            }
            matrix4d xformOp:transform:copytopoints1 = ( (1, 0, 0, 0), (0, 1, 0, 0), (0, 0, 1, 0), (-10.526321411132812, 0, 52.63157653808594, 1) )
            uniform token[] xformOpOrder = ["xformOp:transform:copytopoints1"]
        }

        def Xform "Area250"
        {
            vector3f[] primvars:P (
                interpolation = "constant"
            )
            vector3f[] primvars:P.timeSamples = {
                1: [(10.526306, 0, 52.631577)],
            }
            matrix4d xformOp:transform:copytopoints1 = ( (1, 0, 0, 0), (0, 1, 0, 0), (0, 0, 1, 0), (10.52630615234375, 0, 52.63157653808594, 1) )
            uniform token[] xformOpOrder = ["xformOp:transform:copytopoints1"]
        }

        def Xform "Area251"
        {
            vector3f[] primvars:P (
                interpolation = "constant"
            )
            vector3f[] primvars:P.timeSamples = {
                1: [(31.578949, 0, 52.631577)],
            }
            matrix4d xformOp:transform:copytopoints1 = ( (1, 0, 0, 0), (0, 1, 0, 0), (0, 0, 1, 0), (31.578948974609375, 0, 52.63157653808594, 1) )
            uniform token[] xformOpOrder = ["xformOp:transform:copytopoints1"]
        }

        def Xform "Area252"
        {
            vector3f[] primvars:P (
                interpolation = "constant"
            )
            vector3f[] primvars:P.timeSamples = {
                1: [(52.631577, 0, 52.631577)],
            }
            matrix4d xformOp:transform:copytopoints1 = ( (1, 0, 0, 0), (0, 1, 0, 0), (0, 0, 1, 0), (52.63157653808594, 0, 52.63157653808594, 1) )
            uniform token[] xformOpOrder = ["xformOp:transform:copytopoints1"]
        }

        def Xform "Area253"
        {
            vector3f[] primvars:P (
                interpolation = "constant"
            )
            vector3f[] primvars:P.timeSamples = {
                1: [(73.684204, 0, 52.631577)],
            }
            matrix4d xformOp:transform:copytopoints1 = ( (1, 0, 0, 0), (0, 1, 0, 0), (0, 0, 1, 0), (73.6842041015625, 0, 52.63157653808594, 1) )
            uniform token[] xformOpOrder = ["xformOp:transform:copytopoints1"]
        }

        def Xform "Area254"
        {
            vector3f[] primvars:P (
                interpolation = "constant"
            )
            vector3f[] primvars:P.timeSamples = {
                1: [(94.73685, 0, 52.631577)],
            }
            matrix4d xformOp:transform:copytopoints1 = ( (1, 0, 0, 0), (0, 1, 0, 0), (0, 0, 1, 0), (94.73684692382812, 0, 52.63157653808594, 1) )
            uniform token[] xformOpOrder = ["xformOp:transform:copytopoints1"]
        }

        def Xform "Area255"
        {
            vector3f[] primvars:P (
                interpolation = "constant"
            )
            vector3f[] primvars:P.timeSamples = {
                1: [(115.78946, 0, 52.631577)],
            }
            matrix4d xformOp:transform:copytopoints1 = ( (1, 0, 0, 0), (0, 1, 0, 0), (0, 0, 1, 0), (115.78945922851562, 0, 52.63157653808594, 1) )
            uniform token[] xformOpOrder = ["xformOp:transform:copytopoints1"]
        }

        def Xform "Area256"
        {
            vector3f[] primvars:P (
                interpolation = "constant"
            )
            vector3f[] primvars:P.timeSamples = {
                1: [(136.8421, 0, 52.631577)],
            }
            matrix4d xformOp:transform:copytopoints1 = ( (1, 0, 0, 0), (0, 1, 0, 0), (0, 0, 1, 0), (136.84210205078125, 0, 52.63157653808594, 1) )
            uniform token[] xformOpOrder = ["xformOp:transform:copytopoints1"]
        }

        def Xform "Area257"
        {
            vector3f[] primvars:P (
                interpolation = "constant"
            )
            vector3f[] primvars:P.timeSamples = {
                1: [(157.89474, 0, 52.631577)],
            }
            matrix4d xformOp:transform:copytopoints1 = ( (1, 0, 0, 0), (0, 1, 0, 0), (0, 0, 1, 0), (157.89474487304688, 0, 52.63157653808594, 1) )
            uniform token[] xformOpOrder = ["xformOp:transform:copytopoints1"]
        }

        def Xform "Area258"
        {
            vector3f[] primvars:P (
                interpolation = "constant"
            )
            vector3f[] primvars:P.timeSamples = {
                1: [(178.94736, 0, 52.631577)],
            }
            matrix4d xformOp:transform:copytopoints1 = ( (1, 0, 0, 0), (0, 1, 0, 0), (0, 0, 1, 0), (178.94735717773438, 0, 52.63157653808594, 1) )
            uniform token[] xformOpOrder = ["xformOp:transform:copytopoints1"]
        }

        def Xform "Area259"
        {
            vector3f[] primvars:P (
                interpolation = "constant"
            )
            vector3f[] primvars:P.timeSamples = {
                1: [(200, 0, 52.631577)],
            }
            matrix4d xformOp:transform:copytopoints1 = ( (1, 0, 0, 0), (0, 1, 0, 0), (0, 0, 1, 0), (200, 0, 52.63157653808594, 1) )
            uniform token[] xformOpOrder = ["xformOp:transform:copytopoints1"]
        }

        def Xform "Area260"
        {
            vector3f[] primvars:P (
                interpolation = "constant"
            )
            vector3f[] primvars:P.timeSamples = {
                1: [(-200, 0, 73.684204)],
            }
            matrix4d xformOp:transform:copytopoints1 = ( (1, 0, 0, 0), (0, 1, 0, 0), (0, 0, 1, 0), (-200, 0, 73.6842041015625, 1) )
            uniform token[] xformOpOrder = ["xformOp:transform:copytopoints1"]
        }

        def Xform "Area261"
        {
            vector3f[] primvars:P (
                interpolation = "constant"
            )
            vector3f[] primvars:P.timeSamples = {
                1: [(-178.94737, 0, 73.684204)],
            }
            matrix4d xformOp:transform:copytopoints1 = ( (1, 0, 0, 0), (0, 1, 0, 0), (0, 0, 1, 0), (-178.94737243652344, 0, 73.6842041015625, 1) )
            uniform token[] xformOpOrder = ["xformOp:transform:copytopoints1"]
        }

        def Xform "Area262"
        {
            vector3f[] primvars:P (
                interpolation = "constant"
            )
            vector3f[] primvars:P.timeSamples = {
                1: [(-157.89474, 0, 73.684204)],
            }
            matrix4d xformOp:transform:copytopoints1 = ( (1, 0, 0, 0), (0, 1, 0, 0), (0, 0, 1, 0), (-157.89474487304688, 0, 73.6842041015625, 1) )
            uniform token[] xformOpOrder = ["xformOp:transform:copytopoints1"]
        }

        def Xform "Area263"
        {
            vector3f[] primvars:P (
                interpolation = "constant"
            )
            vector3f[] primvars:P.timeSamples = {
                1: [(-136.8421, 0, 73.684204)],
            }
            matrix4d xformOp:transform:copytopoints1 = ( (1, 0, 0, 0), (0, 1, 0, 0), (0, 0, 1, 0), (-136.84210205078125, 0, 73.6842041015625, 1) )
            uniform token[] xformOpOrder = ["xformOp:transform:copytopoints1"]
        }

        def Xform "Area264"
        {
            vector3f[] primvars:P (
                interpolation = "constant"
            )
            vector3f[] primvars:P.timeSamples = {
                1: [(-115.789474, 0, 73.684204)],
            }
            matrix4d xformOp:transform:copytopoints1 = ( (1, 0, 0, 0), (0, 1, 0, 0), (0, 0, 1, 0), (-115.78947448730469, 0, 73.6842041015625, 1) )
            uniform token[] xformOpOrder = ["xformOp:transform:copytopoints1"]
        }

        def Xform "Area265"
        {
            vector3f[] primvars:P (
                interpolation = "constant"
            )
            vector3f[] primvars:P.timeSamples = {
                1: [(-94.73685, 0, 73.684204)],
            }
            matrix4d xformOp:transform:copytopoints1 = ( (1, 0, 0, 0), (0, 1, 0, 0), (0, 0, 1, 0), (-94.73684692382812, 0, 73.6842041015625, 1) )
            uniform token[] xformOpOrder = ["xformOp:transform:copytopoints1"]
        }

        def Xform "Area266"
        {
            vector3f[] primvars:P (
                interpolation = "constant"
            )
            vector3f[] primvars:P.timeSamples = {
                1: [(-73.68421, 0, 73.684204)],
            }
            matrix4d xformOp:transform:copytopoints1 = ( (1, 0, 0, 0), (0, 1, 0, 0), (0, 0, 1, 0), (-73.68421173095703, 0, 73.6842041015625, 1) )
            uniform token[] xformOpOrder = ["xformOp:transform:copytopoints1"]
        }

        def Xform "Area267"
        {
            vector3f[] primvars:P (
                interpolation = "constant"
            )
            vector3f[] primvars:P.timeSamples = {
                1: [(-52.631577, 0, 73.684204)],
            }
            matrix4d xformOp:transform:copytopoints1 = ( (1, 0, 0, 0), (0, 1, 0, 0), (0, 0, 1, 0), (-52.63157653808594, 0, 73.6842041015625, 1) )
            uniform token[] xformOpOrder = ["xformOp:transform:copytopoints1"]
        }

        def Xform "Area268"
        {
            vector3f[] primvars:P (
                interpolation = "constant"
            )
            vector3f[] primvars:P.timeSamples = {
                1: [(-31.578949, 0, 73.684204)],
            }
            matrix4d xformOp:transform:copytopoints1 = ( (1, 0, 0, 0), (0, 1, 0, 0), (0, 0, 1, 0), (-31.578948974609375, 0, 73.6842041015625, 1) )
            uniform token[] xformOpOrder = ["xformOp:transform:copytopoints1"]
        }

        def Xform "Area269"
        {
            vector3f[] primvars:P (
                interpolation = "constant"
            )
            vector3f[] primvars:P.timeSamples = {
                1: [(-10.526321, 0, 73.684204)],
            }
            matrix4d xformOp:transform:copytopoints1 = ( (1, 0, 0, 0), (0, 1, 0, 0), (0, 0, 1, 0), (-10.526321411132812, 0, 73.6842041015625, 1) )
            uniform token[] xformOpOrder = ["xformOp:transform:copytopoints1"]
        }

        def Xform "Area270"
        {
            vector3f[] primvars:P (
                interpolation = "constant"
            )
            vector3f[] primvars:P.timeSamples = {
                1: [(10.526306, 0, 73.684204)],
            }
            matrix4d xformOp:transform:copytopoints1 = ( (1, 0, 0, 0), (0, 1, 0, 0), (0, 0, 1, 0), (10.52630615234375, 0, 73.6842041015625, 1) )
            uniform token[] xformOpOrder = ["xformOp:transform:copytopoints1"]
        }

        def Xform "Area271"
        {
            vector3f[] primvars:P (
                interpolation = "constant"
            )
            vector3f[] primvars:P.timeSamples = {
                1: [(31.578949, 0, 73.684204)],
            }
            matrix4d xformOp:transform:copytopoints1 = ( (1, 0, 0, 0), (0, 1, 0, 0), (0, 0, 1, 0), (31.578948974609375, 0, 73.6842041015625, 1) )
            uniform token[] xformOpOrder = ["xformOp:transform:copytopoints1"]
        }

        def Xform "Area272"
        {
            vector3f[] primvars:P (
                interpolation = "constant"
            )
            vector3f[] primvars:P.timeSamples = {
                1: [(52.631577, 0, 73.684204)],
            }
            matrix4d xformOp:transform:copytopoints1 = ( (1, 0, 0, 0), (0, 1, 0, 0), (0, 0, 1, 0), (52.63157653808594, 0, 73.6842041015625, 1) )
            uniform token[] xformOpOrder = ["xformOp:transform:copytopoints1"]
        }

        def Xform "Area273"
        {
            vector3f[] primvars:P (
                interpolation = "constant"
            )
            vector3f[] primvars:P.timeSamples = {
                1: [(73.684204, 0, 73.684204)],
            }
            matrix4d xformOp:transform:copytopoints1 = ( (1, 0, 0, 0), (0, 1, 0, 0), (0, 0, 1, 0), (73.6842041015625, 0, 73.6842041015625, 1) )
            uniform token[] xformOpOrder = ["xformOp:transform:copytopoints1"]
        }

        def Xform "Area274"
        {
            vector3f[] primvars:P (
                interpolation = "constant"
            )
            vector3f[] primvars:P.timeSamples = {
                1: [(94.73685, 0, 73.684204)],
            }
            matrix4d xformOp:transform:copytopoints1 = ( (1, 0, 0, 0), (0, 1, 0, 0), (0, 0, 1, 0), (94.73684692382812, 0, 73.6842041015625, 1) )
            uniform token[] xformOpOrder = ["xformOp:transform:copytopoints1"]
        }

        def Xform "Area275"
        {
            vector3f[] primvars:P (
                interpolation = "constant"
            )
            vector3f[] primvars:P.timeSamples = {
                1: [(115.78946, 0, 73.684204)],
            }
            matrix4d xformOp:transform:copytopoints1 = ( (1, 0, 0, 0), (0, 1, 0, 0), (0, 0, 1, 0), (115.78945922851562, 0, 73.6842041015625, 1) )
            uniform token[] xformOpOrder = ["xformOp:transform:copytopoints1"]
        }

        def Xform "Area276"
        {
            vector3f[] primvars:P (
                interpolation = "constant"
            )
            vector3f[] primvars:P.timeSamples = {
                1: [(136.8421, 0, 73.684204)],
            }
            matrix4d xformOp:transform:copytopoints1 = ( (1, 0, 0, 0), (0, 1, 0, 0), (0, 0, 1, 0), (136.84210205078125, 0, 73.6842041015625, 1) )
            uniform token[] xformOpOrder = ["xformOp:transform:copytopoints1"]
        }

        def Xform "Area277"
        {
            vector3f[] primvars:P (
                interpolation = "constant"
            )
            vector3f[] primvars:P.timeSamples = {
                1: [(157.89474, 0, 73.684204)],
            }
            matrix4d xformOp:transform:copytopoints1 = ( (1, 0, 0, 0), (0, 1, 0, 0), (0, 0, 1, 0), (157.89474487304688, 0, 73.6842041015625, 1) )
            uniform token[] xformOpOrder = ["xformOp:transform:copytopoints1"]
        }

        def Xform "Area278"
        {
            vector3f[] primvars:P (
                interpolation = "constant"
            )
            vector3f[] primvars:P.timeSamples = {
                1: [(178.94736, 0, 73.684204)],
            }
            matrix4d xformOp:transform:copytopoints1 = ( (1, 0, 0, 0), (0, 1, 0, 0), (0, 0, 1, 0), (178.94735717773438, 0, 73.6842041015625, 1) )
            uniform token[] xformOpOrder = ["xformOp:transform:copytopoints1"]
        }

        def Xform "Area279"
        {
            vector3f[] primvars:P (
                interpolation = "constant"
            )
            vector3f[] primvars:P.timeSamples = {
                1: [(200, 0, 73.684204)],
            }
            matrix4d xformOp:transform:copytopoints1 = ( (1, 0, 0, 0), (0, 1, 0, 0), (0, 0, 1, 0), (200, 0, 73.6842041015625, 1) )
            uniform token[] xformOpOrder = ["xformOp:transform:copytopoints1"]
        }

        def Xform "Area280"
        {
            vector3f[] primvars:P (
                interpolation = "constant"
            )
            vector3f[] primvars:P.timeSamples = {
                1: [(-200, 0, 94.73685)],
            }
            matrix4d xformOp:transform:copytopoints1 = ( (1, 0, 0, 0), (0, 1, 0, 0), (0, 0, 1, 0), (-200, 0, 94.73684692382812, 1) )
            uniform token[] xformOpOrder = ["xformOp:transform:copytopoints1"]
        }

        def Xform "Area281"
        {
            vector3f[] primvars:P (
                interpolation = "constant"
            )
            vector3f[] primvars:P.timeSamples = {
                1: [(-178.94737, 0, 94.73685)],
            }
            matrix4d xformOp:transform:copytopoints1 = ( (1, 0, 0, 0), (0, 1, 0, 0), (0, 0, 1, 0), (-178.94737243652344, 0, 94.73684692382812, 1) )
            uniform token[] xformOpOrder = ["xformOp:transform:copytopoints1"]
        }

        def Xform "Area282"
        {
            vector3f[] primvars:P (
                interpolation = "constant"
            )
            vector3f[] primvars:P.timeSamples = {
                1: [(-157.89474, 0, 94.73685)],
            }
            matrix4d xformOp:transform:copytopoints1 = ( (1, 0, 0, 0), (0, 1, 0, 0), (0, 0, 1, 0), (-157.89474487304688, 0, 94.73684692382812, 1) )
            uniform token[] xformOpOrder = ["xformOp:transform:copytopoints1"]
        }

        def Xform "Area283"
        {
            vector3f[] primvars:P (
                interpolation = "constant"
            )
            vector3f[] primvars:P.timeSamples = {
                1: [(-136.8421, 0, 94.73685)],
            }
            matrix4d xformOp:transform:copytopoints1 = ( (1, 0, 0, 0), (0, 1, 0, 0), (0, 0, 1, 0), (-136.84210205078125, 0, 94.73684692382812, 1) )
            uniform token[] xformOpOrder = ["xformOp:transform:copytopoints1"]
        }

        def Xform "Area284"
        {
            vector3f[] primvars:P (
                interpolation = "constant"
            )
            vector3f[] primvars:P.timeSamples = {
                1: [(-115.789474, 0, 94.73685)],
            }
            matrix4d xformOp:transform:copytopoints1 = ( (1, 0, 0, 0), (0, 1, 0, 0), (0, 0, 1, 0), (-115.78947448730469, 0, 94.73684692382812, 1) )
            uniform token[] xformOpOrder = ["xformOp:transform:copytopoints1"]
        }

        def Xform "Area285"
        {
            vector3f[] primvars:P (
                interpolation = "constant"
            )
            vector3f[] primvars:P.timeSamples = {
                1: [(-94.73685, 0, 94.73685)],
            }
            matrix4d xformOp:transform:copytopoints1 = ( (1, 0, 0, 0), (0, 1, 0, 0), (0, 0, 1, 0), (-94.73684692382812, 0, 94.73684692382812, 1) )
            uniform token[] xformOpOrder = ["xformOp:transform:copytopoints1"]
        }

        def Xform "Area286"
        {
            vector3f[] primvars:P (
                interpolation = "constant"
            )
            vector3f[] primvars:P.timeSamples = {
                1: [(-73.68421, 0, 94.73685)],
            }
            matrix4d xformOp:transform:copytopoints1 = ( (1, 0, 0, 0), (0, 1, 0, 0), (0, 0, 1, 0), (-73.68421173095703, 0, 94.73684692382812, 1) )
            uniform token[] xformOpOrder = ["xformOp:transform:copytopoints1"]
        }

        def Xform "Area287"
        {
            vector3f[] primvars:P (
                interpolation = "constant"
            )
            vector3f[] primvars:P.timeSamples = {
                1: [(-52.631577, 0, 94.73685)],
            }
            matrix4d xformOp:transform:copytopoints1 = ( (1, 0, 0, 0), (0, 1, 0, 0), (0, 0, 1, 0), (-52.63157653808594, 0, 94.73684692382812, 1) )
            uniform token[] xformOpOrder = ["xformOp:transform:copytopoints1"]
        }

        def Xform "Area288"
        {
            vector3f[] primvars:P (
                interpolation = "constant"
            )
            vector3f[] primvars:P.timeSamples = {
                1: [(-31.578949, 0, 94.73685)],
            }
            matrix4d xformOp:transform:copytopoints1 = ( (1, 0, 0, 0), (0, 1, 0, 0), (0, 0, 1, 0), (-31.578948974609375, 0, 94.73684692382812, 1) )
            uniform token[] xformOpOrder = ["xformOp:transform:copytopoints1"]
        }

        def Xform "Area289"
        {
            vector3f[] primvars:P (
                interpolation = "constant"
            )
            vector3f[] primvars:P.timeSamples = {
                1: [(-10.526321, 0, 94.73685)],
            }
            matrix4d xformOp:transform:copytopoints1 = ( (1, 0, 0, 0), (0, 1, 0, 0), (0, 0, 1, 0), (-10.526321411132812, 0, 94.73684692382812, 1) )
            uniform token[] xformOpOrder = ["xformOp:transform:copytopoints1"]
        }

        def Xform "Area290"
        {
            vector3f[] primvars:P (
                interpolation = "constant"
            )
            vector3f[] primvars:P.timeSamples = {
                1: [(10.526306, 0, 94.73685)],
            }
            matrix4d xformOp:transform:copytopoints1 = ( (1, 0, 0, 0), (0, 1, 0, 0), (0, 0, 1, 0), (10.52630615234375, 0, 94.73684692382812, 1) )
            uniform token[] xformOpOrder = ["xformOp:transform:copytopoints1"]
        }

        def Xform "Area291"
        {
            vector3f[] primvars:P (
                interpolation = "constant"
            )
            vector3f[] primvars:P.timeSamples = {
                1: [(31.578949, 0, 94.73685)],
            }
            matrix4d xformOp:transform:copytopoints1 = ( (1, 0, 0, 0), (0, 1, 0, 0), (0, 0, 1, 0), (31.578948974609375, 0, 94.73684692382812, 1) )
            uniform token[] xformOpOrder = ["xformOp:transform:copytopoints1"]
        }

        def Xform "Area292"
        {
            vector3f[] primvars:P (
                interpolation = "constant"
            )
            vector3f[] primvars:P.timeSamples = {
                1: [(52.631577, 0, 94.73685)],
            }
            matrix4d xformOp:transform:copytopoints1 = ( (1, 0, 0, 0), (0, 1, 0, 0), (0, 0, 1, 0), (52.63157653808594, 0, 94.73684692382812, 1) )
            uniform token[] xformOpOrder = ["xformOp:transform:copytopoints1"]
        }

        def Xform "Area293"
        {
            vector3f[] primvars:P (
                interpolation = "constant"
            )
            vector3f[] primvars:P.timeSamples = {
                1: [(73.684204, 0, 94.73685)],
            }
            matrix4d xformOp:transform:copytopoints1 = ( (1, 0, 0, 0), (0, 1, 0, 0), (0, 0, 1, 0), (73.6842041015625, 0, 94.73684692382812, 1) )
            uniform token[] xformOpOrder = ["xformOp:transform:copytopoints1"]
        }

        def Xform "Area294"
        {
            vector3f[] primvars:P (
                interpolation = "constant"
            )
            vector3f[] primvars:P.timeSamples = {
                1: [(94.73685, 0, 94.73685)],
            }
            matrix4d xformOp:transform:copytopoints1 = ( (1, 0, 0, 0), (0, 1, 0, 0), (0, 0, 1, 0), (94.73684692382812, 0, 94.73684692382812, 1) )
            uniform token[] xformOpOrder = ["xformOp:transform:copytopoints1"]
        }

        def Xform "Area295"
        {
            vector3f[] primvars:P (
                interpolation = "constant"
            )
            vector3f[] primvars:P.timeSamples = {
                1: [(115.78946, 0, 94.73685)],
            }
            matrix4d xformOp:transform:copytopoints1 = ( (1, 0, 0, 0), (0, 1, 0, 0), (0, 0, 1, 0), (115.78945922851562, 0, 94.73684692382812, 1) )
            uniform token[] xformOpOrder = ["xformOp:transform:copytopoints1"]
        }

        def Xform "Area296"
        {
            vector3f[] primvars:P (
                interpolation = "constant"
            )
            vector3f[] primvars:P.timeSamples = {
                1: [(136.8421, 0, 94.73685)],
            }
            matrix4d xformOp:transform:copytopoints1 = ( (1, 0, 0, 0), (0, 1, 0, 0), (0, 0, 1, 0), (136.84210205078125, 0, 94.73684692382812, 1) )
            uniform token[] xformOpOrder = ["xformOp:transform:copytopoints1"]
        }

        def Xform "Area297"
        {
            vector3f[] primvars:P (
                interpolation = "constant"
            )
            vector3f[] primvars:P.timeSamples = {
                1: [(157.89474, 0, 94.73685)],
            }
            matrix4d xformOp:transform:copytopoints1 = ( (1, 0, 0, 0), (0, 1, 0, 0), (0, 0, 1, 0), (157.89474487304688, 0, 94.73684692382812, 1) )
            uniform token[] xformOpOrder = ["xformOp:transform:copytopoints1"]
        }

        def Xform "Area298"
        {
            vector3f[] primvars:P (
                interpolation = "constant"
            )
            vector3f[] primvars:P.timeSamples = {
                1: [(178.94736, 0, 94.73685)],
            }
            matrix4d xformOp:transform:copytopoints1 = ( (1, 0, 0, 0), (0, 1, 0, 0), (0, 0, 1, 0), (178.94735717773438, 0, 94.73684692382812, 1) )
            uniform token[] xformOpOrder = ["xformOp:transform:copytopoints1"]
        }

        def Xform "Area299"
        {
            vector3f[] primvars:P (
                interpolation = "constant"
            )
            vector3f[] primvars:P.timeSamples = {
                1: [(200, 0, 94.73685)],
            }
            matrix4d xformOp:transform:copytopoints1 = ( (1, 0, 0, 0), (0, 1, 0, 0), (0, 0, 1, 0), (200, 0, 94.73684692382812, 1) )
            uniform token[] xformOpOrder = ["xformOp:transform:copytopoints1"]
        }

        def Xform "Area300"
        {
            vector3f[] primvars:P (
                interpolation = "constant"
            )
            vector3f[] primvars:P.timeSamples = {
                1: [(-200, 0, 115.78946)],
            }
            matrix4d xformOp:transform:copytopoints1 = ( (1, 0, 0, 0), (0, 1, 0, 0), (0, 0, 1, 0), (-200, 0, 115.78945922851562, 1) )
            uniform token[] xformOpOrder = ["xformOp:transform:copytopoints1"]
        }

        def Xform "Area301"
        {
            vector3f[] primvars:P (
                interpolation = "constant"
            )
            vector3f[] primvars:P.timeSamples = {
                1: [(-178.94737, 0, 115.78946)],
            }
            matrix4d xformOp:transform:copytopoints1 = ( (1, 0, 0, 0), (0, 1, 0, 0), (0, 0, 1, 0), (-178.94737243652344, 0, 115.78945922851562, 1) )
            uniform token[] xformOpOrder = ["xformOp:transform:copytopoints1"]
        }

        def Xform "Area302"
        {
            vector3f[] primvars:P (
                interpolation = "constant"
            )
            vector3f[] primvars:P.timeSamples = {
                1: [(-157.89474, 0, 115.78946)],
            }
            matrix4d xformOp:transform:copytopoints1 = ( (1, 0, 0, 0), (0, 1, 0, 0), (0, 0, 1, 0), (-157.89474487304688, 0, 115.78945922851562, 1) )
            uniform token[] xformOpOrder = ["xformOp:transform:copytopoints1"]
        }

        def Xform "Area303"
        {
            vector3f[] primvars:P (
                interpolation = "constant"
            )
            vector3f[] primvars:P.timeSamples = {
                1: [(-136.8421, 0, 115.78946)],
            }
            matrix4d xformOp:transform:copytopoints1 = ( (1, 0, 0, 0), (0, 1, 0, 0), (0, 0, 1, 0), (-136.84210205078125, 0, 115.78945922851562, 1) )
            uniform token[] xformOpOrder = ["xformOp:transform:copytopoints1"]
        }

        def Xform "Area304"
        {
            vector3f[] primvars:P (
                interpolation = "constant"
            )
            vector3f[] primvars:P.timeSamples = {
                1: [(-115.789474, 0, 115.78946)],
            }
            matrix4d xformOp:transform:copytopoints1 = ( (1, 0, 0, 0), (0, 1, 0, 0), (0, 0, 1, 0), (-115.78947448730469, 0, 115.78945922851562, 1) )
            uniform token[] xformOpOrder = ["xformOp:transform:copytopoints1"]
        }

        def Xform "Area305"
        {
            vector3f[] primvars:P (
                interpolation = "constant"
            )
            vector3f[] primvars:P.timeSamples = {
                1: [(-94.73685, 0, 115.78946)],
            }
            matrix4d xformOp:transform:copytopoints1 = ( (1, 0, 0, 0), (0, 1, 0, 0), (0, 0, 1, 0), (-94.73684692382812, 0, 115.78945922851562, 1) )
            uniform token[] xformOpOrder = ["xformOp:transform:copytopoints1"]
        }

        def Xform "Area306"
        {
            vector3f[] primvars:P (
                interpolation = "constant"
            )
            vector3f[] primvars:P.timeSamples = {
                1: [(-73.68421, 0, 115.78946)],
            }
            matrix4d xformOp:transform:copytopoints1 = ( (1, 0, 0, 0), (0, 1, 0, 0), (0, 0, 1, 0), (-73.68421173095703, 0, 115.78945922851562, 1) )
            uniform token[] xformOpOrder = ["xformOp:transform:copytopoints1"]
        }

        def Xform "Area307"
        {
            vector3f[] primvars:P (
                interpolation = "constant"
            )
            vector3f[] primvars:P.timeSamples = {
                1: [(-52.631577, 0, 115.78946)],
            }
            matrix4d xformOp:transform:copytopoints1 = ( (1, 0, 0, 0), (0, 1, 0, 0), (0, 0, 1, 0), (-52.63157653808594, 0, 115.78945922851562, 1) )
            uniform token[] xformOpOrder = ["xformOp:transform:copytopoints1"]
        }

        def Xform "Area308"
        {
            vector3f[] primvars:P (
                interpolation = "constant"
            )
            vector3f[] primvars:P.timeSamples = {
                1: [(-31.578949, 0, 115.78946)],
            }
            matrix4d xformOp:transform:copytopoints1 = ( (1, 0, 0, 0), (0, 1, 0, 0), (0, 0, 1, 0), (-31.578948974609375, 0, 115.78945922851562, 1) )
            uniform token[] xformOpOrder = ["xformOp:transform:copytopoints1"]
        }

        def Xform "Area309"
        {
            vector3f[] primvars:P (
                interpolation = "constant"
            )
            vector3f[] primvars:P.timeSamples = {
                1: [(-10.526321, 0, 115.78946)],
            }
            matrix4d xformOp:transform:copytopoints1 = ( (1, 0, 0, 0), (0, 1, 0, 0), (0, 0, 1, 0), (-10.526321411132812, 0, 115.78945922851562, 1) )
            uniform token[] xformOpOrder = ["xformOp:transform:copytopoints1"]
        }

        def Xform "Area310"
        {
            vector3f[] primvars:P (
                interpolation = "constant"
            )
            vector3f[] primvars:P.timeSamples = {
                1: [(10.526306, 0, 115.78946)],
            }
            matrix4d xformOp:transform:copytopoints1 = ( (1, 0, 0, 0), (0, 1, 0, 0), (0, 0, 1, 0), (10.52630615234375, 0, 115.78945922851562, 1) )
            uniform token[] xformOpOrder = ["xformOp:transform:copytopoints1"]
        }

        def Xform "Area311"
        {
            vector3f[] primvars:P (
                interpolation = "constant"
            )
            vector3f[] primvars:P.timeSamples = {
                1: [(31.578949, 0, 115.78946)],
            }
            matrix4d xformOp:transform:copytopoints1 = ( (1, 0, 0, 0), (0, 1, 0, 0), (0, 0, 1, 0), (31.578948974609375, 0, 115.78945922851562, 1) )
            uniform token[] xformOpOrder = ["xformOp:transform:copytopoints1"]
        }

        def Xform "Area312"
        {
            vector3f[] primvars:P (
                interpolation = "constant"
            )
            vector3f[] primvars:P.timeSamples = {
                1: [(52.631577, 0, 115.78946)],
            }
            matrix4d xformOp:transform:copytopoints1 = ( (1, 0, 0, 0), (0, 1, 0, 0), (0, 0, 1, 0), (52.63157653808594, 0, 115.78945922851562, 1) )
            uniform token[] xformOpOrder = ["xformOp:transform:copytopoints1"]
        }

        def Xform "Area313"
        {
            vector3f[] primvars:P (
                interpolation = "constant"
            )
            vector3f[] primvars:P.timeSamples = {
                1: [(73.684204, 0, 115.78946)],
            }
            matrix4d xformOp:transform:copytopoints1 = ( (1, 0, 0, 0), (0, 1, 0, 0), (0, 0, 1, 0), (73.6842041015625, 0, 115.78945922851562, 1) )
            uniform token[] xformOpOrder = ["xformOp:transform:copytopoints1"]
        }

        def Xform "Area314"
        {
            vector3f[] primvars:P (
                interpolation = "constant"
            )
            vector3f[] primvars:P.timeSamples = {
                1: [(94.73685, 0, 115.78946)],
            }
            matrix4d xformOp:transform:copytopoints1 = ( (1, 0, 0, 0), (0, 1, 0, 0), (0, 0, 1, 0), (94.73684692382812, 0, 115.78945922851562, 1) )
            uniform token[] xformOpOrder = ["xformOp:transform:copytopoints1"]
        }

        def Xform "Area315"
        {
            vector3f[] primvars:P (
                interpolation = "constant"
            )
            vector3f[] primvars:P.timeSamples = {
                1: [(115.78946, 0, 115.78946)],
            }
            matrix4d xformOp:transform:copytopoints1 = ( (1, 0, 0, 0), (0, 1, 0, 0), (0, 0, 1, 0), (115.78945922851562, 0, 115.78945922851562, 1) )
            uniform token[] xformOpOrder = ["xformOp:transform:copytopoints1"]
        }

        def Xform "Area316"
        {
            vector3f[] primvars:P (
                interpolation = "constant"
            )
            vector3f[] primvars:P.timeSamples = {
                1: [(136.8421, 0, 115.78946)],
            }
            matrix4d xformOp:transform:copytopoints1 = ( (1, 0, 0, 0), (0, 1, 0, 0), (0, 0, 1, 0), (136.84210205078125, 0, 115.78945922851562, 1) )
            uniform token[] xformOpOrder = ["xformOp:transform:copytopoints1"]
        }

        def Xform "Area317"
        {
            vector3f[] primvars:P (
                interpolation = "constant"
            )
            vector3f[] primvars:P.timeSamples = {
                1: [(157.89474, 0, 115.78946)],
            }
            matrix4d xformOp:transform:copytopoints1 = ( (1, 0, 0, 0), (0, 1, 0, 0), (0, 0, 1, 0), (157.89474487304688, 0, 115.78945922851562, 1) )
            uniform token[] xformOpOrder = ["xformOp:transform:copytopoints1"]
        }

        def Xform "Area318"
        {
            vector3f[] primvars:P (
                interpolation = "constant"
            )
            vector3f[] primvars:P.timeSamples = {
                1: [(178.94736, 0, 115.78946)],
            }
            matrix4d xformOp:transform:copytopoints1 = ( (1, 0, 0, 0), (0, 1, 0, 0), (0, 0, 1, 0), (178.94735717773438, 0, 115.78945922851562, 1) )
            uniform token[] xformOpOrder = ["xformOp:transform:copytopoints1"]
        }

        def Xform "Area319"
        {
            vector3f[] primvars:P (
                interpolation = "constant"
            )
            vector3f[] primvars:P.timeSamples = {
                1: [(200, 0, 115.78946)],
            }
            matrix4d xformOp:transform:copytopoints1 = ( (1, 0, 0, 0), (0, 1, 0, 0), (0, 0, 1, 0), (200, 0, 115.78945922851562, 1) )
            uniform token[] xformOpOrder = ["xformOp:transform:copytopoints1"]
        }

        def Xform "Area320"
        {
            vector3f[] primvars:P (
                interpolation = "constant"
            )
            vector3f[] primvars:P.timeSamples = {
                1: [(-200, 0, 136.8421)],
            }
            matrix4d xformOp:transform:copytopoints1 = ( (1, 0, 0, 0), (0, 1, 0, 0), (0, 0, 1, 0), (-200, 0, 136.84210205078125, 1) )
            uniform token[] xformOpOrder = ["xformOp:transform:copytopoints1"]
        }

        def Xform "Area321"
        {
            vector3f[] primvars:P (
                interpolation = "constant"
            )
            vector3f[] primvars:P.timeSamples = {
                1: [(-178.94737, 0, 136.8421)],
            }
            matrix4d xformOp:transform:copytopoints1 = ( (1, 0, 0, 0), (0, 1, 0, 0), (0, 0, 1, 0), (-178.94737243652344, 0, 136.84210205078125, 1) )
            uniform token[] xformOpOrder = ["xformOp:transform:copytopoints1"]
        }

        def Xform "Area322"
        {
            vector3f[] primvars:P (
                interpolation = "constant"
            )
            vector3f[] primvars:P.timeSamples = {
                1: [(-157.89474, 0, 136.8421)],
            }
            matrix4d xformOp:transform:copytopoints1 = ( (1, 0, 0, 0), (0, 1, 0, 0), (0, 0, 1, 0), (-157.89474487304688, 0, 136.84210205078125, 1) )
            uniform token[] xformOpOrder = ["xformOp:transform:copytopoints1"]
        }

        def Xform "Area323"
        {
            vector3f[] primvars:P (
                interpolation = "constant"
            )
            vector3f[] primvars:P.timeSamples = {
                1: [(-136.8421, 0, 136.8421)],
            }
            matrix4d xformOp:transform:copytopoints1 = ( (1, 0, 0, 0), (0, 1, 0, 0), (0, 0, 1, 0), (-136.84210205078125, 0, 136.84210205078125, 1) )
            uniform token[] xformOpOrder = ["xformOp:transform:copytopoints1"]
        }

        def Xform "Area324"
        {
            vector3f[] primvars:P (
                interpolation = "constant"
            )
            vector3f[] primvars:P.timeSamples = {
                1: [(-115.789474, 0, 136.8421)],
            }
            matrix4d xformOp:transform:copytopoints1 = ( (1, 0, 0, 0), (0, 1, 0, 0), (0, 0, 1, 0), (-115.78947448730469, 0, 136.84210205078125, 1) )
            uniform token[] xformOpOrder = ["xformOp:transform:copytopoints1"]
        }

        def Xform "Area325"
        {
            vector3f[] primvars:P (
                interpolation = "constant"
            )
            vector3f[] primvars:P.timeSamples = {
                1: [(-94.73685, 0, 136.8421)],
            }
            matrix4d xformOp:transform:copytopoints1 = ( (1, 0, 0, 0), (0, 1, 0, 0), (0, 0, 1, 0), (-94.73684692382812, 0, 136.84210205078125, 1) )
            uniform token[] xformOpOrder = ["xformOp:transform:copytopoints1"]
        }

        def Xform "Area326"
        {
            vector3f[] primvars:P (
                interpolation = "constant"
            )
            vector3f[] primvars:P.timeSamples = {
                1: [(-73.68421, 0, 136.8421)],
            }
            matrix4d xformOp:transform:copytopoints1 = ( (1, 0, 0, 0), (0, 1, 0, 0), (0, 0, 1, 0), (-73.68421173095703, 0, 136.84210205078125, 1) )
            uniform token[] xformOpOrder = ["xformOp:transform:copytopoints1"]
        }

        def Xform "Area327"
        {
            vector3f[] primvars:P (
                interpolation = "constant"
            )
            vector3f[] primvars:P.timeSamples = {
                1: [(-52.631577, 0, 136.8421)],
            }
            matrix4d xformOp:transform:copytopoints1 = ( (1, 0, 0, 0), (0, 1, 0, 0), (0, 0, 1, 0), (-52.63157653808594, 0, 136.84210205078125, 1) )
            uniform token[] xformOpOrder = ["xformOp:transform:copytopoints1"]
        }

        def Xform "Area328"
        {
            vector3f[] primvars:P (
                interpolation = "constant"
            )
            vector3f[] primvars:P.timeSamples = {
                1: [(-31.578949, 0, 136.8421)],
            }
            matrix4d xformOp:transform:copytopoints1 = ( (1, 0, 0, 0), (0, 1, 0, 0), (0, 0, 1, 0), (-31.578948974609375, 0, 136.84210205078125, 1) )
            uniform token[] xformOpOrder = ["xformOp:transform:copytopoints1"]
        }

        def Xform "Area329"
        {
            vector3f[] primvars:P (
                interpolation = "constant"
            )
            vector3f[] primvars:P.timeSamples = {
                1: [(-10.526321, 0, 136.8421)],
            }
            matrix4d xformOp:transform:copytopoints1 = ( (1, 0, 0, 0), (0, 1, 0, 0), (0, 0, 1, 0), (-10.526321411132812, 0, 136.84210205078125, 1) )
            uniform token[] xformOpOrder = ["xformOp:transform:copytopoints1"]
        }

        def Xform "Area330"
        {
            vector3f[] primvars:P (
                interpolation = "constant"
            )
            vector3f[] primvars:P.timeSamples = {
                1: [(10.526306, 0, 136.8421)],
            }
            matrix4d xformOp:transform:copytopoints1 = ( (1, 0, 0, 0), (0, 1, 0, 0), (0, 0, 1, 0), (10.52630615234375, 0, 136.84210205078125, 1) )
            uniform token[] xformOpOrder = ["xformOp:transform:copytopoints1"]
        }

        def Xform "Area331"
        {
            vector3f[] primvars:P (
                interpolation = "constant"
            )
            vector3f[] primvars:P.timeSamples = {
                1: [(31.578949, 0, 136.8421)],
            }
            matrix4d xformOp:transform:copytopoints1 = ( (1, 0, 0, 0), (0, 1, 0, 0), (0, 0, 1, 0), (31.578948974609375, 0, 136.84210205078125, 1) )
            uniform token[] xformOpOrder = ["xformOp:transform:copytopoints1"]
        }

        def Xform "Area332"
        {
            vector3f[] primvars:P (
                interpolation = "constant"
            )
            vector3f[] primvars:P.timeSamples = {
                1: [(52.631577, 0, 136.8421)],
            }
            matrix4d xformOp:transform:copytopoints1 = ( (1, 0, 0, 0), (0, 1, 0, 0), (0, 0, 1, 0), (52.63157653808594, 0, 136.84210205078125, 1) )
            uniform token[] xformOpOrder = ["xformOp:transform:copytopoints1"]
        }

        def Xform "Area333"
        {
            vector3f[] primvars:P (
                interpolation = "constant"
            )
            vector3f[] primvars:P.timeSamples = {
                1: [(73.684204, 0, 136.8421)],
            }
            matrix4d xformOp:transform:copytopoints1 = ( (1, 0, 0, 0), (0, 1, 0, 0), (0, 0, 1, 0), (73.6842041015625, 0, 136.84210205078125, 1) )
            uniform token[] xformOpOrder = ["xformOp:transform:copytopoints1"]
        }

        def Xform "Area334"
        {
            vector3f[] primvars:P (
                interpolation = "constant"
            )
            vector3f[] primvars:P.timeSamples = {
                1: [(94.73685, 0, 136.8421)],
            }
            matrix4d xformOp:transform:copytopoints1 = ( (1, 0, 0, 0), (0, 1, 0, 0), (0, 0, 1, 0), (94.73684692382812, 0, 136.84210205078125, 1) )
            uniform token[] xformOpOrder = ["xformOp:transform:copytopoints1"]
        }

        def Xform "Area335"
        {
            vector3f[] primvars:P (
                interpolation = "constant"
            )
            vector3f[] primvars:P.timeSamples = {
                1: [(115.78946, 0, 136.8421)],
            }
            matrix4d xformOp:transform:copytopoints1 = ( (1, 0, 0, 0), (0, 1, 0, 0), (0, 0, 1, 0), (115.78945922851562, 0, 136.84210205078125, 1) )
            uniform token[] xformOpOrder = ["xformOp:transform:copytopoints1"]
        }

        def Xform "Area336"
        {
            vector3f[] primvars:P (
                interpolation = "constant"
            )
            vector3f[] primvars:P.timeSamples = {
                1: [(136.8421, 0, 136.8421)],
            }
            matrix4d xformOp:transform:copytopoints1 = ( (1, 0, 0, 0), (0, 1, 0, 0), (0, 0, 1, 0), (136.84210205078125, 0, 136.84210205078125, 1) )
            uniform token[] xformOpOrder = ["xformOp:transform:copytopoints1"]
        }

        def Xform "Area337"
        {
            vector3f[] primvars:P (
                interpolation = "constant"
            )
            vector3f[] primvars:P.timeSamples = {
                1: [(157.89474, 0, 136.8421)],
            }
            matrix4d xformOp:transform:copytopoints1 = ( (1, 0, 0, 0), (0, 1, 0, 0), (0, 0, 1, 0), (157.89474487304688, 0, 136.84210205078125, 1) )
            uniform token[] xformOpOrder = ["xformOp:transform:copytopoints1"]
        }

        def Xform "Area338"
        {
            vector3f[] primvars:P (
                interpolation = "constant"
            )
            vector3f[] primvars:P.timeSamples = {
                1: [(178.94736, 0, 136.8421)],
            }
            matrix4d xformOp:transform:copytopoints1 = ( (1, 0, 0, 0), (0, 1, 0, 0), (0, 0, 1, 0), (178.94735717773438, 0, 136.84210205078125, 1) )
            uniform token[] xformOpOrder = ["xformOp:transform:copytopoints1"]
        }

        def Xform "Area339"
        {
            vector3f[] primvars:P (
                interpolation = "constant"
            )
            vector3f[] primvars:P.timeSamples = {
                1: [(200, 0, 136.8421)],
            }
            matrix4d xformOp:transform:copytopoints1 = ( (1, 0, 0, 0), (0, 1, 0, 0), (0, 0, 1, 0), (200, 0, 136.84210205078125, 1) )
            uniform token[] xformOpOrder = ["xformOp:transform:copytopoints1"]
        }

        def Xform "Area340"
        {
            vector3f[] primvars:P (
                interpolation = "constant"
            )
            vector3f[] primvars:P.timeSamples = {
                1: [(-200, 0, 157.89474)],
            }
            matrix4d xformOp:transform:copytopoints1 = ( (1, 0, 0, 0), (0, 1, 0, 0), (0, 0, 1, 0), (-200, 0, 157.89474487304688, 1) )
            uniform token[] xformOpOrder = ["xformOp:transform:copytopoints1"]
        }

        def Xform "Area341"
        {
            vector3f[] primvars:P (
                interpolation = "constant"
            )
            vector3f[] primvars:P.timeSamples = {
                1: [(-178.94737, 0, 157.89474)],
            }
            matrix4d xformOp:transform:copytopoints1 = ( (1, 0, 0, 0), (0, 1, 0, 0), (0, 0, 1, 0), (-178.94737243652344, 0, 157.89474487304688, 1) )
            uniform token[] xformOpOrder = ["xformOp:transform:copytopoints1"]
        }

        def Xform "Area342"
        {
            vector3f[] primvars:P (
                interpolation = "constant"
            )
            vector3f[] primvars:P.timeSamples = {
                1: [(-157.89474, 0, 157.89474)],
            }
            matrix4d xformOp:transform:copytopoints1 = ( (1, 0, 0, 0), (0, 1, 0, 0), (0, 0, 1, 0), (-157.89474487304688, 0, 157.89474487304688, 1) )
            uniform token[] xformOpOrder = ["xformOp:transform:copytopoints1"]
        }

        def Xform "Area343"
        {
            vector3f[] primvars:P (
                interpolation = "constant"
            )
            vector3f[] primvars:P.timeSamples = {
                1: [(-136.8421, 0, 157.89474)],
            }
            matrix4d xformOp:transform:copytopoints1 = ( (1, 0, 0, 0), (0, 1, 0, 0), (0, 0, 1, 0), (-136.84210205078125, 0, 157.89474487304688, 1) )
            uniform token[] xformOpOrder = ["xformOp:transform:copytopoints1"]
        }

        def Xform "Area344"
        {
            vector3f[] primvars:P (
                interpolation = "constant"
            )
            vector3f[] primvars:P.timeSamples = {
                1: [(-115.789474, 0, 157.89474)],
            }
            matrix4d xformOp:transform:copytopoints1 = ( (1, 0, 0, 0), (0, 1, 0, 0), (0, 0, 1, 0), (-115.78947448730469, 0, 157.89474487304688, 1) )
            uniform token[] xformOpOrder = ["xformOp:transform:copytopoints1"]
        }

        def Xform "Area345"
        {
            vector3f[] primvars:P (
                interpolation = "constant"
            )
            vector3f[] primvars:P.timeSamples = {
                1: [(-94.73685, 0, 157.89474)],
            }
            matrix4d xformOp:transform:copytopoints1 = ( (1, 0, 0, 0), (0, 1, 0, 0), (0, 0, 1, 0), (-94.73684692382812, 0, 157.89474487304688, 1) )
            uniform token[] xformOpOrder = ["xformOp:transform:copytopoints1"]
        }

        def Xform "Area346"
        {
            vector3f[] primvars:P (
                interpolation = "constant"
            )
            vector3f[] primvars:P.timeSamples = {
                1: [(-73.68421, 0, 157.89474)],
            }
            matrix4d xformOp:transform:copytopoints1 = ( (1, 0, 0, 0), (0, 1, 0, 0), (0, 0, 1, 0), (-73.68421173095703, 0, 157.89474487304688, 1) )
            uniform token[] xformOpOrder = ["xformOp:transform:copytopoints1"]
        }

        def Xform "Area347"
        {
            vector3f[] primvars:P (
                interpolation = "constant"
            )
            vector3f[] primvars:P.timeSamples = {
                1: [(-52.631577, 0, 157.89474)],
            }
            matrix4d xformOp:transform:copytopoints1 = ( (1, 0, 0, 0), (0, 1, 0, 0), (0, 0, 1, 0), (-52.63157653808594, 0, 157.89474487304688, 1) )
            uniform token[] xformOpOrder = ["xformOp:transform:copytopoints1"]
        }

        def Xform "Area348"
        {
            vector3f[] primvars:P (
                interpolation = "constant"
            )
            vector3f[] primvars:P.timeSamples = {
                1: [(-31.578949, 0, 157.89474)],
            }
            matrix4d xformOp:transform:copytopoints1 = ( (1, 0, 0, 0), (0, 1, 0, 0), (0, 0, 1, 0), (-31.578948974609375, 0, 157.89474487304688, 1) )
            uniform token[] xformOpOrder = ["xformOp:transform:copytopoints1"]
        }

        def Xform "Area349"
        {
            vector3f[] primvars:P (
                interpolation = "constant"
            )
            vector3f[] primvars:P.timeSamples = {
                1: [(-10.526321, 0, 157.89474)],
            }
            matrix4d xformOp:transform:copytopoints1 = ( (1, 0, 0, 0), (0, 1, 0, 0), (0, 0, 1, 0), (-10.526321411132812, 0, 157.89474487304688, 1) )
            uniform token[] xformOpOrder = ["xformOp:transform:copytopoints1"]
        }

        def Xform "Area350"
        {
            vector3f[] primvars:P (
                interpolation = "constant"
            )
            vector3f[] primvars:P.timeSamples = {
                1: [(10.526306, 0, 157.89474)],
            }
            matrix4d xformOp:transform:copytopoints1 = ( (1, 0, 0, 0), (0, 1, 0, 0), (0, 0, 1, 0), (10.52630615234375, 0, 157.89474487304688, 1) )
            uniform token[] xformOpOrder = ["xformOp:transform:copytopoints1"]
        }

        def Xform "Area351"
        {
            vector3f[] primvars:P (
                interpolation = "constant"
            )
            vector3f[] primvars:P.timeSamples = {
                1: [(31.578949, 0, 157.89474)],
            }
            matrix4d xformOp:transform:copytopoints1 = ( (1, 0, 0, 0), (0, 1, 0, 0), (0, 0, 1, 0), (31.578948974609375, 0, 157.89474487304688, 1) )
            uniform token[] xformOpOrder = ["xformOp:transform:copytopoints1"]
        }

        def Xform "Area352"
        {
            vector3f[] primvars:P (
                interpolation = "constant"
            )
            vector3f[] primvars:P.timeSamples = {
                1: [(52.631577, 0, 157.89474)],
            }
            matrix4d xformOp:transform:copytopoints1 = ( (1, 0, 0, 0), (0, 1, 0, 0), (0, 0, 1, 0), (52.63157653808594, 0, 157.89474487304688, 1) )
            uniform token[] xformOpOrder = ["xformOp:transform:copytopoints1"]
        }

        def Xform "Area353"
        {
            vector3f[] primvars:P (
                interpolation = "constant"
            )
            vector3f[] primvars:P.timeSamples = {
                1: [(73.684204, 0, 157.89474)],
            }
            matrix4d xformOp:transform:copytopoints1 = ( (1, 0, 0, 0), (0, 1, 0, 0), (0, 0, 1, 0), (73.6842041015625, 0, 157.89474487304688, 1) )
            uniform token[] xformOpOrder = ["xformOp:transform:copytopoints1"]
        }

        def Xform "Area354"
        {
            vector3f[] primvars:P (
                interpolation = "constant"
            )
            vector3f[] primvars:P.timeSamples = {
                1: [(94.73685, 0, 157.89474)],
            }
            matrix4d xformOp:transform:copytopoints1 = ( (1, 0, 0, 0), (0, 1, 0, 0), (0, 0, 1, 0), (94.73684692382812, 0, 157.89474487304688, 1) )
            uniform token[] xformOpOrder = ["xformOp:transform:copytopoints1"]
        }

        def Xform "Area355"
        {
            vector3f[] primvars:P (
                interpolation = "constant"
            )
            vector3f[] primvars:P.timeSamples = {
                1: [(115.78946, 0, 157.89474)],
            }
            matrix4d xformOp:transform:copytopoints1 = ( (1, 0, 0, 0), (0, 1, 0, 0), (0, 0, 1, 0), (115.78945922851562, 0, 157.89474487304688, 1) )
            uniform token[] xformOpOrder = ["xformOp:transform:copytopoints1"]
        }

        def Xform "Area356"
        {
            vector3f[] primvars:P (
                interpolation = "constant"
            )
            vector3f[] primvars:P.timeSamples = {
                1: [(136.8421, 0, 157.89474)],
            }
            matrix4d xformOp:transform:copytopoints1 = ( (1, 0, 0, 0), (0, 1, 0, 0), (0, 0, 1, 0), (136.84210205078125, 0, 157.89474487304688, 1) )
            uniform token[] xformOpOrder = ["xformOp:transform:copytopoints1"]
        }

        def Xform "Area357"
        {
            vector3f[] primvars:P (
                interpolation = "constant"
            )
            vector3f[] primvars:P.timeSamples = {
                1: [(157.89474, 0, 157.89474)],
            }
            matrix4d xformOp:transform:copytopoints1 = ( (1, 0, 0, 0), (0, 1, 0, 0), (0, 0, 1, 0), (157.89474487304688, 0, 157.89474487304688, 1) )
            uniform token[] xformOpOrder = ["xformOp:transform:copytopoints1"]
        }

        def Xform "Area358"
        {
            vector3f[] primvars:P (
                interpolation = "constant"
            )
            vector3f[] primvars:P.timeSamples = {
                1: [(178.94736, 0, 157.89474)],
            }
            matrix4d xformOp:transform:copytopoints1 = ( (1, 0, 0, 0), (0, 1, 0, 0), (0, 0, 1, 0), (178.94735717773438, 0, 157.89474487304688, 1) )
            uniform token[] xformOpOrder = ["xformOp:transform:copytopoints1"]
        }

        def Xform "Area359"
        {
            vector3f[] primvars:P (
                interpolation = "constant"
            )
            vector3f[] primvars:P.timeSamples = {
                1: [(200, 0, 157.89474)],
            }
            matrix4d xformOp:transform:copytopoints1 = ( (1, 0, 0, 0), (0, 1, 0, 0), (0, 0, 1, 0), (200, 0, 157.89474487304688, 1) )
            uniform token[] xformOpOrder = ["xformOp:transform:copytopoints1"]
        }

        def Xform "Area360"
        {
            vector3f[] primvars:P (
                interpolation = "constant"
            )
            vector3f[] primvars:P.timeSamples = {
                1: [(-200, 0, 178.94736)],
            }
            matrix4d xformOp:transform:copytopoints1 = ( (1, 0, 0, 0), (0, 1, 0, 0), (0, 0, 1, 0), (-200, 0, 178.94735717773438, 1) )
            uniform token[] xformOpOrder = ["xformOp:transform:copytopoints1"]
        }

        def Xform "Area361"
        {
            vector3f[] primvars:P (
                interpolation = "constant"
            )
            vector3f[] primvars:P.timeSamples = {
                1: [(-178.94737, 0, 178.94736)],
            }
            matrix4d xformOp:transform:copytopoints1 = ( (1, 0, 0, 0), (0, 1, 0, 0), (0, 0, 1, 0), (-178.94737243652344, 0, 178.94735717773438, 1) )
            uniform token[] xformOpOrder = ["xformOp:transform:copytopoints1"]
        }

        def Xform "Area362"
        {
            vector3f[] primvars:P (
                interpolation = "constant"
            )
            vector3f[] primvars:P.timeSamples = {
                1: [(-157.89474, 0, 178.94736)],
            }
            matrix4d xformOp:transform:copytopoints1 = ( (1, 0, 0, 0), (0, 1, 0, 0), (0, 0, 1, 0), (-157.89474487304688, 0, 178.94735717773438, 1) )
            uniform token[] xformOpOrder = ["xformOp:transform:copytopoints1"]
        }

        def Xform "Area363"
        {
            vector3f[] primvars:P (
                interpolation = "constant"
            )
            vector3f[] primvars:P.timeSamples = {
                1: [(-136.8421, 0, 178.94736)],
            }
            matrix4d xformOp:transform:copytopoints1 = ( (1, 0, 0, 0), (0, 1, 0, 0), (0, 0, 1, 0), (-136.84210205078125, 0, 178.94735717773438, 1) )
            uniform token[] xformOpOrder = ["xformOp:transform:copytopoints1"]
        }

        def Xform "Area364"
        {
            vector3f[] primvars:P (
                interpolation = "constant"
            )
            vector3f[] primvars:P.timeSamples = {
                1: [(-115.789474, 0, 178.94736)],
            }
            matrix4d xformOp:transform:copytopoints1 = ( (1, 0, 0, 0), (0, 1, 0, 0), (0, 0, 1, 0), (-115.78947448730469, 0, 178.94735717773438, 1) )
            uniform token[] xformOpOrder = ["xformOp:transform:copytopoints1"]
        }

        def Xform "Area365"
        {
            vector3f[] primvars:P (
                interpolation = "constant"
            )
            vector3f[] primvars:P.timeSamples = {
                1: [(-94.73685, 0, 178.94736)],
            }
            matrix4d xformOp:transform:copytopoints1 = ( (1, 0, 0, 0), (0, 1, 0, 0), (0, 0, 1, 0), (-94.73684692382812, 0, 178.94735717773438, 1) )
            uniform token[] xformOpOrder = ["xformOp:transform:copytopoints1"]
        }

        def Xform "Area366"
        {
            vector3f[] primvars:P (
                interpolation = "constant"
            )
            vector3f[] primvars:P.timeSamples = {
                1: [(-73.68421, 0, 178.94736)],
            }
            matrix4d xformOp:transform:copytopoints1 = ( (1, 0, 0, 0), (0, 1, 0, 0), (0, 0, 1, 0), (-73.68421173095703, 0, 178.94735717773438, 1) )
            uniform token[] xformOpOrder = ["xformOp:transform:copytopoints1"]
        }

        def Xform "Area367"
        {
            vector3f[] primvars:P (
                interpolation = "constant"
            )
            vector3f[] primvars:P.timeSamples = {
                1: [(-52.631577, 0, 178.94736)],
            }
            matrix4d xformOp:transform:copytopoints1 = ( (1, 0, 0, 0), (0, 1, 0, 0), (0, 0, 1, 0), (-52.63157653808594, 0, 178.94735717773438, 1) )
            uniform token[] xformOpOrder = ["xformOp:transform:copytopoints1"]
        }

        def Xform "Area368"
        {
            vector3f[] primvars:P (
                interpolation = "constant"
            )
            vector3f[] primvars:P.timeSamples = {
                1: [(-31.578949, 0, 178.94736)],
            }
            matrix4d xformOp:transform:copytopoints1 = ( (1, 0, 0, 0), (0, 1, 0, 0), (0, 0, 1, 0), (-31.578948974609375, 0, 178.94735717773438, 1) )
            uniform token[] xformOpOrder = ["xformOp:transform:copytopoints1"]
        }

        def Xform "Area369"
        {
            vector3f[] primvars:P (
                interpolation = "constant"
            )
            vector3f[] primvars:P.timeSamples = {
                1: [(-10.526321, 0, 178.94736)],
            }
            matrix4d xformOp:transform:copytopoints1 = ( (1, 0, 0, 0), (0, 1, 0, 0), (0, 0, 1, 0), (-10.526321411132812, 0, 178.94735717773438, 1) )
            uniform token[] xformOpOrder = ["xformOp:transform:copytopoints1"]
        }

        def Xform "Area370"
        {
            vector3f[] primvars:P (
                interpolation = "constant"
            )
            vector3f[] primvars:P.timeSamples = {
                1: [(10.526306, 0, 178.94736)],
            }
            matrix4d xformOp:transform:copytopoints1 = ( (1, 0, 0, 0), (0, 1, 0, 0), (0, 0, 1, 0), (10.52630615234375, 0, 178.94735717773438, 1) )
            uniform token[] xformOpOrder = ["xformOp:transform:copytopoints1"]
        }

        def Xform "Area371"
        {
            vector3f[] primvars:P (
                interpolation = "constant"
            )
            vector3f[] primvars:P.timeSamples = {
                1: [(31.578949, 0, 178.94736)],
            }
            matrix4d xformOp:transform:copytopoints1 = ( (1, 0, 0, 0), (0, 1, 0, 0), (0, 0, 1, 0), (31.578948974609375, 0, 178.94735717773438, 1) )
            uniform token[] xformOpOrder = ["xformOp:transform:copytopoints1"]
        }

        def Xform "Area372"
        {
            vector3f[] primvars:P (
                interpolation = "constant"
            )
            vector3f[] primvars:P.timeSamples = {
                1: [(52.631577, 0, 178.94736)],
            }
            matrix4d xformOp:transform:copytopoints1 = ( (1, 0, 0, 0), (0, 1, 0, 0), (0, 0, 1, 0), (52.63157653808594, 0, 178.94735717773438, 1) )
            uniform token[] xformOpOrder = ["xformOp:transform:copytopoints1"]
        }

        def Xform "Area373"
        {
            vector3f[] primvars:P (
                interpolation = "constant"
            )
            vector3f[] primvars:P.timeSamples = {
                1: [(73.684204, 0, 178.94736)],
            }
            matrix4d xformOp:transform:copytopoints1 = ( (1, 0, 0, 0), (0, 1, 0, 0), (0, 0, 1, 0), (73.6842041015625, 0, 178.94735717773438, 1) )
            uniform token[] xformOpOrder = ["xformOp:transform:copytopoints1"]
        }

        def Xform "Area374"
        {
            vector3f[] primvars:P (
                interpolation = "constant"
            )
            vector3f[] primvars:P.timeSamples = {
                1: [(94.73685, 0, 178.94736)],
            }
            matrix4d xformOp:transform:copytopoints1 = ( (1, 0, 0, 0), (0, 1, 0, 0), (0, 0, 1, 0), (94.73684692382812, 0, 178.94735717773438, 1) )
            uniform token[] xformOpOrder = ["xformOp:transform:copytopoints1"]
        }

        def Xform "Area375"
        {
            vector3f[] primvars:P (
                interpolation = "constant"
            )
            vector3f[] primvars:P.timeSamples = {
                1: [(115.78946, 0, 178.94736)],
            }
            matrix4d xformOp:transform:copytopoints1 = ( (1, 0, 0, 0), (0, 1, 0, 0), (0, 0, 1, 0), (115.78945922851562, 0, 178.94735717773438, 1) )
            uniform token[] xformOpOrder = ["xformOp:transform:copytopoints1"]
        }

        def Xform "Area376"
        {
            vector3f[] primvars:P (
                interpolation = "constant"
            )
            vector3f[] primvars:P.timeSamples = {
                1: [(136.8421, 0, 178.94736)],
            }
            matrix4d xformOp:transform:copytopoints1 = ( (1, 0, 0, 0), (0, 1, 0, 0), (0, 0, 1, 0), (136.84210205078125, 0, 178.94735717773438, 1) )
            uniform token[] xformOpOrder = ["xformOp:transform:copytopoints1"]
        }

        def Xform "Area377"
        {
            vector3f[] primvars:P (
                interpolation = "constant"
            )
            vector3f[] primvars:P.timeSamples = {
                1: [(157.89474, 0, 178.94736)],
            }
            matrix4d xformOp:transform:copytopoints1 = ( (1, 0, 0, 0), (0, 1, 0, 0), (0, 0, 1, 0), (157.89474487304688, 0, 178.94735717773438, 1) )
            uniform token[] xformOpOrder = ["xformOp:transform:copytopoints1"]
        }

        def Xform "Area378"
        {
            vector3f[] primvars:P (
                interpolation = "constant"
            )
            vector3f[] primvars:P.timeSamples = {
                1: [(178.94736, 0, 178.94736)],
            }
            matrix4d xformOp:transform:copytopoints1 = ( (1, 0, 0, 0), (0, 1, 0, 0), (0, 0, 1, 0), (178.94735717773438, 0, 178.94735717773438, 1) )
            uniform token[] xformOpOrder = ["xformOp:transform:copytopoints1"]
        }

        def Xform "Area379"
        {
            vector3f[] primvars:P (
                interpolation = "constant"
            )
            vector3f[] primvars:P.timeSamples = {
                1: [(200, 0, 178.94736)],
            }
            matrix4d xformOp:transform:copytopoints1 = ( (1, 0, 0, 0), (0, 1, 0, 0), (0, 0, 1, 0), (200, 0, 178.94735717773438, 1) )
            uniform token[] xformOpOrder = ["xformOp:transform:copytopoints1"]
        }

        def Xform "Area380"
        {
            vector3f[] primvars:P (
                interpolation = "constant"
            )
            vector3f[] primvars:P.timeSamples = {
                1: [(-200, 0, 200)],
            }
            matrix4d xformOp:transform:copytopoints1 = ( (1, 0, 0, 0), (0, 1, 0, 0), (0, 0, 1, 0), (-200, 0, 200, 1) )
            uniform token[] xformOpOrder = ["xformOp:transform:copytopoints1"]
        }

        def Xform "Area381"
        {
            vector3f[] primvars:P (
                interpolation = "constant"
            )
            vector3f[] primvars:P.timeSamples = {
                1: [(-178.94737, 0, 200)],
            }
            matrix4d xformOp:transform:copytopoints1 = ( (1, 0, 0, 0), (0, 1, 0, 0), (0, 0, 1, 0), (-178.94737243652344, 0, 200, 1) )
            uniform token[] xformOpOrder = ["xformOp:transform:copytopoints1"]
        }

        def Xform "Area382"
        {
            vector3f[] primvars:P (
                interpolation = "constant"
            )
            vector3f[] primvars:P.timeSamples = {
                1: [(-157.89474, 0, 200)],
            }
            matrix4d xformOp:transform:copytopoints1 = ( (1, 0, 0, 0), (0, 1, 0, 0), (0, 0, 1, 0), (-157.89474487304688, 0, 200, 1) )
            uniform token[] xformOpOrder = ["xformOp:transform:copytopoints1"]
        }

        def Xform "Area383"
        {
            vector3f[] primvars:P (
                interpolation = "constant"
            )
            vector3f[] primvars:P.timeSamples = {
                1: [(-136.8421, 0, 200)],
            }
            matrix4d xformOp:transform:copytopoints1 = ( (1, 0, 0, 0), (0, 1, 0, 0), (0, 0, 1, 0), (-136.84210205078125, 0, 200, 1) )
            uniform token[] xformOpOrder = ["xformOp:transform:copytopoints1"]
        }

        def Xform "Area384"
        {
            vector3f[] primvars:P (
                interpolation = "constant"
            )
            vector3f[] primvars:P.timeSamples = {
                1: [(-115.789474, 0, 200)],
            }
            matrix4d xformOp:transform:copytopoints1 = ( (1, 0, 0, 0), (0, 1, 0, 0), (0, 0, 1, 0), (-115.78947448730469, 0, 200, 1) )
            uniform token[] xformOpOrder = ["xformOp:transform:copytopoints1"]
        }

        def Xform "Area385"
        {
            vector3f[] primvars:P (
                interpolation = "constant"
            )
            vector3f[] primvars:P.timeSamples = {
                1: [(-94.73685, 0, 200)],
            }
            matrix4d xformOp:transform:copytopoints1 = ( (1, 0, 0, 0), (0, 1, 0, 0), (0, 0, 1, 0), (-94.73684692382812, 0, 200, 1) )
            uniform token[] xformOpOrder = ["xformOp:transform:copytopoints1"]
        }

        def Xform "Area386"
        {
            vector3f[] primvars:P (
                interpolation = "constant"
            )
            vector3f[] primvars:P.timeSamples = {
                1: [(-73.68421, 0, 200)],
            }
            matrix4d xformOp:transform:copytopoints1 = ( (1, 0, 0, 0), (0, 1, 0, 0), (0, 0, 1, 0), (-73.68421173095703, 0, 200, 1) )
            uniform token[] xformOpOrder = ["xformOp:transform:copytopoints1"]
        }

        def Xform "Area387"
        {
            vector3f[] primvars:P (
                interpolation = "constant"
            )
            vector3f[] primvars:P.timeSamples = {
                1: [(-52.631577, 0, 200)],
            }
            matrix4d xformOp:transform:copytopoints1 = ( (1, 0, 0, 0), (0, 1, 0, 0), (0, 0, 1, 0), (-52.63157653808594, 0, 200, 1) )
            uniform token[] xformOpOrder = ["xformOp:transform:copytopoints1"]
        }

        def Xform "Area388"
        {
            vector3f[] primvars:P (
                interpolation = "constant"
            )
            vector3f[] primvars:P.timeSamples = {
                1: [(-31.578949, 0, 200)],
            }
            matrix4d xformOp:transform:copytopoints1 = ( (1, 0, 0, 0), (0, 1, 0, 0), (0, 0, 1, 0), (-31.578948974609375, 0, 200, 1) )
            uniform token[] xformOpOrder = ["xformOp:transform:copytopoints1"]
        }

        def Xform "Area389"
        {
            vector3f[] primvars:P (
                interpolation = "constant"
            )
            vector3f[] primvars:P.timeSamples = {
                1: [(-10.526321, 0, 200)],
            }
            matrix4d xformOp:transform:copytopoints1 = ( (1, 0, 0, 0), (0, 1, 0, 0), (0, 0, 1, 0), (-10.526321411132812, 0, 200, 1) )
            uniform token[] xformOpOrder = ["xformOp:transform:copytopoints1"]
        }

        def Xform "Area390"
        {
            vector3f[] primvars:P (
                interpolation = "constant"
            )
            vector3f[] primvars:P.timeSamples = {
                1: [(10.526306, 0, 200)],
            }
            matrix4d xformOp:transform:copytopoints1 = ( (1, 0, 0, 0), (0, 1, 0, 0), (0, 0, 1, 0), (10.52630615234375, 0, 200, 1) )
            uniform token[] xformOpOrder = ["xformOp:transform:copytopoints1"]
        }

        def Xform "Area391"
        {
            vector3f[] primvars:P (
                interpolation = "constant"
            )
            vector3f[] primvars:P.timeSamples = {
                1: [(31.578949, 0, 200)],
            }
            matrix4d xformOp:transform:copytopoints1 = ( (1, 0, 0, 0), (0, 1, 0, 0), (0, 0, 1, 0), (31.578948974609375, 0, 200, 1) )
            uniform token[] xformOpOrder = ["xformOp:transform:copytopoints1"]
        }

        def Xform "Area392"
        {
            vector3f[] primvars:P (
                interpolation = "constant"
            )
            vector3f[] primvars:P.timeSamples = {
                1: [(52.631577, 0, 200)],
            }
            matrix4d xformOp:transform:copytopoints1 = ( (1, 0, 0, 0), (0, 1, 0, 0), (0, 0, 1, 0), (52.63157653808594, 0, 200, 1) )
            uniform token[] xformOpOrder = ["xformOp:transform:copytopoints1"]
        }

        def Xform "Area393"
        {
            vector3f[] primvars:P (
                interpolation = "constant"
            )
            vector3f[] primvars:P.timeSamples = {
                1: [(73.684204, 0, 200)],
            }
            matrix4d xformOp:transform:copytopoints1 = ( (1, 0, 0, 0), (0, 1, 0, 0), (0, 0, 1, 0), (73.6842041015625, 0, 200, 1) )
            uniform token[] xformOpOrder = ["xformOp:transform:copytopoints1"]
        }

        def Xform "Area394"
        {
            vector3f[] primvars:P (
                interpolation = "constant"
            )
            vector3f[] primvars:P.timeSamples = {
                1: [(94.73685, 0, 200)],
            }
            matrix4d xformOp:transform:copytopoints1 = ( (1, 0, 0, 0), (0, 1, 0, 0), (0, 0, 1, 0), (94.73684692382812, 0, 200, 1) )
            uniform token[] xformOpOrder = ["xformOp:transform:copytopoints1"]
        }

        def Xform "Area395"
        {
            vector3f[] primvars:P (
                interpolation = "constant"
            )
            vector3f[] primvars:P.timeSamples = {
                1: [(115.78946, 0, 200)],
            }
            matrix4d xformOp:transform:copytopoints1 = ( (1, 0, 0, 0), (0, 1, 0, 0), (0, 0, 1, 0), (115.78945922851562, 0, 200, 1) )
            uniform token[] xformOpOrder = ["xformOp:transform:copytopoints1"]
        }

        def Xform "Area396"
        {
            vector3f[] primvars:P (
                interpolation = "constant"
            )
            vector3f[] primvars:P.timeSamples = {
                1: [(136.8421, 0, 200)],
            }
            matrix4d xformOp:transform:copytopoints1 = ( (1, 0, 0, 0), (0, 1, 0, 0), (0, 0, 1, 0), (136.84210205078125, 0, 200, 1) )
            uniform token[] xformOpOrder = ["xformOp:transform:copytopoints1"]
        }

        def Xform "Area397"
        {
            vector3f[] primvars:P (
                interpolation = "constant"
            )
            vector3f[] primvars:P.timeSamples = {
                1: [(157.89474, 0, 200)],
            }
            matrix4d xformOp:transform:copytopoints1 = ( (1, 0, 0, 0), (0, 1, 0, 0), (0, 0, 1, 0), (157.89474487304688, 0, 200, 1) )
            uniform token[] xformOpOrder = ["xformOp:transform:copytopoints1"]
        }

        def Xform "Area398"
        {
            vector3f[] primvars:P (
                interpolation = "constant"
            )
            vector3f[] primvars:P.timeSamples = {
                1: [(178.94736, 0, 200)],
            }
            matrix4d xformOp:transform:copytopoints1 = ( (1, 0, 0, 0), (0, 1, 0, 0), (0, 0, 1, 0), (178.94735717773438, 0, 200, 1) )
            uniform token[] xformOpOrder = ["xformOp:transform:copytopoints1"]
        }

        def Xform "Area399"
        {
            vector3f[] primvars:P (
                interpolation = "constant"
            )
            vector3f[] primvars:P.timeSamples = {
                1: [(200, 0, 200)],
            }
            matrix4d xformOp:transform:copytopoints1 = ( (1, 0, 0, 0), (0, 1, 0, 0), (0, 0, 1, 0), (200, 0, 200, 1) )
            uniform token[] xformOpOrder = ["xformOp:transform:copytopoints1"]
        }
    }
}

